nationality,total_population,total_population_MOE_Appx,percentage
Total Classes in CSV,169,,
American Samoa,61,191.75087821602688,0.0014345144168698895
Albania,64,196.4094218914287,0.0015050643062241463
Austria,810,698.6932266642168,0.019048470125649353
Belgium,1138,828.1379895354645,0.026761924695048102
Bulgaria,1038,790.9227146513362,0.024410261716572873
Czechoslovakia,457,524.8262134867067,0.010747099811631794
Denmark,717,657.3658374490795,0.01686142355566739
Finland,612,607.3335154252143,0.0143921774282684
France,2514,1230.727738127215,0.05912080727886725
Germany,13676,2867.7071064175693,0.32161342893627226
Greece,583,592.7709539465926,0.013710195164510584
Hungary,1099,813.8266415499479,0.025844776133442767
Iceland,33,141.03616052224564,0.0007760487828968254
Ireland,1521,957.3740434566226,0.03576879390260823
Italy,1933,1079.2382570377852,0.04545764537392617
Netherlands,1393,916.2151264542108,0.03275866529015994
Norway,521,560.3686773451878,0.012252164117855941
Poland,4847,1708.5484036098107,0.11398510456669435
Portugal,297,423.0987227744693,0.006984439046071429
Azores Islands,16,98.20512276853395,0.00037626607655603657
Romania,1432,928.9491212934832,0.033675813851765275
Spain,1889,1066.8885489808906,0.044422913663397075
Sweden,1106,816.4138327819161,0.02600939254193603
Switzerland,1481,944.7047280529848,0.03482812871121814
"United Kingdom, n.o.s",6157,1925.4205486052983,0.14479188958471984
England,6334,1952.8699922411147,0.14895433305662098
Scotland,1147,831.4055974174007,0.026973574363110875
Northern Ireland,207,353.2255233675862,0.004867942365443723
Yugoslavia,445,517.8904223149747,0.010464900254214768
Czech Republic,1069,802.6441555704841,0.02513927723990019
Slovakia,486,541.2207674878373,0.011429082075389611
Bosnia and Herzegovina,1528,959.5739579171956,0.0359334103111015
Croatia,369,471.6001567435548,0.008677636390573595
Macedonia,191,339.30026221399004,0.004491676288887687
Serbia,321,439.8606333277817,0.007548838160905484
Latvia,440,514.9729315454478,0.010347317105291007
Lithuania,472,533.3690961750171,0.01109984925840308
Armenia,537,568.9073253054574,0.012628430194411977
Azerbaijan,214,359.14806063850125,0.0050325587739369895
Belarus,1167,838.6213296624513,0.027443906958805917
Georgia (country),251,388.9574513581348,0.0059026740759728245
Moldova,883,729.4938002236977,0.02076518409993627
Russia,7612,2140.598139912492,0.1790085859215344
Ukraine,4361,1620.6986672518635,0.10255602249130472
USSR,914,742.1867127709015,0.02149419962326359
Europe,86,227.67781833760748,0.002022430161488697
Kosovo,71,206.8717742013553,0.0016696807147174124
Montenegro,66,199.45467595904225,0.0015520975657936508
"Other Europe, n.o.s",381,479.2065992681332,0.008959835947990621
Afghanistan,1084,808.2547526498356,0.02549202668667148
Bangladesh,1310,888.5066796367346,0.030806785018025494
Bhutan,2019,1102.9766035226703,0.04748007553541487
Myanmar,2081,1119.7777340795876,0.04893810658206951
Cambodia,2361,1192.705311346899,0.05552276292180015
China,18229,3309.5080161472624,0.4286846443462495
Hong Kong,1109,817.5201206759294,0.02607994243129029
India,21272,3574.1297999672333,0.5002457487812506
Indonesia,1622,988.6410368839528,0.038143973510868213
Iran,3446,1440.7930622583674,0.08103830623825639
Iraq,3310,1412.0924534008857,0.07784004458753008
Israel,1160,836.102912713041,0.027279290550312654
Japan,4309,1611.014514241538,0.1013331577424976
Jordan,720,658.7394715782737,0.016931973445021647
Korea,15017,3004.663415789033,0.3531492294776251
Kazakhstan,372,473.51322570715126,0.008748186279927852
Kyrgyzstan,138,288.40917073871145,0.003245294910295816
Kuwait,543,572.0764500682142,0.012769529973120494
Laos,2511,1229.9935170130789,0.059050257389512986
Lebanon,1023,785.188187952241,0.02405751226980159
Malaysia,1164,837.5429361316245,0.02737335706945166
Mongolia,796,692.6296658730186,0.01871923730866282
Nepal,5294,1785.5243227367623,0.12449703808047861
Pakistan,1885,1065.7587426749078,0.04432884714425806
Philippines,11817,2666.1191565253603,0.2778960141664178
Saudi Arabia,1002,777.0887084529768,0.02356366304432179
Singapore,645,623.490932919504,0.015168226211165224
Sri Lanka,537,568.9073253054574,0.012628430194411977
Syria,371,472.8763962219765,0.0087246696501431
Taiwan,2981,1340.1166803790272,0.07010307338834657
Thailand,3696,1492.1086977501325,0.08691746368444446
Turkey,1333,896.2708073008906,0.0313476675030748
United Arab Emirates,417,501.333774658425,0.009806434620241705
Uzbekistan,1017,782.882607552799,0.023916412491093077
Vietnam,18156,3302.895858926081,0.4269679303719625
Yemen,132,282.06988136400906,0.0031041951315873015
Asia,344,455.3453727200503,0.008089720645954788
"South Central Asia, n.o.s",469,531.6715046602894,0.011029299369048824
"Other Asia, n.o.s",361,466.4602730796721,0.008489503352295575
Bermuda,40,155.27560734832974,0.0009406651913900915
Canada,14703,2973.1660298075235,0.3457650077252129
Mexico,210883,11064.789098144036,4.959257438897917
Belize,257,393.5786838270066,0.0060437738546813375
Costa Rica,642,622.0394271013445,0.015097676321810968
El Salvador,12749,2769.035734845593,0.2998135131258069
Guatemala,8055,2201.9208055603744,0.18942645291617968
Honduras,4683,1679.4190827575746,0.11012837728199495
Nicaragua,972,765.369248020519,0.022858164150779223
Panama,1065,801.1413553245243,0.025045210720761185
Antigua & Barbuda,16,98.20512276853395,0.00037626607655603657
Bahamas,242,381.92075441744464,0.005691024407910053
Barbados,167,317.2682826901923,0.0039272771740536325
Cuba,2733,1283.1896705246045,0.064270949201728
Dominica,61,191.75087821602688,0.0014345144168698895
Dominican Republic,2153,1138.9773026638152,0.050631303926571676
Grenada,35,145.24709425246692,0.0008230820424663301
Haiti,1012,780.9560873315291,0.023798829342169314
Jamaica,2493,1225.5789371043925,0.05862695805338745
St. Kitts-Nevis,25,122.75630693985856,0.0005879157446188072
St Lucia,93,236.76238400089443,0.002187046569981963
St Vincent & the Grenadines,96,240.55075964831573,0.0022575964593362194
Trinidad & Tobago,230,372.3316456660916,0.005408824850493026
West Indies,51,175.33067777186827,0.0011993481190223667
"Caribbean, n.o.s",75,212.61923179504444,0.0017637472338564214
Argentina,2836,1307.1343948176564,0.06669316206955749
Bolivia,280,410.8120277356063,0.006584656339730641
Brazil,4580,1660.8624062410108,0.10770616441416547
Chile,1939,1080.9113613351456,0.045598745152634686
Colombia,5511,1821.716393374424,0.12960014674376985
Ecuador,1805,1042.9052798140654,0.04244751676147788
Guyana,293,420.24006174385977,0.00689037252693242
Paraguay,215,359.98618216079313,0.005056075403721742
Peru,4877,1713.823192595724,0.11469060346023689
Uruguay,308,430.86223559568447,0.007243121973703705
Venezuela,4165,1583.886935681335,0.09794676305349329
South America,221,364.9744898497575,0.005197175182430256
"Americas, n.o.s",206,352.37131947261537,0.0048444257356589715
Algeria,607,604.8477540197306,0.01427459427934464
Cameroon,485,540.6637165165259,0.01140556544560486
Cabo Verde,51,175.33067777186827,0.0011993481190223667
Congo,595,598.8398115179615,0.01399239472192761
Egypt,838,710.6650709074274,0.019706935759622415
Ethiopia,9467,2386.8298214960446,0.22263193417224988
Eritrea,2235,1160.45607399123,0.05255966756892136
Gambia,72,208.32350556082775,0.0016931973445021647
Ghana,2915,1325.2060498065323,0.06855097582255291
Guinea,68,202.4541273315138,0.0015991308253631557
Ivory Coast,399,490.3950380269969,0.009383135284116164
Kenya,2307,1178.9924029955944,0.05425286491342353
Liberia,432,510.2702405485553,0.010159184067012989
Libya,488,542.3331523459766,0.011476115334959116
Morocco,1208,853.2226724669274,0.028408088779980765
Nigeria,2450,1214.9679554864988,0.05761574297264311
Rwanda,360,465.81379888192,0.008465986722510824
Senegal,617,609.8091399026144,0.014509760577192162
Sierra Leone,303,427.35085406784987,0.007125538824779944
Somalia,1306,887.1494539008334,0.030712718498886488
South Africa,2826,1304.8289614611226,0.06645799577170997
Sudan,2589,1248.9427476108358,0.060884554512723676
Tanzania,262,397.3886540911351,0.006161357003605099
Togo,127,276.6761988658361,0.0029866119826635405
Tunisia,40,155.27560734832974,0.0009406651913900915
Uganda,1033,789.0158400185762,0.024292678567649113
Democratic Republic of Congo (Zaire),1264,872.7710495604326,0.029725020047926893
Zambia,134,284.1986911999494,0.0031512283911568064
Zimbabwe,363,467.7505403472588,0.00853653661186508
Africa,1021,784.420414645065,0.024010479010232084
"Eastern Africa, n.o.s",92,235.48604819247197,0.0021635299401972104
"Western Africa, n.o.s",1331,895.5983402336523,0.0313006342435053
"Other Africa, n.o.s",598,600.3474361763186,0.014062944611281866
"Eastern Africa, n.o.s",405,494.0682014342642,0.009524235062824677
Australia,2890,1319.5139947515415,0.06796306007793411
Fiji,60,190.17267146368192,0.0014109977870851373
Marshall Islands,239,379.5461940605488,0.005620474518555797
Micronesia,378,477.3163556703075,0.008889286058636365
New Zealand,1056,797.7496963667185,0.024833561052698412
Samoa,51,175.33067777186827,0.0011993481190223667
"Other U.S. Island Areas, Oceania, n.o.s",376,476.05202244714377,0.00884225279906686
American Samoa,26,125.18734805039232,0.0006114323744035594
Albania,97,241.80034748073965,0.002281113089120972
Austria,847,714.4701820692676,0.019918585427685185
Belgium,1134,826.6810190892794,0.026667858175909095
Bulgaria,1335,896.9420657049611,0.031394700762644306
Czechoslovakia,410,497.1083128565893,0.009641818211748438
Denmark,674,637.3514241793996,0.015850208474923043
Finland,297,423.09864890580167,0.006984439046071429
France,2187,1147.9305056902049,0.051430869339253255
Germany,13403,2838.9857216889463,0.3151933890050349
Greece,638,620.0985658672753,0.01500360980267196
Hungary,933,749.8595722253126,0.021941015589173885
Iceland,35,145.24709126421172,0.0008230820424663301
Ireland,1033,789.0153608326034,0.024292678567649113
Italy,1963,1087.5767499632975,0.04616314426746874
Netherlands,1383,912.9206184343092,0.03252349899231241
Norway,459,525.9731421457296,0.0107941330712013
Poland,4511,1648.309634141031,0.10608351695901756
Portugal,215,359.98613666406555,0.005056075403721742
Azores Islands,20,109.79662546452188,0.00047033259569504576
Romania,1415,923.4192484181558,0.03327603114542449
Spain,1797,1040.5911938481638,0.04225938372319986
Sweden,1310,888.5059952980273,0.030806785018025494
Switzerland,1458,937.341449839751,0.03428724622616884
"United Kingdom, n.o.s",5994,1899.7832497532763,0.1409586789298052
England,6477,1974.7592828639156,0.15231721111584057
Scotland,1206,852.5156142294935,0.028361055520411262
Northern Ireland,200,347.2019190466103,0.004703325956950458
Yugoslavia,509,553.8781164589617,0.011969964560438914
Czech Republic,1054,796.9935389576164,0.02478652779312891
Slovakia,193,341.0719789050429,0.004538709548457191
Bosnia and Herzegovina,1610,984.9772296321624,0.03786177395345119
Croatia,290,418.0831650495651,0.0068198226375781636
Macedonia,109,256.3207965872,0.0025633126465379992
Serbia,287,415.91515388096417,0.006749272748223906
Latvia,489,542.8883336894819,0.011499631964743868
Lithuania,410,497.1083128565893,0.009641818211748438
Armenia,390,484.8329916582256,0.009171485616053392
Azerbaijan,199,346.3328569836732,0.004679809327165705
Belarus,1065,801.1408536994417,0.025045210720761185
Georgia (country),226,369.079858567015,0.005314758331354016
Moldova,723,660.1099652849676,0.017002523334375904
Russia,6858,2031.9423672333692,0.1612770470638312
Ukraine,4240,1598.0695305248184,0.09971051028734969
USSR,869,723.6881329491683,0.020435951282949737
Europe,13,88.52092393805839,0.0003057161872017797
Kosovo,44,162.85436976894115,0.0010347317105291007
Montenegro,73,209.76518059526043,0.001716713974286917
"Other Europe, n.o.s",532,566.2526572306924,0.012510847045488216
Afghanistan,1381,912.2604384458105,0.03247646573274291
Bangladesh,1238,863.7494581117677,0.029113587673523334
Bhutan,2201,1151.5974432424737,0.05176010215623978
Myanmar,1801,1041.748326142093,0.04235345024233887
Cambodia,2016,1102.1558336119735,0.047409525646060616
China,19477,3420.5075236560824,0.45803339831762035
Cyprus,62,193.3161935456786,0.0014580310466546418
Hong Kong,1215,855.6900524475953,0.028572705188474032
India,20857,3539.1790859022176,0.49048634742057845
Indonesia,1610,984.9772296321624,0.03786177395345119
Iran,3668,1486.44645720605,0.08625899805047138
Iraq,2553,1240.231127528689,0.0600379558404726
Israel,1266,873.4604572661026,0.029772053307496396
Japan,4651,1673.6714248436465,0.10937584512888288
Jordan,632,617.1761798054089,0.014862510023963446
Korea,15444,3046.940247899296,0.3631908303957143
Kazakhstan,371,472.8762930909658,0.0087246696501431
Kyrgyzstan,103,249.16637658298905,0.0024222128678294858
Kuwait,510,554.4218853159723,0.011993481190223667
Laos,2579,1246.5275952885615,0.06064938821487615
Lebanon,965,762.6083427815696,0.022693547742285956
Malaysia,1275,876.5589821848026,0.029983702975559166
Mongolia,721,659.1964338061899,0.016955490074806397
Nepal,4414,1630.5054542371247,0.10380240386989659
Pakistan,1859,1058.3844089787838,0.0437174147698545
Philippines,11266,2603.3279283500933,0.2649383511550193
Saudi Arabia,1050,795.4800595900086,0.0246924612739899
Singapore,527,563.5856615463806,0.012393263896564454
Sri Lanka,449,520.212493424131,0.010558966773353776
Syria,406,494.6776248374383,0.009547751692609428
Taiwan,2840,1308.053243441111,0.0667872285886965
Thailand,4060,1563.8051538973536,0.09547751692609428
Turkey,1190,846.8427623432648,0.02798478944385522
United Arab Emirates,328,444.6303987865874,0.00771345456939875
Uzbekistan,1067,801.8926047146692,0.02509224398033069
Vietnam,18712,3352.887189465744,0.4400431765322848
Yemen,156,306.6416188371083,0.003668594246421357
Asia,419,502.53436424531225,0.009853467879811208
"South Central Asia, n.o.s",472,533.3689481806273,0.01109984925840308
"Other Asia, n.o.s",677,638.7681186269291,0.0159207583642773
Bermuda,41,157.20455331823646,0.0009641818211748438
Canada,14277,2929.862327538888,0.33574692343690843
Mexico,216688,11208.654578214882,5.095771474798403
Belize,130,279.92485964496205,0.0030571618720177975
Costa Rica,683,641.592118553505,0.016061858142985812
El Salvador,11270,2603.7891260475803,0.26503241767415825
Guatemala,6226,1936.1605717274788,0.14641453703986776
Honduras,4230,1596.185307024644,0.09947534398950218
Nicaragua,1197,849.3293012581831,0.028149405852348486
Panama,1161,836.4625802097847,0.027302807180097404
Antigua & Barbuda,14,91.86249605151322,0.000329232816986532
Bahamas,287,415.91515388096417,0.006749272748223906
Barbados,148,298.6757501297884,0.0034804612081433383
Cuba,2569,1244.1096549347071,0.06041422191702863
Dominica,61,191.7508713404149,0.0014345144168698895
Dominican Republic,1795,1040.012144298924,0.04221235046363035
Grenada,37,149.33933303064197,0.0008701153020358346
Haiti,836,709.8162904758399,0.019659902500052912
Jamaica,2072,1117.3531959080724,0.04872645691400674
St. Kitts-Nevis,10,77.63800670160926,0.00023516629784752288
St Lucia,83,223.67149186342127,0.0019518802721344398
St Vincent & the Grenadines,74,211.19702287827815,0.0017402306040716692
Trinidad & Tobago,301,425.9381191670051,0.007078505565210439
West Indies,60,190.1726647564481,0.0014109977870851373
"Caribbean, n.o.s",38,151.343964222599,0.000893631931820587
Argentina,2520,1232.1930395163995,0.059261907057575766
Bolivia,506,552.2435962002718,0.011899414671084657
Brazil,3882,1529.1644489012417,0.09129155682440837
Chile,1748,1026.3103157011365,0.041107068863747
Colombia,5501,1820.058543358736,0.12936498044592235
Ecuador,1501,951.059665179292,0.035298461306913186
Guyana,253,390.5038816489885,0.0059497073355423286
Paraguay,319,438.4882043034772,0.00750180490133598
Peru,4367,1621.8081708327556,0.10269712227001324
Uruguay,178,327.5502691410678,0.004185960101685907
Venezuela,3376,1426.0901695264797,0.07939214215332371
South America,207,353.22548038647057,0.004867942365443723
"Americas, n.o.s",192,340.1872551207944,0.004515192918672439
Algeria,1008,779.4109782657838,0.023704762823030308
Cameroon,641,621.5546040080427,0.015074159692026216
Cabo Verde,19,107.0165222280085,0.0004468159659102935
Congo,495,546.208494325541,0.011640731743452383
Egypt,597,599.8451052986603,0.014039427981497115
Ethiopia,9123,2343.121692562513,0.2145422135262951
Eritrea,2049,1111.1366124704343,0.048185574428957434
Gambia,14,91.86249605151322,0.000329232816986532
Ghana,2854,1311.271739354908,0.06711646140568303
Ivory Coast,348,457.9848244078848,0.008183787165093796
Kenya,2258,1166.4079241630668,0.053100550053970665
Liberia,518,558.7529789493287,0.012181614228501685
Libya,436,512.6268489696454,0.010253250586151997
Morocco,1020,784.0357756788071,0.023986962380447334
Nigeria,2254,1165.3747426844916,0.05300648353483166
Rwanda,246,385.0639978769826,0.005785090927049063
Senegal,788,689.140487925484,0.0185311042703848
Sierra Leone,59,188.58125031208817,0.001387481157300385
Somalia,1639,993.8060161461912,0.038543756217209
South Africa,2503,1228.0316365578706,0.05886212435123497
Sudan,2511,1229.9917007449285,0.059050257389512986
Tanzania,320,439.1749134792439,0.007525321531120732
Togo,110,257.4938729591324,0.0025868292763227517
Tunisia,27,127.57207202637498,0.0006349490041883118
Uganda,938,751.8658267937849,0.022058598738097648
Democratic Republic of Congo (Zaire),1662,1000.7527118470276,0.0390846387022583
Zambia,66,199.4546682209714,0.0015520975657936508
Zimbabwe,406,494.6776248374383,0.009547751692609428
Africa,1312,889.1838290263246,0.030853818277595
"Eastern Africa, n.o.s",36,147.3074236466195,0.0008465986722510823
"Northern Africa, n.o.s",21,112.50805164501398,0.0004938492254797981
"Western Africa, n.o.s",967,763.3980671454846,0.022740581001855463
"Other Africa, n.o.s",620,611.289477313348,0.014580310466546419
"Eastern Africa, n.o.s",385,481.7152741183573,0.009053902467129631
Australia,2982,1340.3389700792325,0.07012659001813132
Fiji,68,202.45411923905976,0.0015991308253631557
Marshall Islands,244,383.49557002908585,0.005738057667479558
Micronesia,314,435.038395490962,0.007384221752412218
New Zealand,1371,908.9523391158438,0.032241299434895385
Samoa,62,193.3161935456786,0.0014580310466546418
"Other U.S. Island Areas, Oceania, n.o.s",451,521.369716803571,0.010606000032923281
Albania,104,250.3729480115191,0.002445729497614238
Austria,968,763.791758377789,0.022764097631640213
Belgium,633,617.66374761926,0.014886026653748198
Bulgaria,1261,871.733005911526,0.029654470158572636
Czechoslovakia,541,571.0214873431995,0.012722496713550989
Denmark,632,617.1757237318465,0.014862510023963446
Finland,325,442.5923058074435,0.007642904680044493
France,2268,1168.983775579533,0.05333571635181819
Germany,14635,2966.2239535268955,0.34416587689984973
Greece,601,601.8506471307106,0.014133494500636123
Hungary,1062,800.0109081929994,0.02497466083140693
Iceland,23,117.74372911676603,0.0005408824850493026
Ireland,1238,863.7482076697671,0.029113587673523334
Italy,1676,1004.9556285047848,0.03941387151924483
Netherlands,1524,958.3149163318408,0.035839343791962484
Norway,546,573.6538942808126,0.01284007986247475
Poland,4123,1575.8750790543,0.09695906460253369
Portugal,76,214.031952429184,0.001787263863641174
Azores Islands,18,104.16224089107249,0.00042329933612554117
Romania,1845,1054.3905911729005,0.04338818195286797
Spain,1527,959.2574194065088,0.035909893681316744
Sweden,1218,856.744362253552,0.02864325507782829
Switzerland,1011,780.5688255588382,0.023775312712384564
"United Kingdom, n.o.s",6263,1941.8846158163403,0.14728465234190358
England,6847,2030.297824191212,0.1610183641361989
Scotland,1058,798.503159687327,0.02488059431226792
Northern Ireland,145,295.63316132638533,0.0034099113187890818
Yugoslavia,538,569.4361997446039,0.012651946824196729
Czech Republic,1026,786.3370236002066,0.024128062159155847
Slovakia,214,359.14792559935444,0.0050325587739369895
Bosnia and Herzegovina,1642,994.712951192312,0.03861430610656326
Croatia,308,430.8620024278159,0.007243121973703705
Macedonia,81,220.9602400099024,0.0019048470125649353
Serbia,316,436.4214309053603,0.007431255011981723
Latvia,510,554.4215547106407,0.011993481190223667
Lithuania,419,502.5341180543397,0.009853467879811208
Armenia,446,518.4715435204248,0.01048841688399952
Azerbaijan,224,367.44310113201374,0.005267725071784512
Belarus,1000,776.3115549336405,0.023516629784752288
Georgia (country),226,369.0797610441779,0.005314758331354016
Moldova,521,560.3681643569867,0.012252164117855941
Russia,6608,1994.5910408069085,0.15539788961764311
Ukraine,4087,1568.9851512397229,0.09611246593028261
USSR,846,714.0476488033763,0.019895068797900435
Europe,14,91.86249454792966,0.000329232816986532
Kosovo,44,162.8543613914171,0.0010347317105291007
Montenegro,67,200.95997441071043,0.0015756141955784032
"Other Europe, n.o.s",516,557.6730236879945,0.01213458096893218
Afghanistan,1411,922.1119414619344,0.033181964626285476
Bangladesh,673,636.8779908975249,0.01582669184513829
Bhutan,1704,1013.3129453509224,0.040072337153217896
Myanmar,1800,1041.4569713858068,0.04232993361255412
Cambodia,2084,1120.5801890860384,0.049008656471423766
China,18194,3306.2334468581967,0.4278615623037831
Cyprus,61,191.7508576652656,0.0014345144168698895
Hong Kong,1111,818.2552168334755,0.026126975690859793
India,21817,3619.313531139735,0.5130623120139406
Indonesia,1630,991.0725850850164,0.038332106549146226
Iran,3485,1448.9093728491448,0.08195545479986172
Iraq,2441,1212.730079199696,0.05740409330458033
Israel,1235,862.701258914215,0.029043037784169078
Japan,4566,1658.310743301289,0.10737693159717895
Jordan,604,603.3507390133811,0.014204044389990383
Korea,15412,3043.735573539455,0.36243829824260226
Kazakhstan,476,535.6237315094191,0.011193915777542088
Kyrgyzstan,87,228.99764579532197,0.002045946791273449
Kuwait,488,542.3326873178091,0.011476115334959116
Laos,2493,1225.5735666652115,0.05862695805338745
Lebanon,929,748.249880121403,0.021846949070034875
Malaysia,1242,865.1421667787001,0.029207654192662344
Mongolia,561,581.479589013853,0.013192829309246033
Nepal,4960,1728.3175355837516,0.11664248373237135
Pakistan,1835,1051.5302191570788,0.043153015655020444
Philippines,11370,2615.257590557189,0.2673840806526335
Saudi Arabia,1302,885.7881199599153,0.030618651979747478
Singapore,466,529.968039733107,0.010958749479694566
Sri Lanka,271,404.1558922566495,0.00637300667166787
Syria,482,538.988651654651,0.011335015556250602
Taiwan,3109,1368.56287020299,0.07311320200079487
Thailand,4270,1603.7008665819594,0.10041600918089227
Turkey,1154,833.9365202855056,0.027138190771604138
United Arab Emirates,280,410.8118256298879,0.006584656339730641
Uzbekistan,1287,880.6720500857087,0.030265902532976192
Vietnam,18013,3289.7998206369284,0.4236050523127429
Yemen,157,307.62279100218643,0.003692110876206109
Asia,352,460.6090491395077,0.008277853684232806
"South Central Asia, n.o.s",449,520.2122203240967,0.010558966773353776
"Other Asia, n.o.s",791,690.4502365841515,0.018601654159739058
Bermuda,25,122.75630154795896,0.0005879157446188072
Canada,14407,2943.0876749611457,0.3388040853089262
Mexico,223913,11383.353586847854,5.265679124993239
Belize,276,407.8670454270877,0.006490589820591632
Costa Rica,795,692.193553772883,0.01869572067887807
El Salvador,10988,2571.037310131918,0.25840072807485814
Guatemala,7261,2090.7001947842905,0.17075424886708634
Honduras,4634,1670.603324713514,0.10897606242254211
Nicaragua,1327,894.2498022310593,0.031206567724366283
Panama,1177,842.2042521566767,0.02767907325665344
Antigua & Barbuda,28,129.91302357067062,0.000658465633973064
Bahamas,262,397.38847115782113,0.006161357003605099
Barbados,236,377.1565249792147,0.00554992462920154
Cuba,2966,1336.7355659643642,0.06975032394157529
Dominica,59,188.58123730394632,0.001387481157300385
Dominican Republic,933,749.8587541499353,0.021941015589173885
Grenada,30,134.4727309454082,0.0007054988935425686
Haiti,775,683.432475140248,0.01822538808318302
Jamaica,1871,1061.7914495184175,0.04399961432727153
St Lucia,128,277.7632526610027,0.0030101286124482925
St Vincent & the Grenadines,115,263.28082351941123,0.002704412425246513
Trinidad & Tobago,277,408.60523051072425,0.006514106450376384
West Indies,93,236.7623453144505,0.002187046569981963
"Caribbean, n.o.s",63,194.86892750804367,0.0014815476764393942
Argentina,2038,1108.1484767956547,0.04792689150132516
Bolivia,642,622.0387253908511,0.015097676321810968
Brazil,2332,1185.355866436495,0.054840780658042335
Chile,1790,1038.5609320594094,0.04209476731470659
Colombia,4749,1691.1882658513096,0.1116804748477886
Ecuador,1160,836.1012083493745,0.027279290550312654
Guyana,285,414.4633734210497,0.006702239488654402
Paraguay,336,450.01956149860905,0.00790158760767677
Peru,4569,1658.854990107527,0.10744748148653321
Uruguay,85,226.3502255380331,0.0019989135317039445
Venezuela,2887,1318.8226010402382,0.06789251018857985
South America,203,349.796065624146,0.004773875846304714
"Americas, n.o.s",84,225.0148343764529,0.0019753969019191925
Algeria,992,773.2006246196726,0.02332849674647427
Cameroon,585,593.7861290929898,0.013757228424080087
Cabo Verde,18,104.16224089107249,0.00042329933612554117
Congo,338,451.35683781449626,0.007948620867246273
Egypt,656,628.7837167717435,0.0154269091387975
Ethiopia,9512,2392.446348097446,0.22369018251256373
Eritrea,1131,825.5859275152121,0.02659730828655484
Gambia,70,205.40975722737733,0.0016461640849326602
Ghana,3252,1399.6650642441768,0.07647608006001444
Ivory Coast,305,428.7586284952452,0.007172572084349448
Kenya,2744,1285.761982308462,0.06452963212936028
Liberia,645,623.4902262845504,0.015168226211165224
Libya,607,604.8471089047542,0.01427459427934464
Morocco,780,685.6332460479942,0.018342971232106785
Nigeria,2308,1179.2430134576125,0.054276381543208276
Rwanda,126,275.58473283191995,0.0029630953528787885
Senegal,435,512.038421283006,0.010229733956367245
Sierra Leone,63,194.86892750804367,0.0014815476764393942
Somalia,1652,997.7364315967666,0.03884947240441078
South Africa,2703,1276.1247663267543,0.06356545030818543
Sudan,1202,851.0997527723293,0.028266989001272246
Tanzania,338,451.35683781449626,0.007948620867246273
Togo,91,234.2027189394693,0.002140013310412458
Tunisia,27,127.57206799937468,0.0006349490041883118
Uganda,1018,783.2659414066095,0.023939929120877827
Democratic Republic of Congo (Zaire),1458,937.3398516537112,0.03428724622616884
Zambia,38,151.34395749884473,0.000893631931820587
Zimbabwe,407,495.2861798125772,0.009571268322394182
Africa,1608,984.3635745385689,0.03781474069388168
"Northern Africa, n.o.s",22,115.1556490681268,0.0005173658552645504
"Western Africa, n.o.s",1252,868.6172689462759,0.029442820490509863
"Other Africa, n.o.s",573,587.6650876499398,0.01347502886666306
"Eastern Africa, n.o.s",416,500.7319719527218,0.009782917990456951
Australia,2278,1171.5570212775858,0.05357088264966571
Fiji,135,285.2570704047961,0.0031747450209415593
Marshall Islands,130,279.92481709932747,0.0030571618720177975
Micronesia,362,467.1055552295819,0.008513019982080327
New Zealand,1438,930.8903689247544,0.03381691363047379
Tonga,14,91.86249454792966,0.000329232816986532
Samoa,15,95.0867070499554,0.0003527494467712843
"Other U.S. Island Areas, Oceania, n.o.s",420,503.1333985500894,0.009876984509595961
Albania,73,209.76514314918467,0.001716713974286917
Austria,1121,821.9275753505165,0.026362141988707316
Belgium,622,612.2735951441218,0.014627343726115924
Bulgaria,1545,964.8911806165394,0.03633319301744228
Czechoslovakia,459,525.9725517326098,0.0107941330712013
Denmark,603,602.8506593210126,0.014180527760205631
Finland,250,388.1816019931255,0.005879157446188072
France,2093,1122.9933592743148,0.04922030613948654
Germany,15313,3033.911391575641,0.36011015189391177
Greece,730,663.2962282059907,0.01716713974286917
Hungary,990,772.4199568367494,0.023281463486904765
Iceland,103,249.1663138235547,0.0024222128678294858
Ireland,1176,841.8452116009527,0.02765555662686869
Italy,1827,1049.233852469655,0.042964882616742424
Netherlands,1692,1009.7375372037792,0.03979013759580087
Norway,560,580.9607416319652,0.013169312679461281
Poland,3936,1539.7411797732443,0.09256145483278501
Portugal,126,275.5846885149629,0.0029630953528787885
Azores Islands,19,107.01651725578851,0.0004468159659102935
Romania,2004,1098.866485274878,0.04712732608864358
Spain,1257,870.3482156257201,0.029560403639433627
Sweden,1107,816.7800189580971,0.026032909171720783
Switzerland,1040,791.6816797130192,0.02445729497614238
"United Kingdom, n.o.s",6218,1934.8881619410915,0.14622640400158973
England,6554,1986.417446399162,0.1541279916092665
Scotland,1138,828.1351304269016,0.026761924695048102
Northern Ireland,116,264.42298232319445,0.0027279290550312656
Yugoslavia,448,519.6323456861018,0.010535450143569025
Czech Republic,1141,829.2257535664135,0.026832474584402362
Slovakia,622,612.2735951441218,0.014627343726115924
Bosnia and Herzegovina,1728,1020.4195662897608,0.040636736268051955
Croatia,401,491.62187803292,0.009430168543685669
Macedonia,92,235.48598247836443,0.0021635299401972104
Serbia,396,488.547510371458,0.009312585394761907
Latvia,440,514.972244209084,0.010347317105291007
Lithuania,726,661.4767212527236,0.01707307322373016
Armenia,476,535.6234060939545,0.011193915777542088
Azerbaijan,93,236.7623172124491,0.002187046569981963
Belarus,932,749.4559680531904,0.02191749895938913
Georgia (country),248,386.6258275510395,0.005832124186618567
Moldova,492,544.5502900744325,0.011570181854098126
Russia,7040,2058.6595372400807,0.1655570736846561
Ukraine,3949,1542.2800335533832,0.09286717101998679
USSR,905,738.522133956569,0.02128254995520082
"Other Europe, n.o.s",513,556.0493025844328,0.012064031079577923
Afghanistan,1325,893.5743076962259,0.03115953446479678
Bangladesh,704,651.378542525539,0.01655570736846561
Bhutan,1736,1022.7781811550246,0.040824869306329975
Myanmar,1969,1089.2317746231683,0.04630424404617726
Cambodia,2101,1125.136687308887,0.04940843917776456
China,18428,3327.2787559241183,0.43336445367341514
Cyprus,60,190.1726368536091,0.0014109977870851373
Hong Kong,1047,794.3410221244438,0.024621911384635643
India,21431,3587.1784531894173,0.5039848929170263
Indonesia,1546,965.203305346842,0.03635670964722704
Iran,3287,1407.1666310088633,0.07729916210248076
Iraq,2404,1203.5041469561886,0.05653397800254449
Israel,1368,907.9545186325004,0.03217074954554113
Japan,4411,1629.934104088857,0.10373185398054234
Jordan,607,604.8466402900599,0.01427459427934464
Korea,15348,3037.3669900626264,0.3609332339363781
Kazakhstan,378,477.31580837010017,0.008889286058636365
Kyrgyzstan,50,173.60322864232097,0.0011758314892376144
Kuwait,362,467.1053394123239,0.008513019982080327
Laos,2290,1174.63402863677,0.053853082207082736
Lebanon,922,745.4251121315563,0.021682332661541612
Malaysia,1257,870.3482156257201,0.029560403639433627
Mongolia,384,481.08885363280615,0.009030385837344878
Nepal,4749,1691.178007025372,0.1116804748477886
Pakistan,1509,953.5865756826684,0.035486594345191205
Philippines,10624,2528.141051074071,0.2498406748332083
Saudi Arabia,1524,958.3130519018948,0.035839343791962484
Singapore,444,517.3075441534969,0.010441383624430015
Sri Lanka,279,410.0774674421594,0.006561139709945888
Syria,447,519.0521218036699,0.010511933513784273
Taiwan,3197,1387.779696438376,0.07518266542185306
Thailand,4422,1631.9635513385156,0.10399053690817461
Turkey,990,772.4199568367494,0.023281463486904765
United Arab Emirates,251,388.95715522050745,0.0059026740759728245
Uzbekistan,1275,876.5562485917918,0.029983702975559166
Vietnam,17434,3236.590511189205,0.40998892366737133
Yemen,136,286.31155357702374,0.0031982616507263114
Asia,410,497.1078144189177,0.009641818211748438
"South Central Asia, n.o.s",369,471.599628873392,0.008677636390573595
"Other Asia, n.o.s",1243,865.4889321504021,0.029231170822447094
Bermuda,27,127.5720636033927,0.0006349490041883118
Canada,14591,2961.7179805601345,0.34313114518932064
Mexico,229868,11523.82719614336,5.4057206553614385
Belize,246,385.0637662274745,0.005785090927049063
Costa Rica,759,676.3412050221859,0.017849122006626986
El Salvador,10064,2460.7336598072766,0.236671362153747
Guatemala,7088,2065.6567980865443,0.1666858719143242
Honduras,4916,1720.6304824337903,0.11560775202184226
Nicaragua,1251,868.2689985920506,0.029419303860725114
Panama,1168,838.9775129774767,0.02746742358859067
Antigua & Barbuda,41,157.204537556772,0.0009641818211748438
Bahamas,257,393.5783770075285,0.0060437738546813375
Barbados,242,381.9204740641191,0.005691024407910053
Cuba,2573,1245.0695580572465,0.06050828843616764
Dominica,38,151.34395015901342,0.000893631931820587
Dominican Republic,648,624.9378374511897,0.015238776100519482
Grenada,32,138.88280889860903,0.0007525321531120731
Haiti,786,688.2641865535292,0.018484071010815298
Jamaica,1672,1003.753896448174,0.039319805000105824
St Lucia,93,236.7623172124491,0.002187046569981963
St Vincent & the Grenadines,54,180.41370218365427,0.0012698980083766236
Trinidad & Tobago,393,486.69356543149695,0.009242035505407649
West Indies,88,230.309917572452,0.0020694634210582014
"Caribbean, n.o.s",66,199.45463602973527,0.0015520975657936508
Argentina,1951,1084.243395657675,0.04588094471005171
Bolivia,722,659.6521929615253,0.01697900670459115
Brazil,2258,1166.401481097272,0.053100550053970665
Chile,1618,987.4167427046764,0.0380499069917292
Colombia,4715,1685.118404530398,0.11088090943510705
Ecuador,855,717.834367302742,0.020106718465963205
Guyana,302,426.64471826752674,0.007102022194995191
Paraguay,384,481.08885363280615,0.009030385837344878
Peru,5064,1746.3154983821482,0.11908821322998558
Uruguay,88,230.309917572452,0.0020694634210582014
Venezuela,2058,1113.5677214652007,0.04839722409702021
South America,151,301.68749161511374,0.0035510110974975957
"Americas, n.o.s",97,241.8002901245156,0.002281113089120972
Algeria,698,648.5971939228474,0.016414607589757095
Cameroon,608,605.3446067587342,0.014298110909129393
Congo,891,732.788471182899,0.020953317138214286
Egypt,690,644.8700593879599,0.01622647455147908
Ethiopia,8915,2316.248524999968,0.20965075453106666
Eritrea,1318,891.2113610568122,0.030994918056303514
Gambia,68,202.45408557354983,0.0015991308253631557
Ghana,3179,1383.869641866489,0.07475936608572752
Guinea,61,191.7508427371038,0.0014345144168698895
Ivory Coast,287,415.9148619681533,0.006749272748223906
Kenya,2108,1127.0087505519923,0.04957305558625782
Liberia,562,581.997141668848,0.013216345939030786
Libya,645,623.4897129814121,0.015168226211165224
Morocco,840,711.5106770734482,0.019753969019191922
Nigeria,2344,1188.3969256856803,0.05512298021545936
Rwanda,77,215.435415308642,0.0018107804934259263
Senegal,382,479.8344692755704,0.008983352577775374
Sierra Leone,114,262.1336101544504,0.0026808957954617607
Somalia,1873,1062.3560676383406,0.044046647586841035
South Africa,2559,1241.6792239611532,0.06017905561918111
Sudan,949,756.2590848791514,0.02231728166572992
Tanzania,235,376.3565369463692,0.005526407999416788
Togo,112,259.8240648837258,0.002633862535892256
Uganda,209,354.9275378793204,0.004914975625013228
Democratic Republic of Congo (Zaire),1261,871.7316026746328,0.029654470158572636
Zambia,65,197.93786661725235,0.0015285809360088987
Zimbabwe,489,542.8876844552332,0.011499631964743868
Africa,1900,1069.9831885173846,0.04468159659102935
"Northern Africa, n.o.s",22,115.1556458348411,0.0005173658552645504
"Western Africa, n.o.s",986,770.8582118643958,0.023187396967765755
"Other Africa, n.o.s",341,453.3551571240578,0.00801917075660053
"Eastern Africa, n.o.s",416,500.7317060851214,0.009782917990456951
Australia,1946,1082.8536508227155,0.04576336156112795
Fiji,126,275.5846885149629,0.0029630953528787885
Marshall Islands,245,384.2803540388667,0.00576157429726431
Micronesia,259,395.106771039338,0.0060908071142508425
New Zealand,1485,945.975041067373,0.034922195230357146
Tonga,11,81.42741903090653,0.0002586829276322752
Samoa,23,117.74372566054224,0.0005408824850493026
"Other U.S. Island Areas, Oceania, n.o.s",366,469.6787721853337,0.008607086501219339
Albania,76,214.031906075732,0.001787263863641174
Austria,1243,865.4872391495812,0.029231170822447094
Belgium,462,527.6880900995031,0.010864682960555557
Bulgaria,1289,881.3526720954019,0.0303129357925457
Czechoslovakia,558,579.9219794752553,0.013122279419891776
Denmark,538,569.4353266661402,0.012651946824196729
Finland,265,399.6567115812993,0.0062319068929593555
France,2312,1180.2562453943603,0.05437044806234729
Germany,15995,3100.4666310318903,0.37614849340711287
Greece,810,698.6906192599232,0.019048470125649353
Hungary,1106,816.4096724779075,0.02600939254193603
Iceland,98,243.04342802536857,0.002304629718905724
Ireland,1278,877.5848822732761,0.030054252864913422
Italy,1612,985.582266780955,0.03790880721302069
Netherlands,1601,982.2147858012592,0.037650124285388414
Norway,345,456.00596703836135,0.00811323727573954
Poland,3516,1455.3207084531248,0.08268447032318904
Portugal,141,291.52693256950295,0.003315844799650073
Romania,1824,1048.3693333957774,0.04289433272738817
Spain,952,757.452153047862,0.022387831555084177
Sweden,1023,785.1844870927683,0.02405751226980159
Switzerland,1100,814.192617522108,0.025868292763227517
"United Kingdom, n.o.s",6324,1951.2726034243271,0.14871916675877345
England,6199,1931.9141927697665,0.14577958803567942
Scotland,1239,864.0938569449653,0.029137104303308084
Northern Ireland,9,73.65388406580422,0.00021164966806277058
Yugoslavia,672,636.403489465142,0.01580317521535354
Czech Republic,1069,802.640202291229,0.02513927723990019
Slovakia,739,667.371196067886,0.01737878941093194
Bosnia and Herzegovina,1671,1003.451137695795,0.03929628837032107
Croatia,384,481.0885629540519,0.009030385837344878
Macedonia,70,205.4097162533628,0.0016461640849326602
Serbia,362,467.10507335302754,0.008513019982080327
Latvia,388,483.5875632211367,0.009124452356483887
Lithuania,632,617.1746121046172,0.014862510023963446
Armenia,743,669.174659081384,0.01747285593007095
Azerbaijan,89,231.61474669812827,0.0020929800508429535
Belarus,978,767.7240026866592,0.022999263929487736
Georgia (country),202,348.93326553419064,0.0047503592165199626
Moldova,510,554.4207488980943,0.011993481190223667
Russia,7523,2127.990061429748,0.17691560587069147
Ukraine,4421,1631.7678013202658,0.10396702027838986
USSR,1013,781.3381249321644,0.023822345971954068
"Other Europe, n.o.s",492,544.5498685057067,0.011570181854098126
Afghanistan,1140,828.8608851263665,0.02680895795461761
Bangladesh,503,550.6031089024112,0.0118288647817304
Bhutan,1655,998.636977534232,0.03892002229376504
Myanmar,1595,980.3730969118388,0.0375090245066799
Cambodia,2333,1185.6019981677762,0.05486429728782709
China,16860,3182.944526801694,0.3964903781709236
Cyprus,59,188.58120559812247,0.001387481157300385
Hong Kong,998,775.532787151473,0.023469596525182785
India,19019,3379.9291971713747,0.4472627818762037
Indonesia,1576,974.5180936610832,0.0370622085407696
Iran,3054,1356.3983626199142,0.07181978736263349
Iraq,1890,1067.1615191400108,0.04444643029318182
Israel,1290,881.6943992876096,0.030336452422330448
Japan,4117,1574.7103692499545,0.09681796482382517
Jordan,580,591.2424223249049,0.013639645275156327
Korea,15737,3075.432836782413,0.37008120292264673
Kazakhstan,579,590.7325650330351,0.013616128645371574
Kuwait,333,448.0057356978281,0.007831037718322512
Laos,2644,1262.1176810783247,0.06217796915088504
Lebanon,844,713.2015330080056,0.01984803553833093
Malaysia,1163,837.1786766299062,0.02734984043966691
Mongolia,153,303.6787218030104,0.0035980443570671
Nepal,4668,1676.693386936665,0.10977562783522367
Pakistan,1637,993.1931209962024,0.03849672295763949
Philippines,9695,2415.24437179408,0.22799372576317342
Saudi Arabia,1798,1040.8730742107216,0.04228290035298461
Singapore,437,513.2134405887083,0.01027676721593675
Sri Lanka,279,410.0772874230535,0.006561139709945888
Syria,314,435.03784649442224,0.007384221752412218
Taiwan,2966,1336.7242619658966,0.06975032394157529
Thailand,4077,1567.047671337025,0.09587729963243508
Turkey,956,759.0414917800172,0.022481898074223187
United Arab Emirates,310,432.25818251168135,0.007290155233273209
Uzbekistan,1012,780.9524460061812,0.023798829342169314
Vietnam,17347,3228.441791190368,0.40794297687609793
Yemen,184,333.0246040601794,0.004327059880394421
Asia,313,434.3445985983653,0.007360705122627466
"South Central Asia, n.o.s",404,493.4569884097456,0.009500718433039925
"Other Asia, n.o.s",1170,839.6938105085566,0.027514456848160174
Bermuda,60,190.17261890087917,0.0014109977870851373
Canada,15062,3008.9407358551803,0.35420747781793893
Mexico,230780,11541.296095098764,5.427167821725133
Belize,201,348.0685297606089,0.00472684258673521
Costa Rica,682,641.1205587569171,0.01603834151320106
El Salvador,9288,2364.0930180133746,0.21842245744077923
Guatemala,6025,1904.6382344155863,0.14168769445313253
Honduras,4377,1623.6339879870975,0.10293228856786076
Nicaragua,1303,886.1248490967648,0.030642168609532228
Panama,1007,779.0211851095321,0.023681246193245555
Antigua & Barbuda,36,147.3074023349229,0.0008465986722510823
Bahamas,229,371.5209878528533,0.005385308220708274
Barbados,199,346.33258000249623,0.004679809327165705
Cuba,2367,1194.2062052999709,0.055663862700508666
Dominica,19,107.01651405665476,0.0004468159659102935
Dominican Republic,817,701.7027064094186,0.01921308653414262
Haiti,683,641.5903573051172,0.016061858142985812
Jamaica,1674,1004.3512206053648,0.03936683825967533
St Lucia,99,244.2802757754917,0.002328146348690477
St Vincent & the Grenadines,78,216.8297876372297,0.0018342971232106786
Trinidad & Tobago,491,543.9962327164557,0.011546665224313375
West Indies,259,395.106610026261,0.0060908071142508425
"Caribbean, n.o.s",47,168.31460813372465,0.0011052815998833575
Argentina,1972,1090.0575652865953,0.04637479393553151
Bolivia,737,666.467633499777,0.017331756151362437
Brazil,2265,1168.2031516839256,0.053265166462463924
Chile,1497,949.7862037960028,0.03520439478777417
Colombia,4795,1699.3289509051806,0.11276223981788723
Ecuador,745,670.0745693831433,0.017519889189640456
Guyana,215,359.98582561496005,0.005056075403721742
Paraguay,238,378.750949875611,0.005596957888771044
Peru,4731,1687.9601259207122,0.11125717551166309
Uruguay,89,231.61474669812827,0.0020929800508429535
Venezuela,1995,1096.393643720622,0.04691567642058082
South America,198,345.4613334648338,0.004656292697380954
"Americas, n.o.s",123,272.2841751695945,0.0028925454635245315
Algeria,779,685.1921364398369,0.01831945460232203
Cameroon,352,460.6085870920952,0.008277853684232806
Congo,891,732.7874437508951,0.020953317138214286
Egypt,673,636.8767693573144,0.01582669184513829
Ethiopia,8014,2196.2364430166526,0.18846227109500482
Eritrea,1064,800.7612886863014,0.025021694090976432
Gambia,70,205.4097162533628,0.0016461640849326602
Ghana,3190,1386.2534715128895,0.0750180490133598
Guinea,124,273.38875567720106,0.0029160620933092836
Ivory Coast,52,177.04120360093975,0.001222864748807119
Kenya,1813,1045.2044092775589,0.0426356497997559
Liberia,658,629.7402058861404,0.015473942398367004
Libya,779,685.1921364398369,0.01831945460232203
Morocco,654,627.8234150617393,0.015379875879227995
Nigeria,2085,1120.8422481998175,0.049032173101208526
Rwanda,52,177.04120360093975,0.001222864748807119
Senegal,161,311.51665141872144,0.003786177395345118
Sierra Leone,151,301.6874199392975,0.0035510110974975957
Somalia,1771,1033.030846531029,0.0416479513487963
South Africa,2520,1232.1805552750534,0.059261907057575766
Sudan,881,728.6643477718225,0.020718150840366767
Tanzania,205,351.5147075526081,0.004820909105874219
Togo,98,243.04342802536857,0.002304629718905724
Uganda,183,332.1184435278225,0.004303543250609669
Democratic Republic of Congo (Zaire),1333,896.2653024388085,0.0313476675030748
Zambia,96,240.55065326833903,0.0022575964593362194
Zimbabwe,465,529.3984447458308,0.010935232849909814
Africa,2070,1116.8047051847427,0.04867942365443723
"Northern Africa, n.o.s",77,215.43538920864944,0.0018107804934259263
"Western Africa, n.o.s",923,745.8280954224306,0.02170584929132636
"Other Africa, n.o.s",332,447.3325897812767,0.007807521088537759
"Eastern Africa, n.o.s",450,520.7904847535326,0.01058248340313853
Australia,1975,1090.8861003739607,0.04644534382488577
Fiji,116,264.4229340625825,0.0027279290550312656
Marshall Islands,276,407.8667246279578,0.006490589820591632
Micronesia,317,437.1109918599718,0.007454771641766475
New Zealand,1337,897.6086989882796,0.03144173402221381
Tonga,77,215.43538920864944,0.0018107804934259263
Samoa,20,109.79661663964524,0.00047033259569504576
"Other U.S. Island Areas, Oceania, n.o.s",308,430.8616242492666,0.007243121973703705
Albania,132,282.0696604997448,0.0031041951315873015
Austria,1168,838.9746719681686,0.02746742358859067
Belgium,405,494.0670144149073,0.009524235062824677
Bulgaria,1444,932.8242756507289,0.0339580134091823
Czechoslovakia,524,561.9778128142092,0.012322714007210198
Denmark,482,538.9875669686934,0.011335015556250602
Finland,269,402.661399882587,0.0063259734120983645
France,2415,1206.2447980793777,0.05679266093017678
Germany,16309,3130.5930119991144,0.3835327151595251
Greece,860,719.928118165198,0.020224301614886968
Hungary,1024,785.56702047398,0.02408102889958634
Iceland,84,225.0147554656207,0.0019753969019191925
Ireland,1160,836.0971584213512,0.027279290550312654
Italy,1792,1039.1330097959656,0.0421418005742761
Netherlands,1740,1023.9502826837248,0.04091893582546898
Norway,333,448.0055379789079,0.007831037718322512
Poland,3551,1462.5346636781503,0.08350755236565538
Portugal,138,288.4089346455428,0.003245294910295816
Romania,1722,1018.6419306774856,0.04049563648934344
Spain,1061,799.6306951330092,0.024951144201622175
Sweden,1225,859.1978130326812,0.028807871486321555
Switzerland,1119,821.1915231605072,0.02631510872913781
"United Kingdom, n.o.s",6051,1908.723510599195,0.1422991268275361
England,6161,1925.9747486614456,0.14488595610385885
Scotland,1139,828.4960952715103,0.026785441324832855
Yugoslavia,750,672.3184040586659,0.017637472338564216
Czech Republic,980,768.5074559845799,0.02304629718905724
Slovakia,959,760.2303474477143,0.022552447963577443
Bosnia and Herzegovina,1603,982.8258257946742,0.03769715754495792
Croatia,319,438.4874567597411,0.00750180490133598
Macedonia,57,185.3573777851297,0.0013404478977308803
Serbia,275,407.12705419987,0.006467073190806879
Latvia,485,540.6621609413182,0.01140556544560486
Lithuania,720,658.7366578226915,0.016931973445021647
Armenia,547,574.1776155252591,0.012863596492259502
Azerbaijan,41,157.20451887409016,0.0009641818211748438
Belarus,1067,801.8880314466487,0.02509224398033069
Georgia (country),123,272.28413078511835,0.0028925454635245315
Moldova,344,455.3444435171921,0.008089720645954788
Russia,7864,2175.5929583684447,0.184934776627292
Ukraine,3931,1538.7460331651405,0.09244387168386124
USSR,1025,785.9504311795681,0.024104545529371094
"Other Europe, n.o.s",510,554.4203741458304,0.011993481190223667
Afghanistan,1224,858.8471285937295,0.0287843548565368
Bangladesh,465,529.3981184837363,0.010935232849909814
Bhutan,1136,827.4045239728616,0.0267148914354786
Myanmar,1356,903.9609173689428,0.031888549988124106
Cambodia,1933,1079.2258781107475,0.04545764537392617
China,16144,3114.764565060754,0.3796524712450409
Cyprus,140,290.4912824626827,0.0032923281698653203
Hong Kong,1014,781.7225627642422,0.02384586260173882
India,17398,3233.094101317748,0.4091423249951203
Indonesia,1523,957.9944494519236,0.03581582716217773
Iran,2839,1307.8031954763694,0.06676371195891175
Iraq,1438,930.8847789523412,0.03381691363047379
Israel,1289,881.3511661829596,0.0303129357925457
Japan,4238,1597.656652643529,0.0996634770277802
Jordan,625,613.7470845984681,0.01469789361547018
Korea,15348,3037.2314859251164,0.3609332339363781
Kazakhstan,538,569.4349206310748,0.012651946824196729
Kuwait,193,341.071627116585,0.004538709548457191
Laos,2828,1305.2684672003786,0.06650502903127947
Lebanon,688,643.9336189918378,0.016179441291909576
Malaysia,747,670.9726077408166,0.01756692244920996
Nepal,3986,1549.4652527264068,0.09373728632202262
Pakistan,1144,830.3121890973231,0.02690302447375662
Philippines,8825,2304.486937210818,0.20753425785043894
Saudi Arabia,1698,1011.5207387550764,0.03993123737450938
Singapore,493,545.1025856185264,0.011593698483882878
Sri Lanka,246,385.063491644079,0.005785090927049063
Syria,439,514.3861075037912,0.010323800475506255
Taiwan,3322,1414.6204453012049,0.0781222441449471
Thailand,4299,1609.104409506837,0.10109799144465009
Turkey,930,748.649515780903,0.021870465699819628
United Arab Emirates,52,177.041191400497,0.001222864748807119
Uzbekistan,1118,820.8245867664434,0.02629159209935306
Vietnam,16837,3180.708293498259,0.39594949568587423
Yemen,195,342.8342189509356,0.004585742808026696
Asia,249,387.4042162695777,0.00585564081640332
"South Central Asia, n.o.s",303,427.35008593700064,0.007125538824779944
"Other Asia, n.o.s",1318,891.2079555049966,0.030994918056303514
Bermuda,42,159.11008292394067,0.0009876984509595962
Canada,15217,3024.278914056227,0.35785255543457556
Mexico,229047,11496.149710123638,5.386413502308157
Belize,192,340.1869060629306,0.004515192918672439
Costa Rica,704,651.3772131463685,0.01655570736846561
El Salvador,9293,2364.699000358956,0.218540040589703
Guatemala,6087,1914.386561803639,0.14314572549978716
Honduras,4348,1618.2413085262076,0.10225030630410295
Nicaragua,1267,873.7993631879858,0.02979556993728115
Panama,879,727.8360759578491,0.02067111758079726
Antigua & Barbuda,71,206.87168707497207,0.0016696807147174124
Bahamas,66,199.4545978721983,0.0015520975657936508
Barbados,199,346.3324886635276,0.004679809327165705
Cuba,2301,1177.4427945108894,0.054111765134715016
Dominica,24,120.27611926941464,0.0005643991148340549
Dominican Republic,676,638.2939305474815,0.015897241734492546
Haiti,545,573.1270763715236,0.012816563232689997
Jamaica,1471,941.50251621706,0.03459296241337062
St Lucia,109,256.3206472795487,0.0025633126465379992
St Vincent & the Grenadines,81,220.9601652884845,0.0019048470125649353
Trinidad & Tobago,563,582.5136992203228,0.013239862568815538
West Indies,392,486.0734596278865,0.009218518875622896
"Caribbean, n.o.s",34,143.1570826771612,0.0007995654126815778
Argentina,2018,1102.6903123799234,0.047456558905630115
Bolivia,749,671.8701049769771,0.017613955708779463
Brazil,2431,1210.2322361497604,0.05716892700673281
Chile,1252,868.6127277480516,0.029442820490509863
Colombia,4649,1673.2702223570209,0.10932881186931338
Ecuador,702,650.451424733797,0.016508674108896105
Guyana,130,279.92466517247345,0.0030571618720177975
Paraguay,199,346.3324886635276,0.004679809327165705
Peru,4507,1647.539542195172,0.10598945043987856
Uruguay,105,251.57365168528767,0.0024692461273989903
Venezuela,1879,1064.0499171895035,0.04418774736554955
South America,338,451.3562008682149,0.007948620867246273
"Americas, n.o.s",112,259.82398053213075,0.002633862535892256
Algeria,724,660.5637009403202,0.017026039964160654
Cameroon,472,533.3676027243098,0.01109984925840308
Congo,847,714.4669476487703,0.019918585427685185
Egypt,609,605.8410941717121,0.014321627538914144
Ethiopia,8140,2213.384655655036,0.19142536644788363
Eritrea,980,768.5074559845799,0.02304629718905724
Gambia,68,202.454045668498,0.0015991308253631557
Ghana,3015,1347.7092870982306,0.07090263880102814
Guinea,123,272.28413078511835,0.0028925454635245315
Kenya,1733,1021.8892044725202,0.040754319416975715
Liberia,651,626.3814303534034,0.015309325989873739
Libya,841,711.9322692361555,0.019777485648976672
Morocco,835,709.3885286491436,0.01963638587026816
Nigeria,2136,1134.4590379688973,0.05023152122023088
Senegal,179,328.4687224260063,0.004209476731470659
Sierra Leone,180,329.3849242204524,0.004232993361255412
Somalia,2002,1098.311834622966,0.04708029282907408
South Africa,2263,1167.683986300172,0.053218133202894424
Sudan,861,720.3464922039003,0.02024781824467172
Tanzania,155,305.6569867227024,0.0036450776166366047
Togo,183,332.11836298024565,0.004303543250609669
Uganda,274,406.3861869447304,0.006443556561022128
Democratic Republic of Congo (Zaire),1085,808.6222019739562,0.025515543316456234
Zambia,118,266.69260968691526,0.00277496231460077
Zimbabwe,325,442.5917052531413,0.007642904680044493
Africa,2250,1164.3266373955903,0.052912417015692645
"Eastern Africa, n.o.s",416,500.7311022499746,0.009782917990456951
"Northern Africa, n.o.s",90,232.9122692553535,0.002116496680627706
"Western Africa, n.o.s",881,728.6634968928505,0.020718150840366767
"Other Africa, n.o.s",134,284.1984652970359,0.0031512283911568064
Australia,2249,1164.0679780359535,0.05288890038590789
Fiji,99,244.2802437256966,0.002328146348690477
Marshall Islands,318,437.7996737220311,0.007478288271551227
Micronesia,333,448.0055379789079,0.007831037718322512
New Zealand,1248,867.2243811403546,0.029348753971370857
Tonga,101,246.7353372009192,0.0023751796082599813
Samoa,20,109.79661372950258,0.00047033259569504576
"Other U.S. Island Areas, Oceania, n.o.s",333,448.0055379789079,0.007831037718322512
Albania,74,211.1969171544675,0.0017402306040716692
Austria,1080,806.7560039780643,0.025397960167532475
Belgium,318,437.7994759167074,0.007478288271551227
Bulgaria,1287,880.6657064590116,0.030265902532976192
Czechoslovakia,633,617.6615596095214,0.014886026653748198
Denmark,451,521.3681260423468,0.010606000032923281
Finland,376,476.0507062943954,0.00884225279906686
France,2505,1228.5011189843876,0.05890915761080447
Germany,17061,3201.651530389823,0.40121722075765875
Greece,819,702.5593491567222,0.019260119793712123
Hungary,963,761.8128355721902,0.022646514482716453
Iceland,100,245.51082467853325,0.002351662978475229
Ireland,1093,811.5959562877982,0.02570367635473425
Italy,1832,1050.659812996137,0.04308246576566619
Netherlands,1827,1049.225569788893,0.042964882616742424
Norway,383,480.4612760511472,0.009006869207560126
Poland,3700,1492.8747350338886,0.08701153020358347
Portugal,133,283.1360103232985,0.003127711761372054
Romania,1703,1013.006002165576,0.04004882052343314
Spain,908,739.7420886854214,0.021353099844555076
Sweden,1211,854.2736487359516,0.028478638669335022
Switzerland,1078,806.0088142418706,0.025350926907962968
"United Kingdom, n.o.s",5635,1842.0007383403408,0.13251620883707912
England,5952,1893.0463474893445,0.13997098047884562
Scotland,1108,817.1448662917702,0.026056425801505537
Northern Ireland,26,125.18732603211456,0.0006114323744035594
Yugoslavia,705,651.8389610425425,0.01657922399825036
Czech Republic,931,749.0508465454484,0.02189398232960438
Slovakia,988,771.6361861871434,0.023234430227335262
Bosnia and Herzegovina,1555,968.0013904837524,0.0365683593152898
Croatia,297,423.0977988082832,0.006984439046071429
Macedonia,38,151.34392531815658,0.000893631931820587
Serbia,242,381.92007483480165,0.005691024407910053
Latvia,458,525.398292518107,0.010770616441416548
Lithuania,766,679.4502016161938,0.018013738415120252
Armenia,594,598.3338120047688,0.013968878092142858
Azerbaijan,80,219.5919732639912,0.001881330382780183
Belarus,984,770.0728772280956,0.023140363708196252
Georgia (country),95,239.2944650844404,0.0022340798295514674
Moldova,434,511.4483361821029,0.010206217326582494
Russia,7837,2171.836203726524,0.18429982762310368
Ukraine,3380,1426.901611157516,0.07948620867246273
USSR,1147,831.3985844770865,0.026973574363110875
"Other Europe, n.o.s",248,386.6254133824683,0.005832124186618567
Afghanistan,1074,804.5123512147169,0.025256860388823955
Bangladesh,457,524.824449878827,0.010747099811631794
Bhutan,874,725.7624925686092,0.0205535344318735
Myanmar,1494,948.8304051647488,0.03513384489841992
Cambodia,1824,1048.364080723228,0.04289433272738817
China,15019,3004.530256865553,0.3531962627371946
Cyprus,78,216.8297411948797,0.0018342971232106786
Hong Kong,859,719.5086224660294,0.020200784985102214
India,17056,3201.1838692572405,0.40109963760873496
Indonesia,1498,950.0993840042164,0.035227911417558926
Iran,2743,1285.5080486207482,0.06450611549957552
Iraq,1589,978.5236668042268,0.03736792472797139
Israel,1073,804.137799970548,0.0252333437590392
Japan,4025,1557.0123950932143,0.09465443488362796
Jordan,658,629.739067906117,0.015473942398367004
Korea,15109,3013.493236798064,0.3553127594178223
Kazakhstan,515,557.1308247953722,0.012111064339147428
Kuwait,277,408.6045971529196,0.006514106450376384
Laos,2999,1344.1247961300237,0.07052637272447211
Lebanon,589,595.810532504388,0.013851294943219097
Malaysia,599,600.8464902318648,0.01408646124106662
Nepal,4191,1588.7703425171296,0.09855819542789684
Pakistan,1220,857.4414687371913,0.02869028833739779
Philippines,8807,2302.110572341717,0.20711095851431338
Saudi Arabia,1934,1079.50193232976,0.045481162003710926
Singapore,452,521.9457699928665,0.010629516662708033
Sri Lanka,144,294.61176178013307,0.0033863946890043293
Syria,513,556.0480703699211,0.012064031079577923
Taiwan,3231,1395.1159057365082,0.07598223083453463
Thailand,4105,1572.3977545954956,0.09653576526640814
Turkey,760,676.7843227595484,0.01787263863641174
United Arab Emirates,54,180.41366010300231,0.0012698980083766236
Uzbekistan,966,762.9983203556855,0.02271706437207071
Vietnam,17200,3214.624918745729,0.40448603229773933
Yemen,197,344.5876973635409,0.0046327760675962
Asia,135,285.2568549161181,0.0031747450209415593
"South Central Asia, n.o.s",359,465.16519810122895,0.00844247009272607
"Other Asia, n.o.s",872,724.9317624526195,0.020506501172303994
Bermuda,43,160.9930831741251,0.0010112150807443485
Canada,14667,2969.2122220258925,0.34491840905296184
Mexico,230961,11537.97062657321,5.4314243317161734
Belize,155,305.65691941136987,0.0036450776166366047
Costa Rica,653,627.3421767903637,0.015356359249443244
El Salvador,8506,2262.4931463070334,0.20003245294910296
Guatemala,6584,1990.8964335570784,0.15483349050280906
Honduras,4985,1732.6154616564447,0.11723039947699017
Nicaragua,1071,803.3881731922937,0.025186310499469698
Panama,756,675.0012175324432,0.01777857211727273
Antigua & Barbuda,80,219.5919732639912,0.001881330382780183
Bahamas,40,155.2755616814615,0.0009406651913900915
Barbados,157,307.622520746923,0.003692110876206109
Cuba,1780,1035.6464655364846,0.04185960101685907
Dominica,24,120.2761151682977,0.0005643991148340549
Dominican Republic,880,728.2489933798624,0.020694634210582014
Haiti,671,635.928685296469,0.015779658585568786
Jamaica,1475,942.7794040475404,0.03468702893250963
St Lucia,128,277.7630537135059,0.0030101286124482925
St Vincent & the Grenadines,84,225.0147286117638,0.0019753969019191925
Trinidad & Tobago,510,554.4199723916548,0.011993481190223667
West Indies,466,529.9666577081257,0.010958749479694566
"Caribbean, n.o.s",41,157.2045097169097,0.0009641818211748438
Argentina,1986,1093.9127178155204,0.046704026752518044
Bolivia,566,584.0629943436264,0.013310412458169794
Brazil,2349,1189.6511251356765,0.05524056336438313
Chile,919,744.2086406188339,0.021611782772187355
Colombia,3841,1521.0337673594483,0.09032737500323354
Ecuador,696,647.6654748102354,0.016367574330187592
Guyana,121,270.0613699695499,0.0028455122039550266
Paraguay,151,301.6872948440922,0.0035510110974975957
Peru,4809,1701.7832288428413,0.11309147263487375
Uruguay,113,260.98126513679654,0.002657379165677008
Venezuela,1379,911.5912739290308,0.032429432473173404
South America,322,440.5441601891155,0.007572354790690236
"Americas, n.o.s",164,314.40535647527264,0.003856727284699375
Algeria,386,482.3391706758894,0.009077419096914383
Cameroon,261,396.6288272565995,0.0061378403738203465
Congo,827,705.9817788454085,0.019448252831990143
Egypt,808,697.826084983578,0.01900143686607985
Ethiopia,8226,2225.002338340617,0.19344779660937234
Eritrea,1969,1089.2225076610885,0.04630424404617726
Gambia,61,191.75079221436863,0.0014345144168698895
Ghana,2815,1302.2612941709,0.06619931284407769
Guinea,129,278.84592830395934,0.003033645242233045
Kenya,1762,1030.3985026484006,0.041436301680733534
Liberia,528,564.1180546739857,0.012416780526349206
Libya,776,683.870226318911,0.018248904712967775
Morocco,924,746.2300475786996,0.021729365921111115
Nigeria,2060,1114.0985639160235,0.048444257356589714
Senegal,139,289.4519241703157,0.0032688115400805683
Sierra Leone,224,367.442640558049,0.005267725071784512
Somalia,1991,1095.288363396655,0.0468216099014418
South Africa,2503,1228.0108341851078,0.05886212435123497
Sudan,1158,835.3748553133157,0.027232257290743148
Tanzania,197,344.5876973635409,0.0046327760675962
Togo,175,324.77798592917094,0.00411541021233165
Uganda,171,321.04490324556934,0.0040213436931926414
Democratic Republic of Congo (Zaire),586,594.291420042177,0.01378074505386484
Zambia,117,265.56013250874383,0.0027514456848160176
Zimbabwe,340,452.6893015047901,0.007995654126815778
Africa,1746,1025.7110753440072,0.041060035604177494
"Eastern Africa, n.o.s",397,489.1630912662859,0.009336102024546659
"Northern Africa, n.o.s",315,435.7296142589304,0.007407738382196971
"Western Africa, n.o.s",926,747.037077771754,0.021776399180680618
"Other Africa, n.o.s",361,466.459034896956,0.008489503352295575
Australia,2028,1105.4148547141065,0.04769172520347764
Fiji,92,235.48588890007792,0.0021635299401972104
Marshall Islands,143,293.5870499209238,0.0033628780592195773
Micronesia,294,420.9556373283469,0.0069138891567171725
New Zealand,936,751.0592121437168,0.02201156547852814
Tonga,102,247.9537316546588,0.0023986962380447333
Samoa,33,141.03612630209827,0.0007760487828968254
"Other U.S. Island Areas, Oceania, n.o.s",166,316.31659291975075,0.0039037605442688796
Albania,58,186.9762013254357,0.0013639645275156328
Austria,1121,821.922229010476,0.026362141988707316
Belgium,401,491.62073427124585,0.009430168543685669
Bulgaria,1318,891.2045450618932,0.030994918056303514
Czechoslovakia,612,607.3302313798373,0.0143921774282684
Denmark,428,507.9006413164242,0.010065117547873979
Finland,323,441.2274516616741,0.007595871420474989
France,2445,1213.7018609995348,0.05749815982371934
Germany,16757,3173.011746396957,0.3940681653030941
Greece,837,710.2357292276704,0.019683419129837666
Hungary,1079,806.3812059727408,0.02537444353774772
Iceland,130,279.92455953844774,0.0030571618720177975
Ireland,872,724.9308254522144,0.020506501172303994
Italy,1944,1082.2850422279737,0.045716328301558445
Netherlands,1852,1056.374385803796,0.043552798361361236
Norway,333,448.0051049035169,0.007831037718322512
Poland,3786,1510.1039110064144,0.08903396036507216
Portugal,149,299.68269649481294,0.0035039778379280908
Romania,1533,961.129218650956,0.03605099346002526
Spain,849,715.30808018469,0.01996561868725469
Sweden,1389,914.8878148718608,0.03266459877102093
Switzerland,917,743.3975272786197,0.021564749512617845
"United Kingdom, n.o.s",5033,1740.916136142541,0.11835919770665827
England,6383,1960.29009127907,0.15010664791607387
Scotland,940,752.660994685497,0.02210563199766715
Northern Ireland,43,160.99307291445575,0.0010112150807443485
Yugoslavia,747,670.9711526332611,0.01756692244920996
Czech Republic,807,697.3933600799645,0.018977920236295097
Slovakia,1036,790.153284081289,0.02436322845700337
Bosnia and Herzegovina,1566,971.415888401317,0.03682704224292208
Croatia,409,496.5000819992988,0.009618301581963687
Macedonia,39,153.322337869687,0.0009171485616053393
Serbia,129,278.845874992716,0.003033645242233045
Latvia,449,520.2105670410187,0.010558966773353776
Lithuania,804,696.0960838589243,0.01890737034694084
Armenia,594,598.333285220021,0.013968878092142858
Azerbaijan,124,273.38861234446034,0.0029160620933092836
Belarus,946,755.0588473815161,0.022246731776375664
Georgia (country),97,241.8001540539268,0.002281113089120972
Moldova,337,450.6876207454059,0.007925104237461521
Russia,7842,2172.502590936466,0.18441741077202745
Ukraine,3405,1432.1582670863338,0.08007412441708155
USSR,1138,828.1296620021463,0.026761924695048102
Europe,38,151.343916794894,0.000893631931820587
"Other Europe, n.o.s",266,400.4095836330218,0.006255423522744108
Afghanistan,1037,790.5344641481169,0.02438674508678812
Bangladesh,531,565.7177867928281,0.012487330415703464
Bhutan,693,646.2676564973436,0.016297024440833335
Myanmar,1674,1004.3441099537264,0.03936683825967533
Cambodia,1887,1066.3060132456826,0.04437588040382757
China,14389,2940.952973934778,0.33838078597280064
Cyprus,74,211.19689399228147,0.0017402306040716692
Hong Kong,1007,779.0178677452298,0.023681246193245555
India,14341,2936.057135653158,0.33725198774313253
Indonesia,1312,889.174206072132,0.030853818277595
Iran,3022,1349.2601607055892,0.07106725520952141
Iraq,1679,1005.8424241867264,0.03948442140859909
Israel,1141,829.2202635020525,0.026832474584402362
Japan,3958,1543.9997696276712,0.09307882068804955
Jordan,516,557.6709868571737,0.01213458096893218
Korea,15371,3039.3638301090687,0.3614741164214274
Kazakhstan,518,558.7505918496745,0.012181614228501685
Kuwait,351,459.9532078656949,0.008254337054448052
Laos,3341,1418.6438169020666,0.0785690601108574
Lebanon,623,612.7633084987032,0.014650860355900675
Malaysia,598,600.3442641759146,0.014062944611281866
Nepal,3091,1364.5676945174869,0.07268990266466932
Pakistan,1367,907.6154856675516,0.03214723291575638
Philippines,8016,2196.43551705568,0.18850930435457433
Saudi Arabia,1828,1049.5097311906752,0.04298839924652718
Singapore,401,491.62073427124585,0.009430168543685669
Sri Lanka,132,282.06955241863847,0.0031041951315873015
Syria,420,503.1319028294807,0.009876984509595961
Taiwan,2859,1312.3883262643428,0.0672340445546068
Thailand,3602,1472.9773694862768,0.08470690048467774
Turkey,703,650.9131551683365,0.016532190738680858
United Arab Emirates,55,182.07646187770868,0.0012934146381613758
Uzbekistan,815,700.8410164922676,0.019166053274573113
Vietnam,17790,3269.02481984585,0.4183608438707432
Yemen,191,339.2996896615306,0.004491676288887687
Asia,118,266.6925183363331,0.00277496231460077
"South Central Asia, n.o.s",490,543.4409067453345,0.01152314859452862
"Other Asia, n.o.s",789,689.5730730330049,0.018554620900169554
Bermuda,52,177.04116467716497,0.001222864748807119
Canada,15101,3012.6300013656546,0.3551246263795443
Mexico,230557,11524.216565006676,5.421923613283133
Belize,52,177.04116467716497,0.001222864748807119
Costa Rica,682,641.1187098619453,0.01603834151320106
El Salvador,8803,2301.5585179330114,0.2070168919951744
Guatemala,6099,1916.2365453040195,0.1434279250572042
Honduras,4336,1615.988136456505,0.10196810674668592
Nicaragua,872,724.9308254522144,0.020506501172303994
Panama,912,741.3684028687765,0.021447166363694085
Antigua & Barbuda,38,151.343916794894,0.000893631931820587
Bahamas,22,115.15563113753818,0.0005173658552645504
Barbados,82,222.3198593256179,0.0019283636423496875
Cuba,1486,946.2852519947888,0.0349457118601419
Dominica,26,125.18732120830674,0.0006114323744035594
Dominican Republic,892,733.1957116758061,0.02097683376799904
Haiti,618,610.2997267709325,0.014533277206976914
Jamaica,1826,1048.9356459002838,0.04294136598695768
St Lucia,82,222.3198593256179,0.0019283636423496875
St Vincent & the Grenadines,46,166.51438306799304,0.0010817649700986052
Trinidad & Tobago,627,614.7270619257083,0.014744926875039685
West Indies,354,461.9145043773557,0.008324886943802309
"Caribbean, n.o.s",32,138.88278311587337,0.0007525321531120731
Argentina,1987,1094.1847621460297,0.0467275433823028
Bolivia,420,503.1319028294807,0.009876984509595961
Brazil,2094,1123.24784864889,0.049243822769271285
Chile,878,727.4201581005685,0.02064760095101251
Colombia,3885,1529.7057528609737,0.09136210671376264
Ecuador,534,567.3134450845164,0.01255788030505772
Guyana,98,243.04332732039296,0.002304629718905724
Paraguay,94,238.0316780293321,0.002210563199766715
Peru,4847,1708.4751784314776,0.11398510456669435
Uruguay,50,173.60317828533078,0.0011758314892376144
Venezuela,1119,821.1888552292661,0.02631510872913781
South America,309,431.5599045857292,0.007266638603488457
"Americas, n.o.s",105,251.57357500712072,0.0024692461273989903
Algeria,403,492.8451014487464,0.009477201803255172
Cameroon,289,417.36075148548406,0.006796306007793411
Congo,698,648.5945672006135,0.016414607589757095
Egypt,814,700.4109880958632,0.019142536644788363
Ethiopia,7812,2168.349362469029,0.18371191187848487
Eritrea,2105,1126.193061015866,0.049502505696903565
Ghana,2562,1242.3880298048105,0.06024960550853536
Guinea,124,273.38861234446034,0.0029160620933092836
Kenya,1276,876.8933567010872,0.03000721960534392
Liberia,376,476.0504410011128,0.00884225279906686
Libya,605,603.8473552322371,0.014227561019775136
Morocco,982,769.2889107417753,0.02309333044862675
Nigeria,1824,1048.3612457968875,0.04289433272738817
Senegal,187,335.72814370722364,0.004397609769748678
Sierra Leone,214,359.1473816118652,0.0050325587739369895
Somalia,2007,1099.6755754988076,0.04719787597799784
South Africa,2242,1162.2481809100402,0.05272428397741463
Sudan,1516,955.7867680004572,0.035651210753684465
Tanzania,166,316.3165150985528,0.0039037605442688796
Togo,182,331.20954862333934,0.004280026620824916
Uganda,198,345.46104425457986,0.004656292697380954
Democratic Republic of Congo (Zaire),352,460.6079015467452,0.008277853684232806
Zambia,101,246.7352648623908,0.0023751796082599813
Zimbabwe,341,453.3542602156026,0.00801917075660053
Africa,1584,976.9810949745886,0.03725034157904763
"Eastern Africa, n.o.s",393,486.69245572665153,0.009242035505407649
"Northern Africa, n.o.s",387,482.9632354450807,0.009100935726699136
"Western Africa, n.o.s",621,611.7790668532721,0.014603827096331172
"Other Africa, n.o.s",503,550.6019378391885,0.0118288647817304
Australia,2108,1126.994962780647,0.04957305558625782
Fiji,56,183.7242285761674,0.001316931267946128
Marshall Islands,104,250.3727637163998,0.002445729497614238
Micronesia,221,364.9737772349536,0.005197175182430256
New Zealand,876,726.5913288078423,0.020600567691443004
Tonga,82,222.3198593256179,0.0019283636423496875
Samoa,30,134.47270239300096,0.0007054988935425686
"Other U.S. Island Areas, Oceania, n.o.s",205,351.5144028704809,0.004820909105874219
