origin,population
Total:,"30,219"
Europe:,"4,431"
Denmark,0
Ireland,220
Norway,96
Sweden,39
"United Kingdom, excluding England and Scotland",270
England,301
Scotland,27
Other Northern Europe,27
Austria,18
Belgium,151
France,268
Germany,491
Netherlands,270
Switzerland,25
Other Western Europe,0
Greece,16
Italy,186
Portugal,3
Azores Islands,0
Spain,305
Other Southern Europe,0
Albania,282
Belarus,35
Bosnia and Herzegovina,20
Bulgaria,75
Croatia,6
Czechoslovakia (includes Czech Republic and Slovakia),94
Hungary,35
Latvia,35
Lithuania,0
Moldova,0
North Macedonia (Macedonia),0
Poland,123
Romania,75
Russia,406
Serbia,6
Ukraine,217
Other Eastern Europe,309
"Europe, n.o.c.",0
"China, excluding Hong Kong and Taiwan","2,561"
Hong Kong,97
Taiwan,171
Japan,187
Korea,962
Other Eastern Asia,0
Afghanistan,0
Bangladesh,272
Bhutan,0
India,"3,316"
Iran,634
Kazakhstan,0
Nepal,47
Pakistan,149
Sri Lanka,18
Uzbekistan,0
Other South Central Asia,0
Burma (Myanmar),0
Cambodia,24
Indonesia,165
Laos,41
Malaysia,87
Philippines,"1,666"
Singapore,36
Thailand,83
Vietnam,837
Other South Eastern Asia,0
Armenia,0
Azerbaijan,9
Georgia,0
Iraq,78
Israel,259
Jordan,70
Kuwait,57
Lebanon,50
Saudi Arabia,248
Syria,0
Turkey,432
United Arab Emirates,5
Yemen,98
Other Western Asia,0
"Asia, n.o.c.",131
Eritrea,0
Ethiopia,168
Kenya,91
Somalia,0
Tanzania,0
Uganda,26
Zimbabwe,0
Other Eastern Africa,13
Cameroon,83
Congo,3
Democratic Republic of Congo (Zaire),52
Other Middle Africa,0
Algeria,0
Egypt,145
Morocco,17
Sudan,0
Other Northern Africa,0
South Africa,214
Other Southern Africa,0
Cabo Verde,0
Ghana,19
Ivory Coast,0
Liberia,0
Nigeria,92
Senegal,0
Sierra Leone,0
Togo,0
Other Western Africa,96
"Africa, n.o.c.",42
Australia,15
Other Australian and New Zealand Subregion,26
Fiji,15
Marshall Islands,9
Micronesia,0
"Oceania, n.o.c.",55
Bahamas,65
Barbados,0
Cuba,"1,996"
Dominica,15
Dominican Republic,168
Grenada,0
Haiti,470
Jamaica,713
St. Lucia,11
St. Vincent and the Grenadines,0
Trinidad and Tobago,238
West Indies,0
Other Caribbean,193
Belize,7
Costa Rica,78
El Salvador,298
Guatemala,281
Honduras,270
Mexico,816
Nicaragua,190
Panama,43
Other Central America,0
Argentina,342
Bolivia,14
Brazil,"1,405"
Chile,32
Colombia,"1,128"
Ecuador,206
Guyana,77
Peru,222
Uruguay,21
Venezuela,"1,074"
Other South America,190
Canada,"1,234"
Other Northern America,20
