origin,population
Total:,"38,545"
Europe:,"3,593"
Denmark,16
Ireland,159
Norway,36
Sweden,0
"United Kingdom, excluding England and Scotland",318
England,306
Scotland,59
Other Northern Europe,9
Austria,1
Belgium,47
France,250
Germany,336
Netherlands,88
Switzerland,36
Other Western Europe,0
Greece,132
Italy,116
Portugal,126
Azores Islands,0
Spain,59
Other Southern Europe,0
Albania,34
Belarus,35
Bosnia and Herzegovina,33
Bulgaria,29
Croatia,36
Czechoslovakia (includes Czech Republic and Slovakia),69
Hungary,0
Latvia,13
Lithuania,17
Moldova,9
North Macedonia (Macedonia),23
Poland,347
Romania,39
Russia,329
Serbia,77
Ukraine,189
Other Eastern Europe,220
"Europe, n.o.c.",0
"China, excluding Hong Kong and Taiwan",607
Hong Kong,101
Taiwan,86
Japan,300
Korea,706
Other Eastern Asia,81
Afghanistan,"1,656"
Bangladesh,405
Bhutan,4
India,647
Iran,267
Kazakhstan,36
Nepal,7
Pakistan,505
Sri Lanka,165
Uzbekistan,71
Other South Central Asia,26
Burma (Myanmar),22
Cambodia,3
Indonesia,64
Laos,54
Malaysia,6
Philippines,"1,099"
Singapore,32
Thailand,170
Vietnam,408
Other South Eastern Asia,0
Armenia,15
Azerbaijan,39
Georgia,17
Iraq,213
Israel,12
Jordan,205
Kuwait,26
Lebanon,98
Saudi Arabia,85
Syria,33
Turkey,277
United Arab Emirates,22
Yemen,95
Other Western Asia,49
"Asia, n.o.c.",83
Eritrea,377
Ethiopia,"6,058"
Kenya,141
Somalia,308
Tanzania,127
Uganda,53
Zimbabwe,23
Other Eastern Africa,322
Cameroon,27
Congo,0
Democratic Republic of Congo (Zaire),127
Other Middle Africa,193
Algeria,0
Egypt,190
Morocco,"1,116"
Sudan,574
Other Northern Africa,36
South Africa,108
Other Southern Africa,0
Cabo Verde,0
Ghana,870
Ivory Coast,270
Liberia,73
Nigeria,202
Senegal,0
Sierra Leone,842
Togo,19
Other Western Africa,173
"Africa, n.o.c.",142
Australia,188
Other Australian and New Zealand Subregion,79
Fiji,0
Marshall Islands,0
Micronesia,0
"Oceania, n.o.c.",23
Bahamas,0
Barbados,12
Cuba,152
Dominica,0
Dominican Republic,129
Grenada,0
Haiti,25
Jamaica,197
St. Lucia,0
St. Vincent and the Grenadines,0
Trinidad and Tobago,120
West Indies,0
Other Caribbean,30
Belize,0
Costa Rica,191
El Salvador,"4,349"
Guatemala,"1,487"
Honduras,"2,192"
Mexico,969
Nicaragua,371
Panama,327
Other Central America,0
Argentina,137
Bolivia,"1,025"
Brazil,310
Chile,276
Colombia,318
Ecuador,114
Guyana,28
Peru,341
Uruguay,21
Venezuela,90
Other South America,0
Canada,283
Other Northern America,0
