origin,population
Total:,"2,341"
Europe:,500
Denmark,0
Ireland,0
Norway,0
Sweden,0
"United Kingdom, excluding England and Scotland",0
England,160
Scotland,0
Other Northern Europe,0
Austria,22
Belgium,0
France,0
Germany,24
Netherlands,53
Switzerland,0
Other Western Europe,0
Greece,45
Italy,8
Portugal,17
Azores Islands,0
Spain,0
Other Southern Europe,0
Albania,0
Belarus,0
Bosnia and Herzegovina,0
Bulgaria,0
Croatia,33
Czechoslovakia (includes Czech Republic and Slovakia),0
Hungary,0
Latvia,0
Lithuania,0
Moldova,7
North Macedonia (Macedonia),0
Poland,5
Romania,7
Russia,40
Serbia,5
Ukraine,41
Other Eastern Europe,33
"Europe, n.o.c.",0
"China, excluding Hong Kong and Taiwan",4
Hong Kong,0
Taiwan,25
Japan,21
Korea,13
Other Eastern Asia,0
Afghanistan,64
Bangladesh,0
Bhutan,0
India,7
Iran,8
Kazakhstan,0
Nepal,0
Pakistan,0
Sri Lanka,0
Uzbekistan,0
Other South Central Asia,0
Burma (Myanmar),0
Cambodia,58
Indonesia,0
Laos,0
Malaysia,0
Philippines,148
Singapore,0
Thailand,0
Vietnam,37
Other South Eastern Asia,0
Armenia,0
Azerbaijan,0
Georgia,0
Iraq,0
Israel,0
Jordan,0
Kuwait,0
Lebanon,108
Saudi Arabia,0
Syria,0
Turkey,0
United Arab Emirates,0
Yemen,0
Other Western Asia,0
"Asia, n.o.c.",0
Eritrea,0
Ethiopia,18
Kenya,0
Somalia,0
Tanzania,0
Uganda,0
Zimbabwe,3
Other Eastern Africa,0
Cameroon,0
Congo,0
Democratic Republic of Congo (Zaire),0
Other Middle Africa,0
Algeria,0
Egypt,22
Morocco,0
Sudan,0
Other Northern Africa,0
South Africa,0
Other Southern Africa,0
Cabo Verde,0
Ghana,0
Ivory Coast,0
Liberia,0
Nigeria,0
Senegal,0
Sierra Leone,0
Togo,0
Other Western Africa,0
"Africa, n.o.c.",0
Australia,27
Other Australian and New Zealand Subregion,0
Fiji,9
Marshall Islands,0
Micronesia,0
"Oceania, n.o.c.",0
Bahamas,0
Barbados,3
Cuba,19
Dominica,0
Dominican Republic,0
Grenada,0
Haiti,0
Jamaica,0
St. Lucia,0
St. Vincent and the Grenadines,0
Trinidad and Tobago,0
West Indies,0
Other Caribbean,0
Belize,0
Costa Rica,0
El Salvador,22
Guatemala,34
Honduras,28
Mexico,793
Nicaragua,0
Panama,0
Other Central America,0
Argentina,0
Bolivia,0
Brazil,6
Chile,0
Colombia,18
Ecuador,2
Guyana,0
Peru,129
Uruguay,0
Venezuela,75
Other South America,0
Canada,140
Other Northern America,0
