origin,population
Total:,"43,311"
Europe:,"5,305"
Denmark,6
Ireland,144
Norway,0
Sweden,41
"United Kingdom, excluding England and Scotland",270
England,308
Scotland,50
Other Northern Europe,0
Austria,11
Belgium,6
France,25
Germany,730
Netherlands,39
Switzerland,46
Other Western Europe,0
Greece,159
Italy,720
Portugal,135
Azores Islands,0
Spain,20
Other Southern Europe,10
Albania,272
Belarus,22
Bosnia and Herzegovina,0
Bulgaria,453
Croatia,12
Czechoslovakia (includes Czech Republic and Slovakia),9
Hungary,64
Latvia,16
Lithuania,0
Moldova,51
North Macedonia (Macedonia),22
Poland,769
Romania,258
Russia,268
Serbia,20
Ukraine,302
Other Eastern Europe,19
"Europe, n.o.c.",28
"China, excluding Hong Kong and Taiwan","1,811"
Hong Kong,211
Taiwan,225
Japan,140
Korea,967
Other Eastern Asia,0
Afghanistan,98
Bangladesh,"1,943"
Bhutan,0
India,"3,834"
Iran,130
Kazakhstan,0
Nepal,9
Pakistan,773
Sri Lanka,77
Uzbekistan,23
Other South Central Asia,148
Burma (Myanmar),47
Cambodia,8
Indonesia,30
Laos,19
Malaysia,138
Philippines,"2,653"
Singapore,0
Thailand,83
Vietnam,"1,620"
Other South Eastern Asia,0
Armenia,0
Azerbaijan,0
Georgia,0
Iraq,0
Israel,49
Jordan,8
Kuwait,6
Lebanon,39
Saudi Arabia,69
Syria,27
Turkey,90
United Arab Emirates,0
Yemen,0
Other Western Asia,0
"Asia, n.o.c.",0
Eritrea,0
Ethiopia,0
Kenya,37
Somalia,0
Tanzania,0
Uganda,73
Zimbabwe,0
Other Eastern Africa,8
Cameroon,0
Congo,14
Democratic Republic of Congo (Zaire),0
Other Middle Africa,0
Algeria,0
Egypt,344
Morocco,68
Sudan,0
Other Northern Africa,0
South Africa,0
Other Southern Africa,0
Cabo Verde,0
Ghana,478
Ivory Coast,0
Liberia,285
Nigeria,150
Senegal,0
Sierra Leone,0
Togo,0
Other Western Africa,0
"Africa, n.o.c.",223
Australia,10
Other Australian and New Zealand Subregion,0
Fiji,0
Marshall Islands,0
Micronesia,0
"Oceania, n.o.c.",20
Bahamas,23
Barbados,185
Cuba,400
Dominica,41
Dominican Republic,"5,098"
Grenada,10
Haiti,"1,381"
Jamaica,289
St. Lucia,0
St. Vincent and the Grenadines,0
Trinidad and Tobago,214
West Indies,0
Other Caribbean,240
Belize,5
Costa Rica,116
El Salvador,927
Guatemala,245
Honduras,"2,306"
Mexico,"5,991"
Nicaragua,190
Panama,97
Other Central America,0
Argentina,107
Bolivia,25
Brazil,296
Chile,38
Colombia,"1,238"
Ecuador,222
Guyana,96
Peru,820
Uruguay,0
Venezuela,159
Other South America,87
Canada,175
Other Northern America,0
