origin,population
Total:,"9,065"
Europe:,"1,018"
Denmark,0
Ireland,12
Norway,0
Sweden,0
"United Kingdom, excluding England and Scotland",209
England,102
Scotland,16
Other Northern Europe,0
Austria,15
Belgium,24
France,118
Germany,74
Netherlands,0
Switzerland,39
Other Western Europe,0
Greece,27
Italy,0
Portugal,0
Azores Islands,0
Spain,336
Other Southern Europe,0
Albania,0
Belarus,0
Bosnia and Herzegovina,0
Bulgaria,0
Croatia,0
Czechoslovakia (includes Czech Republic and Slovakia),0
Hungary,0
Latvia,0
Lithuania,0
Moldova,0
North Macedonia (Macedonia),0
Poland,0
Romania,0
Russia,26
Serbia,0
Ukraine,9
Other Eastern Europe,11
"Europe, n.o.c.",0
"China, excluding Hong Kong and Taiwan",594
Hong Kong,0
Taiwan,95
Japan,381
Korea,206
Other Eastern Asia,0
Afghanistan,0
Bangladesh,55
Bhutan,0
India,"3,232"
Iran,0
Kazakhstan,0
Nepal,59
Pakistan,27
Sri Lanka,0
Uzbekistan,0
Other South Central Asia,0
Burma (Myanmar),43
Cambodia,0
Indonesia,13
Laos,0
Malaysia,0
Philippines,160
Singapore,0
Thailand,0
Vietnam,223
Other South Eastern Asia,0
Armenia,0
Azerbaijan,0
Georgia,0
Iraq,0
Israel,0
Jordan,0
Kuwait,0
Lebanon,0
Saudi Arabia,35
Syria,0
Turkey,111
United Arab Emirates,61
Yemen,0
Other Western Asia,0
"Asia, n.o.c.",0
Eritrea,0
Ethiopia,42
Kenya,0
Somalia,0
Tanzania,0
Uganda,0
Zimbabwe,54
Other Eastern Africa,56
Cameroon,0
Congo,0
Democratic Republic of Congo (Zaire),0
Other Middle Africa,0
Algeria,0
Egypt,67
Morocco,0
Sudan,0
Other Northern Africa,0
South Africa,175
Other Southern Africa,0
Cabo Verde,0
Ghana,47
Ivory Coast,0
Liberia,0
Nigeria,133
Senegal,0
Sierra Leone,0
Togo,0
Other Western Africa,35
"Africa, n.o.c.",0
Australia,0
Other Australian and New Zealand Subregion,0
Fiji,0
Marshall Islands,0
Micronesia,0
"Oceania, n.o.c.",0
Bahamas,0
Barbados,0
Cuba,8
Dominica,0
Dominican Republic,0
Grenada,33
Haiti,0
Jamaica,19
St. Lucia,0
St. Vincent and the Grenadines,0
Trinidad and Tobago,0
West Indies,0
Other Caribbean,20
Belize,0
Costa Rica,7
El Salvador,44
Guatemala,204
Honduras,26
Mexico,"1,480"
Nicaragua,48
Panama,0
Other Central America,0
Argentina,19
Bolivia,0
Brazil,105
Chile,0
Colombia,0
Ecuador,9
Guyana,0
Peru,0
Uruguay,0
Venezuela,35
Other South America,0
Canada,86
Other Northern America,0
