origin,population
Total:,"30,547"
Europe:,"3,715"
Denmark,27
Ireland,13
Norway,0
Sweden,0
"United Kingdom, excluding England and Scotland",110
England,182
Scotland,39
Other Northern Europe,0
Austria,3
Belgium,18
France,141
Germany,"2,143"
Netherlands,314
Switzerland,0
Other Western Europe,0
Greece,8
Italy,19
Portugal,0
Azores Islands,0
Spain,91
Other Southern Europe,0
Albania,34
Belarus,11
Bosnia and Herzegovina,30
Bulgaria,0
Croatia,0
Czechoslovakia (includes Czech Republic and Slovakia),76
Hungary,49
Latvia,13
Lithuania,0
Moldova,0
North Macedonia (Macedonia),0
Poland,144
Romania,52
Russia,95
Serbia,0
Ukraine,40
Other Eastern Europe,18
"Europe, n.o.c.",45
"China, excluding Hong Kong and Taiwan",283
Hong Kong,45
Taiwan,248
Japan,209
Korea,"1,978"
Other Eastern Asia,0
Afghanistan,0
Bangladesh,3
Bhutan,0
India,925
Iran,36
Kazakhstan,0
Nepal,646
Pakistan,102
Sri Lanka,0
Uzbekistan,0
Other South Central Asia,0
Burma (Myanmar),26
Cambodia,161
Indonesia,11
Laos,61
Malaysia,0
Philippines,"1,502"
Singapore,0
Thailand,359
Vietnam,"1,102"
Other South Eastern Asia,0
Armenia,5
Azerbaijan,0
Georgia,0
Iraq,177
Israel,0
Jordan,230
Kuwait,22
Lebanon,4
Saudi Arabia,211
Syria,118
Turkey,24
United Arab Emirates,0
Yemen,0
Other Western Asia,7
"Asia, n.o.c.",18
Eritrea,98
Ethiopia,54
Kenya,177
Somalia,0
Tanzania,0
Uganda,0
Zimbabwe,34
Other Eastern Africa,49
Cameroon,6
Congo,97
Democratic Republic of Congo (Zaire),0
Other Middle Africa,0
Algeria,0
Egypt,49
Morocco,0
Sudan,0
Other Northern Africa,93
South Africa,51
Other Southern Africa,0
Cabo Verde,0
Ghana,246
Ivory Coast,41
Liberia,109
Nigeria,400
Senegal,0
Sierra Leone,186
Togo,32
Other Western Africa,72
"Africa, n.o.c.",29
Australia,22
Other Australian and New Zealand Subregion,0
Fiji,0
Marshall Islands,0
Micronesia,311
"Oceania, n.o.c.",158
Bahamas,74
Barbados,10
Cuba,163
Dominica,1
Dominican Republic,534
Grenada,0
Haiti,133
Jamaica,841
St. Lucia,6
St. Vincent and the Grenadines,0
Trinidad and Tobago,260
West Indies,0
Other Caribbean,122
Belize,67
Costa Rica,19
El Salvador,495
Guatemala,962
Honduras,169
Mexico,"9,988"
Nicaragua,42
Panama,895
Other Central America,0
Argentina,22
Bolivia,31
Brazil,266
Chile,0
Colombia,307
Ecuador,103
Guyana,25
Peru,186
Uruguay,0
Venezuela,84
Other South America,0
Canada,200
Other Northern America,0
