origin,population
Total:,"34,287"
Europe:,"1,382"
Denmark,0
Ireland,11
Norway,0
Sweden,0
"United Kingdom, excluding England and Scotland",430
England,211
Scotland,68
Other Northern Europe,0
Austria,45
Belgium,0
France,49
Germany,259
Netherlands,58
Switzerland,0
Other Western Europe,0
Greece,44
Italy,18
Portugal,21
Azores Islands,0
Spain,5
Other Southern Europe,0
Albania,0
Belarus,0
Bosnia and Herzegovina,7
Bulgaria,0
Croatia,0
Czechoslovakia (includes Czech Republic and Slovakia),14
Hungary,13
Latvia,0
Lithuania,0
Moldova,0
North Macedonia (Macedonia),0
Poland,54
Romania,0
Russia,15
Serbia,0
Ukraine,12
Other Eastern Europe,41
"Europe, n.o.c.",7
"China, excluding Hong Kong and Taiwan",322
Hong Kong,0
Taiwan,128
Japan,82
Korea,308
Other Eastern Asia,0
Afghanistan,0
Bangladesh,0
Bhutan,0
India,"5,600"
Iran,18
Kazakhstan,0
Nepal,108
Pakistan,134
Sri Lanka,10
Uzbekistan,10
Other South Central Asia,0
Burma (Myanmar),6
Cambodia,93
Indonesia,43
Laos,338
Malaysia,23
Philippines,367
Singapore,0
Thailand,42
Vietnam,700
Other South Eastern Asia,0
Armenia,0
Azerbaijan,0
Georgia,0
Iraq,0
Israel,48
Jordan,0
Kuwait,9
Lebanon,0
Saudi Arabia,0
Syria,0
Turkey,48
United Arab Emirates,0
Yemen,0
Other Western Asia,0
"Asia, n.o.c.",0
Eritrea,0
Ethiopia,24
Kenya,66
Somalia,0
Tanzania,0
Uganda,0
Zimbabwe,33
Other Eastern Africa,8
Cameroon,0
Congo,29
Democratic Republic of Congo (Zaire),0
Other Middle Africa,0
Algeria,0
Egypt,104
Morocco,7
Sudan,0
Other Northern Africa,0
South Africa,105
Other Southern Africa,0
Cabo Verde,0
Ghana,62
Ivory Coast,0
Liberia,0
Nigeria,137
Senegal,0
Sierra Leone,53
Togo,0
Other Western Africa,53
"Africa, n.o.c.",101
Australia,213
Other Australian and New Zealand Subregion,92
Fiji,0
Marshall Islands,"1,091"
Micronesia,54
"Oceania, n.o.c.",34
Bahamas,8
Barbados,0
Cuba,190
Dominica,0
Dominican Republic,298
Grenada,0
Haiti,10
Jamaica,58
St. Lucia,0
St. Vincent and the Grenadines,0
Trinidad and Tobago,288
West Indies,0
Other Caribbean,0
Belize,0
Costa Rica,309
El Salvador,"5,367"
Guatemala,703
Honduras,136
Mexico,"12,954"
Nicaragua,143
Panama,60
Other Central America,0
Argentina,61
Bolivia,13
Brazil,653
Chile,32
Colombia,261
Ecuador,154
Guyana,0
Peru,63
Uruguay,0
Venezuela,206
Other South America,0
Canada,225
Other Northern America,10
