origin,population
Total:,"12,066"
Europe:,"1,406"
Denmark,0
Ireland,26
Norway,0
Sweden,0
"United Kingdom, excluding England and Scotland",144
England,31
Scotland,113
Other Northern Europe,0
Austria,0
Belgium,15
France,26
Germany,187
Netherlands,0
Switzerland,11
Other Western Europe,0
Greece,8
Italy,97
Portugal,0
Azores Islands,0
Spain,45
Other Southern Europe,0
Albania,0
Belarus,0
Bosnia and Herzegovina,38
Bulgaria,378
Croatia,16
Czechoslovakia (includes Czech Republic and Slovakia),38
Hungary,0
Latvia,0
Lithuania,0
Moldova,0
North Macedonia (Macedonia),0
Poland,18
Romania,43
Russia,85
Serbia,0
Ukraine,50
Other Eastern Europe,37
"Europe, n.o.c.",0
"China, excluding Hong Kong and Taiwan","2,443"
Hong Kong,53
Taiwan,90
Japan,98
Korea,991
Other Eastern Asia,19
Afghanistan,0
Bangladesh,20
Bhutan,0
India,842
Iran,100
Kazakhstan,2
Nepal,210
Pakistan,82
Sri Lanka,70
Uzbekistan,0
Other South Central Asia,0
Burma (Myanmar),110
Cambodia,282
Indonesia,0
Laos,10
Malaysia,0
Philippines,243
Singapore,1
Thailand,120
Vietnam,590
Other South Eastern Asia,0
Armenia,0
Azerbaijan,0
Georgia,53
Iraq,436
Israel,0
Jordan,8
Kuwait,0
Lebanon,51
Saudi Arabia,23
Syria,47
Turkey,105
United Arab Emirates,0
Yemen,0
Other Western Asia,0
"Asia, n.o.c.",0
Eritrea,205
Ethiopia,43
Kenya,171
Somalia,0
Tanzania,26
Uganda,12
Zimbabwe,23
Other Eastern Africa,0
Cameroon,16
Congo,11
Democratic Republic of Congo (Zaire),52
Other Middle Africa,0
Algeria,7
Egypt,140
Morocco,22
Sudan,73
Other Northern Africa,0
South Africa,69
Other Southern Africa,0
Cabo Verde,0
Ghana,136
Ivory Coast,0
Liberia,0
Nigeria,113
Senegal,0
Sierra Leone,42
Togo,0
Other Western Africa,59
"Africa, n.o.c.",181
Australia,9
Other Australian and New Zealand Subregion,49
Fiji,0
Marshall Islands,0
Micronesia,53
"Oceania, n.o.c.",0
Bahamas,55
Barbados,0
Cuba,20
Dominica,0
Dominican Republic,0
Grenada,0
Haiti,23
Jamaica,0
St. Lucia,0
St. Vincent and the Grenadines,0
Trinidad and Tobago,26
West Indies,0
Other Caribbean,0
Belize,0
Costa Rica,10
El Salvador,35
Guatemala,49
Honduras,172
Mexico,"1,062"
Nicaragua,7
Panama,0
Other Central America,0
Argentina,67
Bolivia,66
Brazil,28
Chile,27
Colombia,104
Ecuador,24
Guyana,0
Peru,155
Uruguay,0
Venezuela,8
Other South America,13
Canada,70
Other Northern America,28
