origin,population
Total:,"5,760"
Europe:,"1,232"
Denmark,0
Ireland,14
Norway,0
Sweden,14
"United Kingdom, excluding England and Scotland",20
England,38
Scotland,45
Other Northern Europe,0
Austria,34
Belgium,0
France,16
Germany,38
Netherlands,24
Switzerland,0
Other Western Europe,0
Greece,0
Italy,0
Portugal,0
Azores Islands,0
Spain,9
Other Southern Europe,0
Albania,0
Belarus,0
Bosnia and Herzegovina,0
Bulgaria,47
Croatia,0
Czechoslovakia (includes Czech Republic and Slovakia),0
Hungary,0
Latvia,0
Lithuania,0
Moldova,134
North Macedonia (Macedonia),0
Poland,0
Romania,49
Russia,152
Serbia,0
Ukraine,598
Other Eastern Europe,0
"Europe, n.o.c.",0
"China, excluding Hong Kong and Taiwan",101
Hong Kong,0
Taiwan,0
Japan,0
Korea,162
Other Eastern Asia,0
Afghanistan,0
Bangladesh,14
Bhutan,0
India,588
Iran,0
Kazakhstan,0
Nepal,4
Pakistan,48
Sri Lanka,0
Uzbekistan,0
Other South Central Asia,0
Burma (Myanmar),0
Cambodia,0
Indonesia,0
Laos,40
Malaysia,0
Philippines,236
Singapore,0
Thailand,11
Vietnam,98
Other South Eastern Asia,0
Armenia,0
Azerbaijan,0
Georgia,0
Iraq,0
Israel,0
Jordan,0
Kuwait,0
Lebanon,0
Saudi Arabia,0
Syria,0
Turkey,1
United Arab Emirates,0
Yemen,0
Other Western Asia,0
"Asia, n.o.c.",0
Eritrea,0
Ethiopia,0
Kenya,24
Somalia,0
Tanzania,0
Uganda,0
Zimbabwe,74
Other Eastern Africa,0
Cameroon,0
Congo,0
Democratic Republic of Congo (Zaire),0
Other Middle Africa,0
Algeria,0
Egypt,28
Morocco,0
Sudan,13
Other Northern Africa,0
South Africa,0
Other Southern Africa,0
Cabo Verde,0
Ghana,0
Ivory Coast,0
Liberia,72
Nigeria,363
Senegal,0
Sierra Leone,0
Togo,29
Other Western Africa,22
"Africa, n.o.c.",0
Australia,0
Other Australian and New Zealand Subregion,0
Fiji,0
Marshall Islands,0
Micronesia,0
"Oceania, n.o.c.",0
Bahamas,100
Barbados,0
Cuba,29
Dominica,0
Dominican Republic,166
Grenada,0
Haiti,3
Jamaica,50
St. Lucia,0
St. Vincent and the Grenadines,0
Trinidad and Tobago,69
West Indies,0
Other Caribbean,40
Belize,0
Costa Rica,20
El Salvador,13
Guatemala,156
Honduras,98
Mexico,"1,213"
Nicaragua,0
Panama,0
Other Central America,0
Argentina,0
Bolivia,0
Brazil,159
Chile,24
Colombia,17
Ecuador,10
Guyana,0
Peru,18
Uruguay,0
Venezuela,160
Other South America,0
Canada,255
Other Northern America,0
