origin,population
Total:,"49,384"
Europe:,"7,458"
Denmark,8
Ireland,158
Norway,28
Sweden,0
"United Kingdom, excluding England and Scotland",636
England,590
Scotland,156
Other Northern Europe,0
Austria,102
Belgium,20
France,249
Germany,"1,045"
Netherlands,80
Switzerland,29
Other Western Europe,0
Greece,165
Italy,"1,160"
Portugal,350
Azores Islands,0
Spain,33
Other Southern Europe,12
Albania,83
Belarus,96
Bosnia and Herzegovina,30
Bulgaria,24
Croatia,107
Czechoslovakia (includes Czech Republic and Slovakia),57
Hungary,131
Latvia,4
Lithuania,8
Moldova,0
North Macedonia (Macedonia),23
Poland,969
Romania,248
Russia,307
Serbia,106
Ukraine,319
Other Eastern Europe,109
"Europe, n.o.c.",16
"China, excluding Hong Kong and Taiwan","1,419"
Hong Kong,211
Taiwan,366
Japan,394
Korea,"1,470"
Other Eastern Asia,0
Afghanistan,58
Bangladesh,470
Bhutan,0
India,"7,611"
Iran,97
Kazakhstan,49
Nepal,0
Pakistan,830
Sri Lanka,109
Uzbekistan,115
Other South Central Asia,36
Burma (Myanmar),189
Cambodia,97
Indonesia,68
Laos,35
Malaysia,73
Philippines,"1,866"
Singapore,27
Thailand,121
Vietnam,680
Other South Eastern Asia,10
Armenia,21
Azerbaijan,0
Georgia,31
Iraq,48
Israel,45
Jordan,27
Kuwait,0
Lebanon,66
Saudi Arabia,35
Syria,46
Turkey,"2,050"
United Arab Emirates,0
Yemen,133
Other Western Asia,19
"Asia, n.o.c.",125
Eritrea,0
Ethiopia,68
Kenya,455
Somalia,0
Tanzania,0
Uganda,8
Zimbabwe,66
Other Eastern Africa,47
Cameroon,0
Congo,3
Democratic Republic of Congo (Zaire),0
Other Middle Africa,0
Algeria,7
Egypt,746
Morocco,71
Sudan,43
Other Northern Africa,6
South Africa,66
Other Southern Africa,0
Cabo Verde,0
Ghana,643
Ivory Coast,244
Liberia,"2,061"
Nigeria,"1,465"
Senegal,69
Sierra Leone,199
Togo,0
Other Western Africa,101
"Africa, n.o.c.",397
Australia,44
Other Australian and New Zealand Subregion,18
Fiji,0
Marshall Islands,0
Micronesia,0
"Oceania, n.o.c.",0
Bahamas,0
Barbados,242
Cuba,489
Dominica,100
Dominican Republic,"1,151"
Grenada,68
Haiti,"1,152"
Jamaica,"1,691"
St. Lucia,23
St. Vincent and the Grenadines,0
Trinidad and Tobago,651
West Indies,3
Other Caribbean,174
Belize,32
Costa Rica,387
El Salvador,290
Guatemala,621
Honduras,651
Mexico,"1,278"
Nicaragua,141
Panama,404
Other Central America,0
Argentina,170
Bolivia,108
Brazil,"2,556"
Chile,123
Colombia,721
Ecuador,"1,077"
Guyana,522
Peru,570
Uruguay,0
Venezuela,67
Other South America,1
Canada,557
Other Northern America,32
