origin,population
Total:,"19,873"
Europe:,"1,682"
Denmark,1
Ireland,23
Norway,12
Sweden,28
"United Kingdom, excluding England and Scotland",196
England,120
Scotland,68
Other Northern Europe,36
Austria,0
Belgium,14
France,54
Germany,230
Netherlands,0
Switzerland,9
Other Western Europe,0
Greece,0
Italy,81
Portugal,0
Azores Islands,0
Spain,49
Other Southern Europe,0
Albania,0
Belarus,0
Bosnia and Herzegovina,0
Bulgaria,28
Croatia,0
Czechoslovakia (includes Czech Republic and Slovakia),36
Hungary,20
Latvia,0
Lithuania,0
Moldova,0
North Macedonia (Macedonia),0
Poland,41
Romania,142
Russia,104
Serbia,20
Ukraine,336
Other Eastern Europe,34
"Europe, n.o.c.",0
"China, excluding Hong Kong and Taiwan",709
Hong Kong,77
Taiwan,19
Japan,12
Korea,347
Other Eastern Asia,0
Afghanistan,0
Bangladesh,0
Bhutan,50
India,"4,534"
Iran,34
Kazakhstan,0
Nepal,299
Pakistan,76
Sri Lanka,0
Uzbekistan,0
Other South Central Asia,0
Burma (Myanmar),0
Cambodia,85
Indonesia,158
Laos,82
Malaysia,12
Philippines,691
Singapore,0
Thailand,51
Vietnam,370
Other South Eastern Asia,0
Armenia,0
Azerbaijan,0
Georgia,0
Iraq,0
Israel,0
Jordan,8
Kuwait,29
Lebanon,119
Saudi Arabia,0
Syria,57
Turkey,0
United Arab Emirates,0
Yemen,0
Other Western Asia,27
"Asia, n.o.c.",62
Eritrea,0
Ethiopia,103
Kenya,62
Somalia,0
Tanzania,0
Uganda,100
Zimbabwe,0
Other Eastern Africa,13
Cameroon,79
Congo,0
Democratic Republic of Congo (Zaire),0
Other Middle Africa,0
Algeria,0
Egypt,56
Morocco,0
Sudan,0
Other Northern Africa,0
South Africa,180
Other Southern Africa,0
Cabo Verde,0
Ghana,72
Ivory Coast,0
Liberia,195
Nigeria,98
Senegal,0
Sierra Leone,0
Togo,0
Other Western Africa,0
"Africa, n.o.c.",27
Australia,60
Other Australian and New Zealand Subregion,47
Fiji,0
Marshall Islands,0
Micronesia,26
"Oceania, n.o.c.",0
Bahamas,18
Barbados,16
Cuba,373
Dominica,0
Dominican Republic,334
Grenada,0
Haiti,245
Jamaica,389
St. Lucia,0
St. Vincent and the Grenadines,0
Trinidad and Tobago,77
West Indies,0
Other Caribbean,38
Belize,0
Costa Rica,60
El Salvador,271
Guatemala,596
Honduras,209
Mexico,"4,623"
Nicaragua,150
Panama,45
Other Central America,0
Argentina,107
Bolivia,142
Brazil,92
Chile,19
Colombia,437
Ecuador,307
Guyana,0
Peru,185
Uruguay,0
Venezuela,181
Other South America,22
Canada,229
Other Northern America,0
