origin,population
Total:,"8,057"
Europe:,"1,863"
Denmark,0
Ireland,65
Norway,9
Sweden,7
"United Kingdom, excluding England and Scotland",80
England,226
Scotland,46
Other Northern Europe,0
Austria,10
Belgium,12
France,0
Germany,227
Netherlands,0
Switzerland,30
Other Western Europe,0
Greece,98
Italy,67
Portugal,0
Azores Islands,0
Spain,19
Other Southern Europe,0
Albania,0
Belarus,43
Bosnia and Herzegovina,0
Bulgaria,68
Croatia,32
Czechoslovakia (includes Czech Republic and Slovakia),135
Hungary,3
Latvia,14
Lithuania,9
Moldova,8
North Macedonia (Macedonia),0
Poland,55
Romania,76
Russia,194
Serbia,0
Ukraine,286
Other Eastern Europe,44
"Europe, n.o.c.",0
"China, excluding Hong Kong and Taiwan",378
Hong Kong,25
Taiwan,42
Japan,41
Korea,465
Other Eastern Asia,0
Afghanistan,11
Bangladesh,0
Bhutan,0
India,545
Iran,44
Kazakhstan,10
Nepal,0
Pakistan,341
Sri Lanka,0
Uzbekistan,17
Other South Central Asia,0
Burma (Myanmar),54
Cambodia,13
Indonesia,33
Laos,0
Malaysia,30
Philippines,440
Singapore,0
Thailand,61
Vietnam,166
Other South Eastern Asia,0
Armenia,26
Azerbaijan,16
Georgia,0
Iraq,0
Israel,72
Jordan,0
Kuwait,0
Lebanon,37
Saudi Arabia,0
Syria,0
Turkey,61
United Arab Emirates,7
Yemen,0
Other Western Asia,0
"Asia, n.o.c.",0
Eritrea,0
Ethiopia,0
Kenya,87
Somalia,0
Tanzania,0
Uganda,0
Zimbabwe,29
Other Eastern Africa,0
Cameroon,162
Congo,0
Democratic Republic of Congo (Zaire),9
Other Middle Africa,0
Algeria,7
Egypt,98
Morocco,29
Sudan,20
Other Northern Africa,0
South Africa,64
Other Southern Africa,0
Cabo Verde,0
Ghana,0
Ivory Coast,0
Liberia,24
Nigeria,94
Senegal,0
Sierra Leone,52
Togo,0
Other Western Africa,0
"Africa, n.o.c.",0
Australia,0
Other Australian and New Zealand Subregion,34
Fiji,0
Marshall Islands,0
Micronesia,0
"Oceania, n.o.c.",0
Bahamas,4
Barbados,0
Cuba,110
Dominica,0
Dominican Republic,76
Grenada,0
Haiti,29
Jamaica,93
St. Lucia,0
St. Vincent and the Grenadines,0
Trinidad and Tobago,7
West Indies,0
Other Caribbean,0
Belize,0
Costa Rica,19
El Salvador,723
Guatemala,116
Honduras,119
Mexico,425
Nicaragua,73
Panama,33
Other Central America,0
Argentina,199
Bolivia,26
Brazil,51
Chile,5
Colombia,155
Ecuador,11
Guyana,24
Peru,39
Uruguay,0
Venezuela,25
Other South America,0
Canada,188
Other Northern America,0
