origin,population
Total:,"5,775"
Europe:,"1,207"
Denmark,6
Ireland,20
Norway,6
Sweden,0
"United Kingdom, excluding England and Scotland",225
England,114
Scotland,0
Other Northern Europe,3
Austria,20
Belgium,0
France,14
Germany,53
Netherlands,4
Switzerland,13
Other Western Europe,0
Greece,2
Italy,0
Portugal,0
Azores Islands,0
Spain,22
Other Southern Europe,0
Albania,0
Belarus,109
Bosnia and Herzegovina,39
Bulgaria,41
Croatia,22
Czechoslovakia (includes Czech Republic and Slovakia),18
Hungary,0
Latvia,4
Lithuania,5
Moldova,0
North Macedonia (Macedonia),0
Poland,164
Romania,50
Russia,112
Serbia,0
Ukraine,139
Other Eastern Europe,2
"Europe, n.o.c.",0
"China, excluding Hong Kong and Taiwan",164
Hong Kong,10
Taiwan,0
Japan,0
Korea,194
Other Eastern Asia,0
Afghanistan,0
Bangladesh,0
Bhutan,0
India,976
Iran,17
Kazakhstan,25
Nepal,0
Pakistan,27
Sri Lanka,0
Uzbekistan,0
Other South Central Asia,0
Burma (Myanmar),0
Cambodia,288
Indonesia,5
Laos,78
Malaysia,5
Philippines,187
Singapore,10
Thailand,97
Vietnam,354
Other South Eastern Asia,0
Armenia,0
Azerbaijan,47
Georgia,0
Iraq,8
Israel,0
Jordan,0
Kuwait,0
Lebanon,11
Saudi Arabia,0
Syria,0
Turkey,0
United Arab Emirates,0
Yemen,0
Other Western Asia,0
"Asia, n.o.c.",0
Eritrea,9
Ethiopia,73
Kenya,53
Somalia,0
Tanzania,7
Uganda,2
Zimbabwe,0
Other Eastern Africa,5
Cameroon,0
Congo,5
Democratic Republic of Congo (Zaire),0
Other Middle Africa,0
Algeria,12
Egypt,0
Morocco,0
Sudan,0
Other Northern Africa,0
South Africa,55
Other Southern Africa,0
Cabo Verde,0
Ghana,62
Ivory Coast,0
Liberia,6
Nigeria,133
Senegal,0
Sierra Leone,0
Togo,0
Other Western Africa,0
"Africa, n.o.c.",0
Australia,53
Other Australian and New Zealand Subregion,14
Fiji,0
Marshall Islands,0
Micronesia,0
"Oceania, n.o.c.",0
Bahamas,0
Barbados,18
Cuba,0
Dominica,0
Dominican Republic,21
Grenada,0
Haiti,0
Jamaica,21
St. Lucia,5
St. Vincent and the Grenadines,3
Trinidad and Tobago,0
West Indies,0
Other Caribbean,0
Belize,0
Costa Rica,0
El Salvador,77
Guatemala,70
Honduras,138
Mexico,709
Nicaragua,0
Panama,0
Other Central America,0
Argentina,0
Bolivia,7
Brazil,139
Chile,0
Colombia,54
Ecuador,7
Guyana,5
Peru,49
Uruguay,10
Venezuela,24
Other South America,39
Canada,180
Other Northern America,0
