origin,population
Total:,"26,965"
Europe:,"2,568"
Denmark,0
Ireland,11
Norway,71
Sweden,8
"United Kingdom, excluding England and Scotland",329
England,128
Scotland,13
Other Northern Europe,0
Austria,62
Belgium,10
France,54
Germany,240
Netherlands,36
Switzerland,0
Other Western Europe,0
Greece,97
Italy,144
Portugal,34
Azores Islands,0
Spain,92
Other Southern Europe,0
Albania,8
Belarus,0
Bosnia and Herzegovina,0
Bulgaria,20
Croatia,0
Czechoslovakia (includes Czech Republic and Slovakia),150
Hungary,17
Latvia,0
Lithuania,60
Moldova,0
North Macedonia (Macedonia),25
Poland,334
Romania,33
Russia,395
Serbia,23
Ukraine,145
Other Eastern Europe,29
"Europe, n.o.c.",0
"China, excluding Hong Kong and Taiwan","6,505"
Hong Kong,136
Taiwan,341
Japan,384
Korea,"1,653"
Other Eastern Asia,100
Afghanistan,3
Bangladesh,262
Bhutan,0
India,"3,331"
Iran,592
Kazakhstan,117
Nepal,114
Pakistan,235
Sri Lanka,39
Uzbekistan,3
Other South Central Asia,0
Burma (Myanmar),2
Cambodia,0
Indonesia,77
Laos,327
Malaysia,11
Philippines,768
Singapore,72
Thailand,96
Vietnam,603
Other South Eastern Asia,0
Armenia,0
Azerbaijan,44
Georgia,0
Iraq,66
Israel,152
Jordan,125
Kuwait,2
Lebanon,35
Saudi Arabia,170
Syria,23
Turkey,135
United Arab Emirates,17
Yemen,0
Other Western Asia,15
"Asia, n.o.c.",20
Eritrea,0
Ethiopia,179
Kenya,53
Somalia,0
Tanzania,0
Uganda,13
Zimbabwe,7
Other Eastern Africa,85
Cameroon,181
Congo,161
Democratic Republic of Congo (Zaire),"1,123"
Other Middle Africa,0
Algeria,282
Egypt,244
Morocco,80
Sudan,0
Other Northern Africa,0
South Africa,55
Other Southern Africa,0
Cabo Verde,0
Ghana,52
Ivory Coast,0
Liberia,14
Nigeria,392
Senegal,0
Sierra Leone,0
Togo,8
Other Western Africa,0
"Africa, n.o.c.",480
Australia,5
Other Australian and New Zealand Subregion,23
Fiji,0
Marshall Islands,0
Micronesia,63
"Oceania, n.o.c.",0
Bahamas,0
Barbados,0
Cuba,34
Dominica,0
Dominican Republic,108
Grenada,0
Haiti,2
Jamaica,62
St. Lucia,0
St. Vincent and the Grenadines,2
Trinidad and Tobago,47
West Indies,0
Other Caribbean,0
Belize,35
Costa Rica,86
El Salvador,149
Guatemala,314
Honduras,6
Mexico,"1,644"
Nicaragua,0
Panama,67
Other Central America,0
Argentina,141
Bolivia,0
Brazil,460
Chile,81
Colombia,371
Ecuador,59
Guyana,66
Peru,116
Uruguay,0
Venezuela,63
Other South America,0
Canada,409
Other Northern America,0
