origin,population
Total:,"51,838"
Europe:,"8,435"
Denmark,13
Ireland,246
Norway,26
Sweden,33
"United Kingdom, excluding England and Scotland",934
England,746
Scotland,199
Other Northern Europe,47
Austria,64
Belgium,25
France,280
Germany,"1,864"
Netherlands,222
Switzerland,86
Other Western Europe,0
Greece,64
Italy,616
Portugal,123
Azores Islands,41
Spain,155
Other Southern Europe,56
Albania,145
Belarus,94
Bosnia and Herzegovina,28
Bulgaria,116
Croatia,22
Czechoslovakia (includes Czech Republic and Slovakia),75
Hungary,50
Latvia,71
Lithuania,74
Moldova,20
North Macedonia (Macedonia),0
Poland,660
Romania,102
Russia,643
Serbia,15
Ukraine,395
Other Eastern Europe,126
"Europe, n.o.c.",0
"China, excluding Hong Kong and Taiwan","4,116"
Hong Kong,102
Taiwan,422
Japan,290
Korea,"1,182"
Other Eastern Asia,0
Afghanistan,99
Bangladesh,104
Bhutan,0
India,"14,139"
Iran,330
Kazakhstan,29
Nepal,88
Pakistan,358
Sri Lanka,117
Uzbekistan,0
Other South Central Asia,0
Burma (Myanmar),0
Cambodia,43
Indonesia,190
Laos,46
Malaysia,120
Philippines,760
Singapore,50
Thailand,130
Vietnam,906
Other South Eastern Asia,5
Armenia,11
Azerbaijan,0
Georgia,22
Iraq,207
Israel,57
Jordan,70
Kuwait,72
Lebanon,143
Saudi Arabia,0
Syria,26
Turkey,306
United Arab Emirates,41
Yemen,0
Other Western Asia,34
"Asia, n.o.c.",52
Eritrea,0
Ethiopia,197
Kenya,170
Somalia,13
Tanzania,16
Uganda,51
Zimbabwe,88
Other Eastern Africa,33
Cameroon,12
Congo,0
Democratic Republic of Congo (Zaire),52
Other Middle Africa,12
Algeria,32
Egypt,233
Morocco,187
Sudan,17
Other Northern Africa,27
South Africa,463
Other Southern Africa,0
Cabo Verde,21
Ghana,11
Ivory Coast,0
Liberia,190
Nigeria,452
Senegal,0
Sierra Leone,37
Togo,0
Other Western Africa,0
"Africa, n.o.c.",58
Australia,208
Other Australian and New Zealand Subregion,13
Fiji,0
Marshall Islands,0
Micronesia,0
"Oceania, n.o.c.",42
Bahamas,4
Barbados,11
Cuba,156
Dominica,36
Dominican Republic,356
Grenada,0
Haiti,129
Jamaica,624
St. Lucia,0
St. Vincent and the Grenadines,0
Trinidad and Tobago,115
West Indies,5
Other Caribbean,95
Belize,0
Costa Rica,58
El Salvador,229
Guatemala,526
Honduras,362
Mexico,"9,380"
Nicaragua,5
Panama,30
Other Central America,0
Argentina,297
Bolivia,21
Brazil,706
Chile,121
Colombia,263
Ecuador,519
Guyana,72
Peru,127
Uruguay,34
Venezuela,289
Other South America,0
Canada,"1,523"
Other Northern America,8
