origin,population
Total:,"13,458"
Europe:,"1,176"
Denmark,8
Ireland,18
Norway,0
Sweden,8
"United Kingdom, excluding England and Scotland",16
England,148
Scotland,21
Other Northern Europe,28
Austria,0
Belgium,0
France,15
Germany,155
Netherlands,0
Switzerland,0
Other Western Europe,0
Greece,84
Italy,197
Portugal,0
Azores Islands,0
Spain,38
Other Southern Europe,0
Albania,9
Belarus,0
Bosnia and Herzegovina,123
Bulgaria,82
Croatia,23
Czechoslovakia (includes Czech Republic and Slovakia),18
Hungary,0
Latvia,0
Lithuania,0
Moldova,0
North Macedonia (Macedonia),0
Poland,0
Romania,15
Russia,125
Serbia,0
Ukraine,18
Other Eastern Europe,27
"Europe, n.o.c.",0
"China, excluding Hong Kong and Taiwan",485
Hong Kong,5
Taiwan,31
Japan,41
Korea,55
Other Eastern Asia,30
Afghanistan,153
Bangladesh,67
Bhutan,0
India,453
Iran,21
Kazakhstan,18
Nepal,0
Pakistan,362
Sri Lanka,52
Uzbekistan,20
Other South Central Asia,18
Burma (Myanmar),29
Cambodia,169
Indonesia,11
Laos,75
Malaysia,22
Philippines,381
Singapore,0
Thailand,172
Vietnam,949
Other South Eastern Asia,0
Armenia,0
Azerbaijan,36
Georgia,0
Iraq,"1,190"
Israel,68
Jordan,354
Kuwait,8
Lebanon,0
Saudi Arabia,0
Syria,21
Turkey,162
United Arab Emirates,0
Yemen,0
Other Western Asia,0
"Asia, n.o.c.",7
Eritrea,29
Ethiopia,167
Kenya,22
Somalia,79
Tanzania,0
Uganda,8
Zimbabwe,0
Other Eastern Africa,250
Cameroon,50
Congo,0
Democratic Republic of Congo (Zaire),0
Other Middle Africa,0
Algeria,26
Egypt,127
Morocco,0
Sudan,303
Other Northern Africa,14
South Africa,90
Other Southern Africa,0
Cabo Verde,0
Ghana,75
Ivory Coast,0
Liberia,158
Nigeria,164
Senegal,0
Sierra Leone,17
Togo,0
Other Western Africa,0
"Africa, n.o.c.",250
Australia,10
Other Australian and New Zealand Subregion,13
Fiji,0
Marshall Islands,1
Micronesia,312
"Oceania, n.o.c.",36
Bahamas,12
Barbados,0
Cuba,501
Dominica,0
Dominican Republic,138
Grenada,0
Haiti,154
Jamaica,22
St. Lucia,0
St. Vincent and the Grenadines,0
Trinidad and Tobago,180
West Indies,0
Other Caribbean,0
Belize,14
Costa Rica,29
El Salvador,60
Guatemala,232
Honduras,253
Mexico,"2,273"
Nicaragua,48
Panama,5
Other Central America,0
Argentina,57
Bolivia,0
Brazil,32
Chile,27
Colombia,225
Ecuador,10
Guyana,0
Peru,101
Uruguay,0
Venezuela,39
Other South America,4
Canada,185
Other Northern America,15
