origin,population
Total:,"4,280"
Europe:,989
Denmark,0
Ireland,7
Norway,0
Sweden,0
"United Kingdom, excluding England and Scotland",169
England,93
Scotland,13
Other Northern Europe,0
Austria,0
Belgium,26
France,46
Germany,189
Netherlands,18
Switzerland,4
Other Western Europe,0
Greece,0
Italy,36
Portugal,0
Azores Islands,0
Spain,0
Other Southern Europe,0
Albania,0
Belarus,33
Bosnia and Herzegovina,0
Bulgaria,27
Croatia,0
Czechoslovakia (includes Czech Republic and Slovakia),0
Hungary,17
Latvia,10
Lithuania,9
Moldova,0
North Macedonia (Macedonia),0
Poland,79
Romania,20
Russia,108
Serbia,0
Ukraine,58
Other Eastern Europe,27
"Europe, n.o.c.",0
"China, excluding Hong Kong and Taiwan",234
Hong Kong,0
Taiwan,24
Japan,62
Korea,98
Other Eastern Asia,0
Afghanistan,0
Bangladesh,18
Bhutan,26
India,670
Iran,25
Kazakhstan,0
Nepal,22
Pakistan,85
Sri Lanka,0
Uzbekistan,94
Other South Central Asia,0
Burma (Myanmar),0
Cambodia,21
Indonesia,0
Laos,0
Malaysia,0
Philippines,83
Singapore,0
Thailand,49
Vietnam,89
Other South Eastern Asia,0
Armenia,0
Azerbaijan,0
Georgia,0
Iraq,0
Israel,12
Jordan,57
Kuwait,0
Lebanon,16
Saudi Arabia,0
Syria,0
Turkey,50
United Arab Emirates,0
Yemen,0
Other Western Asia,0
"Asia, n.o.c.",0
Eritrea,0
Ethiopia,0
Kenya,11
Somalia,0
Tanzania,0
Uganda,0
Zimbabwe,0
Other Eastern Africa,21
Cameroon,0
Congo,0
Democratic Republic of Congo (Zaire),0
Other Middle Africa,0
Algeria,0
Egypt,90
Morocco,14
Sudan,0
Other Northern Africa,0
South Africa,0
Other Southern Africa,0
Cabo Verde,0
Ghana,3
Ivory Coast,0
Liberia,0
Nigeria,34
Senegal,0
Sierra Leone,0
Togo,0
Other Western Africa,98
"Africa, n.o.c.",0
Australia,29
Other Australian and New Zealand Subregion,6
Fiji,0
Marshall Islands,0
Micronesia,0
"Oceania, n.o.c.",0
Bahamas,0
Barbados,19
Cuba,34
Dominica,0
Dominican Republic,60
Grenada,0
Haiti,0
Jamaica,0
St. Lucia,0
St. Vincent and the Grenadines,0
Trinidad and Tobago,26
West Indies,0
Other Caribbean,0
Belize,0
Costa Rica,0
El Salvador,9
Guatemala,127
Honduras,120
Mexico,423
Nicaragua,14
Panama,0
Other Central America,0
Argentina,44
Bolivia,0
Brazil,67
Chile,0
Colombia,5
Ecuador,0
Guyana,0
Peru,37
Uruguay,0
Venezuela,46
Other South America,0
Canada,219
Other Northern America,0
