origin,population
Total:,"237,675"
Europe:,"14,594"
Denmark,64
Ireland,118
Norway,12
Sweden,659
"United Kingdom, excluding England and Scotland","1,507"
England,"1,367"
Scotland,322
Other Northern Europe,228
Austria,95
Belgium,269
France,682
Germany,"1,450"
Netherlands,324
Switzerland,74
Other Western Europe,0
Greece,104
Italy,351
Portugal,87
Azores Islands,0
Spain,409
Other Southern Europe,0
Albania,148
Belarus,231
Bosnia and Herzegovina,159
Bulgaria,127
Croatia,27
Czechoslovakia (includes Czech Republic and Slovakia),166
Hungary,139
Latvia,101
Lithuania,26
Moldova,106
North Macedonia (Macedonia),260
Poland,604
Romania,"1,046"
Russia,"1,337"
Serbia,163
Ukraine,"1,206"
Other Eastern Europe,626
"Europe, n.o.c.",0
"China, excluding Hong Kong and Taiwan","16,623"
Hong Kong,"1,004"
Taiwan,"4,215"
Japan,"2,517"
Korea,"6,764"
Other Eastern Asia,71
Afghanistan,304
Bangladesh,"2,241"
Bhutan,3
India,"60,359"
Iran,"5,159"
Kazakhstan,59
Nepal,"1,370"
Pakistan,"6,972"
Sri Lanka,444
Uzbekistan,511
Other South Central Asia,346
Burma (Myanmar),495
Cambodia,737
Indonesia,858
Laos,788
Malaysia,547
Philippines,"6,340"
Singapore,207
Thailand,943
Vietnam,"9,031"
Other South Eastern Asia,6
Armenia,141
Azerbaijan,174
Georgia,25
Iraq,"2,155"
Israel,"1,162"
Jordan,602
Kuwait,669
Lebanon,"1,132"
Saudi Arabia,326
Syria,255
Turkey,"1,635"
United Arab Emirates,410
Yemen,45
Other Western Asia,268
"Asia, n.o.c.",367
Eritrea,249
Ethiopia,"2,474"
Kenya,"1,848"
Somalia,26
Tanzania,182
Uganda,185
Zimbabwe,"1,192"
Other Eastern Africa,741
Cameroon,933
Congo,90
Democratic Republic of Congo (Zaire),88
Other Middle Africa,48
Algeria,148
Egypt,"1,027"
Morocco,293
Sudan,318
Other Northern Africa,144
South Africa,"1,163"
Other Southern Africa,122
Cabo Verde,0
Ghana,602
Ivory Coast,370
Liberia,96
Nigeria,"4,032"
Senegal,17
Sierra Leone,111
Togo,56
Other Western Africa,216
"Africa, n.o.c.",910
Australia,367
Other Australian and New Zealand Subregion,220
Fiji,84
Marshall Islands,0
Micronesia,15
"Oceania, n.o.c.",169
Bahamas,94
Barbados,114
Cuba,781
Dominica,61
Dominican Republic,160
Grenada,0
Haiti,338
Jamaica,958
St. Lucia,76
St. Vincent and the Grenadines,97
Trinidad and Tobago,542
West Indies,41
Other Caribbean,27
Belize,105
Costa Rica,282
El Salvador,"3,948"
Guatemala,"3,083"
Honduras,"2,026"
Mexico,"34,292"
Nicaragua,507
Panama,284
Other Central America,0
Argentina,521
Bolivia,216
Brazil,"3,168"
Chile,483
Colombia,"1,871"
Ecuador,390
Guyana,348
Peru,"1,197"
Uruguay,41
Venezuela,"5,055"
Other South America,177
Canada,"4,945"
Other Northern America,37
