origin,population
Total:,"10,288"
Europe:,"1,371"
Denmark,17
Ireland,27
Norway,0
Sweden,0
"United Kingdom, excluding England and Scotland",227
England,174
Scotland,11
Other Northern Europe,29
Austria,20
Belgium,0
France,136
Germany,425
Netherlands,8
Switzerland,0
Other Western Europe,0
Greece,0
Italy,7
Portugal,0
Azores Islands,0
Spain,92
Other Southern Europe,0
Albania,19
Belarus,34
Bosnia and Herzegovina,0
Bulgaria,0
Croatia,0
Czechoslovakia (includes Czech Republic and Slovakia),0
Hungary,0
Latvia,0
Lithuania,0
Moldova,9
North Macedonia (Macedonia),0
Poland,36
Romania,51
Russia,23
Serbia,0
Ukraine,26
Other Eastern Europe,0
"Europe, n.o.c.",0
"China, excluding Hong Kong and Taiwan",195
Hong Kong,0
Taiwan,27
Japan,89
Korea,117
Other Eastern Asia,0
Afghanistan,0
Bangladesh,0
Bhutan,0
India,185
Iran,81
Kazakhstan,0
Nepal,0
Pakistan,75
Sri Lanka,0
Uzbekistan,0
Other South Central Asia,0
Burma (Myanmar),35
Cambodia,8
Indonesia,0
Laos,38
Malaysia,15
Philippines,320
Singapore,15
Thailand,45
Vietnam,66
Other South Eastern Asia,0
Armenia,0
Azerbaijan,0
Georgia,2
Iraq,0
Israel,0
Jordan,0
Kuwait,5
Lebanon,78
Saudi Arabia,0
Syria,0
Turkey,0
United Arab Emirates,0
Yemen,0
Other Western Asia,0
"Asia, n.o.c.",0
Eritrea,0
Ethiopia,153
Kenya,0
Somalia,0
Tanzania,0
Uganda,0
Zimbabwe,33
Other Eastern Africa,0
Cameroon,43
Congo,0
Democratic Republic of Congo (Zaire),0
Other Middle Africa,0
Algeria,0
Egypt,0
Morocco,0
Sudan,0
Other Northern Africa,31
South Africa,96
Other Southern Africa,0
Cabo Verde,0
Ghana,0
Ivory Coast,0
Liberia,28
Nigeria,0
Senegal,0
Sierra Leone,0
Togo,0
Other Western Africa,0
"Africa, n.o.c.",0
Australia,98
Other Australian and New Zealand Subregion,28
Fiji,0
Marshall Islands,0
Micronesia,0
"Oceania, n.o.c.",0
Bahamas,0
Barbados,20
Cuba,143
Dominica,0
Dominican Republic,0
Grenada,0
Haiti,101
Jamaica,0
St. Lucia,0
St. Vincent and the Grenadines,0
Trinidad and Tobago,57
West Indies,0
Other Caribbean,0
Belize,0
Costa Rica,0
El Salvador,152
Guatemala,145
Honduras,46
Mexico,"4,971"
Nicaragua,106
Panama,136
Other Central America,0
Argentina,37
Bolivia,0
Brazil,65
Chile,29
Colombia,52
Ecuador,0
Guyana,30
Peru,200
Uruguay,0
Venezuela,88
Other South America,81
Canada,534
Other Northern America,18
