origin,population
Total:,"2,492"
Europe:,425
Denmark,0
Ireland,0
Norway,0
Sweden,0
"United Kingdom, excluding England and Scotland",26
England,37
Scotland,0
Other Northern Europe,0
Austria,5
Belgium,0
France,11
Germany,221
Netherlands,0
Switzerland,9
Other Western Europe,0
Greece,15
Italy,12
Portugal,0
Azores Islands,0
Spain,0
Other Southern Europe,0
Albania,0
Belarus,0
Bosnia and Herzegovina,0
Bulgaria,9
Croatia,0
Czechoslovakia (includes Czech Republic and Slovakia),0
Hungary,0
Latvia,0
Lithuania,0
Moldova,0
North Macedonia (Macedonia),0
Poland,53
Romania,0
Russia,11
Serbia,0
Ukraine,16
Other Eastern Europe,0
"Europe, n.o.c.",0
"China, excluding Hong Kong and Taiwan",157
Hong Kong,0
Taiwan,0
Japan,33
Korea,28
Other Eastern Asia,0
Afghanistan,0
Bangladesh,61
Bhutan,0
India,0
Iran,0
Kazakhstan,0
Nepal,0
Pakistan,0
Sri Lanka,0
Uzbekistan,0
Other South Central Asia,0
Burma (Myanmar),52
Cambodia,0
Indonesia,0
Laos,3
Malaysia,0
Philippines,173
Singapore,0
Thailand,13
Vietnam,92
Other South Eastern Asia,0
Armenia,0
Azerbaijan,0
Georgia,0
Iraq,0
Israel,13
Jordan,0
Kuwait,0
Lebanon,0
Saudi Arabia,0
Syria,0
Turkey,0
United Arab Emirates,0
Yemen,0
Other Western Asia,0
"Asia, n.o.c.",0
Eritrea,0
Ethiopia,0
Kenya,0
Somalia,0
Tanzania,0
Uganda,0
Zimbabwe,18
Other Eastern Africa,0
Cameroon,0
Congo,0
Democratic Republic of Congo (Zaire),0
Other Middle Africa,0
Algeria,0
Egypt,0
Morocco,0
Sudan,0
Other Northern Africa,0
South Africa,0
Other Southern Africa,0
Cabo Verde,0
Ghana,0
Ivory Coast,0
Liberia,0
Nigeria,0
Senegal,0
Sierra Leone,0
Togo,0
Other Western Africa,0
"Africa, n.o.c.",0
Australia,17
Other Australian and New Zealand Subregion,8
Fiji,73
Marshall Islands,0
Micronesia,0
"Oceania, n.o.c.",0
Bahamas,0
Barbados,0
Cuba,13
Dominica,0
Dominican Republic,0
Grenada,0
Haiti,13
Jamaica,0
St. Lucia,0
St. Vincent and the Grenadines,0
Trinidad and Tobago,110
West Indies,0
Other Caribbean,0
Belize,0
Costa Rica,0
El Salvador,0
Guatemala,176
Honduras,0
Mexico,665
Nicaragua,0
Panama,0
Other Central America,0
Argentina,17
Bolivia,0
Brazil,25
Chile,4
Colombia,9
Ecuador,5
Guyana,0
Peru,19
Uruguay,0
Venezuela,0
Other South America,24
Canada,246
Other Northern America,0
