origin,population
Total:,"4,574"
Europe:,615
Denmark,0
Ireland,17
Norway,10
Sweden,11
"United Kingdom, excluding England and Scotland",9
England,47
Scotland,4
Other Northern Europe,0
Austria,0
Belgium,0
France,0
Germany,209
Netherlands,17
Switzerland,4
Other Western Europe,0
Greece,0
Italy,0
Portugal,68
Azores Islands,30
Spain,57
Other Southern Europe,0
Albania,0
Belarus,0
Bosnia and Herzegovina,0
Bulgaria,0
Croatia,0
Czechoslovakia (includes Czech Republic and Slovakia),0
Hungary,0
Latvia,25
Lithuania,0
Moldova,0
North Macedonia (Macedonia),0
Poland,0
Romania,0
Russia,97
Serbia,0
Ukraine,24
Other Eastern Europe,16
"Europe, n.o.c.",0
"China, excluding Hong Kong and Taiwan",140
Hong Kong,6
Taiwan,13
Japan,64
Korea,50
Other Eastern Asia,19
Afghanistan,0
Bangladesh,0
Bhutan,0
India,26
Iran,26
Kazakhstan,54
Nepal,0
Pakistan,0
Sri Lanka,0
Uzbekistan,0
Other South Central Asia,0
Burma (Myanmar),0
Cambodia,96
Indonesia,26
Laos,42
Malaysia,0
Philippines,205
Singapore,0
Thailand,0
Vietnam,169
Other South Eastern Asia,0
Armenia,0
Azerbaijan,0
Georgia,0
Iraq,0
Israel,0
Jordan,0
Kuwait,0
Lebanon,21
Saudi Arabia,0
Syria,0
Turkey,0
United Arab Emirates,0
Yemen,0
Other Western Asia,0
"Asia, n.o.c.",0
Eritrea,0
Ethiopia,37
Kenya,0
Somalia,0
Tanzania,0
Uganda,0
Zimbabwe,0
Other Eastern Africa,0
Cameroon,0
Congo,0
Democratic Republic of Congo (Zaire),0
Other Middle Africa,0
Algeria,0
Egypt,0
Morocco,0
Sudan,0
Other Northern Africa,0
South Africa,30
Other Southern Africa,0
Cabo Verde,0
Ghana,0
Ivory Coast,0
Liberia,0
Nigeria,12
Senegal,0
Sierra Leone,0
Togo,0
Other Western Africa,0
"Africa, n.o.c.",0
Australia,17
Other Australian and New Zealand Subregion,14
Fiji,30
Marshall Islands,0
Micronesia,0
"Oceania, n.o.c.",6
Bahamas,0
Barbados,0
Cuba,14
Dominica,0
Dominican Republic,2
Grenada,0
Haiti,0
Jamaica,0
St. Lucia,0
St. Vincent and the Grenadines,0
Trinidad and Tobago,0
West Indies,0
Other Caribbean,0
Belize,0
Costa Rica,0
El Salvador,8
Guatemala,241
Honduras,21
Mexico,"2,086"
Nicaragua,0
Panama,0
Other Central America,0
Argentina,0
Bolivia,0
Brazil,0
Chile,0
Colombia,61
Ecuador,0
Guyana,0
Peru,20
Uruguay,0
Venezuela,0
Other South America,0
Canada,403
Other Northern America,0
