origin,population
Total:,"18,278"
Europe:,"2,025"
Denmark,0
Ireland,97
Norway,0
Sweden,68
"United Kingdom, excluding England and Scotland",197
England,268
Scotland,26
Other Northern Europe,0
Austria,54
Belgium,0
France,149
Germany,190
Netherlands,30
Switzerland,0
Other Western Europe,0
Greece,66
Italy,95
Portugal,0
Azores Islands,0
Spain,39
Other Southern Europe,0
Albania,24
Belarus,17
Bosnia and Herzegovina,0
Bulgaria,33
Croatia,25
Czechoslovakia (includes Czech Republic and Slovakia),44
Hungary,4
Latvia,10
Lithuania,78
Moldova,0
North Macedonia (Macedonia),2
Poland,67
Romania,111
Russia,268
Serbia,0
Ukraine,31
Other Eastern Europe,32
"Europe, n.o.c.",0
"China, excluding Hong Kong and Taiwan","1,568"
Hong Kong,143
Taiwan,40
Japan,213
Korea,420
Other Eastern Asia,10
Afghanistan,0
Bangladesh,32
Bhutan,0
India,"7,229"
Iran,136
Kazakhstan,0
Nepal,63
Pakistan,285
Sri Lanka,83
Uzbekistan,17
Other South Central Asia,0
Burma (Myanmar),0
Cambodia,29
Indonesia,52
Laos,57
Malaysia,6
Philippines,429
Singapore,9
Thailand,16
Vietnam,443
Other South Eastern Asia,0
Armenia,29
Azerbaijan,34
Georgia,0
Iraq,0
Israel,46
Jordan,246
Kuwait,0
Lebanon,0
Saudi Arabia,0
Syria,8
Turkey,211
United Arab Emirates,0
Yemen,0
Other Western Asia,33
"Asia, n.o.c.",56
Eritrea,69
Ethiopia,44
Kenya,49
Somalia,406
Tanzania,0
Uganda,0
Zimbabwe,15
Other Eastern Africa,114
Cameroon,45
Congo,0
Democratic Republic of Congo (Zaire),17
Other Middle Africa,16
Algeria,0
Egypt,77
Morocco,0
Sudan,108
Other Northern Africa,0
South Africa,17
Other Southern Africa,0
Cabo Verde,0
Ghana,256
Ivory Coast,0
Liberia,20
Nigeria,87
Senegal,24
Sierra Leone,77
Togo,0
Other Western Africa,328
"Africa, n.o.c.",2
Australia,11
Other Australian and New Zealand Subregion,55
Fiji,0
Marshall Islands,0
Micronesia,0
"Oceania, n.o.c.",0
Bahamas,0
Barbados,0
Cuba,39
Dominica,0
Dominican Republic,5
Grenada,0
Haiti,0
Jamaica,16
St. Lucia,0
St. Vincent and the Grenadines,0
Trinidad and Tobago,57
West Indies,0
Other Caribbean,0
Belize,33
Costa Rica,61
El Salvador,16
Guatemala,73
Honduras,96
Mexico,469
Nicaragua,0
Panama,9
Other Central America,0
Argentina,22
Bolivia,0
Brazil,626
Chile,0
Colombia,144
Ecuador,34
Guyana,0
Peru,82
Uruguay,0
Venezuela,87
Other South America,0
Canada,604
Other Northern America,0
