origin,population
Total:,"2,290"
Europe:,421
Denmark,0
Ireland,0
Norway,4
Sweden,0
"United Kingdom, excluding England and Scotland",9
England,13
Scotland,15
Other Northern Europe,15
Austria,2
Belgium,6
France,7
Germany,80
Netherlands,3
Switzerland,7
Other Western Europe,0
Greece,0
Italy,15
Portugal,0
Azores Islands,0
Spain,2
Other Southern Europe,0
Albania,120
Belarus,0
Bosnia and Herzegovina,0
Bulgaria,0
Croatia,0
Czechoslovakia (includes Czech Republic and Slovakia),4
Hungary,0
Latvia,0
Lithuania,0
Moldova,0
North Macedonia (Macedonia),26
Poland,26
Romania,38
Russia,15
Serbia,0
Ukraine,10
Other Eastern Europe,4
"Europe, n.o.c.",0
"China, excluding Hong Kong and Taiwan",27
Hong Kong,0
Taiwan,0
Japan,3
Korea,14
Other Eastern Asia,28
Afghanistan,0
Bangladesh,0
Bhutan,0
India,107
Iran,0
Kazakhstan,0
Nepal,0
Pakistan,7
Sri Lanka,0
Uzbekistan,0
Other South Central Asia,0
Burma (Myanmar),0
Cambodia,0
Indonesia,5
Laos,7
Malaysia,0
Philippines,159
Singapore,0
Thailand,8
Vietnam,0
Other South Eastern Asia,0
Armenia,0
Azerbaijan,0
Georgia,0
Iraq,0
Israel,0
Jordan,0
Kuwait,0
Lebanon,0
Saudi Arabia,0
Syria,0
Turkey,0
United Arab Emirates,0
Yemen,76
Other Western Asia,0
"Asia, n.o.c.",0
Eritrea,0
Ethiopia,1
Kenya,0
Somalia,0
Tanzania,41
Uganda,0
Zimbabwe,0
Other Eastern Africa,0
Cameroon,0
Congo,0
Democratic Republic of Congo (Zaire),0
Other Middle Africa,0
Algeria,0
Egypt,0
Morocco,0
Sudan,0
Other Northern Africa,0
South Africa,39
Other Southern Africa,0
Cabo Verde,0
Ghana,20
Ivory Coast,0
Liberia,0
Nigeria,0
Senegal,0
Sierra Leone,0
Togo,0
Other Western Africa,0
"Africa, n.o.c.",0
Australia,0
Other Australian and New Zealand Subregion,0
Fiji,0
Marshall Islands,0
Micronesia,0
"Oceania, n.o.c.",0
Bahamas,0
Barbados,0
Cuba,20
Dominica,0
Dominican Republic,0
Grenada,0
Haiti,23
Jamaica,3
St. Lucia,0
St. Vincent and the Grenadines,0
Trinidad and Tobago,0
West Indies,0
Other Caribbean,0
Belize,0
Costa Rica,1
El Salvador,8
Guatemala,50
Honduras,0
Mexico,"1,008"
Nicaragua,112
Panama,0
Other Central America,0
Argentina,0
Bolivia,0
Brazil,14
Chile,0
Colombia,45
Ecuador,8
Guyana,0
Peru,0
Uruguay,0
Venezuela,2
Other South America,0
Canada,33
Other Northern America,0
