origin,population
Total:,"34,235"
Europe:,"1,272"
Denmark,0
Ireland,0
Norway,2
Sweden,14
"United Kingdom, excluding England and Scotland",70
England,123
Scotland,0
Other Northern Europe,0
Austria,0
Belgium,14
France,45
Germany,441
Netherlands,73
Switzerland,0
Other Western Europe,0
Greece,42
Italy,46
Portugal,0
Azores Islands,0
Spain,99
Other Southern Europe,0
Albania,0
Belarus,0
Bosnia and Herzegovina,0
Bulgaria,0
Croatia,0
Czechoslovakia (includes Czech Republic and Slovakia),23
Hungary,68
Latvia,0
Lithuania,0
Moldova,0
North Macedonia (Macedonia),0
Poland,108
Romania,65
Russia,21
Serbia,0
Ukraine,0
Other Eastern Europe,18
"Europe, n.o.c.",0
"China, excluding Hong Kong and Taiwan",163
Hong Kong,26
Taiwan,0
Japan,126
Korea,348
Other Eastern Asia,0
Afghanistan,0
Bangladesh,182
Bhutan,0
India,208
Iran,89
Kazakhstan,0
Nepal,42
Pakistan,0
Sri Lanka,28
Uzbekistan,0
Other South Central Asia,0
Burma (Myanmar),4
Cambodia,0
Indonesia,15
Laos,0
Malaysia,3
Philippines,588
Singapore,0
Thailand,0
Vietnam,94
Other South Eastern Asia,0
Armenia,0
Azerbaijan,0
Georgia,0
Iraq,0
Israel,4
Jordan,6
Kuwait,440
Lebanon,28
Saudi Arabia,209
Syria,79
Turkey,0
United Arab Emirates,0
Yemen,0
Other Western Asia,28
"Asia, n.o.c.",0
Eritrea,0
Ethiopia,0
Kenya,0
Somalia,0
Tanzania,0
Uganda,41
Zimbabwe,0
Other Eastern Africa,0
Cameroon,0
Congo,0
Democratic Republic of Congo (Zaire),0
Other Middle Africa,0
Algeria,0
Egypt,0
Morocco,0
Sudan,0
Other Northern Africa,0
South Africa,2
Other Southern Africa,0
Cabo Verde,0
Ghana,66
Ivory Coast,15
Liberia,0
Nigeria,371
Senegal,0
Sierra Leone,0
Togo,3
Other Western Africa,0
"Africa, n.o.c.",0
Australia,26
Other Australian and New Zealand Subregion,20
Fiji,17
Marshall Islands,0
Micronesia,0
"Oceania, n.o.c.",0
Bahamas,0
Barbados,0
Cuba,47
Dominica,0
Dominican Republic,0
Grenada,0
Haiti,0
Jamaica,111
St. Lucia,0
St. Vincent and the Grenadines,0
Trinidad and Tobago,0
West Indies,0
Other Caribbean,0
Belize,8
Costa Rica,0
El Salvador,123
Guatemala,6
Honduras,33
Mexico,"29,009"
Nicaragua,5
Panama,22
Other Central America,0
Argentina,70
Bolivia,0
Brazil,0
Chile,0
Colombia,22
Ecuador,0
Guyana,0
Peru,54
Uruguay,0
Venezuela,44
Other South America,0
Canada,138
Other Northern America,0
