origin,population
Total:,"8,797"
Europe:,"1,564"
Denmark,0
Ireland,0
Norway,0
Sweden,0
"United Kingdom, excluding England and Scotland",55
England,133
Scotland,182
Other Northern Europe,0
Austria,26
Belgium,0
France,61
Germany,266
Netherlands,0
Switzerland,0
Other Western Europe,0
Greece,71
Italy,50
Portugal,9
Azores Islands,0
Spain,45
Other Southern Europe,0
Albania,25
Belarus,0
Bosnia and Herzegovina,0
Bulgaria,49
Croatia,0
Czechoslovakia (includes Czech Republic and Slovakia),52
Hungary,16
Latvia,0
Lithuania,0
Moldova,0
North Macedonia (Macedonia),0
Poland,91
Romania,157
Russia,136
Serbia,0
Ukraine,88
Other Eastern Europe,0
"Europe, n.o.c.",52
"China, excluding Hong Kong and Taiwan",303
Hong Kong,153
Taiwan,91
Japan,80
Korea,213
Other Eastern Asia,0
Afghanistan,44
Bangladesh,67
Bhutan,0
India,696
Iran,0
Kazakhstan,16
Nepal,0
Pakistan,0
Sri Lanka,1
Uzbekistan,21
Other South Central Asia,0
Burma (Myanmar),0
Cambodia,32
Indonesia,0
Laos,0
Malaysia,0
Philippines,433
Singapore,0
Thailand,124
Vietnam,261
Other South Eastern Asia,0
Armenia,0
Azerbaijan,0
Georgia,0
Iraq,0
Israel,69
Jordan,13
Kuwait,0
Lebanon,0
Saudi Arabia,11
Syria,0
Turkey,0
United Arab Emirates,0
Yemen,0
Other Western Asia,0
"Asia, n.o.c.",0
Eritrea,0
Ethiopia,28
Kenya,66
Somalia,0
Tanzania,0
Uganda,0
Zimbabwe,0
Other Eastern Africa,0
Cameroon,0
Congo,0
Democratic Republic of Congo (Zaire),0
Other Middle Africa,0
Algeria,8
Egypt,0
Morocco,0
Sudan,0
Other Northern Africa,0
South Africa,33
Other Southern Africa,0
Cabo Verde,0
Ghana,0
Ivory Coast,0
Liberia,0
Nigeria,0
Senegal,0
Sierra Leone,0
Togo,0
Other Western Africa,0
"Africa, n.o.c.",0
Australia,0
Other Australian and New Zealand Subregion,7
Fiji,0
Marshall Islands,0
Micronesia,97
"Oceania, n.o.c.",0
Bahamas,42
Barbados,0
Cuba,12
Dominica,0
Dominican Republic,118
Grenada,0
Haiti,0
Jamaica,105
St. Lucia,0
St. Vincent and the Grenadines,0
Trinidad and Tobago,44
West Indies,0
Other Caribbean,58
Belize,40
Costa Rica,22
El Salvador,0
Guatemala,398
Honduras,378
Mexico,"1,407"
Nicaragua,0
Panama,220
Other Central America,0
Argentina,0
Bolivia,14
Brazil,493
Chile,0
Colombia,151
Ecuador,41
Guyana,163
Peru,0
Uruguay,0
Venezuela,133
Other South America,0
Canada,446
Other Northern America,81
