origin,population
Total:,"1,864"
Europe:,208
Denmark,0
Ireland,0
Norway,0
Sweden,0
"United Kingdom, excluding England and Scotland",23
England,35
Scotland,0
Other Northern Europe,0
Austria,0
Belgium,0
France,0
Germany,110
Netherlands,0
Switzerland,0
Other Western Europe,0
Greece,13
Italy,0
Portugal,0
Azores Islands,0
Spain,0
Other Southern Europe,0
Albania,0
Belarus,0
Bosnia and Herzegovina,0
Bulgaria,0
Croatia,0
Czechoslovakia (includes Czech Republic and Slovakia),0
Hungary,0
Latvia,0
Lithuania,0
Moldova,0
North Macedonia (Macedonia),0
Poland,0
Romania,0
Russia,27
Serbia,0
Ukraine,0
Other Eastern Europe,0
"Europe, n.o.c.",0
"China, excluding Hong Kong and Taiwan",105
Hong Kong,0
Taiwan,4
Japan,0
Korea,24
Other Eastern Asia,0
Afghanistan,24
Bangladesh,0
Bhutan,0
India,0
Iran,0
Kazakhstan,0
Nepal,0
Pakistan,0
Sri Lanka,0
Uzbekistan,0
Other South Central Asia,0
Burma (Myanmar),0
Cambodia,0
Indonesia,0
Laos,0
Malaysia,0
Philippines,118
Singapore,0
Thailand,35
Vietnam,94
Other South Eastern Asia,0
Armenia,0
Azerbaijan,0
Georgia,0
Iraq,0
Israel,0
Jordan,0
Kuwait,0
Lebanon,0
Saudi Arabia,0
Syria,0
Turkey,0
United Arab Emirates,0
Yemen,0
Other Western Asia,0
"Asia, n.o.c.",0
Eritrea,0
Ethiopia,5
Kenya,26
Somalia,0
Tanzania,0
Uganda,0
Zimbabwe,0
Other Eastern Africa,0
Cameroon,0
Congo,0
Democratic Republic of Congo (Zaire),0
Other Middle Africa,0
Algeria,0
Egypt,0
Morocco,0
Sudan,0
Other Northern Africa,0
South Africa,0
Other Southern Africa,0
Cabo Verde,0
Ghana,34
Ivory Coast,0
Liberia,30
Nigeria,48
Senegal,0
Sierra Leone,0
Togo,0
Other Western Africa,0
"Africa, n.o.c.",0
Australia,43
Other Australian and New Zealand Subregion,0
Fiji,0
Marshall Islands,0
Micronesia,0
"Oceania, n.o.c.",0
Bahamas,0
Barbados,0
Cuba,15
Dominica,0
Dominican Republic,42
Grenada,0
Haiti,3
Jamaica,45
St. Lucia,0
St. Vincent and the Grenadines,0
Trinidad and Tobago,22
West Indies,0
Other Caribbean,0
Belize,0
Costa Rica,0
El Salvador,70
Guatemala,328
Honduras,0
Mexico,314
Nicaragua,19
Panama,44
Other Central America,0
Argentina,0
Bolivia,0
Brazil,37
Chile,0
Colombia,17
Ecuador,37
Guyana,0
Peru,32
Uruguay,0
Venezuela,0
Other South America,15
Canada,26
Other Northern America,0
