origin,population
Total:,"3,213"
Europe:,647
Denmark,0
Ireland,3
Norway,0
Sweden,9
"United Kingdom, excluding England and Scotland",0
England,34
Scotland,9
Other Northern Europe,0
Austria,0
Belgium,0
France,0
Germany,47
Netherlands,0
Switzerland,18
Other Western Europe,0
Greece,0
Italy,21
Portugal,0
Azores Islands,0
Spain,56
Other Southern Europe,0
Albania,0
Belarus,8
Bosnia and Herzegovina,257
Bulgaria,0
Croatia,7
Czechoslovakia (includes Czech Republic and Slovakia),18
Hungary,1
Latvia,22
Lithuania,0
Moldova,0
North Macedonia (Macedonia),0
Poland,16
Romania,88
Russia,24
Serbia,0
Ukraine,9
Other Eastern Europe,0
"Europe, n.o.c.",0
"China, excluding Hong Kong and Taiwan",209
Hong Kong,0
Taiwan,13
Japan,6
Korea,47
Other Eastern Asia,0
Afghanistan,0
Bangladesh,27
Bhutan,0
India,150
Iran,26
Kazakhstan,0
Nepal,19
Pakistan,18
Sri Lanka,0
Uzbekistan,0
Other South Central Asia,0
Burma (Myanmar),0
Cambodia,0
Indonesia,19
Laos,1
Malaysia,0
Philippines,363
Singapore,0
Thailand,7
Vietnam,61
Other South Eastern Asia,0
Armenia,0
Azerbaijan,0
Georgia,0
Iraq,32
Israel,0
Jordan,0
Kuwait,0
Lebanon,0
Saudi Arabia,121
Syria,0
Turkey,0
United Arab Emirates,0
Yemen,0
Other Western Asia,0
"Asia, n.o.c.",0
Eritrea,5
Ethiopia,0
Kenya,0
Somalia,0
Tanzania,0
Uganda,0
Zimbabwe,0
Other Eastern Africa,0
Cameroon,5
Congo,0
Democratic Republic of Congo (Zaire),0
Other Middle Africa,0
Algeria,0
Egypt,0
Morocco,4
Sudan,0
Other Northern Africa,0
South Africa,7
Other Southern Africa,49
Cabo Verde,0
Ghana,88
Ivory Coast,0
Liberia,6
Nigeria,0
Senegal,0
Sierra Leone,0
Togo,0
Other Western Africa,0
"Africa, n.o.c.",0
Australia,0
Other Australian and New Zealand Subregion,0
Fiji,0
Marshall Islands,394
Micronesia,0
"Oceania, n.o.c.",0
Bahamas,0
Barbados,0
Cuba,6
Dominica,0
Dominican Republic,5
Grenada,0
Haiti,17
Jamaica,0
St. Lucia,0
St. Vincent and the Grenadines,0
Trinidad and Tobago,0
West Indies,0
Other Caribbean,0
Belize,0
Costa Rica,0
El Salvador,9
Guatemala,147
Honduras,32
Mexico,501
Nicaragua,0
Panama,4
Other Central America,0
Argentina,0
Bolivia,0
Brazil,0
Chile,0
Colombia,18
Ecuador,0
Guyana,7
Peru,36
Uruguay,0
Venezuela,27
Other South America,0
Canada,80
Other Northern America,0
