origin,population
Total:,"117,278"
Europe:,"17,791"
Denmark,59
Ireland,219
Norway,99
Sweden,86
"United Kingdom, excluding England and Scotland","1,062"
England,719
Scotland,106
Other Northern Europe,36
Austria,239
Belgium,123
France,222
Germany,"1,650"
Netherlands,95
Switzerland,54
Other Western Europe,0
Greece,156
Italy,268
Portugal,240
Azores Islands,0
Spain,344
Other Southern Europe,0
Albania,"2,333"
Belarus,194
Bosnia and Herzegovina,"3,588"
Bulgaria,257
Croatia,310
Czechoslovakia (includes Czech Republic and Slovakia),101
Hungary,169
Latvia,6
Lithuania,53
Moldova,627
North Macedonia (Macedonia),0
Poland,412
Romania,477
Russia,"1,026"
Serbia,459
Ukraine,"1,545"
Other Eastern Europe,445
"Europe, n.o.c.",12
"China, excluding Hong Kong and Taiwan","2,311"
Hong Kong,133
Taiwan,180
Japan,"1,236"
Korea,999
Other Eastern Asia,0
Afghanistan,271
Bangladesh,712
Bhutan,116
India,"8,229"
Iran,560
Kazakhstan,85
Nepal,33
Pakistan,318
Sri Lanka,0
Uzbekistan,74
Other South Central Asia,39
Burma (Myanmar),"1,259"
Cambodia,826
Indonesia,207
Laos,240
Malaysia,80
Philippines,"12,237"
Singapore,61
Thailand,877
Vietnam,"3,420"
Other South Eastern Asia,0
Armenia,0
Azerbaijan,58
Georgia,0
Iraq,"1,307"
Israel,354
Jordan,670
Kuwait,168
Lebanon,313
Saudi Arabia,173
Syria,"2,158"
Turkey,255
United Arab Emirates,228
Yemen,0
Other Western Asia,62
"Asia, n.o.c.",184
Eritrea,6
Ethiopia,785
Kenya,206
Somalia,0
Tanzania,172
Uganda,51
Zimbabwe,24
Other Eastern Africa,181
Cameroon,23
Congo,43
Democratic Republic of Congo (Zaire),14
Other Middle Africa,0
Algeria,30
Egypt,568
Morocco,221
Sudan,261
Other Northern Africa,18
South Africa,355
Other Southern Africa,23
Cabo Verde,0
Ghana,227
Ivory Coast,0
Liberia,532
Nigeria,879
Senegal,127
Sierra Leone,11
Togo,314
Other Western Africa,109
"Africa, n.o.c.",516
Australia,128
Other Australian and New Zealand Subregion,221
Fiji,20
Marshall Islands,0
Micronesia,0
"Oceania, n.o.c.",0
Bahamas,499
Barbados,278
Cuba,"6,974"
Dominica,174
Dominican Republic,"1,924"
Grenada,68
Haiti,"5,921"
Jamaica,"4,314"
St. Lucia,86
St. Vincent and the Grenadines,0
Trinidad and Tobago,"1,035"
West Indies,0
Other Caribbean,308
Belize,124
Costa Rica,442
El Salvador,"1,231"
Guatemala,"2,054"
Honduras,"2,461"
Mexico,"5,436"
Nicaragua,810
Panama,878
Other Central America,0
Argentina,528
Bolivia,222
Brazil,"3,679"
Chile,265
Colombia,"3,497"
Ecuador,785
Guyana,647
Peru,"1,000"
Uruguay,288
Venezuela,"5,077"
Other South America,81
Canada,"1,850"
Other Northern America,53
