origin,population
Total:,"8,996"
Europe:,802
Denmark,0
Ireland,7
Norway,0
Sweden,44
"United Kingdom, excluding England and Scotland",0
England,109
Scotland,32
Other Northern Europe,0
Austria,0
Belgium,16
France,14
Germany,136
Netherlands,18
Switzerland,23
Other Western Europe,0
Greece,0
Italy,4
Portugal,0
Azores Islands,0
Spain,59
Other Southern Europe,0
Albania,0
Belarus,34
Bosnia and Herzegovina,0
Bulgaria,0
Croatia,10
Czechoslovakia (includes Czech Republic and Slovakia),78
Hungary,0
Latvia,0
Lithuania,0
Moldova,0
North Macedonia (Macedonia),0
Poland,178
Romania,0
Russia,40
Serbia,0
Ukraine,0
Other Eastern Europe,0
"Europe, n.o.c.",0
"China, excluding Hong Kong and Taiwan",33
Hong Kong,0
Taiwan,3
Japan,14
Korea,39
Other Eastern Asia,0
Afghanistan,0
Bangladesh,0
Bhutan,0
India,11
Iran,0
Kazakhstan,0
Nepal,301
Pakistan,0
Sri Lanka,0
Uzbekistan,112
Other South Central Asia,0
Burma (Myanmar),0
Cambodia,0
Indonesia,0
Laos,0
Malaysia,0
Philippines,28
Singapore,0
Thailand,0
Vietnam,0
Other South Eastern Asia,0
Armenia,0
Azerbaijan,0
Georgia,0
Iraq,0
Israel,34
Jordan,0
Kuwait,0
Lebanon,0
Saudi Arabia,0
Syria,0
Turkey,0
United Arab Emirates,0
Yemen,0
Other Western Asia,0
"Asia, n.o.c.",0
Eritrea,0
Ethiopia,0
Kenya,0
Somalia,0
Tanzania,0
Uganda,0
Zimbabwe,0
Other Eastern Africa,0
Cameroon,0
Congo,0
Democratic Republic of Congo (Zaire),0
Other Middle Africa,0
Algeria,0
Egypt,0
Morocco,16
Sudan,0
Other Northern Africa,0
South Africa,14
Other Southern Africa,0
Cabo Verde,0
Ghana,0
Ivory Coast,0
Liberia,0
Nigeria,0
Senegal,0
Sierra Leone,0
Togo,0
Other Western Africa,0
"Africa, n.o.c.",80
Australia,115
Other Australian and New Zealand Subregion,159
Fiji,0
Marshall Islands,0
Micronesia,0
"Oceania, n.o.c.",0
Bahamas,0
Barbados,0
Cuba,28
Dominica,0
Dominican Republic,0
Grenada,0
Haiti,0
Jamaica,58
St. Lucia,0
St. Vincent and the Grenadines,0
Trinidad and Tobago,0
West Indies,0
Other Caribbean,0
Belize,0
Costa Rica,0
El Salvador,973
Guatemala,0
Honduras,271
Mexico,"5,201"
Nicaragua,10
Panama,0
Other Central America,0
Argentina,122
Bolivia,0
Brazil,0
Chile,0
Colombia,110
Ecuador,0
Guyana,0
Peru,187
Uruguay,0
Venezuela,0
Other South America,0
Canada,275
Other Northern America,0
