origin,population
Total:,"49,460"
Europe:,"10,712"
Denmark,56
Ireland,164
Norway,49
Sweden,70
"United Kingdom, excluding England and Scotland",797
England,738
Scotland,120
Other Northern Europe,54
Austria,112
Belgium,9
France,108
Germany,"4,174"
Netherlands,195
Switzerland,319
Other Western Europe,43
Greece,2
Italy,279
Portugal,0
Azores Islands,0
Spain,384
Other Southern Europe,0
Albania,0
Belarus,117
Bosnia and Herzegovina,63
Bulgaria,77
Croatia,111
Czechoslovakia (includes Czech Republic and Slovakia),233
Hungary,132
Latvia,59
Lithuania,85
Moldova,42
North Macedonia (Macedonia),34
Poland,506
Romania,125
Russia,677
Serbia,9
Ukraine,511
Other Eastern Europe,258
"Europe, n.o.c.",0
"China, excluding Hong Kong and Taiwan","1,525"
Hong Kong,62
Taiwan,284
Japan,981
Korea,"3,154"
Other Eastern Asia,30
Afghanistan,58
Bangladesh,61
Bhutan,0
India,"1,055"
Iran,280
Kazakhstan,25
Nepal,358
Pakistan,193
Sri Lanka,0
Uzbekistan,8
Other South Central Asia,20
Burma (Myanmar),49
Cambodia,82
Indonesia,64
Laos,61
Malaysia,31
Philippines,"2,956"
Singapore,43
Thailand,407
Vietnam,"1,161"
Other South Eastern Asia,0
Armenia,27
Azerbaijan,0
Georgia,16
Iraq,158
Israel,86
Jordan,30
Kuwait,25
Lebanon,19
Saudi Arabia,0
Syria,30
Turkey,223
United Arab Emirates,26
Yemen,0
Other Western Asia,10
"Asia, n.o.c.",0
Eritrea,23
Ethiopia,357
Kenya,600
Somalia,37
Tanzania,6
Uganda,107
Zimbabwe,86
Other Eastern Africa,112
Cameroon,168
Congo,0
Democratic Republic of Congo (Zaire),74
Other Middle Africa,26
Algeria,11
Egypt,61
Morocco,10
Sudan,23
Other Northern Africa,18
South Africa,250
Other Southern Africa,0
Cabo Verde,0
Ghana,249
Ivory Coast,45
Liberia,150
Nigeria,147
Senegal,0
Sierra Leone,73
Togo,0
Other Western Africa,37
"Africa, n.o.c.",83
Australia,257
Other Australian and New Zealand Subregion,132
Fiji,56
Marshall Islands,5
Micronesia,0
"Oceania, n.o.c.",60
Bahamas,70
Barbados,19
Cuba,685
Dominica,10
Dominican Republic,479
Grenada,0
Haiti,186
Jamaica,800
St. Lucia,0
St. Vincent and the Grenadines,43
Trinidad and Tobago,80
West Indies,31
Other Caribbean,17
Belize,52
Costa Rica,50
El Salvador,561
Guatemala,689
Honduras,848
Mexico,"11,944"
Nicaragua,79
Panama,362
Other Central America,93
Argentina,359
Bolivia,91
Brazil,597
Chile,209
Colombia,634
Ecuador,253
Guyana,95
Peru,250
Uruguay,0
Venezuela,167
Other South America,1
Canada,"2,128"
Other Northern America,5
