origin,population
Total:,"17,652"
Europe:,990
Denmark,0
Ireland,0
Norway,0
Sweden,0
"United Kingdom, excluding England and Scotland",55
England,15
Scotland,19
Other Northern Europe,3
Austria,0
Belgium,0
France,12
Germany,209
Netherlands,74
Switzerland,0
Other Western Europe,0
Greece,0
Italy,36
Portugal,0
Azores Islands,0
Spain,20
Other Southern Europe,0
Albania,0
Belarus,0
Bosnia and Herzegovina,0
Bulgaria,0
Croatia,0
Czechoslovakia (includes Czech Republic and Slovakia),0
Hungary,66
Latvia,0
Lithuania,0
Moldova,0
North Macedonia (Macedonia),0
Poland,18
Romania,13
Russia,44
Serbia,0
Ukraine,304
Other Eastern Europe,102
"Europe, n.o.c.",0
"China, excluding Hong Kong and Taiwan",198
Hong Kong,17
Taiwan,0
Japan,22
Korea,327
Other Eastern Asia,0
Afghanistan,0
Bangladesh,43
Bhutan,0
India,289
Iran,0
Kazakhstan,0
Nepal,12
Pakistan,28
Sri Lanka,0
Uzbekistan,0
Other South Central Asia,11
Burma (Myanmar),0
Cambodia,29
Indonesia,42
Laos,223
Malaysia,0
Philippines,320
Singapore,0
Thailand,32
Vietnam,15
Other South Eastern Asia,0
Armenia,0
Azerbaijan,0
Georgia,0
Iraq,88
Israel,0
Jordan,0
Kuwait,0
Lebanon,19
Saudi Arabia,0
Syria,16
Turkey,0
United Arab Emirates,0
Yemen,13
Other Western Asia,0
"Asia, n.o.c.",0
Eritrea,0
Ethiopia,34
Kenya,32
Somalia,0
Tanzania,0
Uganda,0
Zimbabwe,0
Other Eastern Africa,7
Cameroon,0
Congo,0
Democratic Republic of Congo (Zaire),59
Other Middle Africa,0
Algeria,0
Egypt,0
Morocco,0
Sudan,0
Other Northern Africa,0
South Africa,20
Other Southern Africa,0
Cabo Verde,0
Ghana,239
Ivory Coast,0
Liberia,46
Nigeria,224
Senegal,0
Sierra Leone,0
Togo,0
Other Western Africa,0
"Africa, n.o.c.",88
Australia,19
Other Australian and New Zealand Subregion,0
Fiji,0
Marshall Islands,43
Micronesia,0
"Oceania, n.o.c.",0
Bahamas,0
Barbados,0
Cuba,19
Dominica,0
Dominican Republic,185
Grenada,0
Haiti,213
Jamaica,19
St. Lucia,0
St. Vincent and the Grenadines,0
Trinidad and Tobago,41
West Indies,66
Other Caribbean,20
Belize,118
Costa Rica,56
El Salvador,414
Guatemala,489
Honduras,"1,085"
Mexico,"9,588"
Nicaragua,37
Panama,16
Other Central America,0
Argentina,21
Bolivia,71
Brazil,96
Chile,9
Colombia,209
Ecuador,31
Guyana,0
Peru,179
Uruguay,14
Venezuela,721
Other South America,0
Canada,390
Other Northern America,0
