origin,population
Total:,"6,479"
Europe:,733
Denmark,15
Ireland,0
Norway,0
Sweden,23
"United Kingdom, excluding England and Scotland",7
England,84
Scotland,0
Other Northern Europe,0
Austria,0
Belgium,0
France,6
Germany,139
Netherlands,0
Switzerland,0
Other Western Europe,0
Greece,0
Italy,1
Portugal,0
Azores Islands,0
Spain,12
Other Southern Europe,0
Albania,0
Belarus,0
Bosnia and Herzegovina,0
Bulgaria,58
Croatia,15
Czechoslovakia (includes Czech Republic and Slovakia),130
Hungary,0
Latvia,0
Lithuania,0
Moldova,0
North Macedonia (Macedonia),96
Poland,75
Romania,0
Russia,68
Serbia,0
Ukraine,0
Other Eastern Europe,4
"Europe, n.o.c.",0
"China, excluding Hong Kong and Taiwan",289
Hong Kong,0
Taiwan,22
Japan,9
Korea,38
Other Eastern Asia,0
Afghanistan,0
Bangladesh,46
Bhutan,638
India,500
Iran,0
Kazakhstan,0
Nepal,398
Pakistan,144
Sri Lanka,37
Uzbekistan,40
Other South Central Asia,0
Burma (Myanmar),0
Cambodia,163
Indonesia,17
Laos,0
Malaysia,0
Philippines,30
Singapore,0
Thailand,8
Vietnam,172
Other South Eastern Asia,0
Armenia,0
Azerbaijan,0
Georgia,37
Iraq,0
Israel,0
Jordan,0
Kuwait,0
Lebanon,0
Saudi Arabia,0
Syria,10
Turkey,2
United Arab Emirates,27
Yemen,0
Other Western Asia,0
"Asia, n.o.c.",98
Eritrea,214
Ethiopia,707
Kenya,199
Somalia,0
Tanzania,0
Uganda,0
Zimbabwe,0
Other Eastern Africa,0
Cameroon,0
Congo,3
Democratic Republic of Congo (Zaire),69
Other Middle Africa,9
Algeria,0
Egypt,23
Morocco,52
Sudan,0
Other Northern Africa,0
South Africa,0
Other Southern Africa,0
Cabo Verde,0
Ghana,94
Ivory Coast,0
Liberia,0
Nigeria,238
Senegal,0
Sierra Leone,0
Togo,0
Other Western Africa,44
"Africa, n.o.c.",46
Australia,0
Other Australian and New Zealand Subregion,0
Fiji,0
Marshall Islands,0
Micronesia,0
"Oceania, n.o.c.",0
Bahamas,0
Barbados,0
Cuba,47
Dominica,0
Dominican Republic,175
Grenada,0
Haiti,108
Jamaica,74
St. Lucia,0
St. Vincent and the Grenadines,0
Trinidad and Tobago,0
West Indies,0
Other Caribbean,0
Belize,0
Costa Rica,0
El Salvador,93
Guatemala,164
Honduras,33
Mexico,334
Nicaragua,0
Panama,42
Other Central America,0
Argentina,0
Bolivia,0
Brazil,0
Chile,0
Colombia,69
Ecuador,0
Guyana,2
Peru,35
Uruguay,0
Venezuela,0
Other South America,0
Canada,147
Other Northern America,0
