origin,population
Total:,"350,716"
Europe:,"24,570"
Denmark,147
Ireland,505
Norway,50
Sweden,360
"United Kingdom, excluding England and Scotland","2,130"
England,"1,492"
Scotland,114
Other Northern Europe,337
Austria,276
Belgium,214
France,"1,330"
Germany,"3,339"
Netherlands,733
Switzerland,138
Other Western Europe,5
Greece,717
Italy,913
Portugal,454
Azores Islands,0
Spain,760
Other Southern Europe,0
Albania,598
Belarus,316
Bosnia and Herzegovina,272
Bulgaria,"1,109"
Croatia,85
Czechoslovakia (includes Czech Republic and Slovakia),333
Hungary,292
Latvia,143
Lithuania,82
Moldova,536
North Macedonia (Macedonia),77
Poland,889
Romania,796
Russia,"2,820"
Serbia,168
Ukraine,"1,345"
Other Eastern Europe,550
"Europe, n.o.c.",145
"China, excluding Hong Kong and Taiwan","18,137"
Hong Kong,"1,321"
Taiwan,"3,781"
Japan,"2,390"
Korea,"29,946"
Other Eastern Asia,474
Afghanistan,"6,995"
Bangladesh,"3,979"
Bhutan,22
India,"35,568"
Iran,"7,286"
Kazakhstan,265
Nepal,"4,643"
Pakistan,"8,437"
Sri Lanka,910
Uzbekistan,329
Other South Central Asia,289
Burma (Myanmar),386
Cambodia,"1,678"
Indonesia,841
Laos,"1,109"
Malaysia,"1,038"
Philippines,"11,870"
Singapore,208
Thailand,"2,617"
Vietnam,"23,336"
Other South Eastern Asia,0
Armenia,486
Azerbaijan,708
Georgia,237
Iraq,"3,032"
Israel,575
Jordan,"1,038"
Kuwait,432
Lebanon,"2,055"
Saudi Arabia,"2,264"
Syria,"1,023"
Turkey,"2,623"
United Arab Emirates,388
Yemen,284
Other Western Asia,302
"Asia, n.o.c.",585
Eritrea,"1,585"
Ethiopia,"13,764"
Kenya,"1,393"
Somalia,"1,180"
Tanzania,78
Uganda,161
Zimbabwe,147
Other Eastern Africa,394
Cameroon,436
Congo,156
Democratic Republic of Congo (Zaire),388
Other Middle Africa,359
Algeria,446
Egypt,"3,802"
Morocco,"3,348"
Sudan,"1,783"
Other Northern Africa,202
South Africa,871
Other Southern Africa,110
Cabo Verde,0
Ghana,"3,463"
Ivory Coast,58
Liberia,221
Nigeria,513
Senegal,184
Sierra Leone,"2,247"
Togo,94
Other Western Africa,378
"Africa, n.o.c.","1,410"
Australia,527
Other Australian and New Zealand Subregion,132
Fiji,31
Marshall Islands,7
Micronesia,27
"Oceania, n.o.c.",9
Bahamas,0
Barbados,130
Cuba,790
Dominica,55
Dominican Republic,830
Grenada,28
Haiti,572
Jamaica,851
St. Lucia,0
St. Vincent and the Grenadines,44
Trinidad and Tobago,471
West Indies,0
Other Caribbean,148
Belize,0
Costa Rica,417
El Salvador,"28,902"
Guatemala,"9,370"
Honduras,"9,149"
Mexico,"6,383"
Nicaragua,"2,825"
Panama,611
Other Central America,47
Argentina,"1,938"
Bolivia,"12,497"
Brazil,"1,935"
Chile,"1,436"
Colombia,"4,095"
Ecuador,"1,616"
Guyana,484
Peru,"11,073"
Uruguay,332
Venezuela,"1,835"
Other South America,663
Canada,"2,804"
Other Northern America,24
