origin,population
Total:,"21,452"
Europe:,"1,409"
Denmark,0
Ireland,30
Norway,0
Sweden,0
"United Kingdom, excluding England and Scotland",5
England,24
Scotland,0
Other Northern Europe,0
Austria,63
Belgium,0
France,0
Germany,100
Netherlands,0
Switzerland,0
Other Western Europe,0
Greece,0
Italy,0
Portugal,0
Azores Islands,0
Spain,71
Other Southern Europe,0
Albania,0
Belarus,0
Bosnia and Herzegovina,46
Bulgaria,0
Croatia,0
Czechoslovakia (includes Czech Republic and Slovakia),0
Hungary,0
Latvia,0
Lithuania,0
Moldova,174
North Macedonia (Macedonia),0
Poland,0
Romania,0
Russia,99
Serbia,0
Ukraine,797
Other Eastern Europe,0
"Europe, n.o.c.",0
"China, excluding Hong Kong and Taiwan",12
Hong Kong,0
Taiwan,0
Japan,0
Korea,67
Other Eastern Asia,0
Afghanistan,0
Bangladesh,0
Bhutan,0
India,16
Iran,0
Kazakhstan,17
Nepal,0
Pakistan,12
Sri Lanka,0
Uzbekistan,160
Other South Central Asia,18
Burma (Myanmar),187
Cambodia,1
Indonesia,0
Laos,49
Malaysia,0
Philippines,161
Singapore,0
Thailand,176
Vietnam,216
Other South Eastern Asia,0
Armenia,0
Azerbaijan,0
Georgia,0
Iraq,0
Israel,0
Jordan,0
Kuwait,0
Lebanon,21
Saudi Arabia,0
Syria,0
Turkey,0
United Arab Emirates,0
Yemen,0
Other Western Asia,0
"Asia, n.o.c.",0
Eritrea,0
Ethiopia,0
Kenya,128
Somalia,0
Tanzania,0
Uganda,0
Zimbabwe,0
Other Eastern Africa,0
Cameroon,51
Congo,0
Democratic Republic of Congo (Zaire),0
Other Middle Africa,0
Algeria,0
Egypt,23
Morocco,0
Sudan,0
Other Northern Africa,0
South Africa,16
Other Southern Africa,0
Cabo Verde,0
Ghana,0
Ivory Coast,0
Liberia,0
Nigeria,43
Senegal,0
Sierra Leone,0
Togo,0
Other Western Africa,0
"Africa, n.o.c.",0
Australia,9
Other Australian and New Zealand Subregion,0
Fiji,0
Marshall Islands,0
Micronesia,10
"Oceania, n.o.c.",15
Bahamas,0
Barbados,0
Cuba,67
Dominica,0
Dominican Republic,5
Grenada,0
Haiti,0
Jamaica,17
St. Lucia,13
St. Vincent and the Grenadines,0
Trinidad and Tobago,0
West Indies,0
Other Caribbean,0
Belize,0
Costa Rica,0
El Salvador,682
Guatemala,702
Honduras,25
Mexico,"16,898"
Nicaragua,27
Panama,0
Other Central America,0
Argentina,0
Bolivia,0
Brazil,0
Chile,0
Colombia,25
Ecuador,0
Guyana,0
Peru,21
Uruguay,0
Venezuela,0
Other South America,0
Canada,153
Other Northern America,0
