origin,population
Total:,"200,768"
Europe:,"5,428"
Denmark,16
Ireland,22
Norway,55
Sweden,46
"United Kingdom, excluding England and Scotland",567
England,506
Scotland,83
Other Northern Europe,19
Austria,65
Belgium,94
France,320
Germany,642
Netherlands,166
Switzerland,54
Other Western Europe,0
Greece,185
Italy,210
Portugal,446
Azores Islands,166
Spain,685
Other Southern Europe,0
Albania,6
Belarus,9
Bosnia and Herzegovina,10
Bulgaria,4
Croatia,47
Czechoslovakia (includes Czech Republic and Slovakia),46
Hungary,8
Latvia,25
Lithuania,0
Moldova,64
North Macedonia (Macedonia),45
Poland,25
Romania,110
Russia,297
Serbia,0
Ukraine,462
Other Eastern Europe,65
"Europe, n.o.c.",24
"China, excluding Hong Kong and Taiwan","2,964"
Hong Kong,470
Taiwan,344
Japan,492
Korea,"1,414"
Other Eastern Asia,0
Afghanistan,703
Bangladesh,14
Bhutan,0
India,"14,769"
Iran,735
Kazakhstan,51
Nepal,97
Pakistan,912
Sri Lanka,170
Uzbekistan,0
Other South Central Asia,0
Burma (Myanmar),308
Cambodia,"1,862"
Indonesia,761
Laos,"9,789"
Malaysia,442
Philippines,"8,130"
Singapore,15
Thailand,"5,089"
Vietnam,"3,035"
Other South Eastern Asia,0
Armenia,"1,570"
Azerbaijan,14
Georgia,50
Iraq,256
Israel,155
Jordan,582
Kuwait,127
Lebanon,414
Saudi Arabia,80
Syria,"1,093"
Turkey,100
United Arab Emirates,228
Yemen,"1,647"
Other Western Asia,154
"Asia, n.o.c.",124
Eritrea,17
Ethiopia,388
Kenya,71
Somalia,4
Tanzania,0
Uganda,126
Zimbabwe,20
Other Eastern Africa,13
Cameroon,5
Congo,0
Democratic Republic of Congo (Zaire),35
Other Middle Africa,0
Algeria,21
Egypt,617
Morocco,30
Sudan,37
Other Northern Africa,0
South Africa,84
Other Southern Africa,0
Cabo Verde,0
Ghana,135
Ivory Coast,0
Liberia,49
Nigeria,495
Senegal,0
Sierra Leone,44
Togo,0
Other Western Africa,30
"Africa, n.o.c.",356
Australia,142
Other Australian and New Zealand Subregion,72
Fiji,242
Marshall Islands,4
Micronesia,12
"Oceania, n.o.c.",316
Bahamas,0
Barbados,13
Cuba,216
Dominica,6
Dominican Republic,34
Grenada,0
Haiti,53
Jamaica,101
St. Lucia,0
St. Vincent and the Grenadines,0
Trinidad and Tobago,99
West Indies,0
Other Caribbean,0
Belize,32
Costa Rica,132
El Salvador,"8,097"
Guatemala,"1,535"
Honduras,731
Mexico,"117,809"
Nicaragua,300
Panama,80
Other Central America,12
Argentina,154
Bolivia,235
Brazil,276
Chile,113
Colombia,473
Ecuador,203
Guyana,11
Peru,449
Uruguay,23
Venezuela,204
Other South America,61
Canada,"1,363"
Other Northern America,0
