origin,population
Total:,"4,436"
Europe:,"1,341"
Denmark,3
Ireland,18
Norway,5
Sweden,3
"United Kingdom, excluding England and Scotland",229
England,44
Scotland,0
Other Northern Europe,7
Austria,15
Belgium,0
France,13
Germany,148
Netherlands,124
Switzerland,66
Other Western Europe,0
Greece,10
Italy,45
Portugal,0
Azores Islands,0
Spain,12
Other Southern Europe,0
Albania,0
Belarus,8
Bosnia and Herzegovina,0
Bulgaria,1
Croatia,4
Czechoslovakia (includes Czech Republic and Slovakia),12
Hungary,106
Latvia,26
Lithuania,14
Moldova,39
North Macedonia (Macedonia),0
Poland,112
Romania,32
Russia,102
Serbia,0
Ukraine,84
Other Eastern Europe,59
"Europe, n.o.c.",0
"China, excluding Hong Kong and Taiwan",335
Hong Kong,81
Taiwan,57
Japan,69
Korea,71
Other Eastern Asia,0
Afghanistan,0
Bangladesh,3
Bhutan,41
India,90
Iran,26
Kazakhstan,0
Nepal,101
Pakistan,4
Sri Lanka,83
Uzbekistan,0
Other South Central Asia,0
Burma (Myanmar),0
Cambodia,0
Indonesia,0
Laos,0
Malaysia,0
Philippines,83
Singapore,10
Thailand,33
Vietnam,34
Other South Eastern Asia,0
Armenia,0
Azerbaijan,0
Georgia,0
Iraq,0
Israel,46
Jordan,0
Kuwait,0
Lebanon,0
Saudi Arabia,58
Syria,0
Turkey,121
United Arab Emirates,57
Yemen,0
Other Western Asia,30
"Asia, n.o.c.",0
Eritrea,0
Ethiopia,82
Kenya,0
Somalia,0
Tanzania,34
Uganda,0
Zimbabwe,15
Other Eastern Africa,0
Cameroon,0
Congo,0
Democratic Republic of Congo (Zaire),0
Other Middle Africa,0
Algeria,0
Egypt,0
Morocco,0
Sudan,0
Other Northern Africa,0
South Africa,16
Other Southern Africa,0
Cabo Verde,0
Ghana,0
Ivory Coast,3
Liberia,0
Nigeria,0
Senegal,0
Sierra Leone,0
Togo,0
Other Western Africa,0
"Africa, n.o.c.",0
Australia,85
Other Australian and New Zealand Subregion,21
Fiji,0
Marshall Islands,0
Micronesia,3
"Oceania, n.o.c.",0
Bahamas,0
Barbados,0
Cuba,63
Dominica,0
Dominican Republic,53
Grenada,0
Haiti,52
Jamaica,0
St. Lucia,0
St. Vincent and the Grenadines,0
Trinidad and Tobago,0
West Indies,0
Other Caribbean,0
Belize,0
Costa Rica,10
El Salvador,0
Guatemala,7
Honduras,19
Mexico,662
Nicaragua,0
Panama,2
Other Central America,0
Argentina,13
Bolivia,0
Brazil,58
Chile,0
Colombia,55
Ecuador,20
Guyana,77
Peru,11
Uruguay,0
Venezuela,29
Other South America,0
Canada,272
Other Northern America,0
