origin,population
Total:,"4,781"
Europe:,637
Denmark,0
Ireland,0
Norway,0
Sweden,34
"United Kingdom, excluding England and Scotland",42
England,70
Scotland,19
Other Northern Europe,0
Austria,0
Belgium,14
France,13
Germany,51
Netherlands,95
Switzerland,0
Other Western Europe,0
Greece,0
Italy,0
Portugal,113
Azores Islands,0
Spain,17
Other Southern Europe,0
Albania,0
Belarus,0
Bosnia and Herzegovina,0
Bulgaria,0
Croatia,0
Czechoslovakia (includes Czech Republic and Slovakia),0
Hungary,30
Latvia,0
Lithuania,0
Moldova,0
North Macedonia (Macedonia),0
Poland,26
Romania,0
Russia,100
Serbia,0
Ukraine,0
Other Eastern Europe,13
"Europe, n.o.c.",0
"China, excluding Hong Kong and Taiwan",53
Hong Kong,0
Taiwan,0
Japan,0
Korea,140
Other Eastern Asia,0
Afghanistan,0
Bangladesh,16
Bhutan,0
India,129
Iran,0
Kazakhstan,0
Nepal,0
Pakistan,32
Sri Lanka,0
Uzbekistan,0
Other South Central Asia,0
Burma (Myanmar),0
Cambodia,116
Indonesia,0
Laos,23
Malaysia,16
Philippines,152
Singapore,0
Thailand,141
Vietnam,102
Other South Eastern Asia,0
Armenia,0
Azerbaijan,0
Georgia,0
Iraq,32
Israel,18
Jordan,0
Kuwait,0
Lebanon,35
Saudi Arabia,0
Syria,0
Turkey,0
United Arab Emirates,0
Yemen,0
Other Western Asia,0
"Asia, n.o.c.",0
Eritrea,0
Ethiopia,0
Kenya,0
Somalia,0
Tanzania,0
Uganda,0
Zimbabwe,0
Other Eastern Africa,14
Cameroon,0
Congo,0
Democratic Republic of Congo (Zaire),0
Other Middle Africa,0
Algeria,0
Egypt,0
Morocco,84
Sudan,0
Other Northern Africa,0
South Africa,23
Other Southern Africa,0
Cabo Verde,0
Ghana,50
Ivory Coast,0
Liberia,0
Nigeria,154
Senegal,0
Sierra Leone,0
Togo,0
Other Western Africa,0
"Africa, n.o.c.",0
Australia,32
Other Australian and New Zealand Subregion,107
Fiji,0
Marshall Islands,0
Micronesia,0
"Oceania, n.o.c.",0
Bahamas,41
Barbados,0
Cuba,20
Dominica,0
Dominican Republic,0
Grenada,0
Haiti,16
Jamaica,73
St. Lucia,0
St. Vincent and the Grenadines,0
Trinidad and Tobago,40
West Indies,0
Other Caribbean,0
Belize,0
Costa Rica,16
El Salvador,161
Guatemala,316
Honduras,264
Mexico,"1,236"
Nicaragua,0
Panama,22
Other Central America,0
Argentina,0
Bolivia,0
Brazil,4
Chile,81
Colombia,20
Ecuador,0
Guyana,110
Peru,9
Uruguay,48
Venezuela,45
Other South America,0
Canada,153
Other Northern America,0
