origin,population
Total:,"5,274"
Europe:,"1,577"
Denmark,26
Ireland,59
Norway,0
Sweden,17
"United Kingdom, excluding England and Scotland",189
England,178
Scotland,32
Other Northern Europe,5
Austria,82
Belgium,8
France,229
Germany,262
Netherlands,67
Switzerland,31
Other Western Europe,0
Greece,6
Italy,23
Portugal,63
Azores Islands,3
Spain,13
Other Southern Europe,0
Albania,18
Belarus,0
Bosnia and Herzegovina,0
Bulgaria,9
Croatia,0
Czechoslovakia (includes Czech Republic and Slovakia),0
Hungary,0
Latvia,0
Lithuania,18
Moldova,4
North Macedonia (Macedonia),0
Poland,78
Romania,23
Russia,81
Serbia,0
Ukraine,10
Other Eastern Europe,46
"Europe, n.o.c.",0
"China, excluding Hong Kong and Taiwan",474
Hong Kong,52
Taiwan,64
Japan,97
Korea,177
Other Eastern Asia,0
Afghanistan,0
Bangladesh,17
Bhutan,0
India,370
Iran,31
Kazakhstan,20
Nepal,64
Pakistan,38
Sri Lanka,96
Uzbekistan,17
Other South Central Asia,4
Burma (Myanmar),0
Cambodia,30
Indonesia,15
Laos,115
Malaysia,49
Philippines,188
Singapore,9
Thailand,93
Vietnam,30
Other South Eastern Asia,0
Armenia,0
Azerbaijan,0
Georgia,14
Iraq,9
Israel,47
Jordan,0
Kuwait,10
Lebanon,31
Saudi Arabia,0
Syria,0
Turkey,14
United Arab Emirates,0
Yemen,0
Other Western Asia,0
"Asia, n.o.c.",0
Eritrea,0
Ethiopia,35
Kenya,45
Somalia,0
Tanzania,0
Uganda,55
Zimbabwe,4
Other Eastern Africa,4
Cameroon,22
Congo,0
Democratic Republic of Congo (Zaire),0
Other Middle Africa,0
Algeria,0
Egypt,0
Morocco,0
Sudan,0
Other Northern Africa,3
South Africa,84
Other Southern Africa,0
Cabo Verde,0
Ghana,17
Ivory Coast,0
Liberia,38
Nigeria,27
Senegal,0
Sierra Leone,0
Togo,0
Other Western Africa,0
"Africa, n.o.c.",16
Australia,94
Other Australian and New Zealand Subregion,25
Fiji,0
Marshall Islands,0
Micronesia,0
"Oceania, n.o.c.",0
Bahamas,2
Barbados,0
Cuba,7
Dominica,0
Dominican Republic,14
Grenada,0
Haiti,72
Jamaica,34
St. Lucia,0
St. Vincent and the Grenadines,0
Trinidad and Tobago,7
West Indies,0
Other Caribbean,0
Belize,0
Costa Rica,15
El Salvador,26
Guatemala,39
Honduras,4
Mexico,102
Nicaragua,42
Panama,0
Other Central America,0
Argentina,4
Bolivia,0
Brazil,96
Chile,1
Colombia,1
Ecuador,0
Guyana,0
Peru,37
Uruguay,0
Venezuela,0
Other South America,0
Canada,550
Other Northern America,0
