origin,population
Total:,"2,682"
Europe:,"1,446"
Denmark,0
Ireland,57
Norway,22
Sweden,16
"United Kingdom, excluding England and Scotland",32
England,45
Scotland,12
Other Northern Europe,0
Austria,49
Belgium,17
France,115
Germany,246
Netherlands,16
Switzerland,8
Other Western Europe,0
Greece,38
Italy,145
Portugal,0
Azores Islands,0
Spain,9
Other Southern Europe,0
Albania,44
Belarus,15
Bosnia and Herzegovina,0
Bulgaria,0
Croatia,0
Czechoslovakia (includes Czech Republic and Slovakia),130
Hungary,17
Latvia,1
Lithuania,5
Moldova,64
North Macedonia (Macedonia),0
Poland,98
Romania,15
Russia,102
Serbia,13
Ukraine,97
Other Eastern Europe,18
"Europe, n.o.c.",0
"China, excluding Hong Kong and Taiwan",16
Hong Kong,29
Taiwan,0
Japan,44
Korea,7
Other Eastern Asia,0
Afghanistan,0
Bangladesh,0
Bhutan,0
India,117
Iran,21
Kazakhstan,0
Nepal,0
Pakistan,34
Sri Lanka,4
Uzbekistan,0
Other South Central Asia,0
Burma (Myanmar),0
Cambodia,13
Indonesia,0
Laos,0
Malaysia,0
Philippines,4
Singapore,0
Thailand,16
Vietnam,54
Other South Eastern Asia,0
Armenia,0
Azerbaijan,0
Georgia,0
Iraq,0
Israel,8
Jordan,0
Kuwait,0
Lebanon,9
Saudi Arabia,0
Syria,0
Turkey,10
United Arab Emirates,0
Yemen,0
Other Western Asia,0
"Asia, n.o.c.",0
Eritrea,0
Ethiopia,10
Kenya,0
Somalia,0
Tanzania,0
Uganda,0
Zimbabwe,0
Other Eastern Africa,0
Cameroon,0
Congo,0
Democratic Republic of Congo (Zaire),0
Other Middle Africa,0
Algeria,0
Egypt,2
Morocco,0
Sudan,0
Other Northern Africa,0
South Africa,0
Other Southern Africa,0
Cabo Verde,0
Ghana,19
Ivory Coast,8
Liberia,0
Nigeria,0
Senegal,0
Sierra Leone,0
Togo,0
Other Western Africa,0
"Africa, n.o.c.",0
Australia,5
Other Australian and New Zealand Subregion,0
Fiji,0
Marshall Islands,0
Micronesia,0
"Oceania, n.o.c.",0
Bahamas,0
Barbados,0
Cuba,18
Dominica,3
Dominican Republic,120
Grenada,0
Haiti,64
Jamaica,5
St. Lucia,0
St. Vincent and the Grenadines,28
Trinidad and Tobago,7
West Indies,0
Other Caribbean,0
Belize,0
Costa Rica,0
El Salvador,80
Guatemala,0
Honduras,17
Mexico,146
Nicaragua,0
Panama,38
Other Central America,0
Argentina,3
Bolivia,29
Brazil,11
Chile,22
Colombia,2
Ecuador,56
Guyana,24
Peru,31
Uruguay,0
Venezuela,5
Other South America,8
Canada,89
Other Northern America,0
