origin,population
Total:,"10,571"
Europe:,577
Denmark,27
Ireland,0
Norway,0
Sweden,0
"United Kingdom, excluding England and Scotland",20
England,38
Scotland,0
Other Northern Europe,0
Austria,0
Belgium,0
France,0
Germany,244
Netherlands,15
Switzerland,0
Other Western Europe,0
Greece,0
Italy,17
Portugal,0
Azores Islands,0
Spain,46
Other Southern Europe,0
Albania,11
Belarus,0
Bosnia and Herzegovina,0
Bulgaria,0
Croatia,0
Czechoslovakia (includes Czech Republic and Slovakia),0
Hungary,50
Latvia,6
Lithuania,27
Moldova,0
North Macedonia (Macedonia),0
Poland,0
Romania,7
Russia,15
Serbia,46
Ukraine,8
Other Eastern Europe,0
"Europe, n.o.c.",0
"China, excluding Hong Kong and Taiwan",40
Hong Kong,11
Taiwan,14
Japan,18
Korea,108
Other Eastern Asia,78
Afghanistan,0
Bangladesh,40
Bhutan,20
India,79
Iran,28
Kazakhstan,9
Nepal,191
Pakistan,35
Sri Lanka,17
Uzbekistan,0
Other South Central Asia,0
Burma (Myanmar),0
Cambodia,52
Indonesia,0
Laos,30
Malaysia,18
Philippines,211
Singapore,0
Thailand,50
Vietnam,187
Other South Eastern Asia,0
Armenia,0
Azerbaijan,0
Georgia,0
Iraq,0
Israel,0
Jordan,0
Kuwait,0
Lebanon,0
Saudi Arabia,0
Syria,0
Turkey,0
United Arab Emirates,0
Yemen,0
Other Western Asia,0
"Asia, n.o.c.",20
Eritrea,0
Ethiopia,0
Kenya,69
Somalia,0
Tanzania,0
Uganda,0
Zimbabwe,0
Other Eastern Africa,0
Cameroon,16
Congo,0
Democratic Republic of Congo (Zaire),0
Other Middle Africa,0
Algeria,0
Egypt,0
Morocco,0
Sudan,0
Other Northern Africa,0
South Africa,3
Other Southern Africa,0
Cabo Verde,0
Ghana,0
Ivory Coast,0
Liberia,0
Nigeria,105
Senegal,0
Sierra Leone,0
Togo,0
Other Western Africa,0
"Africa, n.o.c.",0
Australia,12
Other Australian and New Zealand Subregion,12
Fiji,0
Marshall Islands,0
Micronesia,0
"Oceania, n.o.c.",0
Bahamas,0
Barbados,0
Cuba,63
Dominica,0
Dominican Republic,0
Grenada,0
Haiti,0
Jamaica,26
St. Lucia,0
St. Vincent and the Grenadines,0
Trinidad and Tobago,0
West Indies,0
Other Caribbean,0
Belize,17
Costa Rica,13
El Salvador,284
Guatemala,20
Honduras,116
Mexico,"7,605"
Nicaragua,0
Panama,69
Other Central America,0
Argentina,0
Bolivia,3
Brazil,18
Chile,4
Colombia,55
Ecuador,42
Guyana,0
Peru,0
Uruguay,0
Venezuela,16
Other South America,0
Canada,170
Other Northern America,0
