origin,population
Total:,"1,238,667"
Europe:,"47,251"
Denmark,715
Ireland,704
Norway,759
Sweden,708
"United Kingdom, excluding England and Scotland","5,933"
England,"4,161"
Scotland,"1,465"
Other Northern Europe,238
Austria,306
Belgium,391
France,"3,248"
Germany,"5,747"
Netherlands,"1,479"
Switzerland,427
Other Western Europe,10
Greece,"1,167"
Italy,"2,096"
Portugal,504
Azores Islands,8
Spain,"1,863"
Other Southern Europe,21
Albania,367
Belarus,269
Bosnia and Herzegovina,"1,545"
Bulgaria,521
Croatia,323
Czechoslovakia (includes Czech Republic and Slovakia),415
Hungary,603
Latvia,114
Lithuania,82
Moldova,78
North Macedonia (Macedonia),356
Poland,"1,705"
Romania,"1,941"
Russia,"3,912"
Serbia,608
Ukraine,"1,536"
Other Eastern Europe,896
"Europe, n.o.c.",38
"China, excluding Hong Kong and Taiwan","29,978"
Hong Kong,"2,805"
Taiwan,"6,488"
Japan,"3,357"
Korea,"8,977"
Other Eastern Asia,0
Afghanistan,"2,522"
Bangladesh,"3,399"
Bhutan,377
India,"43,784"
Iran,"8,425"
Kazakhstan,880
Nepal,"3,322"
Pakistan,"14,564"
Sri Lanka,"1,755"
Uzbekistan,269
Other South Central Asia,225
Burma (Myanmar),"1,342"
Cambodia,"2,309"
Indonesia,"3,076"
Laos,"1,107"
Malaysia,"1,571"
Philippines,"21,971"
Singapore,"1,005"
Thailand,"2,769"
Vietnam,"72,903"
Other South Eastern Asia,62
Armenia,303
Azerbaijan,605
Georgia,121
Iraq,"7,155"
Israel,"1,101"
Jordan,"2,887"
Kuwait,"1,354"
Lebanon,"2,895"
Saudi Arabia,"1,991"
Syria,"2,367"
Turkey,"2,321"
United Arab Emirates,"1,456"
Yemen,209
Other Western Asia,654
"Asia, n.o.c.",888
Eritrea,"2,588"
Ethiopia,"3,503"
Kenya,"2,370"
Somalia,257
Tanzania,827
Uganda,632
Zimbabwe,448
Other Eastern Africa,"1,485"
Cameroon,"5,593"
Congo,536
Democratic Republic of Congo (Zaire),679
Other Middle Africa,"1,740"
Algeria,741
Egypt,"4,654"
Morocco,"1,390"
Sudan,"1,029"
Other Northern Africa,442
South Africa,"2,065"
Other Southern Africa,122
Cabo Verde,18
Ghana,"2,548"
Ivory Coast,"1,276"
Liberia,"1,108"
Nigeria,"31,292"
Senegal,928
Sierra Leone,"1,363"
Togo,227
Other Western Africa,"1,734"
"Africa, n.o.c.","2,012"
Australia,"2,268"
Other Australian and New Zealand Subregion,280
Fiji,99
Marshall Islands,0
Micronesia,180
"Oceania, n.o.c.",281
Bahamas,749
Barbados,489
Cuba,"26,882"
Dominica,"1,118"
Dominican Republic,"3,988"
Grenada,101
Haiti,"1,372"
Jamaica,"6,091"
St. Lucia,965
St. Vincent and the Grenadines,100
Trinidad and Tobago,"4,157"
West Indies,401
Other Caribbean,"1,666"
Belize,"1,334"
Costa Rica,"1,471"
El Salvador,"111,013"
Guatemala,"41,494"
Honduras,"77,460"
Mexico,"468,485"
Nicaragua,"7,326"
Panama,"1,820"
Other Central America,133
Argentina,"3,998"
Bolivia,"1,564"
Brazil,"6,230"
Chile,"2,220"
Colombia,"25,312"
Ecuador,"4,674"
Guyana,626
Peru,"5,842"
Uruguay,"1,118"
Venezuela,"27,984"
Other South America,573
Canada,"10,332"
Other Northern America,64
