origin,population
Total:,"25,979"
Europe:,"2,667"
Denmark,25
Ireland,27
Norway,21
Sweden,28
"United Kingdom, excluding England and Scotland",359
England,121
Scotland,0
Other Northern Europe,6
Austria,25
Belgium,12
France,313
Germany,615
Netherlands,166
Switzerland,82
Other Western Europe,0
Greece,19
Italy,35
Portugal,10
Azores Islands,0
Spain,125
Other Southern Europe,0
Albania,0
Belarus,18
Bosnia and Herzegovina,0
Bulgaria,0
Croatia,23
Czechoslovakia (includes Czech Republic and Slovakia),70
Hungary,0
Latvia,0
Lithuania,0
Moldova,10
North Macedonia (Macedonia),0
Poland,8
Romania,46
Russia,238
Serbia,0
Ukraine,134
Other Eastern Europe,119
"Europe, n.o.c.",12
"China, excluding Hong Kong and Taiwan","1,255"
Hong Kong,168
Taiwan,94
Japan,"1,898"
Korea,413
Other Eastern Asia,11
Afghanistan,0
Bangladesh,2
Bhutan,0
India,143
Iran,175
Kazakhstan,0
Nepal,0
Pakistan,0
Sri Lanka,8
Uzbekistan,0
Other South Central Asia,0
Burma (Myanmar),0
Cambodia,19
Indonesia,180
Laos,158
Malaysia,28
Philippines,"10,001"
Singapore,12
Thailand,829
Vietnam,426
Other South Eastern Asia,0
Armenia,0
Azerbaijan,0
Georgia,0
Iraq,4
Israel,73
Jordan,0
Kuwait,0
Lebanon,0
Saudi Arabia,0
Syria,0
Turkey,2
United Arab Emirates,13
Yemen,0
Other Western Asia,15
"Asia, n.o.c.",0
Eritrea,0
Ethiopia,0
Kenya,0
Somalia,0
Tanzania,0
Uganda,0
Zimbabwe,15
Other Eastern Africa,9
Cameroon,0
Congo,0
Democratic Republic of Congo (Zaire),0
Other Middle Africa,0
Algeria,4
Egypt,0
Morocco,0
Sudan,0
Other Northern Africa,0
South Africa,314
Other Southern Africa,0
Cabo Verde,0
Ghana,21
Ivory Coast,0
Liberia,2
Nigeria,0
Senegal,0
Sierra Leone,0
Togo,0
Other Western Africa,0
"Africa, n.o.c.",31
Australia,326
Other Australian and New Zealand Subregion,292
Fiji,1
Marshall Islands,"1,089"
Micronesia,"1,178"
"Oceania, n.o.c.",619
Bahamas,0
Barbados,0
Cuba,38
Dominica,0
Dominican Republic,0
Grenada,0
Haiti,0
Jamaica,19
St. Lucia,0
St. Vincent and the Grenadines,0
Trinidad and Tobago,10
West Indies,23
Other Caribbean,0
Belize,0
Costa Rica,0
El Salvador,40
Guatemala,276
Honduras,212
Mexico,"1,369"
Nicaragua,31
Panama,20
Other Central America,0
Argentina,22
Bolivia,0
Brazil,72
Chile,154
Colombia,69
Ecuador,14
Guyana,18
Peru,27
Uruguay,0
Venezuela,3
Other South America,0
Canada,"1,067"
Other Northern America,0
