origin,population
Total:,"195,845"
Europe:,"6,979"
Denmark,58
Ireland,123
Norway,117
Sweden,183
"United Kingdom, excluding England and Scotland",594
England,525
Scotland,2
Other Northern Europe,81
Austria,86
Belgium,148
France,481
Germany,"1,732"
Netherlands,48
Switzerland,149
Other Western Europe,0
Greece,31
Italy,200
Portugal,14
Azores Islands,0
Spain,124
Other Southern Europe,0
Albania,4
Belarus,59
Bosnia and Herzegovina,59
Bulgaria,465
Croatia,99
Czechoslovakia (includes Czech Republic and Slovakia),115
Hungary,60
Latvia,26
Lithuania,66
Moldova,19
North Macedonia (Macedonia),0
Poland,307
Romania,223
Russia,443
Serbia,94
Ukraine,173
Other Eastern Europe,71
"Europe, n.o.c.",0
"China, excluding Hong Kong and Taiwan","18,071"
Hong Kong,"3,905"
Taiwan,"2,475"
Japan,"19,167"
Korea,"14,203"
Other Eastern Asia,100
Afghanistan,49
Bangladesh,78
Bhutan,96
India,"1,087"
Iran,510
Kazakhstan,61
Nepal,191
Pakistan,82
Sri Lanka,210
Uzbekistan,34
Other South Central Asia,19
Burma (Myanmar),119
Cambodia,283
Indonesia,500
Laos,907
Malaysia,936
Philippines,"82,422"
Singapore,254
Thailand,"2,146"
Vietnam,"8,198"
Other South Eastern Asia,16
Armenia,0
Azerbaijan,0
Georgia,2
Iraq,29
Israel,110
Jordan,9
Kuwait,0
Lebanon,34
Saudi Arabia,57
Syria,0
Turkey,158
United Arab Emirates,2
Yemen,3
Other Western Asia,0
"Asia, n.o.c.",238
Eritrea,31
Ethiopia,17
Kenya,103
Somalia,0
Tanzania,10
Uganda,0
Zimbabwe,78
Other Eastern Africa,35
Cameroon,101
Congo,120
Democratic Republic of Congo (Zaire),5
Other Middle Africa,12
Algeria,37
Egypt,169
Morocco,0
Sudan,21
Other Northern Africa,14
South Africa,271
Other Southern Africa,0
Cabo Verde,19
Ghana,153
Ivory Coast,0
Liberia,33
Nigeria,55
Senegal,0
Sierra Leone,26
Togo,6
Other Western Africa,73
"Africa, n.o.c.",38
Australia,635
Other Australian and New Zealand Subregion,645
Fiji,388
Marshall Islands,"3,765"
Micronesia,"8,323"
"Oceania, n.o.c.","7,693"
Bahamas,0
Barbados,0
Cuba,110
Dominica,1
Dominican Republic,191
Grenada,89
Haiti,354
Jamaica,438
St. Lucia,10
St. Vincent and the Grenadines,0
Trinidad and Tobago,336
West Indies,0
Other Caribbean,51
Belize,121
Costa Rica,35
El Salvador,141
Guatemala,132
Honduras,156
Mexico,"2,121"
Nicaragua,100
Panama,81
Other Central America,0
Argentina,131
Bolivia,13
Brazil,"1,023"
Chile,194
Colombia,446
Ecuador,151
Guyana,34
Peru,214
Uruguay,0
Venezuela,354
Other South America,30
Canada,"2,144"
Other Northern America,28
