origin,population
Total:,"72,460"
Europe:,"6,369"
Denmark,25
Ireland,85
Norway,38
Sweden,79
"United Kingdom, excluding England and Scotland",651
England,451
Scotland,15
Other Northern Europe,37
Austria,62
Belgium,183
France,167
Germany,919
Netherlands,30
Switzerland,40
Other Western Europe,0
Greece,142
Italy,179
Portugal,61
Azores Islands,0
Spain,124
Other Southern Europe,0
Albania,0
Belarus,152
Bosnia and Herzegovina,10
Bulgaria,27
Croatia,7
Czechoslovakia (includes Czech Republic and Slovakia),80
Hungary,112
Latvia,83
Lithuania,28
Moldova,104
North Macedonia (Macedonia),41
Poland,435
Romania,164
Russia,963
Serbia,52
Ukraine,580
Other Eastern Europe,237
"Europe, n.o.c.",6
"China, excluding Hong Kong and Taiwan","6,745"
Hong Kong,962
Taiwan,916
Japan,378
Korea,"9,078"
Other Eastern Asia,134
Afghanistan,143
Bangladesh,759
Bhutan,0
India,"13,454"
Iran,"1,046"
Kazakhstan,46
Nepal,834
Pakistan,"1,781"
Sri Lanka,104
Uzbekistan,52
Other South Central Asia,16
Burma (Myanmar),467
Cambodia,45
Indonesia,157
Laos,28
Malaysia,118
Philippines,"1,688"
Singapore,22
Thailand,255
Vietnam,"1,209"
Other South Eastern Asia,0
Armenia,11
Azerbaijan,39
Georgia,36
Iraq,162
Israel,653
Jordan,353
Kuwait,145
Lebanon,100
Saudi Arabia,44
Syria,275
Turkey,485
United Arab Emirates,48
Yemen,9
Other Western Asia,78
"Asia, n.o.c.",49
Eritrea,74
Ethiopia,"1,389"
Kenya,359
Somalia,20
Tanzania,24
Uganda,55
Zimbabwe,0
Other Eastern Africa,22
Cameroon,548
Congo,0
Democratic Republic of Congo (Zaire),179
Other Middle Africa,6
Algeria,40
Egypt,399
Morocco,130
Sudan,174
Other Northern Africa,60
South Africa,178
Other Southern Africa,9
Cabo Verde,0
Ghana,"1,201"
Ivory Coast,125
Liberia,495
Nigeria,"3,323"
Senegal,74
Sierra Leone,877
Togo,95
Other Western Africa,334
"Africa, n.o.c.",53
Australia,82
Other Australian and New Zealand Subregion,18
Fiji,19
Marshall Islands,0
Micronesia,0
"Oceania, n.o.c.",8
Bahamas,76
Barbados,0
Cuba,148
Dominica,32
Dominican Republic,202
Grenada,36
Haiti,367
Jamaica,"1,284"
St. Lucia,16
St. Vincent and the Grenadines,0
Trinidad and Tobago,233
West Indies,18
Other Caribbean,90
Belize,3
Costa Rica,81
El Salvador,"2,608"
Guatemala,826
Honduras,"1,550"
Mexico,"1,397"
Nicaragua,47
Panama,31
Other Central America,0
Argentina,148
Bolivia,36
Brazil,"1,016"
Chile,40
Colombia,815
Ecuador,133
Guyana,185
Peru,357
Uruguay,29
Venezuela,219
Other South America,87
Canada,687
Other Northern America,0
