origin,population
Total:,"1,842"
Europe:,352
Denmark,2
Ireland,0
Norway,5
Sweden,5
"United Kingdom, excluding England and Scotland",0
England,59
Scotland,8
Other Northern Europe,0
Austria,13
Belgium,0
France,0
Germany,95
Netherlands,50
Switzerland,0
Other Western Europe,0
Greece,0
Italy,7
Portugal,0
Azores Islands,0
Spain,21
Other Southern Europe,0
Albania,0
Belarus,0
Bosnia and Herzegovina,0
Bulgaria,10
Croatia,0
Czechoslovakia (includes Czech Republic and Slovakia),4
Hungary,0
Latvia,0
Lithuania,0
Moldova,0
North Macedonia (Macedonia),0
Poland,32
Romania,14
Russia,5
Serbia,0
Ukraine,0
Other Eastern Europe,22
"Europe, n.o.c.",0
"China, excluding Hong Kong and Taiwan",151
Hong Kong,0
Taiwan,25
Japan,8
Korea,38
Other Eastern Asia,0
Afghanistan,0
Bangladesh,0
Bhutan,0
India,267
Iran,12
Kazakhstan,0
Nepal,0
Pakistan,27
Sri Lanka,0
Uzbekistan,0
Other South Central Asia,0
Burma (Myanmar),7
Cambodia,20
Indonesia,24
Laos,0
Malaysia,11
Philippines,81
Singapore,0
Thailand,9
Vietnam,0
Other South Eastern Asia,0
Armenia,0
Azerbaijan,0
Georgia,0
Iraq,5
Israel,0
Jordan,0
Kuwait,7
Lebanon,0
Saudi Arabia,0
Syria,6
Turkey,0
United Arab Emirates,0
Yemen,0
Other Western Asia,0
"Asia, n.o.c.",0
Eritrea,0
Ethiopia,12
Kenya,0
Somalia,0
Tanzania,0
Uganda,0
Zimbabwe,0
Other Eastern Africa,0
Cameroon,0
Congo,0
Democratic Republic of Congo (Zaire),0
Other Middle Africa,0
Algeria,0
Egypt,13
Morocco,5
Sudan,0
Other Northern Africa,0
South Africa,18
Other Southern Africa,0
Cabo Verde,0
Ghana,6
Ivory Coast,0
Liberia,0
Nigeria,62
Senegal,0
Sierra Leone,0
Togo,0
Other Western Africa,0
"Africa, n.o.c.",0
Australia,0
Other Australian and New Zealand Subregion,0
Fiji,0
Marshall Islands,0
Micronesia,0
"Oceania, n.o.c.",0
Bahamas,0
Barbados,0
Cuba,21
Dominica,5
Dominican Republic,0
Grenada,0
Haiti,7
Jamaica,0
St. Lucia,0
St. Vincent and the Grenadines,0
Trinidad and Tobago,4
West Indies,0
Other Caribbean,0
Belize,0
Costa Rica,0
El Salvador,0
Guatemala,81
Honduras,9
Mexico,224
Nicaragua,0
Panama,0
Other Central America,0
Argentina,3
Bolivia,0
Brazil,146
Chile,0
Colombia,6
Ecuador,3
Guyana,0
Peru,45
Uruguay,0
Venezuela,0
Other South America,0
Canada,122
Other Northern America,0
