origin,population
Total:,"6,507"
Europe:,"1,419"
Denmark,144
Ireland,11
Norway,55
Sweden,38
"United Kingdom, excluding England and Scotland",297
England,199
Scotland,32
Other Northern Europe,0
Austria,0
Belgium,0
France,33
Germany,250
Netherlands,36
Switzerland,10
Other Western Europe,0
Greece,0
Italy,73
Portugal,61
Azores Islands,0
Spain,20
Other Southern Europe,0
Albania,0
Belarus,0
Bosnia and Herzegovina,0
Bulgaria,0
Croatia,0
Czechoslovakia (includes Czech Republic and Slovakia),0
Hungary,37
Latvia,9
Lithuania,0
Moldova,7
North Macedonia (Macedonia),0
Poland,25
Romania,32
Russia,28
Serbia,0
Ukraine,22
Other Eastern Europe,0
"Europe, n.o.c.",0
"China, excluding Hong Kong and Taiwan",287
Hong Kong,26
Taiwan,81
Japan,122
Korea,197
Other Eastern Asia,0
Afghanistan,2
Bangladesh,0
Bhutan,0
India,134
Iran,27
Kazakhstan,0
Nepal,42
Pakistan,0
Sri Lanka,0
Uzbekistan,0
Other South Central Asia,0
Burma (Myanmar),6
Cambodia,0
Indonesia,9
Laos,0
Malaysia,0
Philippines,"1,739"
Singapore,0
Thailand,71
Vietnam,353
Other South Eastern Asia,0
Armenia,0
Azerbaijan,0
Georgia,0
Iraq,27
Israel,17
Jordan,0
Kuwait,0
Lebanon,0
Saudi Arabia,0
Syria,0
Turkey,0
United Arab Emirates,0
Yemen,0
Other Western Asia,0
"Asia, n.o.c.",0
Eritrea,0
Ethiopia,0
Kenya,52
Somalia,0
Tanzania,13
Uganda,0
Zimbabwe,0
Other Eastern Africa,9
Cameroon,0
Congo,0
Democratic Republic of Congo (Zaire),0
Other Middle Africa,0
Algeria,0
Egypt,0
Morocco,0
Sudan,0
Other Northern Africa,0
South Africa,35
Other Southern Africa,0
Cabo Verde,0
Ghana,7
Ivory Coast,0
Liberia,0
Nigeria,38
Senegal,0
Sierra Leone,0
Togo,0
Other Western Africa,0
"Africa, n.o.c.",9
Australia,14
Other Australian and New Zealand Subregion,48
Fiji,123
Marshall Islands,33
Micronesia,0
"Oceania, n.o.c.",28
Bahamas,21
Barbados,0
Cuba,0
Dominica,33
Dominican Republic,51
Grenada,0
Haiti,0
Jamaica,32
St. Lucia,0
St. Vincent and the Grenadines,0
Trinidad and Tobago,0
West Indies,0
Other Caribbean,0
Belize,47
Costa Rica,4
El Salvador,0
Guatemala,11
Honduras,0
Mexico,606
Nicaragua,0
Panama,0
Other Central America,0
Argentina,0
Bolivia,0
Brazil,0
Chile,0
Colombia,0
Ecuador,0
Guyana,31
Peru,0
Uruguay,0
Venezuela,97
Other South America,0
Canada,606
Other Northern America,0
