origin,population
Total:,"1,632"
Europe:,170
Denmark,0
Ireland,0
Norway,0
Sweden,0
"United Kingdom, excluding England and Scotland",13
England,9
Scotland,0
Other Northern Europe,0
Austria,0
Belgium,0
France,0
Germany,19
Netherlands,0
Switzerland,0
Other Western Europe,0
Greece,0
Italy,0
Portugal,0
Azores Islands,0
Spain,43
Other Southern Europe,0
Albania,0
Belarus,0
Bosnia and Herzegovina,0
Bulgaria,0
Croatia,0
Czechoslovakia (includes Czech Republic and Slovakia),28
Hungary,44
Latvia,0
Lithuania,0
Moldova,0
North Macedonia (Macedonia),0
Poland,0
Romania,0
Russia,0
Serbia,0
Ukraine,14
Other Eastern Europe,0
"Europe, n.o.c.",0
"China, excluding Hong Kong and Taiwan",58
Hong Kong,0
Taiwan,0
Japan,26
Korea,157
Other Eastern Asia,0
Afghanistan,0
Bangladesh,0
Bhutan,0
India,203
Iran,0
Kazakhstan,0
Nepal,18
Pakistan,0
Sri Lanka,0
Uzbekistan,0
Other South Central Asia,0
Burma (Myanmar),35
Cambodia,0
Indonesia,0
Laos,0
Malaysia,0
Philippines,171
Singapore,0
Thailand,8
Vietnam,21
Other South Eastern Asia,0
Armenia,0
Azerbaijan,0
Georgia,0
Iraq,0
Israel,0
Jordan,15
Kuwait,0
Lebanon,0
Saudi Arabia,60
Syria,0
Turkey,0
United Arab Emirates,0
Yemen,0
Other Western Asia,0
"Asia, n.o.c.",0
Eritrea,0
Ethiopia,15
Kenya,203
Somalia,0
Tanzania,0
Uganda,0
Zimbabwe,16
Other Eastern Africa,0
Cameroon,0
Congo,0
Democratic Republic of Congo (Zaire),0
Other Middle Africa,0
Algeria,0
Egypt,0
Morocco,0
Sudan,0
Other Northern Africa,0
South Africa,0
Other Southern Africa,0
Cabo Verde,0
Ghana,16
Ivory Coast,0
Liberia,0
Nigeria,0
Senegal,0
Sierra Leone,0
Togo,21
Other Western Africa,13
"Africa, n.o.c.",6
Australia,0
Other Australian and New Zealand Subregion,0
Fiji,0
Marshall Islands,0
Micronesia,108
"Oceania, n.o.c.",45
Bahamas,0
Barbados,0
Cuba,6
Dominica,0
Dominican Republic,0
Grenada,0
Haiti,0
Jamaica,10
St. Lucia,0
St. Vincent and the Grenadines,0
Trinidad and Tobago,0
West Indies,0
Other Caribbean,0
Belize,0
Costa Rica,0
El Salvador,20
Guatemala,39
Honduras,0
Mexico,25
Nicaragua,6
Panama,0
Other Central America,0
Argentina,0
Bolivia,0
Brazil,0
Chile,22
Colombia,0
Ecuador,21
Guyana,0
Peru,13
Uruguay,0
Venezuela,0
Other South America,12
Canada,73
Other Northern America,0
