origin,population
Total:,"5,478"
Europe:,360
Denmark,0
Ireland,0
Norway,0
Sweden,8
"United Kingdom, excluding England and Scotland",0
England,61
Scotland,0
Other Northern Europe,0
Austria,31
Belgium,0
France,6
Germany,134
Netherlands,20
Switzerland,5
Other Western Europe,0
Greece,0
Italy,4
Portugal,0
Azores Islands,0
Spain,3
Other Southern Europe,0
Albania,0
Belarus,0
Bosnia and Herzegovina,2
Bulgaria,17
Croatia,0
Czechoslovakia (includes Czech Republic and Slovakia),0
Hungary,0
Latvia,0
Lithuania,9
Moldova,0
North Macedonia (Macedonia),0
Poland,22
Romania,0
Russia,38
Serbia,0
Ukraine,0
Other Eastern Europe,0
"Europe, n.o.c.",0
"China, excluding Hong Kong and Taiwan",147
Hong Kong,0
Taiwan,13
Japan,0
Korea,128
Other Eastern Asia,0
Afghanistan,0
Bangladesh,0
Bhutan,0
India,218
Iran,0
Kazakhstan,0
Nepal,0
Pakistan,0
Sri Lanka,0
Uzbekistan,0
Other South Central Asia,0
Burma (Myanmar),0
Cambodia,6
Indonesia,22
Laos,0
Malaysia,0
Philippines,244
Singapore,0
Thailand,0
Vietnam,16
Other South Eastern Asia,0
Armenia,0
Azerbaijan,0
Georgia,0
Iraq,0
Israel,0
Jordan,1
Kuwait,0
Lebanon,10
Saudi Arabia,0
Syria,54
Turkey,18
United Arab Emirates,0
Yemen,0
Other Western Asia,0
"Asia, n.o.c.",0
Eritrea,0
Ethiopia,0
Kenya,38
Somalia,0
Tanzania,0
Uganda,0
Zimbabwe,0
Other Eastern Africa,1
Cameroon,62
Congo,0
Democratic Republic of Congo (Zaire),15
Other Middle Africa,0
Algeria,0
Egypt,0
Morocco,0
Sudan,0
Other Northern Africa,0
South Africa,0
Other Southern Africa,0
Cabo Verde,0
Ghana,13
Ivory Coast,0
Liberia,0
Nigeria,110
Senegal,0
Sierra Leone,0
Togo,0
Other Western Africa,0
"Africa, n.o.c.",0
Australia,5
Other Australian and New Zealand Subregion,0
Fiji,0
Marshall Islands,0
Micronesia,0
"Oceania, n.o.c.",0
Bahamas,12
Barbados,0
Cuba,8
Dominica,0
Dominican Republic,35
Grenada,0
Haiti,11
Jamaica,36
St. Lucia,0
St. Vincent and the Grenadines,0
Trinidad and Tobago,0
West Indies,0
Other Caribbean,0
Belize,0
Costa Rica,0
El Salvador,16
Guatemala,18
Honduras,30
Mexico,"3,490"
Nicaragua,0
Panama,78
Other Central America,0
Argentina,0
Bolivia,0
Brazil,11
Chile,0
Colombia,1
Ecuador,13
Guyana,0
Peru,0
Uruguay,0
Venezuela,158
Other South America,0
Canada,80
Other Northern America,0
