origin,population
Total:,"11,175"
Europe:,611
Denmark,0
Ireland,87
Norway,0
Sweden,7
"United Kingdom, excluding England and Scotland",41
England,20
Scotland,0
Other Northern Europe,0
Austria,0
Belgium,0
France,18
Germany,59
Netherlands,124
Switzerland,0
Other Western Europe,0
Greece,0
Italy,16
Portugal,0
Azores Islands,0
Spain,26
Other Southern Europe,0
Albania,0
Belarus,0
Bosnia and Herzegovina,40
Bulgaria,11
Croatia,0
Czechoslovakia (includes Czech Republic and Slovakia),18
Hungary,19
Latvia,0
Lithuania,17
Moldova,0
North Macedonia (Macedonia),11
Poland,13
Romania,16
Russia,7
Serbia,11
Ukraine,0
Other Eastern Europe,50
"Europe, n.o.c.",0
"China, excluding Hong Kong and Taiwan",90
Hong Kong,57
Taiwan,22
Japan,370
Korea,168
Other Eastern Asia,0
Afghanistan,0
Bangladesh,0
Bhutan,0
India,37
Iran,0
Kazakhstan,0
Nepal,0
Pakistan,0
Sri Lanka,0
Uzbekistan,0
Other South Central Asia,0
Burma (Myanmar),5
Cambodia,15
Indonesia,32
Laos,40
Malaysia,26
Philippines,"7,454"
Singapore,0
Thailand,45
Vietnam,168
Other South Eastern Asia,0
Armenia,0
Azerbaijan,0
Georgia,0
Iraq,0
Israel,25
Jordan,0
Kuwait,0
Lebanon,0
Saudi Arabia,7
Syria,0
Turkey,0
United Arab Emirates,0
Yemen,0
Other Western Asia,0
"Asia, n.o.c.",0
Eritrea,0
Ethiopia,0
Kenya,0
Somalia,0
Tanzania,0
Uganda,0
Zimbabwe,0
Other Eastern Africa,0
Cameroon,0
Congo,0
Democratic Republic of Congo (Zaire),0
Other Middle Africa,0
Algeria,0
Egypt,0
Morocco,0
Sudan,0
Other Northern Africa,4
South Africa,8
Other Southern Africa,9
Cabo Verde,0
Ghana,0
Ivory Coast,0
Liberia,0
Nigeria,0
Senegal,0
Sierra Leone,0
Togo,0
Other Western Africa,0
"Africa, n.o.c.",8
Australia,67
Other Australian and New Zealand Subregion,0
Fiji,4
Marshall Islands,591
Micronesia,224
"Oceania, n.o.c.",244
Bahamas,0
Barbados,0
Cuba,0
Dominica,0
Dominican Republic,59
Grenada,0
Haiti,24
Jamaica,12
St. Lucia,0
St. Vincent and the Grenadines,0
Trinidad and Tobago,0
West Indies,0
Other Caribbean,28
Belize,0
Costa Rica,37
El Salvador,18
Guatemala,0
Honduras,0
Mexico,205
Nicaragua,0
Panama,0
Other Central America,0
Argentina,34
Bolivia,0
Brazil,73
Chile,0
Colombia,52
Ecuador,16
Guyana,0
Peru,40
Uruguay,10
Venezuela,20
Other South America,0
Canada,216
Other Northern America,0
