origin,population
Total:,"12,047"
Europe:,"1,499"
Denmark,0
Ireland,47
Norway,0
Sweden,8
"United Kingdom, excluding England and Scotland",82
England,358
Scotland,11
Other Northern Europe,0
Austria,0
Belgium,0
France,24
Germany,232
Netherlands,18
Switzerland,14
Other Western Europe,0
Greece,187
Italy,35
Portugal,14
Azores Islands,4
Spain,68
Other Southern Europe,0
Albania,0
Belarus,0
Bosnia and Herzegovina,0
Bulgaria,0
Croatia,0
Czechoslovakia (includes Czech Republic and Slovakia),0
Hungary,32
Latvia,11
Lithuania,0
Moldova,0
North Macedonia (Macedonia),0
Poland,81
Romania,0
Russia,228
Serbia,0
Ukraine,19
Other Eastern Europe,30
"Europe, n.o.c.",0
"China, excluding Hong Kong and Taiwan",374
Hong Kong,29
Taiwan,38
Japan,106
Korea,273
Other Eastern Asia,0
Afghanistan,116
Bangladesh,0
Bhutan,0
India,613
Iran,5
Kazakhstan,0
Nepal,0
Pakistan,209
Sri Lanka,0
Uzbekistan,0
Other South Central Asia,0
Burma (Myanmar),0
Cambodia,0
Indonesia,0
Laos,17
Malaysia,34
Philippines,779
Singapore,18
Thailand,41
Vietnam,255
Other South Eastern Asia,0
Armenia,0
Azerbaijan,0
Georgia,0
Iraq,0
Israel,5
Jordan,1
Kuwait,8
Lebanon,0
Saudi Arabia,0
Syria,2
Turkey,119
United Arab Emirates,0
Yemen,11
Other Western Asia,0
"Asia, n.o.c.",0
Eritrea,0
Ethiopia,1
Kenya,119
Somalia,0
Tanzania,0
Uganda,16
Zimbabwe,0
Other Eastern Africa,32
Cameroon,40
Congo,0
Democratic Republic of Congo (Zaire),0
Other Middle Africa,0
Algeria,0
Egypt,74
Morocco,21
Sudan,0
Other Northern Africa,0
South Africa,96
Other Southern Africa,0
Cabo Verde,0
Ghana,348
Ivory Coast,0
Liberia,938
Nigeria,"1,038"
Senegal,0
Sierra Leone,0
Togo,0
Other Western Africa,0
"Africa, n.o.c.",3
Australia,31
Other Australian and New Zealand Subregion,0
Fiji,0
Marshall Islands,0
Micronesia,0
"Oceania, n.o.c.",0
Bahamas,0
Barbados,20
Cuba,108
Dominica,0
Dominican Republic,266
Grenada,0
Haiti,"1,497"
Jamaica,224
St. Lucia,0
St. Vincent and the Grenadines,0
Trinidad and Tobago,205
West Indies,0
Other Caribbean,0
Belize,0
Costa Rica,45
El Salvador,146
Guatemala,242
Honduras,60
Mexico,669
Nicaragua,0
Panama,34
Other Central America,0
Argentina,113
Bolivia,58
Brazil,22
Chile,91
Colombia,202
Ecuador,25
Guyana,136
Peru,183
Uruguay,0
Venezuela,0
Other South America,0
Canada,278
Other Northern America,114
