origin,population
Total:,"553,339"
Europe:,"72,790"
Denmark,740
Ireland,"1,647"
Norway,567
Sweden,"1,403"
"United Kingdom, excluding England and Scotland","6,091"
England,"3,915"
Scotland,719
Other Northern Europe,777
Austria,276
Belgium,499
France,"3,199"
Germany,"5,652"
Netherlands,"1,468"
Switzerland,683
Other Western Europe,96
Greece,590
Italy,"1,514"
Portugal,425
Azores Islands,22
Spain,963
Other Southern Europe,0
Albania,137
Belarus,"1,518"
Bosnia and Herzegovina,"1,928"
Bulgaria,"1,357"
Croatia,248
Czechoslovakia (includes Czech Republic and Slovakia),"1,068"
Hungary,"1,119"
Latvia,429
Lithuania,366
Moldova,"1,744"
North Macedonia (Macedonia),131
Poland,"2,658"
Romania,"4,197"
Russia,"9,616"
Serbia,208
Ukraine,"13,157"
Other Eastern Europe,"1,615"
"Europe, n.o.c.",70
"China, excluding Hong Kong and Taiwan","65,433"
Hong Kong,"6,951"
Taiwan,"12,415"
Japan,"9,992"
Korea,"22,786"
Other Eastern Asia,915
Afghanistan,"4,865"
Bangladesh,908
Bhutan,580
India,"75,912"
Iran,"6,612"
Kazakhstan,819
Nepal,"1,537"
Pakistan,"3,625"
Sri Lanka,284
Uzbekistan,"1,944"
Other South Central Asia,453
Burma (Myanmar),"1,856"
Cambodia,"5,063"
Indonesia,"1,818"
Laos,"3,199"
Malaysia,"2,024"
Philippines,"31,250"
Singapore,"1,442"
Thailand,"4,940"
Vietnam,"34,501"
Other South Eastern Asia,40
Armenia,541
Azerbaijan,634
Georgia,123
Iraq,"3,234"
Israel,"1,987"
Jordan,"1,069"
Kuwait,191
Lebanon,889
Saudi Arabia,852
Syria,483
Turkey,"2,120"
United Arab Emirates,421
Yemen,206
Other Western Asia,167
"Asia, n.o.c.",560
Eritrea,"3,501"
Ethiopia,"12,455"
Kenya,"7,464"
Somalia,"7,945"
Tanzania,184
Uganda,518
Zimbabwe,195
Other Eastern Africa,"1,156"
Cameroon,116
Congo,256
Democratic Republic of Congo (Zaire),791
Other Middle Africa,31
Algeria,285
Egypt,"1,573"
Morocco,"1,234"
Sudan,557
Other Northern Africa,260
South Africa,"1,982"
Other Southern Africa,196
Cabo Verde,0
Ghana,812
Ivory Coast,338
Liberia,644
Nigeria,"1,186"
Senegal,281
Sierra Leone,123
Togo,224
Other Western Africa,"1,283"
"Africa, n.o.c.",595
Australia,"2,680"
Other Australian and New Zealand Subregion,831
Fiji,861
Marshall Islands,"1,086"
Micronesia,"1,180"
"Oceania, n.o.c.","3,633"
Bahamas,47
Barbados,11
Cuba,836
Dominica,0
Dominican Republic,260
Grenada,25
Haiti,"1,041"
Jamaica,937
St. Lucia,31
St. Vincent and the Grenadines,0
Trinidad and Tobago,602
West Indies,27
Other Caribbean,223
Belize,143
Costa Rica,483
El Salvador,"5,034"
Guatemala,"4,305"
Honduras,"3,277"
Mexico,"53,973"
Nicaragua,464
Panama,353
Other Central America,72
Argentina,"1,186"
Bolivia,338
Brazil,"6,302"
Chile,"1,250"
Colombia,"2,155"
Ecuador,782
Guyana,213
Peru,"2,141"
Uruguay,127
Venezuela,"1,386"
Other South America,255
Canada,"20,092"
Other Northern America,81
