origin,population
Total:,"18,742"
Europe:,"3,162"
Denmark,17
Ireland,146
Norway,147
Sweden,67
"United Kingdom, excluding England and Scotland",370
England,428
Scotland,76
Other Northern Europe,8
Austria,15
Belgium,3
France,385
Germany,305
Netherlands,96
Switzerland,36
Other Western Europe,0
Greece,12
Italy,155
Portugal,0
Azores Islands,0
Spain,100
Other Southern Europe,0
Albania,0
Belarus,4
Bosnia and Herzegovina,17
Bulgaria,0
Croatia,42
Czechoslovakia (includes Czech Republic and Slovakia),31
Hungary,73
Latvia,11
Lithuania,0
Moldova,12
North Macedonia (Macedonia),118
Poland,69
Romania,58
Russia,210
Serbia,0
Ukraine,138
Other Eastern Europe,13
"Europe, n.o.c.",0
"China, excluding Hong Kong and Taiwan",461
Hong Kong,211
Taiwan,138
Japan,908
Korea,514
Other Eastern Asia,0
Afghanistan,0
Bangladesh,0
Bhutan,0
India,435
Iran,152
Kazakhstan,24
Nepal,21
Pakistan,93
Sri Lanka,0
Uzbekistan,0
Other South Central Asia,0
Burma (Myanmar),0
Cambodia,2
Indonesia,200
Laos,35
Malaysia,9
Philippines,"5,160"
Singapore,18
Thailand,168
Vietnam,623
Other South Eastern Asia,0
Armenia,0
Azerbaijan,0
Georgia,0
Iraq,13
Israel,92
Jordan,16
Kuwait,0
Lebanon,105
Saudi Arabia,0
Syria,0
Turkey,49
United Arab Emirates,0
Yemen,0
Other Western Asia,0
"Asia, n.o.c.",28
Eritrea,0
Ethiopia,5
Kenya,168
Somalia,2
Tanzania,0
Uganda,31
Zimbabwe,0
Other Eastern Africa,9
Cameroon,10
Congo,0
Democratic Republic of Congo (Zaire),0
Other Middle Africa,0
Algeria,0
Egypt,9
Morocco,40
Sudan,0
Other Northern Africa,35
South Africa,137
Other Southern Africa,0
Cabo Verde,0
Ghana,0
Ivory Coast,0
Liberia,2
Nigeria,29
Senegal,0
Sierra Leone,6
Togo,0
Other Western Africa,0
"Africa, n.o.c.",3
Australia,140
Other Australian and New Zealand Subregion,19
Fiji,3
Marshall Islands,75
Micronesia,286
"Oceania, n.o.c.",70
Bahamas,15
Barbados,12
Cuba,79
Dominica,0
Dominican Republic,28
Grenada,0
Haiti,29
Jamaica,169
St. Lucia,0
St. Vincent and the Grenadines,15
Trinidad and Tobago,44
West Indies,0
Other Caribbean,14
Belize,0
Costa Rica,4
El Salvador,252
Guatemala,775
Honduras,0
Mexico,"2,243"
Nicaragua,11
Panama,19
Other Central America,0
Argentina,113
Bolivia,3
Brazil,88
Chile,14
Colombia,114
Ecuador,79
Guyana,30
Peru,13
Uruguay,0
Venezuela,35
Other South America,0
Canada,817
Other Northern America,11
