origin,population
Total:,"12,643"
Europe:,"5,264"
Denmark,9
Ireland,85
Norway,24
Sweden,10
"United Kingdom, excluding England and Scotland",103
England,212
Scotland,23
Other Northern Europe,117
Austria,67
Belgium,0
France,65
Germany,254
Netherlands,48
Switzerland,0
Other Western Europe,0
Greece,46
Italy,353
Portugal,0
Azores Islands,0
Spain,9
Other Southern Europe,0
Albania,209
Belarus,0
Bosnia and Herzegovina,"1,081"
Bulgaria,0
Croatia,747
Czechoslovakia (includes Czech Republic and Slovakia),28
Hungary,103
Latvia,20
Lithuania,84
Moldova,117
North Macedonia (Macedonia),72
Poland,164
Romania,128
Russia,215
Serbia,13
Ukraine,317
Other Eastern Europe,510
"Europe, n.o.c.",31
"China, excluding Hong Kong and Taiwan",257
Hong Kong,75
Taiwan,54
Japan,0
Korea,121
Other Eastern Asia,0
Afghanistan,0
Bangladesh,0
Bhutan,0
India,"1,169"
Iran,92
Kazakhstan,0
Nepal,40
Pakistan,2
Sri Lanka,0
Uzbekistan,3
Other South Central Asia,0
Burma (Myanmar),7
Cambodia,37
Indonesia,0
Laos,10
Malaysia,0
Philippines,293
Singapore,0
Thailand,26
Vietnam,311
Other South Eastern Asia,0
Armenia,99
Azerbaijan,0
Georgia,0
Iraq,0
Israel,0
Jordan,0
Kuwait,6
Lebanon,50
Saudi Arabia,26
Syria,17
Turkey,9
United Arab Emirates,0
Yemen,0
Other Western Asia,12
"Asia, n.o.c.",57
Eritrea,0
Ethiopia,0
Kenya,118
Somalia,0
Tanzania,1
Uganda,0
Zimbabwe,0
Other Eastern Africa,13
Cameroon,162
Congo,0
Democratic Republic of Congo (Zaire),0
Other Middle Africa,0
Algeria,0
Egypt,0
Morocco,0
Sudan,0
Other Northern Africa,0
South Africa,18
Other Southern Africa,0
Cabo Verde,0
Ghana,9
Ivory Coast,19
Liberia,0
Nigeria,4
Senegal,0
Sierra Leone,32
Togo,0
Other Western Africa,7
"Africa, n.o.c.",26
Australia,9
Other Australian and New Zealand Subregion,12
Fiji,0
Marshall Islands,12
Micronesia,0
"Oceania, n.o.c.",4
Bahamas,0
Barbados,0
Cuba,6
Dominica,0
Dominican Republic,0
Grenada,0
Haiti,0
Jamaica,25
St. Lucia,0
St. Vincent and the Grenadines,0
Trinidad and Tobago,0
West Indies,0
Other Caribbean,0
Belize,0
Costa Rica,0
El Salvador,27
Guatemala,47
Honduras,48
Mexico,"2,813"
Nicaragua,0
Panama,0
Other Central America,0
Argentina,91
Bolivia,7
Brazil,319
Chile,0
Colombia,133
Ecuador,14
Guyana,25
Peru,116
Uruguay,0
Venezuela,198
Other South America,0
Canada,291
Other Northern America,0
