origin,population
Total:,"35,040"
Europe:,"7,277"
Denmark,0
Ireland,179
Norway,0
Sweden,0
"United Kingdom, excluding England and Scotland",92
England,268
Scotland,35
Other Northern Europe,18
Austria,7
Belgium,0
France,24
Germany,904
Netherlands,26
Switzerland,0
Other Western Europe,0
Greece,451
Italy,109
Portugal,0
Azores Islands,0
Spain,203
Other Southern Europe,0
Albania,14
Belarus,0
Bosnia and Herzegovina,304
Bulgaria,100
Croatia,734
Czechoslovakia (includes Czech Republic and Slovakia),137
Hungary,129
Latvia,15
Lithuania,53
Moldova,0
North Macedonia (Macedonia),827
Poland,"1,296"
Romania,204
Russia,181
Serbia,483
Ukraine,33
Other Eastern Europe,386
"Europe, n.o.c.",65
"China, excluding Hong Kong and Taiwan",638
Hong Kong,0
Taiwan,140
Japan,125
Korea,568
Other Eastern Asia,0
Afghanistan,0
Bangladesh,76
Bhutan,0
India,"1,178"
Iran,9
Kazakhstan,0
Nepal,7
Pakistan,278
Sri Lanka,0
Uzbekistan,0
Other South Central Asia,0
Burma (Myanmar),149
Cambodia,12
Indonesia,47
Laos,0
Malaysia,33
Philippines,"1,758"
Singapore,0
Thailand,100
Vietnam,463
Other South Eastern Asia,0
Armenia,0
Azerbaijan,0
Georgia,0
Iraq,14
Israel,68
Jordan,396
Kuwait,229
Lebanon,76
Saudi Arabia,0
Syria,145
Turkey,58
United Arab Emirates,0
Yemen,0
Other Western Asia,46
"Asia, n.o.c.",99
Eritrea,9
Ethiopia,154
Kenya,0
Somalia,0
Tanzania,13
Uganda,0
Zimbabwe,0
Other Eastern Africa,112
Cameroon,0
Congo,0
Democratic Republic of Congo (Zaire),0
Other Middle Africa,19
Algeria,0
Egypt,68
Morocco,58
Sudan,13
Other Northern Africa,126
South Africa,42
Other Southern Africa,0
Cabo Verde,0
Ghana,137
Ivory Coast,0
Liberia,0
Nigeria,401
Senegal,0
Sierra Leone,0
Togo,10
Other Western Africa,8
"Africa, n.o.c.",25
Australia,110
Other Australian and New Zealand Subregion,0
Fiji,0
Marshall Islands,0
Micronesia,0
"Oceania, n.o.c.",20
Bahamas,0
Barbados,0
Cuba,156
Dominica,0
Dominican Republic,178
Grenada,0
Haiti,97
Jamaica,291
St. Lucia,0
St. Vincent and the Grenadines,0
Trinidad and Tobago,71
West Indies,0
Other Caribbean,0
Belize,0
Costa Rica,50
El Salvador,262
Guatemala,532
Honduras,287
Mexico,"16,581"
Nicaragua,18
Panama,7
Other Central America,18
Argentina,101
Bolivia,0
Brazil,49
Chile,0
Colombia,83
Ecuador,26
Guyana,46
Peru,90
Uruguay,0
Venezuela,191
Other South America,0
Canada,569
Other Northern America,23
