origin,population
Total:,"5,852"
Europe:,905
Denmark,42
Ireland,0
Norway,0
Sweden,0
"United Kingdom, excluding England and Scotland",31
England,238
Scotland,36
Other Northern Europe,0
Austria,0
Belgium,13
France,18
Germany,202
Netherlands,38
Switzerland,0
Other Western Europe,0
Greece,0
Italy,8
Portugal,0
Azores Islands,0
Spain,108
Other Southern Europe,0
Albania,0
Belarus,0
Bosnia and Herzegovina,0
Bulgaria,39
Croatia,25
Czechoslovakia (includes Czech Republic and Slovakia),0
Hungary,11
Latvia,9
Lithuania,0
Moldova,0
North Macedonia (Macedonia),0
Poland,49
Romania,0
Russia,12
Serbia,0
Ukraine,26
Other Eastern Europe,0
"Europe, n.o.c.",0
"China, excluding Hong Kong and Taiwan",333
Hong Kong,15
Taiwan,0
Japan,40
Korea,144
Other Eastern Asia,0
Afghanistan,0
Bangladesh,0
Bhutan,0
India,918
Iran,0
Kazakhstan,0
Nepal,0
Pakistan,0
Sri Lanka,0
Uzbekistan,0
Other South Central Asia,0
Burma (Myanmar),0
Cambodia,0
Indonesia,0
Laos,0
Malaysia,17
Philippines,109
Singapore,0
Thailand,0
Vietnam,20
Other South Eastern Asia,0
Armenia,0
Azerbaijan,0
Georgia,0
Iraq,0
Israel,0
Jordan,29
Kuwait,45
Lebanon,0
Saudi Arabia,0
Syria,0
Turkey,0
United Arab Emirates,0
Yemen,0
Other Western Asia,77
"Asia, n.o.c.",0
Eritrea,0
Ethiopia,0
Kenya,0
Somalia,0
Tanzania,0
Uganda,0
Zimbabwe,0
Other Eastern Africa,0
Cameroon,0
Congo,0
Democratic Republic of Congo (Zaire),0
Other Middle Africa,0
Algeria,0
Egypt,32
Morocco,0
Sudan,0
Other Northern Africa,0
South Africa,36
Other Southern Africa,0
Cabo Verde,0
Ghana,0
Ivory Coast,0
Liberia,0
Nigeria,26
Senegal,33
Sierra Leone,0
Togo,0
Other Western Africa,0
"Africa, n.o.c.",0
Australia,0
Other Australian and New Zealand Subregion,0
Fiji,0
Marshall Islands,0
Micronesia,0
"Oceania, n.o.c.",0
Bahamas,0
Barbados,0
Cuba,365
Dominica,0
Dominican Republic,21
Grenada,0
Haiti,0
Jamaica,100
St. Lucia,0
St. Vincent and the Grenadines,0
Trinidad and Tobago,31
West Indies,0
Other Caribbean,0
Belize,0
Costa Rica,9
El Salvador,0
Guatemala,20
Honduras,244
Mexico,"1,268"
Nicaragua,0
Panama,30
Other Central America,0
Argentina,5
Bolivia,0
Brazil,80
Chile,0
Colombia,303
Ecuador,116
Guyana,0
Peru,67
Uruguay,0
Venezuela,185
Other South America,0
Canada,229
Other Northern America,0
