origin,population
Total:,"1,754"
Europe:,283
Denmark,0
Ireland,0
Norway,0
Sweden,0
"United Kingdom, excluding England and Scotland",8
England,73
Scotland,0
Other Northern Europe,0
Austria,11
Belgium,0
France,14
Germany,90
Netherlands,5
Switzerland,0
Other Western Europe,0
Greece,0
Italy,16
Portugal,0
Azores Islands,0
Spain,0
Other Southern Europe,0
Albania,0
Belarus,0
Bosnia and Herzegovina,0
Bulgaria,0
Croatia,0
Czechoslovakia (includes Czech Republic and Slovakia),0
Hungary,0
Latvia,0
Lithuania,0
Moldova,0
North Macedonia (Macedonia),0
Poland,0
Romania,6
Russia,55
Serbia,0
Ukraine,5
Other Eastern Europe,0
"Europe, n.o.c.",0
"China, excluding Hong Kong and Taiwan",115
Hong Kong,0
Taiwan,23
Japan,0
Korea,167
Other Eastern Asia,0
Afghanistan,0
Bangladesh,0
Bhutan,0
India,221
Iran,19
Kazakhstan,0
Nepal,49
Pakistan,0
Sri Lanka,0
Uzbekistan,0
Other South Central Asia,0
Burma (Myanmar),0
Cambodia,0
Indonesia,0
Laos,0
Malaysia,0
Philippines,34
Singapore,0
Thailand,88
Vietnam,57
Other South Eastern Asia,0
Armenia,0
Azerbaijan,0
Georgia,0
Iraq,0
Israel,0
Jordan,9
Kuwait,58
Lebanon,0
Saudi Arabia,168
Syria,0
Turkey,0
United Arab Emirates,0
Yemen,0
Other Western Asia,0
"Asia, n.o.c.",0
Eritrea,0
Ethiopia,0
Kenya,0
Somalia,0
Tanzania,0
Uganda,0
Zimbabwe,0
Other Eastern Africa,44
Cameroon,0
Congo,15
Democratic Republic of Congo (Zaire),0
Other Middle Africa,0
Algeria,0
Egypt,47
Morocco,0
Sudan,45
Other Northern Africa,2
South Africa,0
Other Southern Africa,0
Cabo Verde,0
Ghana,0
Ivory Coast,0
Liberia,0
Nigeria,0
Senegal,0
Sierra Leone,0
Togo,0
Other Western Africa,0
"Africa, n.o.c.",0
Australia,0
Other Australian and New Zealand Subregion,0
Fiji,0
Marshall Islands,0
Micronesia,0
"Oceania, n.o.c.",2
Bahamas,0
Barbados,0
Cuba,0
Dominica,0
Dominican Republic,0
Grenada,0
Haiti,0
Jamaica,0
St. Lucia,0
St. Vincent and the Grenadines,0
Trinidad and Tobago,5
West Indies,0
Other Caribbean,0
Belize,0
Costa Rica,0
El Salvador,0
Guatemala,0
Honduras,18
Mexico,95
Nicaragua,0
Panama,7
Other Central America,0
Argentina,0
Bolivia,0
Brazil,40
Chile,0
Colombia,0
Ecuador,6
Guyana,0
Peru,0
Uruguay,0
Venezuela,0
Other South America,0
Canada,137
Other Northern America,0
