origin,population
Total:,"135,738"
Europe:,"15,717"
Denmark,84
Ireland,613
Norway,53
Sweden,191
"United Kingdom, excluding England and Scotland","1,229"
England,"1,628"
Scotland,163
Other Northern Europe,66
Austria,224
Belgium,56
France,177
Germany,"3,494"
Netherlands,552
Switzerland,111
Other Western Europe,62
Greece,218
Italy,"1,147"
Portugal,280
Azores Islands,5
Spain,135
Other Southern Europe,63
Albania,135
Belarus,80
Bosnia and Herzegovina,214
Bulgaria,30
Croatia,334
Czechoslovakia (includes Czech Republic and Slovakia),837
Hungary,417
Latvia,86
Lithuania,95
Moldova,125
North Macedonia (Macedonia),24
Poland,"1,285"
Romania,495
Russia,448
Serbia,6
Ukraine,332
Other Eastern Europe,228
"Europe, n.o.c.",0
"China, excluding Hong Kong and Taiwan","1,911"
Hong Kong,95
Taiwan,102
Japan,86
Korea,291
Other Eastern Asia,0
Afghanistan,0
Bangladesh,238
Bhutan,0
India,"1,611"
Iran,287
Kazakhstan,19
Nepal,72
Pakistan,207
Sri Lanka,147
Uzbekistan,200
Other South Central Asia,18
Burma (Myanmar),69
Cambodia,71
Indonesia,15
Laos,325
Malaysia,26
Philippines,"2,522"
Singapore,19
Thailand,93
Vietnam,"1,244"
Other South Eastern Asia,0
Armenia,0
Azerbaijan,0
Georgia,0
Iraq,47
Israel,253
Jordan,41
Kuwait,17
Lebanon,395
Saudi Arabia,0
Syria,54
Turkey,164
United Arab Emirates,0
Yemen,0
Other Western Asia,11
"Asia, n.o.c.",24
Eritrea,0
Ethiopia,21
Kenya,32
Somalia,0
Tanzania,39
Uganda,0
Zimbabwe,55
Other Eastern Africa,135
Cameroon,0
Congo,0
Democratic Republic of Congo (Zaire),0
Other Middle Africa,22
Algeria,15
Egypt,163
Morocco,138
Sudan,0
Other Northern Africa,7
South Africa,313
Other Southern Africa,18
Cabo Verde,0
Ghana,7
Ivory Coast,12
Liberia,12
Nigeria,0
Senegal,0
Sierra Leone,50
Togo,65
Other Western Africa,0
"Africa, n.o.c.",10
Australia,35
Other Australian and New Zealand Subregion,23
Fiji,43
Marshall Islands,0
Micronesia,0
"Oceania, n.o.c.",61
Bahamas,320
Barbados,342
Cuba,"31,798"
Dominica,131
Dominican Republic,"4,449"
Grenada,62
Haiti,"9,841"
Jamaica,"4,043"
St. Lucia,89
St. Vincent and the Grenadines,48
Trinidad and Tobago,838
West Indies,10
Other Caribbean,412
Belize,134
Costa Rica,751
El Salvador,"1,097"
Guatemala,"7,805"
Honduras,"3,817"
Mexico,"15,168"
Nicaragua,"1,909"
Panama,400
Other Central America,0
Argentina,650
Bolivia,412
Brazil,"3,766"
Chile,379
Colombia,"5,487"
Ecuador,"1,170"
Guyana,971
Peru,"1,474"
Uruguay,354
Venezuela,"2,505"
Other South America,81
Canada,"7,312"
Other Northern America,46
