origin,population
Total:,"15,804"
Europe:,"2,202"
Denmark,48
Ireland,85
Norway,0
Sweden,94
"United Kingdom, excluding England and Scotland",110
England,445
Scotland,82
Other Northern Europe,0
Austria,54
Belgium,10
France,139
Germany,471
Netherlands,29
Switzerland,12
Other Western Europe,0
Greece,29
Italy,56
Portugal,18
Azores Islands,0
Spain,9
Other Southern Europe,0
Albania,0
Belarus,31
Bosnia and Herzegovina,34
Bulgaria,13
Croatia,0
Czechoslovakia (includes Czech Republic and Slovakia),10
Hungary,92
Latvia,11
Lithuania,0
Moldova,18
North Macedonia (Macedonia),12
Poland,81
Romania,68
Russia,59
Serbia,0
Ukraine,69
Other Eastern Europe,13
"Europe, n.o.c.",0
"China, excluding Hong Kong and Taiwan",760
Hong Kong,53
Taiwan,36
Japan,134
Korea,220
Other Eastern Asia,0
Afghanistan,0
Bangladesh,99
Bhutan,0
India,"1,850"
Iran,44
Kazakhstan,72
Nepal,0
Pakistan,0
Sri Lanka,28
Uzbekistan,0
Other South Central Asia,0
Burma (Myanmar),12
Cambodia,0
Indonesia,6
Laos,77
Malaysia,0
Philippines,446
Singapore,32
Thailand,212
Vietnam,184
Other South Eastern Asia,0
Armenia,0
Azerbaijan,0
Georgia,7
Iraq,424
Israel,0
Jordan,0
Kuwait,0
Lebanon,33
Saudi Arabia,0
Syria,0
Turkey,19
United Arab Emirates,4
Yemen,112
Other Western Asia,0
"Asia, n.o.c.",3
Eritrea,42
Ethiopia,150
Kenya,20
Somalia,0
Tanzania,0
Uganda,7
Zimbabwe,0
Other Eastern Africa,53
Cameroon,0
Congo,0
Democratic Republic of Congo (Zaire),34
Other Middle Africa,0
Algeria,16
Egypt,24
Morocco,11
Sudan,0
Other Northern Africa,0
South Africa,28
Other Southern Africa,0
Cabo Verde,0
Ghana,0
Ivory Coast,11
Liberia,54
Nigeria,31
Senegal,0
Sierra Leone,0
Togo,0
Other Western Africa,50
"Africa, n.o.c.",19
Australia,32
Other Australian and New Zealand Subregion,0
Fiji,19
Marshall Islands,0
Micronesia,109
"Oceania, n.o.c.",0
Bahamas,15
Barbados,0
Cuba,337
Dominica,0
Dominican Republic,38
Grenada,21
Haiti,75
Jamaica,167
St. Lucia,9
St. Vincent and the Grenadines,0
Trinidad and Tobago,41
West Indies,0
Other Caribbean,0
Belize,0
Costa Rica,96
El Salvador,154
Guatemala,492
Honduras,817
Mexico,"3,829"
Nicaragua,60
Panama,17
Other Central America,0
Argentina,95
Bolivia,48
Brazil,121
Chile,48
Colombia,753
Ecuador,0
Guyana,0
Peru,100
Uruguay,14
Venezuela,272
Other South America,0
Canada,387
Other Northern America,19
