origin,population
Total:,"15,917"
Europe:,"2,249"
Denmark,20
Ireland,73
Norway,5
Sweden,100
"United Kingdom, excluding England and Scotland",67
England,198
Scotland,22
Other Northern Europe,7
Austria,0
Belgium,0
France,29
Germany,585
Netherlands,25
Switzerland,0
Other Western Europe,0
Greece,73
Italy,153
Portugal,0
Azores Islands,0
Spain,30
Other Southern Europe,0
Albania,0
Belarus,21
Bosnia and Herzegovina,41
Bulgaria,25
Croatia,0
Czechoslovakia (includes Czech Republic and Slovakia),10
Hungary,60
Latvia,0
Lithuania,0
Moldova,0
North Macedonia (Macedonia),0
Poland,106
Romania,187
Russia,97
Serbia,40
Ukraine,230
Other Eastern Europe,45
"Europe, n.o.c.",0
"China, excluding Hong Kong and Taiwan","1,130"
Hong Kong,115
Taiwan,196
Japan,74
Korea,350
Other Eastern Asia,0
Afghanistan,102
Bangladesh,26
Bhutan,34
India,"1,226"
Iran,78
Kazakhstan,10
Nepal,91
Pakistan,296
Sri Lanka,134
Uzbekistan,12
Other South Central Asia,0
Burma (Myanmar),0
Cambodia,20
Indonesia,26
Laos,12
Malaysia,56
Philippines,442
Singapore,0
Thailand,139
Vietnam,354
Other South Eastern Asia,0
Armenia,0
Azerbaijan,0
Georgia,0
Iraq,129
Israel,44
Jordan,298
Kuwait,125
Lebanon,839
Saudi Arabia,399
Syria,615
Turkey,93
United Arab Emirates,30
Yemen,0
Other Western Asia,93
"Asia, n.o.c.",107
Eritrea,0
Ethiopia,20
Kenya,115
Somalia,30
Tanzania,0
Uganda,0
Zimbabwe,53
Other Eastern Africa,49
Cameroon,154
Congo,26
Democratic Republic of Congo (Zaire),0
Other Middle Africa,0
Algeria,0
Egypt,249
Morocco,52
Sudan,161
Other Northern Africa,46
South Africa,43
Other Southern Africa,0
Cabo Verde,0
Ghana,176
Ivory Coast,8
Liberia,128
Nigeria,147
Senegal,0
Sierra Leone,47
Togo,0
Other Western Africa,0
"Africa, n.o.c.",36
Australia,39
Other Australian and New Zealand Subregion,15
Fiji,38
Marshall Islands,0
Micronesia,0
"Oceania, n.o.c.",12
Bahamas,45
Barbados,0
Cuba,148
Dominica,0
Dominican Republic,183
Grenada,0
Haiti,62
Jamaica,232
St. Lucia,18
St. Vincent and the Grenadines,0
Trinidad and Tobago,72
West Indies,0
Other Caribbean,101
Belize,0
Costa Rica,48
El Salvador,84
Guatemala,299
Honduras,31
Mexico,"1,394"
Nicaragua,19
Panama,3
Other Central America,0
Argentina,11
Bolivia,0
Brazil,153
Chile,19
Colombia,232
Ecuador,89
Guyana,152
Peru,117
Uruguay,0
Venezuela,74
Other South America,14
Canada,705
Other Northern America,24
