origin,population
Total:,"2,140"
Europe:,206
Denmark,0
Ireland,0
Norway,0
Sweden,13
"United Kingdom, excluding England and Scotland",10
England,16
Scotland,0
Other Northern Europe,0
Austria,0
Belgium,0
France,36
Germany,8
Netherlands,2
Switzerland,0
Other Western Europe,0
Greece,0
Italy,14
Portugal,0
Azores Islands,0
Spain,0
Other Southern Europe,0
Albania,0
Belarus,0
Bosnia and Herzegovina,0
Bulgaria,0
Croatia,0
Czechoslovakia (includes Czech Republic and Slovakia),0
Hungary,0
Latvia,0
Lithuania,0
Moldova,12
North Macedonia (Macedonia),0
Poland,0
Romania,0
Russia,67
Serbia,0
Ukraine,28
Other Eastern Europe,0
"Europe, n.o.c.",0
"China, excluding Hong Kong and Taiwan",172
Hong Kong,61
Taiwan,99
Japan,5
Korea,4
Other Eastern Asia,0
Afghanistan,0
Bangladesh,0
Bhutan,0
India,0
Iran,0
Kazakhstan,0
Nepal,0
Pakistan,0
Sri Lanka,0
Uzbekistan,0
Other South Central Asia,0
Burma (Myanmar),0
Cambodia,0
Indonesia,0
Laos,0
Malaysia,0
Philippines,47
Singapore,0
Thailand,32
Vietnam,0
Other South Eastern Asia,0
Armenia,0
Azerbaijan,0
Georgia,0
Iraq,0
Israel,0
Jordan,0
Kuwait,49
Lebanon,0
Saudi Arabia,0
Syria,15
Turkey,0
United Arab Emirates,0
Yemen,0
Other Western Asia,0
"Asia, n.o.c.",0
Eritrea,0
Ethiopia,0
Kenya,0
Somalia,0
Tanzania,0
Uganda,0
Zimbabwe,0
Other Eastern Africa,0
Cameroon,0
Congo,0
Democratic Republic of Congo (Zaire),0
Other Middle Africa,0
Algeria,0
Egypt,0
Morocco,0
Sudan,0
Other Northern Africa,0
South Africa,7
Other Southern Africa,0
Cabo Verde,0
Ghana,47
Ivory Coast,0
Liberia,0
Nigeria,0
Senegal,0
Sierra Leone,15
Togo,0
Other Western Africa,0
"Africa, n.o.c.",0
Australia,0
Other Australian and New Zealand Subregion,0
Fiji,0
Marshall Islands,0
Micronesia,0
"Oceania, n.o.c.",0
Bahamas,0
Barbados,0
Cuba,0
Dominica,0
Dominican Republic,0
Grenada,0
Haiti,111
Jamaica,0
St. Lucia,0
St. Vincent and the Grenadines,0
Trinidad and Tobago,0
West Indies,0
Other Caribbean,0
Belize,0
Costa Rica,0
El Salvador,1
Guatemala,0
Honduras,0
Mexico,554
Nicaragua,9
Panama,0
Other Central America,0
Argentina,0
Bolivia,0
Brazil,216
Chile,17
Colombia,78
Ecuador,147
Guyana,0
Peru,14
Uruguay,0
Venezuela,100
Other South America,0
Canada,134
Other Northern America,0
