origin,population
Total:,"5,378"
Europe:,"1,262"
Denmark,0
Ireland,13
Norway,0
Sweden,8
"United Kingdom, excluding England and Scotland",237
England,62
Scotland,20
Other Northern Europe,4
Austria,24
Belgium,39
France,0
Germany,110
Netherlands,9
Switzerland,0
Other Western Europe,0
Greece,104
Italy,314
Portugal,11
Azores Islands,0
Spain,10
Other Southern Europe,0
Albania,0
Belarus,0
Bosnia and Herzegovina,0
Bulgaria,0
Croatia,33
Czechoslovakia (includes Czech Republic and Slovakia),13
Hungary,21
Latvia,0
Lithuania,0
Moldova,0
North Macedonia (Macedonia),0
Poland,41
Romania,79
Russia,43
Serbia,0
Ukraine,17
Other Eastern Europe,50
"Europe, n.o.c.",0
"China, excluding Hong Kong and Taiwan",87
Hong Kong,0
Taiwan,0
Japan,20
Korea,26
Other Eastern Asia,0
Afghanistan,0
Bangladesh,0
Bhutan,0
India,896
Iran,67
Kazakhstan,0
Nepal,76
Pakistan,202
Sri Lanka,0
Uzbekistan,0
Other South Central Asia,13
Burma (Myanmar),0
Cambodia,0
Indonesia,0
Laos,0
Malaysia,8
Philippines,88
Singapore,10
Thailand,49
Vietnam,46
Other South Eastern Asia,0
Armenia,0
Azerbaijan,0
Georgia,0
Iraq,22
Israel,50
Jordan,267
Kuwait,13
Lebanon,79
Saudi Arabia,0
Syria,28
Turkey,0
United Arab Emirates,0
Yemen,0
Other Western Asia,0
"Asia, n.o.c.",134
Eritrea,0
Ethiopia,0
Kenya,55
Somalia,0
Tanzania,0
Uganda,0
Zimbabwe,21
Other Eastern Africa,18
Cameroon,0
Congo,0
Democratic Republic of Congo (Zaire),0
Other Middle Africa,0
Algeria,0
Egypt,52
Morocco,9
Sudan,0
Other Northern Africa,5
South Africa,0
Other Southern Africa,0
Cabo Verde,0
Ghana,14
Ivory Coast,0
Liberia,8
Nigeria,23
Senegal,0
Sierra Leone,0
Togo,0
Other Western Africa,0
"Africa, n.o.c.",0
Australia,0
Other Australian and New Zealand Subregion,51
Fiji,0
Marshall Islands,0
Micronesia,0
"Oceania, n.o.c.",0
Bahamas,29
Barbados,0
Cuba,0
Dominica,0
Dominican Republic,53
Grenada,0
Haiti,33
Jamaica,139
St. Lucia,0
St. Vincent and the Grenadines,0
Trinidad and Tobago,32
West Indies,0
Other Caribbean,38
Belize,0
Costa Rica,0
El Salvador,7
Guatemala,111
Honduras,292
Mexico,442
Nicaragua,10
Panama,0
Other Central America,0
Argentina,40
Bolivia,0
Brazil,64
Chile,27
Colombia,63
Ecuador,77
Guyana,0
Peru,74
Uruguay,6
Venezuela,31
Other South America,0
Canada,111
Other Northern America,0
