origin,population
Total:,"12,537"
Europe:,380
Denmark,0
Ireland,13
Norway,32
Sweden,0
"United Kingdom, excluding England and Scotland",9
England,0
Scotland,37
Other Northern Europe,0
Austria,0
Belgium,0
France,7
Germany,55
Netherlands,0
Switzerland,0
Other Western Europe,0
Greece,0
Italy,0
Portugal,31
Azores Islands,0
Spain,21
Other Southern Europe,0
Albania,0
Belarus,16
Bosnia and Herzegovina,0
Bulgaria,28
Croatia,0
Czechoslovakia (includes Czech Republic and Slovakia),0
Hungary,0
Latvia,0
Lithuania,0
Moldova,22
North Macedonia (Macedonia),0
Poland,0
Romania,48
Russia,52
Serbia,0
Ukraine,9
Other Eastern Europe,0
"Europe, n.o.c.",0
"China, excluding Hong Kong and Taiwan",20
Hong Kong,35
Taiwan,20
Japan,208
Korea,120
Other Eastern Asia,0
Afghanistan,98
Bangladesh,5
Bhutan,0
India,273
Iran,80
Kazakhstan,25
Nepal,95
Pakistan,105
Sri Lanka,22
Uzbekistan,0
Other South Central Asia,0
Burma (Myanmar),8
Cambodia,28
Indonesia,0
Laos,16
Malaysia,0
Philippines,470
Singapore,0
Thailand,67
Vietnam,216
Other South Eastern Asia,0
Armenia,0
Azerbaijan,0
Georgia,0
Iraq,67
Israel,0
Jordan,0
Kuwait,0
Lebanon,52
Saudi Arabia,0
Syria,0
Turkey,27
United Arab Emirates,0
Yemen,0
Other Western Asia,0
"Asia, n.o.c.",0
Eritrea,0
Ethiopia,69
Kenya,26
Somalia,0
Tanzania,0
Uganda,33
Zimbabwe,0
Other Eastern Africa,0
Cameroon,54
Congo,0
Democratic Republic of Congo (Zaire),0
Other Middle Africa,0
Algeria,0
Egypt,0
Morocco,75
Sudan,0
Other Northern Africa,0
South Africa,85
Other Southern Africa,0
Cabo Verde,0
Ghana,383
Ivory Coast,88
Liberia,0
Nigeria,36
Senegal,0
Sierra Leone,43
Togo,0
Other Western Africa,0
"Africa, n.o.c.",26
Australia,0
Other Australian and New Zealand Subregion,0
Fiji,0
Marshall Islands,0
Micronesia,0
"Oceania, n.o.c.",11
Bahamas,0
Barbados,0
Cuba,29
Dominica,0
Dominican Republic,211
Grenada,0
Haiti,47
Jamaica,89
St. Lucia,0
St. Vincent and the Grenadines,0
Trinidad and Tobago,5
West Indies,66
Other Caribbean,0
Belize,0
Costa Rica,0
El Salvador,"3,681"
Guatemala,434
Honduras,"1,069"
Mexico,"2,574"
Nicaragua,15
Panama,8
Other Central America,0
Argentina,33
Bolivia,200
Brazil,0
Chile,0
Colombia,134
Ecuador,51
Guyana,6
Peru,356
Uruguay,0
Venezuela,143
Other South America,0
Canada,20
Other Northern America,0
