origin,population
Total:,"643,020"
Europe:,"59,837"
Denmark,287
Ireland,885
Norway,298
Sweden,690
"United Kingdom, excluding England and Scotland","4,284"
England,"6,360"
Scotland,775
Other Northern Europe,171
Austria,512
Belgium,316
France,"2,524"
Germany,"8,207"
Netherlands,"1,396"
Switzerland,499
Other Western Europe,66
Greece,827
Italy,"3,235"
Portugal,289
Azores Islands,32
Spain,"1,199"
Other Southern Europe,47
Albania,"1,522"
Belarus,458
Bosnia and Herzegovina,"3,405"
Bulgaria,"1,416"
Croatia,"1,146"
Czechoslovakia (includes Czech Republic and Slovakia),899
Hungary,"1,019"
Latvia,141
Lithuania,260
Moldova,254
North Macedonia (Macedonia),107
Poland,"3,650"
Romania,"5,291"
Russia,"2,629"
Serbia,"1,093"
Ukraine,"1,496"
Other Eastern Europe,"2,043"
"Europe, n.o.c.",141
"China, excluding Hong Kong and Taiwan","16,315"
Hong Kong,"1,977"
Taiwan,"3,868"
Japan,"4,006"
Korea,"7,505"
Other Eastern Asia,71
Afghanistan,"2,138"
Bangladesh,"2,046"
Bhutan,399
India,"37,581"
Iran,"4,100"
Kazakhstan,338
Nepal,884
Pakistan,"1,933"
Sri Lanka,556
Uzbekistan,551
Other South Central Asia,153
Burma (Myanmar),"2,493"
Cambodia,"1,437"
Indonesia,"1,484"
Laos,875
Malaysia,"1,246"
Philippines,"21,558"
Singapore,602
Thailand,"2,797"
Vietnam,"15,928"
Other South Eastern Asia,12
Armenia,400
Azerbaijan,105
Georgia,48
Iraq,"8,732"
Israel,"1,176"
Jordan,974
Kuwait,534
Lebanon,"1,354"
Saudi Arabia,"1,180"
Syria,"1,241"
Turkey,"1,294"
United Arab Emirates,465
Yemen,154
Other Western Asia,405
"Asia, n.o.c.",800
Eritrea,"1,168"
Ethiopia,"3,482"
Kenya,"2,134"
Somalia,"1,126"
Tanzania,580
Uganda,382
Zimbabwe,265
Other Eastern Africa,"2,759"
Cameroon,437
Congo,739
Democratic Republic of Congo (Zaire),"1,301"
Other Middle Africa,89
Algeria,133
Egypt,"1,422"
Morocco,671
Sudan,"1,258"
Other Northern Africa,206
South Africa,"1,910"
Other Southern Africa,6
Cabo Verde,15
Ghana,463
Ivory Coast,119
Liberia,889
Nigeria,"2,752"
Senegal,232
Sierra Leone,419
Togo,320
Other Western Africa,302
"Africa, n.o.c.","2,278"
Australia,"1,275"
Other Australian and New Zealand Subregion,459
Fiji,342
Marshall Islands,477
Micronesia,277
"Oceania, n.o.c.",824
Bahamas,254
Barbados,768
Cuba,"7,374"
Dominica,20
Dominican Republic,"1,555"
Grenada,13
Haiti,"1,261"
Jamaica,"1,918"
St. Lucia,23
St. Vincent and the Grenadines,0
Trinidad and Tobago,715
West Indies,98
Other Caribbean,150
Belize,290
Costa Rica,"1,070"
El Salvador,"8,141"
Guatemala,"12,171"
Honduras,"2,472"
Mexico,"314,086"
Nicaragua,"1,762"
Panama,986
Other Central America,44
Argentina,"1,568"
Bolivia,183
Brazil,"2,444"
Chile,"1,172"
Colombia,"4,278"
Ecuador,"1,403"
Guyana,556
Peru,"2,930"
Uruguay,146
Venezuela,"2,256"
Other South America,166
Canada,"27,584"
Other Northern America,100
