origin,population
Total:,"11,793"
Europe:,"1,118"
Denmark,0
Ireland,22
Norway,0
Sweden,0
"United Kingdom, excluding England and Scotland",20
England,122
Scotland,6
Other Northern Europe,0
Austria,15
Belgium,0
France,0
Germany,261
Netherlands,29
Switzerland,13
Other Western Europe,0
Greece,4
Italy,17
Portugal,41
Azores Islands,0
Spain,10
Other Southern Europe,0
Albania,13
Belarus,0
Bosnia and Herzegovina,0
Bulgaria,0
Croatia,0
Czechoslovakia (includes Czech Republic and Slovakia),0
Hungary,3
Latvia,0
Lithuania,35
Moldova,0
North Macedonia (Macedonia),0
Poland,114
Romania,0
Russia,291
Serbia,0
Ukraine,7
Other Eastern Europe,95
"Europe, n.o.c.",0
"China, excluding Hong Kong and Taiwan",821
Hong Kong,10
Taiwan,69
Japan,63
Korea,321
Other Eastern Asia,0
Afghanistan,0
Bangladesh,14
Bhutan,0
India,"4,083"
Iran,10
Kazakhstan,45
Nepal,0
Pakistan,74
Sri Lanka,35
Uzbekistan,0
Other South Central Asia,0
Burma (Myanmar),192
Cambodia,0
Indonesia,0
Laos,6
Malaysia,63
Philippines,366
Singapore,0
Thailand,8
Vietnam,243
Other South Eastern Asia,0
Armenia,0
Azerbaijan,0
Georgia,4
Iraq,0
Israel,0
Jordan,56
Kuwait,153
Lebanon,0
Saudi Arabia,36
Syria,5
Turkey,107
United Arab Emirates,0
Yemen,0
Other Western Asia,0
"Asia, n.o.c.",0
Eritrea,0
Ethiopia,66
Kenya,33
Somalia,0
Tanzania,18
Uganda,0
Zimbabwe,0
Other Eastern Africa,0
Cameroon,39
Congo,210
Democratic Republic of Congo (Zaire),501
Other Middle Africa,0
Algeria,0
Egypt,14
Morocco,19
Sudan,0
Other Northern Africa,0
South Africa,31
Other Southern Africa,0
Cabo Verde,0
Ghana,0
Ivory Coast,0
Liberia,0
Nigeria,301
Senegal,15
Sierra Leone,0
Togo,0
Other Western Africa,0
"Africa, n.o.c.",0
Australia,33
Other Australian and New Zealand Subregion,0
Fiji,0
Marshall Islands,0
Micronesia,0
"Oceania, n.o.c.",0
Bahamas,0
Barbados,0
Cuba,0
Dominica,0
Dominican Republic,27
Grenada,0
Haiti,1
Jamaica,105
St. Lucia,0
St. Vincent and the Grenadines,0
Trinidad and Tobago,53
West Indies,0
Other Caribbean,10
Belize,35
Costa Rica,19
El Salvador,21
Guatemala,295
Honduras,58
Mexico,"1,522"
Nicaragua,0
Panama,0
Other Central America,0
Argentina,13
Bolivia,20
Brazil,20
Chile,12
Colombia,96
Ecuador,0
Guyana,35
Peru,26
Uruguay,0
Venezuela,0
Other South America,0
Canada,243
Other Northern America,0
