origin,population
Total:,"179,823"
Europe:,"17,068"
Denmark,79
Ireland,308
Norway,127
Sweden,195
"United Kingdom, excluding England and Scotland","1,791"
England,"1,745"
Scotland,270
Other Northern Europe,133
Austria,162
Belgium,155
France,472
Germany,"1,508"
Netherlands,235
Switzerland,82
Other Western Europe,0
Greece,967
Italy,631
Portugal,78
Azores Islands,17
Spain,351
Other Southern Europe,6
Albania,263
Belarus,281
Bosnia and Herzegovina,498
Bulgaria,195
Croatia,158
Czechoslovakia (includes Czech Republic and Slovakia),127
Hungary,105
Latvia,67
Lithuania,88
Moldova,627
North Macedonia (Macedonia),65
Poland,576
Romania,653
Russia,"1,872"
Serbia,53
Ukraine,"1,802"
Other Eastern Europe,264
"Europe, n.o.c.",79
"China, excluding Hong Kong and Taiwan","4,957"
Hong Kong,441
Taiwan,641
Japan,865
Korea,"2,223"
Other Eastern Asia,0
Afghanistan,522
Bangladesh,261
Bhutan,"1,018"
India,"20,100"
Iran,"1,034"
Kazakhstan,147
Nepal,"2,019"
Pakistan,"1,183"
Sri Lanka,154
Uzbekistan,59
Other South Central Asia,43
Burma (Myanmar),"2,059"
Cambodia,451
Indonesia,367
Laos,921
Malaysia,879
Philippines,"2,408"
Singapore,84
Thailand,"1,311"
Vietnam,"7,202"
Other South Eastern Asia,23
Armenia,11
Azerbaijan,168
Georgia,73
Iraq,312
Israel,278
Jordan,527
Kuwait,324
Lebanon,"1,109"
Saudi Arabia,212
Syria,551
Turkey,465
United Arab Emirates,225
Yemen,0
Other Western Asia,39
"Asia, n.o.c.",40
Eritrea,941
Ethiopia,"2,033"
Kenya,453
Somalia,571
Tanzania,68
Uganda,292
Zimbabwe,410
Other Eastern Africa,403
Cameroon,387
Congo,"1,285"
Democratic Republic of Congo (Zaire),"1,877"
Other Middle Africa,58
Algeria,140
Egypt,651
Morocco,751
Sudan,553
Other Northern Africa,19
South Africa,"1,209"
Other Southern Africa,3
Cabo Verde,96
Ghana,"1,082"
Ivory Coast,304
Liberia,"2,141"
Nigeria,"1,441"
Senegal,382
Sierra Leone,143
Togo,405
Other Western Africa,538
"Africa, n.o.c.","1,544"
Australia,221
Other Australian and New Zealand Subregion,30
Fiji,46
Marshall Islands,0
Micronesia,0
"Oceania, n.o.c.",0
Bahamas,80
Barbados,413
Cuba,"1,713"
Dominica,91
Dominican Republic,"4,653"
Grenada,21
Haiti,518
Jamaica,"2,799"
St. Lucia,53
St. Vincent and the Grenadines,24
Trinidad and Tobago,"1,103"
West Indies,15
Other Caribbean,279
Belize,44
Costa Rica,449
El Salvador,"8,475"
Guatemala,"4,565"
Honduras,"15,423"
Mexico,"24,507"
Nicaragua,"1,023"
Panama,596
Other Central America,17
Argentina,531
Bolivia,65
Brazil,"2,137"
Chile,279
Colombia,"4,340"
Ecuador,"3,775"
Guyana,735
Peru,"1,669"
Uruguay,403
Venezuela,"2,837"
Other South America,70
Canada,"2,775"
Other Northern America,95
