origin,population
Total:,"13,842"
Europe:,"1,811"
Denmark,29
Ireland,42
Norway,0
Sweden,33
"United Kingdom, excluding England and Scotland",63
England,231
Scotland,21
Other Northern Europe,0
Austria,26
Belgium,21
France,94
Germany,414
Netherlands,127
Switzerland,11
Other Western Europe,0
Greece,0
Italy,158
Portugal,21
Azores Islands,0
Spain,0
Other Southern Europe,0
Albania,0
Belarus,0
Bosnia and Herzegovina,0
Bulgaria,0
Croatia,66
Czechoslovakia (includes Czech Republic and Slovakia),50
Hungary,166
Latvia,0
Lithuania,0
Moldova,0
North Macedonia (Macedonia),0
Poland,46
Romania,30
Russia,0
Serbia,40
Ukraine,103
Other Eastern Europe,19
"Europe, n.o.c.",0
"China, excluding Hong Kong and Taiwan",92
Hong Kong,15
Taiwan,75
Japan,115
Korea,176
Other Eastern Asia,5
Afghanistan,0
Bangladesh,10
Bhutan,0
India,83
Iran,139
Kazakhstan,17
Nepal,0
Pakistan,80
Sri Lanka,98
Uzbekistan,0
Other South Central Asia,0
Burma (Myanmar),12
Cambodia,20
Indonesia,35
Laos,5
Malaysia,0
Philippines,826
Singapore,0
Thailand,197
Vietnam,94
Other South Eastern Asia,0
Armenia,0
Azerbaijan,0
Georgia,0
Iraq,0
Israel,0
Jordan,0
Kuwait,0
Lebanon,13
Saudi Arabia,0
Syria,0
Turkey,8
United Arab Emirates,44
Yemen,0
Other Western Asia,0
"Asia, n.o.c.",23
Eritrea,12
Ethiopia,109
Kenya,0
Somalia,0
Tanzania,0
Uganda,21
Zimbabwe,0
Other Eastern Africa,46
Cameroon,0
Congo,0
Democratic Republic of Congo (Zaire),0
Other Middle Africa,0
Algeria,0
Egypt,0
Morocco,7
Sudan,0
Other Northern Africa,0
South Africa,16
Other Southern Africa,0
Cabo Verde,0
Ghana,0
Ivory Coast,0
Liberia,0
Nigeria,25
Senegal,0
Sierra Leone,0
Togo,0
Other Western Africa,0
"Africa, n.o.c.",0
Australia,5
Other Australian and New Zealand Subregion,4
Fiji,17
Marshall Islands,0
Micronesia,0
"Oceania, n.o.c.",0
Bahamas,0
Barbados,0
Cuba,171
Dominica,0
Dominican Republic,0
Grenada,0
Haiti,8
Jamaica,36
St. Lucia,0
St. Vincent and the Grenadines,0
Trinidad and Tobago,21
West Indies,0
Other Caribbean,0
Belize,0
Costa Rica,0
El Salvador,70
Guatemala,175
Honduras,141
Mexico,"7,151"
Nicaragua,79
Panama,5
Other Central America,0
Argentina,88
Bolivia,2
Brazil,0
Chile,0
Colombia,61
Ecuador,67
Guyana,0
Peru,79
Uruguay,31
Venezuela,10
Other South America,0
Canada,"1,392"
Other Northern America,0
