origin,population
Total:,"17,178"
Europe:,"4,407"
Denmark,30
Ireland,106
Norway,13
Sweden,0
"United Kingdom, excluding England and Scotland",106
England,320
Scotland,116
Other Northern Europe,24
Austria,12
Belgium,8
France,10
Germany,540
Netherlands,10
Switzerland,11
Other Western Europe,0
Greece,311
Italy,247
Portugal,289
Azores Islands,0
Spain,85
Other Southern Europe,0
Albania,0
Belarus,4
Bosnia and Herzegovina,0
Bulgaria,165
Croatia,0
Czechoslovakia (includes Czech Republic and Slovakia),75
Hungary,19
Latvia,32
Lithuania,0
Moldova,0
North Macedonia (Macedonia),8
Poland,"1,559"
Romania,40
Russia,124
Serbia,67
Ukraine,36
Other Eastern Europe,40
"Europe, n.o.c.",0
"China, excluding Hong Kong and Taiwan",190
Hong Kong,65
Taiwan,27
Japan,8
Korea,406
Other Eastern Asia,0
Afghanistan,32
Bangladesh,193
Bhutan,63
India,548
Iran,14
Kazakhstan,0
Nepal,0
Pakistan,272
Sri Lanka,11
Uzbekistan,0
Other South Central Asia,0
Burma (Myanmar),0
Cambodia,0
Indonesia,2
Laos,0
Malaysia,0
Philippines,475
Singapore,0
Thailand,18
Vietnam,102
Other South Eastern Asia,0
Armenia,0
Azerbaijan,27
Georgia,31
Iraq,0
Israel,23
Jordan,60
Kuwait,0
Lebanon,0
Saudi Arabia,16
Syria,34
Turkey,119
United Arab Emirates,0
Yemen,0
Other Western Asia,43
"Asia, n.o.c.",0
Eritrea,0
Ethiopia,0
Kenya,0
Somalia,0
Tanzania,53
Uganda,50
Zimbabwe,0
Other Eastern Africa,0
Cameroon,0
Congo,0
Democratic Republic of Congo (Zaire),0
Other Middle Africa,21
Algeria,52
Egypt,69
Morocco,145
Sudan,0
Other Northern Africa,0
South Africa,0
Other Southern Africa,0
Cabo Verde,0
Ghana,157
Ivory Coast,27
Liberia,104
Nigeria,224
Senegal,0
Sierra Leone,0
Togo,29
Other Western Africa,67
"Africa, n.o.c.",7
Australia,83
Other Australian and New Zealand Subregion,10
Fiji,0
Marshall Islands,0
Micronesia,0
"Oceania, n.o.c.",0
Bahamas,30
Barbados,60
Cuba,153
Dominica,14
Dominican Republic,"1,362"
Grenada,226
Haiti,355
Jamaica,973
St. Lucia,125
St. Vincent and the Grenadines,174
Trinidad and Tobago,365
West Indies,124
Other Caribbean,113
Belize,56
Costa Rica,35
El Salvador,154
Guatemala,281
Honduras,167
Mexico,366
Nicaragua,23
Panama,123
Other Central America,0
Argentina,0
Bolivia,56
Brazil,193
Chile,134
Colombia,430
Ecuador,"1,304"
Guyana,878
Peru,196
Uruguay,0
Venezuela,217
Other South America,19
Canada,157
Other Northern America,31
