origin,population
Total:,"62,376"
Europe:,"15,963"
Denmark,9
Ireland,337
Norway,20
Sweden,165
"United Kingdom, excluding England and Scotland",596
England,903
Scotland,262
Other Northern Europe,26
Austria,154
Belgium,166
France,244
Germany,"1,476"
Netherlands,208
Switzerland,52
Other Western Europe,16
Greece,267
Italy,"2,743"
Portugal,281
Azores Islands,28
Spain,335
Other Southern Europe,0
Albania,232
Belarus,266
Bosnia and Herzegovina,722
Bulgaria,135
Croatia,110
Czechoslovakia (includes Czech Republic and Slovakia),123
Hungary,186
Latvia,83
Lithuania,117
Moldova,124
North Macedonia (Macedonia),650
Poland,780
Romania,151
Russia,"1,056"
Serbia,113
Ukraine,"2,301"
Other Eastern Europe,493
"Europe, n.o.c.",61
"China, excluding Hong Kong and Taiwan","4,781"
Hong Kong,337
Taiwan,408
Japan,164
Korea,"1,595"
Other Eastern Asia,16
Afghanistan,323
Bangladesh,237
Bhutan,"1,166"
India,"3,566"
Iran,328
Kazakhstan,69
Nepal,"1,284"
Pakistan,983
Sri Lanka,520
Uzbekistan,69
Other South Central Asia,27
Burma (Myanmar),709
Cambodia,90
Indonesia,18
Laos,367
Malaysia,116
Philippines,"1,398"
Singapore,52
Thailand,928
Vietnam,"1,544"
Other South Eastern Asia,0
Armenia,67
Azerbaijan,0
Georgia,0
Iraq,999
Israel,232
Jordan,49
Kuwait,14
Lebanon,272
Saudi Arabia,277
Syria,296
Turkey,653
United Arab Emirates,63
Yemen,544
Other Western Asia,19
"Asia, n.o.c.",77
Eritrea,56
Ethiopia,831
Kenya,200
Somalia,612
Tanzania,261
Uganda,144
Zimbabwe,58
Other Eastern Africa,212
Cameroon,137
Congo,34
Democratic Republic of Congo (Zaire),268
Other Middle Africa,0
Algeria,10
Egypt,279
Morocco,115
Sudan,158
Other Northern Africa,97
South Africa,292
Other Southern Africa,0
Cabo Verde,74
Ghana,155
Ivory Coast,105
Liberia,269
Nigeria,303
Senegal,7
Sierra Leone,15
Togo,23
Other Western Africa,82
"Africa, n.o.c.",344
Australia,61
Other Australian and New Zealand Subregion,18
Fiji,0
Marshall Islands,0
Micronesia,0
"Oceania, n.o.c.",0
Bahamas,59
Barbados,66
Cuba,"1,710"
Dominica,34
Dominican Republic,"2,431"
Grenada,94
Haiti,"1,016"
Jamaica,"2,378"
St. Lucia,162
St. Vincent and the Grenadines,10
Trinidad and Tobago,339
West Indies,34
Other Caribbean,87
Belize,265
Costa Rica,103
El Salvador,181
Guatemala,360
Honduras,228
Mexico,935
Nicaragua,176
Panama,133
Other Central America,0
Argentina,218
Bolivia,105
Brazil,530
Chile,250
Colombia,544
Ecuador,228
Guyana,310
Peru,113
Uruguay,8
Venezuela,213
Other South America,195
Canada,"3,021"
Other Northern America,0
