origin,population
Total:,"1,547"
Europe:,497
Denmark,2
Ireland,5
Norway,14
Sweden,0
"United Kingdom, excluding England and Scotland",32
England,17
Scotland,0
Other Northern Europe,0
Austria,0
Belgium,4
France,6
Germany,50
Netherlands,13
Switzerland,0
Other Western Europe,0
Greece,0
Italy,95
Portugal,0
Azores Islands,0
Spain,0
Other Southern Europe,0
Albania,0
Belarus,0
Bosnia and Herzegovina,0
Bulgaria,0
Croatia,0
Czechoslovakia (includes Czech Republic and Slovakia),0
Hungary,9
Latvia,4
Lithuania,0
Moldova,0
North Macedonia (Macedonia),0
Poland,72
Romania,2
Russia,35
Serbia,0
Ukraine,136
Other Eastern Europe,1
"Europe, n.o.c.",0
"China, excluding Hong Kong and Taiwan",13
Hong Kong,22
Taiwan,0
Japan,0
Korea,4
Other Eastern Asia,0
Afghanistan,0
Bangladesh,0
Bhutan,17
India,8
Iran,0
Kazakhstan,0
Nepal,0
Pakistan,20
Sri Lanka,0
Uzbekistan,55
Other South Central Asia,0
Burma (Myanmar),50
Cambodia,0
Indonesia,9
Laos,0
Malaysia,0
Philippines,35
Singapore,0
Thailand,49
Vietnam,37
Other South Eastern Asia,0
Armenia,18
Azerbaijan,0
Georgia,0
Iraq,0
Israel,8
Jordan,0
Kuwait,0
Lebanon,0
Saudi Arabia,0
Syria,0
Turkey,0
United Arab Emirates,0
Yemen,0
Other Western Asia,0
"Asia, n.o.c.",0
Eritrea,0
Ethiopia,0
Kenya,0
Somalia,0
Tanzania,0
Uganda,0
Zimbabwe,0
Other Eastern Africa,0
Cameroon,0
Congo,0
Democratic Republic of Congo (Zaire),0
Other Middle Africa,0
Algeria,0
Egypt,0
Morocco,0
Sudan,0
Other Northern Africa,0
South Africa,0
Other Southern Africa,0
Cabo Verde,0
Ghana,0
Ivory Coast,0
Liberia,0
Nigeria,9
Senegal,0
Sierra Leone,0
Togo,0
Other Western Africa,0
"Africa, n.o.c.",3
Australia,0
Other Australian and New Zealand Subregion,0
Fiji,0
Marshall Islands,0
Micronesia,0
"Oceania, n.o.c.",0
Bahamas,0
Barbados,0
Cuba,8
Dominica,0
Dominican Republic,107
Grenada,0
Haiti,0
Jamaica,66
St. Lucia,0
St. Vincent and the Grenadines,0
Trinidad and Tobago,40
West Indies,0
Other Caribbean,4
Belize,0
Costa Rica,61
El Salvador,0
Guatemala,31
Honduras,16
Mexico,192
Nicaragua,0
Panama,23
Other Central America,0
Argentina,4
Bolivia,0
Brazil,0
Chile,0
Colombia,64
Ecuador,0
Guyana,9
Peru,2
Uruguay,0
Venezuela,0
Other South America,0
Canada,66
Other Northern America,0
