origin,population
Total:,"8,504"
Europe:,"1,345"
Denmark,0
Ireland,0
Norway,18
Sweden,56
"United Kingdom, excluding England and Scotland",33
England,59
Scotland,0
Other Northern Europe,9
Austria,37
Belgium,0
France,83
Germany,145
Netherlands,56
Switzerland,0
Other Western Europe,0
Greece,0
Italy,151
Portugal,0
Azores Islands,0
Spain,79
Other Southern Europe,0
Albania,156
Belarus,0
Bosnia and Herzegovina,53
Bulgaria,0
Croatia,0
Czechoslovakia (includes Czech Republic and Slovakia),9
Hungary,26
Latvia,0
Lithuania,0
Moldova,0
North Macedonia (Macedonia),0
Poland,86
Romania,33
Russia,28
Serbia,6
Ukraine,21
Other Eastern Europe,201
"Europe, n.o.c.",0
"China, excluding Hong Kong and Taiwan","1,346"
Hong Kong,8
Taiwan,7
Japan,246
Korea,707
Other Eastern Asia,0
Afghanistan,6
Bangladesh,152
Bhutan,0
India,"1,465"
Iran,172
Kazakhstan,0
Nepal,46
Pakistan,98
Sri Lanka,0
Uzbekistan,0
Other South Central Asia,0
Burma (Myanmar),0
Cambodia,0
Indonesia,5
Laos,0
Malaysia,0
Philippines,172
Singapore,0
Thailand,68
Vietnam,94
Other South Eastern Asia,0
Armenia,0
Azerbaijan,0
Georgia,0
Iraq,152
Israel,0
Jordan,43
Kuwait,5
Lebanon,0
Saudi Arabia,7
Syria,0
Turkey,86
United Arab Emirates,0
Yemen,0
Other Western Asia,0
"Asia, n.o.c.",49
Eritrea,11
Ethiopia,29
Kenya,11
Somalia,0
Tanzania,0
Uganda,0
Zimbabwe,0
Other Eastern Africa,0
Cameroon,0
Congo,17
Democratic Republic of Congo (Zaire),22
Other Middle Africa,19
Algeria,31
Egypt,590
Morocco,18
Sudan,0
Other Northern Africa,0
South Africa,18
Other Southern Africa,0
Cabo Verde,0
Ghana,93
Ivory Coast,0
Liberia,0
Nigeria,0
Senegal,0
Sierra Leone,0
Togo,0
Other Western Africa,0
"Africa, n.o.c.",0
Australia,46
Other Australian and New Zealand Subregion,0
Fiji,0
Marshall Islands,0
Micronesia,0
"Oceania, n.o.c.",0
Bahamas,0
Barbados,10
Cuba,0
Dominica,0
Dominican Republic,11
Grenada,0
Haiti,0
Jamaica,67
St. Lucia,0
St. Vincent and the Grenadines,0
Trinidad and Tobago,34
West Indies,0
Other Caribbean,0
Belize,0
Costa Rica,16
El Salvador,40
Guatemala,33
Honduras,86
Mexico,368
Nicaragua,0
Panama,0
Other Central America,0
Argentina,13
Bolivia,16
Brazil,121
Chile,0
Colombia,64
Ecuador,19
Guyana,0
Peru,13
Uruguay,0
Venezuela,116
Other South America,0
Canada,293
Other Northern America,0
