origin,population
Total:,"10,722"
Europe:,"1,750"
Denmark,0
Ireland,0
Norway,5
Sweden,0
"United Kingdom, excluding England and Scotland",34
England,44
Scotland,21
Other Northern Europe,0
Austria,23
Belgium,3
France,51
Germany,"1,133"
Netherlands,35
Switzerland,0
Other Western Europe,0
Greece,0
Italy,38
Portugal,8
Azores Islands,8
Spain,31
Other Southern Europe,0
Albania,0
Belarus,38
Bosnia and Herzegovina,0
Bulgaria,0
Croatia,0
Czechoslovakia (includes Czech Republic and Slovakia),28
Hungary,0
Latvia,0
Lithuania,0
Moldova,0
North Macedonia (Macedonia),0
Poland,76
Romania,25
Russia,143
Serbia,0
Ukraine,14
Other Eastern Europe,0
"Europe, n.o.c.",0
"China, excluding Hong Kong and Taiwan",64
Hong Kong,0
Taiwan,0
Japan,148
Korea,652
Other Eastern Asia,0
Afghanistan,0
Bangladesh,0
Bhutan,0
India,"1,784"
Iran,3
Kazakhstan,0
Nepal,27
Pakistan,13
Sri Lanka,0
Uzbekistan,0
Other South Central Asia,0
Burma (Myanmar),0
Cambodia,0
Indonesia,0
Laos,0
Malaysia,15
Philippines,436
Singapore,0
Thailand,58
Vietnam,461
Other South Eastern Asia,0
Armenia,0
Azerbaijan,18
Georgia,0
Iraq,0
Israel,0
Jordan,0
Kuwait,9
Lebanon,0
Saudi Arabia,29
Syria,90
Turkey,0
United Arab Emirates,14
Yemen,0
Other Western Asia,0
"Asia, n.o.c.",0
Eritrea,0
Ethiopia,0
Kenya,0
Somalia,0
Tanzania,16
Uganda,0
Zimbabwe,0
Other Eastern Africa,0
Cameroon,14
Congo,0
Democratic Republic of Congo (Zaire),4
Other Middle Africa,0
Algeria,0
Egypt,0
Morocco,0
Sudan,0
Other Northern Africa,0
South Africa,16
Other Southern Africa,0
Cabo Verde,24
Ghana,125
Ivory Coast,0
Liberia,0
Nigeria,128
Senegal,0
Sierra Leone,0
Togo,0
Other Western Africa,15
"Africa, n.o.c.",7
Australia,0
Other Australian and New Zealand Subregion,0
Fiji,0
Marshall Islands,0
Micronesia,0
"Oceania, n.o.c.",35
Bahamas,0
Barbados,35
Cuba,107
Dominica,37
Dominican Republic,145
Grenada,0
Haiti,86
Jamaica,176
St. Lucia,0
St. Vincent and the Grenadines,24
Trinidad and Tobago,65
West Indies,0
Other Caribbean,0
Belize,18
Costa Rica,45
El Salvador,160
Guatemala,538
Honduras,367
Mexico,"1,495"
Nicaragua,151
Panama,459
Other Central America,0
Argentina,0
Bolivia,0
Brazil,75
Chile,15
Colombia,453
Ecuador,65
Guyana,136
Peru,6
Uruguay,0
Venezuela,16
Other South America,0
Canada,81
Other Northern America,12
