origin,population
Total:,"8,374"
Europe:,"2,557"
Denmark,20
Ireland,16
Norway,0
Sweden,29
"United Kingdom, excluding England and Scotland",189
England,222
Scotland,45
Other Northern Europe,0
Austria,0
Belgium,11
France,17
Germany,552
Netherlands,22
Switzerland,0
Other Western Europe,0
Greece,0
Italy,297
Portugal,0
Azores Islands,0
Spain,0
Other Southern Europe,10
Albania,21
Belarus,201
Bosnia and Herzegovina,0
Bulgaria,6
Croatia,0
Czechoslovakia (includes Czech Republic and Slovakia),22
Hungary,31
Latvia,55
Lithuania,7
Moldova,39
North Macedonia (Macedonia),0
Poland,140
Romania,11
Russia,211
Serbia,18
Ukraine,349
Other Eastern Europe,16
"Europe, n.o.c.",0
"China, excluding Hong Kong and Taiwan",403
Hong Kong,10
Taiwan,54
Japan,66
Korea,192
Other Eastern Asia,0
Afghanistan,17
Bangladesh,93
Bhutan,28
India,270
Iran,164
Kazakhstan,63
Nepal,0
Pakistan,215
Sri Lanka,38
Uzbekistan,9
Other South Central Asia,11
Burma (Myanmar),14
Cambodia,0
Indonesia,0
Laos,17
Malaysia,0
Philippines,112
Singapore,0
Thailand,18
Vietnam,83
Other South Eastern Asia,0
Armenia,0
Azerbaijan,0
Georgia,31
Iraq,35
Israel,12
Jordan,20
Kuwait,2
Lebanon,59
Saudi Arabia,83
Syria,0
Turkey,1
United Arab Emirates,0
Yemen,10
Other Western Asia,24
"Asia, n.o.c.",164
Eritrea,0
Ethiopia,7
Kenya,39
Somalia,37
Tanzania,0
Uganda,0
Zimbabwe,0
Other Eastern Africa,0
Cameroon,0
Congo,0
Democratic Republic of Congo (Zaire),0
Other Middle Africa,0
Algeria,19
Egypt,61
Morocco,20
Sudan,0
Other Northern Africa,0
South Africa,24
Other Southern Africa,0
Cabo Verde,0
Ghana,0
Ivory Coast,0
Liberia,0
Nigeria,2
Senegal,0
Sierra Leone,0
Togo,0
Other Western Africa,162
"Africa, n.o.c.",0
Australia,0
Other Australian and New Zealand Subregion,6
Fiji,0
Marshall Islands,0
Micronesia,0
"Oceania, n.o.c.",0
Bahamas,0
Barbados,39
Cuba,15
Dominica,0
Dominican Republic,127
Grenada,0
Haiti,21
Jamaica,759
St. Lucia,0
St. Vincent and the Grenadines,4
Trinidad and Tobago,13
West Indies,0
Other Caribbean,0
Belize,0
Costa Rica,13
El Salvador,78
Guatemala,97
Honduras,24
Mexico,105
Nicaragua,0
Panama,45
Other Central America,0
Argentina,0
Bolivia,0
Brazil,79
Chile,33
Colombia,46
Ecuador,56
Guyana,173
Peru,17
Uruguay,0
Venezuela,52
Other South America,0
Canada,"1,326"
Other Northern America,0
