origin,population
Total:,"4,472"
Europe:,982
Denmark,0
Ireland,71
Norway,2
Sweden,0
"United Kingdom, excluding England and Scotland",32
England,72
Scotland,10
Other Northern Europe,28
Austria,15
Belgium,0
France,28
Germany,97
Netherlands,16
Switzerland,0
Other Western Europe,0
Greece,17
Italy,29
Portugal,54
Azores Islands,16
Spain,37
Other Southern Europe,0
Albania,0
Belarus,14
Bosnia and Herzegovina,0
Bulgaria,0
Croatia,0
Czechoslovakia (includes Czech Republic and Slovakia),0
Hungary,40
Latvia,0
Lithuania,6
Moldova,0
North Macedonia (Macedonia),4
Poland,101
Romania,0
Russia,76
Serbia,0
Ukraine,233
Other Eastern Europe,0
"Europe, n.o.c.",0
"China, excluding Hong Kong and Taiwan",425
Hong Kong,9
Taiwan,0
Japan,0
Korea,70
Other Eastern Asia,0
Afghanistan,0
Bangladesh,0
Bhutan,0
India,118
Iran,0
Kazakhstan,0
Nepal,0
Pakistan,62
Sri Lanka,12
Uzbekistan,0
Other South Central Asia,0
Burma (Myanmar),0
Cambodia,0
Indonesia,0
Laos,69
Malaysia,0
Philippines,258
Singapore,0
Thailand,115
Vietnam,0
Other South Eastern Asia,0
Armenia,0
Azerbaijan,0
Georgia,6
Iraq,0
Israel,32
Jordan,0
Kuwait,0
Lebanon,0
Saudi Arabia,0
Syria,0
Turkey,12
United Arab Emirates,0
Yemen,0
Other Western Asia,0
"Asia, n.o.c.",0
Eritrea,0
Ethiopia,0
Kenya,0
Somalia,0
Tanzania,0
Uganda,0
Zimbabwe,0
Other Eastern Africa,22
Cameroon,0
Congo,0
Democratic Republic of Congo (Zaire),0
Other Middle Africa,0
Algeria,0
Egypt,0
Morocco,0
Sudan,0
Other Northern Africa,0
South Africa,44
Other Southern Africa,0
Cabo Verde,0
Ghana,0
Ivory Coast,0
Liberia,5
Nigeria,0
Senegal,0
Sierra Leone,0
Togo,0
Other Western Africa,13
"Africa, n.o.c.",0
Australia,5
Other Australian and New Zealand Subregion,0
Fiji,0
Marshall Islands,0
Micronesia,0
"Oceania, n.o.c.",0
Bahamas,0
Barbados,0
Cuba,47
Dominica,0
Dominican Republic,38
Grenada,0
Haiti,125
Jamaica,25
St. Lucia,0
St. Vincent and the Grenadines,0
Trinidad and Tobago,29
West Indies,0
Other Caribbean,0
Belize,0
Costa Rica,0
El Salvador,0
Guatemala,426
Honduras,99
Mexico,348
Nicaragua,5
Panama,7
Other Central America,0
Argentina,73
Bolivia,0
Brazil,387
Chile,9
Colombia,229
Ecuador,19
Guyana,1
Peru,41
Uruguay,0
Venezuela,0
Other South America,0
Canada,305
Other Northern America,0
