origin,population
Total:,"4,413"
Europe:,"1,138"
Denmark,17
Ireland,95
Norway,9
Sweden,0
"United Kingdom, excluding England and Scotland",143
England,94
Scotland,11
Other Northern Europe,0
Austria,13
Belgium,19
France,37
Germany,173
Netherlands,64
Switzerland,36
Other Western Europe,0
Greece,18
Italy,140
Portugal,0
Azores Islands,0
Spain,34
Other Southern Europe,38
Albania,0
Belarus,0
Bosnia and Herzegovina,0
Bulgaria,0
Croatia,10
Czechoslovakia (includes Czech Republic and Slovakia),4
Hungary,15
Latvia,0
Lithuania,0
Moldova,0
North Macedonia (Macedonia),0
Poland,18
Romania,16
Russia,24
Serbia,16
Ukraine,57
Other Eastern Europe,37
"Europe, n.o.c.",0
"China, excluding Hong Kong and Taiwan",162
Hong Kong,0
Taiwan,23
Japan,56
Korea,243
Other Eastern Asia,0
Afghanistan,1
Bangladesh,6
Bhutan,0
India,175
Iran,0
Kazakhstan,0
Nepal,48
Pakistan,135
Sri Lanka,2
Uzbekistan,54
Other South Central Asia,6
Burma (Myanmar),9
Cambodia,85
Indonesia,14
Laos,0
Malaysia,0
Philippines,115
Singapore,2
Thailand,82
Vietnam,21
Other South Eastern Asia,0
Armenia,0
Azerbaijan,0
Georgia,0
Iraq,0
Israel,11
Jordan,0
Kuwait,0
Lebanon,49
Saudi Arabia,64
Syria,0
Turkey,8
United Arab Emirates,0
Yemen,0
Other Western Asia,50
"Asia, n.o.c.",0
Eritrea,0
Ethiopia,0
Kenya,1
Somalia,0
Tanzania,0
Uganda,0
Zimbabwe,0
Other Eastern Africa,0
Cameroon,0
Congo,0
Democratic Republic of Congo (Zaire),0
Other Middle Africa,0
Algeria,0
Egypt,132
Morocco,11
Sudan,0
Other Northern Africa,41
South Africa,25
Other Southern Africa,0
Cabo Verde,0
Ghana,0
Ivory Coast,0
Liberia,0
Nigeria,29
Senegal,0
Sierra Leone,0
Togo,0
Other Western Africa,0
"Africa, n.o.c.",2
Australia,18
Other Australian and New Zealand Subregion,72
Fiji,0
Marshall Islands,0
Micronesia,0
"Oceania, n.o.c.",0
Bahamas,0
Barbados,20
Cuba,43
Dominica,0
Dominican Republic,34
Grenada,0
Haiti,5
Jamaica,241
St. Lucia,0
St. Vincent and the Grenadines,0
Trinidad and Tobago,10
West Indies,6
Other Caribbean,0
Belize,0
Costa Rica,12
El Salvador,6
Guatemala,9
Honduras,39
Mexico,392
Nicaragua,8
Panama,0
Other Central America,0
Argentina,17
Bolivia,10
Brazil,114
Chile,6
Colombia,44
Ecuador,10
Guyana,32
Peru,26
Uruguay,0
Venezuela,43
Other South America,0
Canada,391
Other Northern America,5
