origin,population
Total:,"2,789"
Europe:,125
Denmark,0
Ireland,0
Norway,0
Sweden,0
"United Kingdom, excluding England and Scotland",0
England,27
Scotland,14
Other Northern Europe,0
Austria,0
Belgium,0
France,0
Germany,61
Netherlands,0
Switzerland,0
Other Western Europe,0
Greece,0
Italy,5
Portugal,0
Azores Islands,0
Spain,0
Other Southern Europe,0
Albania,0
Belarus,0
Bosnia and Herzegovina,0
Bulgaria,0
Croatia,0
Czechoslovakia (includes Czech Republic and Slovakia),18
Hungary,0
Latvia,0
Lithuania,0
Moldova,0
North Macedonia (Macedonia),0
Poland,0
Romania,0
Russia,0
Serbia,0
Ukraine,0
Other Eastern Europe,0
"Europe, n.o.c.",0
"China, excluding Hong Kong and Taiwan",26
Hong Kong,0
Taiwan,0
Japan,0
Korea,59
Other Eastern Asia,0
Afghanistan,0
Bangladesh,0
Bhutan,0
India,181
Iran,0
Kazakhstan,0
Nepal,0
Pakistan,147
Sri Lanka,0
Uzbekistan,0
Other South Central Asia,0
Burma (Myanmar),0
Cambodia,54
Indonesia,0
Laos,0
Malaysia,0
Philippines,159
Singapore,0
Thailand,0
Vietnam,72
Other South Eastern Asia,0
Armenia,0
Azerbaijan,0
Georgia,0
Iraq,18
Israel,0
Jordan,0
Kuwait,0
Lebanon,0
Saudi Arabia,79
Syria,1
Turkey,0
United Arab Emirates,0
Yemen,0
Other Western Asia,0
"Asia, n.o.c.",0
Eritrea,0
Ethiopia,0
Kenya,0
Somalia,0
Tanzania,0
Uganda,11
Zimbabwe,0
Other Eastern Africa,0
Cameroon,0
Congo,0
Democratic Republic of Congo (Zaire),0
Other Middle Africa,0
Algeria,0
Egypt,0
Morocco,0
Sudan,0
Other Northern Africa,0
South Africa,0
Other Southern Africa,0
Cabo Verde,0
Ghana,0
Ivory Coast,0
Liberia,0
Nigeria,0
Senegal,0
Sierra Leone,0
Togo,0
Other Western Africa,0
"Africa, n.o.c.",0
Australia,0
Other Australian and New Zealand Subregion,0
Fiji,0
Marshall Islands,0
Micronesia,0
"Oceania, n.o.c.",0
Bahamas,0
Barbados,0
Cuba,115
Dominica,0
Dominican Republic,228
Grenada,0
Haiti,15
Jamaica,0
St. Lucia,20
St. Vincent and the Grenadines,0
Trinidad and Tobago,0
West Indies,0
Other Caribbean,0
Belize,0
Costa Rica,0
El Salvador,74
Guatemala,20
Honduras,21
Mexico,"1,277"
Nicaragua,0
Panama,3
Other Central America,0
Argentina,0
Bolivia,0
Brazil,29
Chile,0
Colombia,14
Ecuador,0
Guyana,0
Peru,0
Uruguay,0
Venezuela,16
Other South America,0
Canada,25
Other Northern America,0
