origin,population
Total:,"2,289"
Europe:,900
Denmark,63
Ireland,8
Norway,36
Sweden,9
"United Kingdom, excluding England and Scotland",49
England,58
Scotland,107
Other Northern Europe,0
Austria,0
Belgium,24
France,10
Germany,147
Netherlands,7
Switzerland,7
Other Western Europe,0
Greece,65
Italy,18
Portugal,4
Azores Islands,4
Spain,14
Other Southern Europe,0
Albania,0
Belarus,6
Bosnia and Herzegovina,15
Bulgaria,0
Croatia,10
Czechoslovakia (includes Czech Republic and Slovakia),44
Hungary,28
Latvia,0
Lithuania,0
Moldova,0
North Macedonia (Macedonia),0
Poland,46
Romania,17
Russia,3
Serbia,16
Ukraine,5
Other Eastern Europe,83
"Europe, n.o.c.",1
"China, excluding Hong Kong and Taiwan",206
Hong Kong,15
Taiwan,6
Japan,0
Korea,87
Other Eastern Asia,0
Afghanistan,0
Bangladesh,73
Bhutan,0
India,103
Iran,15
Kazakhstan,0
Nepal,41
Pakistan,70
Sri Lanka,3
Uzbekistan,0
Other South Central Asia,0
Burma (Myanmar),0
Cambodia,0
Indonesia,0
Laos,0
Malaysia,0
Philippines,81
Singapore,20
Thailand,5
Vietnam,0
Other South Eastern Asia,0
Armenia,0
Azerbaijan,0
Georgia,0
Iraq,18
Israel,6
Jordan,0
Kuwait,23
Lebanon,34
Saudi Arabia,0
Syria,0
Turkey,0
United Arab Emirates,0
Yemen,0
Other Western Asia,0
"Asia, n.o.c.",6
Eritrea,0
Ethiopia,14
Kenya,3
Somalia,0
Tanzania,0
Uganda,0
Zimbabwe,0
Other Eastern Africa,0
Cameroon,0
Congo,0
Democratic Republic of Congo (Zaire),0
Other Middle Africa,0
Algeria,0
Egypt,6
Morocco,0
Sudan,0
Other Northern Africa,0
South Africa,27
Other Southern Africa,0
Cabo Verde,0
Ghana,4
Ivory Coast,0
Liberia,0
Nigeria,0
Senegal,0
Sierra Leone,0
Togo,0
Other Western Africa,0
"Africa, n.o.c.",9
Australia,1
Other Australian and New Zealand Subregion,0
Fiji,0
Marshall Islands,0
Micronesia,0
"Oceania, n.o.c.",0
Bahamas,0
Barbados,0
Cuba,80
Dominica,24
Dominican Republic,28
Grenada,7
Haiti,0
Jamaica,18
St. Lucia,0
St. Vincent and the Grenadines,0
Trinidad and Tobago,3
West Indies,0
Other Caribbean,0
Belize,6
Costa Rica,0
El Salvador,9
Guatemala,82
Honduras,0
Mexico,50
Nicaragua,15
Panama,0
Other Central America,0
Argentina,11
Bolivia,0
Brazil,11
Chile,1
Colombia,5
Ecuador,37
Guyana,0
Peru,11
Uruguay,0
Venezuela,0
Other South America,16
Canada,99
Other Northern America,0
