origin,population
Total:,"14,537"
Europe:,"1,894"
Denmark,15
Ireland,35
Norway,0
Sweden,11
"United Kingdom, excluding England and Scotland",68
England,190
Scotland,36
Other Northern Europe,0
Austria,28
Belgium,0
France,36
Germany,160
Netherlands,679
Switzerland,10
Other Western Europe,0
Greece,12
Italy,10
Portugal,0
Azores Islands,0
Spain,0
Other Southern Europe,0
Albania,8
Belarus,15
Bosnia and Herzegovina,113
Bulgaria,0
Croatia,58
Czechoslovakia (includes Czech Republic and Slovakia),0
Hungary,0
Latvia,11
Lithuania,5
Moldova,0
North Macedonia (Macedonia),0
Poland,59
Romania,103
Russia,76
Serbia,29
Ukraine,127
Other Eastern Europe,0
"Europe, n.o.c.",0
"China, excluding Hong Kong and Taiwan",394
Hong Kong,17
Taiwan,60
Japan,41
Korea,765
Other Eastern Asia,0
Afghanistan,0
Bangladesh,78
Bhutan,90
India,553
Iran,107
Kazakhstan,0
Nepal,87
Pakistan,24
Sri Lanka,0
Uzbekistan,0
Other South Central Asia,0
Burma (Myanmar),0
Cambodia,762
Indonesia,75
Laos,792
Malaysia,6
Philippines,209
Singapore,0
Thailand,293
Vietnam,558
Other South Eastern Asia,10
Armenia,0
Azerbaijan,0
Georgia,0
Iraq,191
Israel,104
Jordan,25
Kuwait,0
Lebanon,4
Saudi Arabia,0
Syria,0
Turkey,10
United Arab Emirates,0
Yemen,0
Other Western Asia,0
"Asia, n.o.c.",0
Eritrea,0
Ethiopia,112
Kenya,0
Somalia,0
Tanzania,5
Uganda,25
Zimbabwe,8
Other Eastern Africa,13
Cameroon,0
Congo,0
Democratic Republic of Congo (Zaire),0
Other Middle Africa,0
Algeria,0
Egypt,0
Morocco,46
Sudan,0
Other Northern Africa,72
South Africa,25
Other Southern Africa,0
Cabo Verde,0
Ghana,50
Ivory Coast,0
Liberia,0
Nigeria,15
Senegal,0
Sierra Leone,0
Togo,0
Other Western Africa,0
"Africa, n.o.c.",272
Australia,50
Other Australian and New Zealand Subregion,0
Fiji,0
Marshall Islands,0
Micronesia,0
"Oceania, n.o.c.",0
Bahamas,0
Barbados,0
Cuba,381
Dominica,0
Dominican Republic,69
Grenada,0
Haiti,25
Jamaica,56
St. Lucia,0
St. Vincent and the Grenadines,0
Trinidad and Tobago,0
West Indies,0
Other Caribbean,0
Belize,0
Costa Rica,13
El Salvador,66
Guatemala,294
Honduras,129
Mexico,"4,049"
Nicaragua,0
Panama,27
Other Central America,5
Argentina,90
Bolivia,0
Brazil,60
Chile,189
Colombia,52
Ecuador,57
Guyana,0
Peru,118
Uruguay,0
Venezuela,57
Other South America,0
Canada,958
Other Northern America,0
