origin,population
Total:,"39,714"
Europe:,"3,130"
Denmark,40
Ireland,40
Norway,0
Sweden,49
"United Kingdom, excluding England and Scotland",295
England,463
Scotland,64
Other Northern Europe,40
Austria,71
Belgium,0
France,105
Germany,967
Netherlands,112
Switzerland,10
Other Western Europe,0
Greece,35
Italy,104
Portugal,89
Azores Islands,0
Spain,59
Other Southern Europe,0
Albania,0
Belarus,8
Bosnia and Herzegovina,0
Bulgaria,29
Croatia,0
Czechoslovakia (includes Czech Republic and Slovakia),14
Hungary,43
Latvia,0
Lithuania,6
Moldova,0
North Macedonia (Macedonia),0
Poland,205
Romania,126
Russia,47
Serbia,0
Ukraine,41
Other Eastern Europe,68
"Europe, n.o.c.",0
"China, excluding Hong Kong and Taiwan",120
Hong Kong,0
Taiwan,61
Japan,135
Korea,468
Other Eastern Asia,23
Afghanistan,91
Bangladesh,0
Bhutan,0
India,677
Iran,359
Kazakhstan,17
Nepal,0
Pakistan,36
Sri Lanka,0
Uzbekistan,7
Other South Central Asia,0
Burma (Myanmar),0
Cambodia,17
Indonesia,62
Laos,142
Malaysia,5
Philippines,"1,918"
Singapore,0
Thailand,140
Vietnam,378
Other South Eastern Asia,0
Armenia,0
Azerbaijan,0
Georgia,0
Iraq,69
Israel,25
Jordan,54
Kuwait,18
Lebanon,19
Saudi Arabia,0
Syria,14
Turkey,0
United Arab Emirates,0
Yemen,0
Other Western Asia,0
"Asia, n.o.c.",49
Eritrea,11
Ethiopia,16
Kenya,208
Somalia,0
Tanzania,46
Uganda,8
Zimbabwe,0
Other Eastern Africa,30
Cameroon,0
Congo,1
Democratic Republic of Congo (Zaire),0
Other Middle Africa,0
Algeria,0
Egypt,12
Morocco,7
Sudan,47
Other Northern Africa,66
South Africa,64
Other Southern Africa,0
Cabo Verde,0
Ghana,48
Ivory Coast,0
Liberia,47
Nigeria,217
Senegal,0
Sierra Leone,24
Togo,0
Other Western Africa,0
"Africa, n.o.c.",7
Australia,64
Other Australian and New Zealand Subregion,95
Fiji,65
Marshall Islands,0
Micronesia,0
"Oceania, n.o.c.",125
Bahamas,0
Barbados,0
Cuba,451
Dominica,42
Dominican Republic,25
Grenada,0
Haiti,92
Jamaica,272
St. Lucia,0
St. Vincent and the Grenadines,0
Trinidad and Tobago,70
West Indies,0
Other Caribbean,0
Belize,80
Costa Rica,7
El Salvador,635
Guatemala,356
Honduras,150
Mexico,"22,810"
Nicaragua,"1,352"
Panama,26
Other Central America,12
Argentina,30
Bolivia,23
Brazil,125
Chile,119
Colombia,351
Ecuador,143
Guyana,5
Peru,211
Uruguay,0
Venezuela,94
Other South America,0
Canada,"2,991"
Other Northern America,0
