origin,population
Total:,"114,520"
Europe:,"32,938"
Denmark,76
Ireland,554
Norway,150
Sweden,207
"United Kingdom, excluding England and Scotland","1,925"
England,"2,059"
Scotland,570
Other Northern Europe,144
Austria,207
Belgium,394
France,780
Germany,"4,234"
Netherlands,476
Switzerland,241
Other Western Europe,25
Greece,"2,298"
Italy,"1,587"
Portugal,522
Azores Islands,26
Spain,199
Other Southern Europe,76
Albania,"2,199"
Belarus,45
Bosnia and Herzegovina,"2,141"
Bulgaria,457
Croatia,938
Czechoslovakia (includes Czech Republic and Slovakia),457
Hungary,690
Latvia,55
Lithuania,503
Moldova,118
North Macedonia (Macedonia),158
Poland,"2,991"
Romania,504
Russia,"1,120"
Serbia,634
Ukraine,"1,943"
Other Eastern Europe,"1,248"
"Europe, n.o.c.",13
"China, excluding Hong Kong and Taiwan","1,526"
Hong Kong,253
Taiwan,359
Japan,425
Korea,"1,032"
Other Eastern Asia,0
Afghanistan,4
Bangladesh,110
Bhutan,0
India,"3,439"
Iran,408
Kazakhstan,155
Nepal,38
Pakistan,99
Sri Lanka,77
Uzbekistan,0
Other South Central Asia,9
Burma (Myanmar),128
Cambodia,513
Indonesia,236
Laos,"1,442"
Malaysia,305
Philippines,"4,689"
Singapore,36
Thailand,855
Vietnam,"6,841"
Other South Eastern Asia,0
Armenia,39
Azerbaijan,88
Georgia,24
Iraq,338
Israel,295
Jordan,127
Kuwait,228
Lebanon,533
Saudi Arabia,193
Syria,53
Turkey,271
United Arab Emirates,48
Yemen,0
Other Western Asia,69
"Asia, n.o.c.",115
Eritrea,12
Ethiopia,129
Kenya,103
Somalia,0
Tanzania,70
Uganda,62
Zimbabwe,28
Other Eastern Africa,112
Cameroon,6
Congo,0
Democratic Republic of Congo (Zaire),0
Other Middle Africa,21
Algeria,0
Egypt,"1,531"
Morocco,252
Sudan,78
Other Northern Africa,60
South Africa,844
Other Southern Africa,0
Cabo Verde,25
Ghana,222
Ivory Coast,0
Liberia,108
Nigeria,365
Senegal,45
Sierra Leone,85
Togo,0
Other Western Africa,2
"Africa, n.o.c.",6
Australia,842
Other Australian and New Zealand Subregion,243
Fiji,34
Marshall Islands,79
Micronesia,160
"Oceania, n.o.c.",74
Bahamas,231
Barbados,23
Cuba,"8,393"
Dominica,91
Dominican Republic,"1,700"
Grenada,62
Haiti,"1,234"
Jamaica,"3,907"
St. Lucia,60
St. Vincent and the Grenadines,72
Trinidad and Tobago,880
West Indies,103
Other Caribbean,73
Belize,118
Costa Rica,348
El Salvador,767
Guatemala,518
Honduras,584
Mexico,"6,587"
Nicaragua,455
Panama,575
Other Central America,0
Argentina,526
Bolivia,205
Brazil,"2,606"
Chile,397
Colombia,"3,769"
Ecuador,"1,074"
Guyana,768
Peru,"1,356"
Uruguay,295
Venezuela,"3,181"
Other South America,189
Canada,"9,434"
Other Northern America,3
