origin,population
Total:,"2,604"
Europe:,369
Denmark,0
Ireland,0
Norway,0
Sweden,7
"United Kingdom, excluding England and Scotland",29
England,30
Scotland,0
Other Northern Europe,0
Austria,6
Belgium,0
France,2
Germany,157
Netherlands,25
Switzerland,0
Other Western Europe,0
Greece,0
Italy,7
Portugal,0
Azores Islands,0
Spain,9
Other Southern Europe,0
Albania,0
Belarus,0
Bosnia and Herzegovina,0
Bulgaria,29
Croatia,0
Czechoslovakia (includes Czech Republic and Slovakia),0
Hungary,14
Latvia,0
Lithuania,0
Moldova,0
North Macedonia (Macedonia),0
Poland,35
Romania,11
Russia,5
Serbia,0
Ukraine,0
Other Eastern Europe,3
"Europe, n.o.c.",0
"China, excluding Hong Kong and Taiwan",138
Hong Kong,12
Taiwan,37
Japan,4
Korea,47
Other Eastern Asia,0
Afghanistan,0
Bangladesh,0
Bhutan,0
India,337
Iran,0
Kazakhstan,0
Nepal,35
Pakistan,2
Sri Lanka,0
Uzbekistan,0
Other South Central Asia,2
Burma (Myanmar),0
Cambodia,0
Indonesia,2
Laos,430
Malaysia,3
Philippines,76
Singapore,7
Thailand,127
Vietnam,77
Other South Eastern Asia,0
Armenia,0
Azerbaijan,0
Georgia,0
Iraq,14
Israel,0
Jordan,0
Kuwait,0
Lebanon,0
Saudi Arabia,0
Syria,0
Turkey,0
United Arab Emirates,3
Yemen,0
Other Western Asia,0
"Asia, n.o.c.",0
Eritrea,0
Ethiopia,4
Kenya,6
Somalia,0
Tanzania,0
Uganda,0
Zimbabwe,0
Other Eastern Africa,0
Cameroon,0
Congo,0
Democratic Republic of Congo (Zaire),0
Other Middle Africa,0
Algeria,0
Egypt,0
Morocco,0
Sudan,0
Other Northern Africa,0
South Africa,5
Other Southern Africa,0
Cabo Verde,0
Ghana,9
Ivory Coast,0
Liberia,0
Nigeria,28
Senegal,0
Sierra Leone,0
Togo,0
Other Western Africa,0
"Africa, n.o.c.",0
Australia,2
Other Australian and New Zealand Subregion,16
Fiji,0
Marshall Islands,0
Micronesia,0
"Oceania, n.o.c.",0
Bahamas,7
Barbados,0
Cuba,5
Dominica,0
Dominican Republic,7
Grenada,0
Haiti,0
Jamaica,29
St. Lucia,0
St. Vincent and the Grenadines,0
Trinidad and Tobago,0
West Indies,0
Other Caribbean,0
Belize,0
Costa Rica,128
El Salvador,0
Guatemala,12
Honduras,53
Mexico,311
Nicaragua,53
Panama,0
Other Central America,0
Argentina,0
Bolivia,0
Brazil,7
Chile,0
Colombia,0
Ecuador,0
Guyana,0
Peru,2
Uruguay,0
Venezuela,105
Other South America,0
Canada,93
Other Northern America,0
