origin,population
Total:,"129,593"
Europe:,"19,431"
Denmark,89
Ireland,242
Norway,45
Sweden,93
"United Kingdom, excluding England and Scotland",589
England,410
Scotland,149
Other Northern Europe,34
Austria,40
Belgium,46
France,342
Germany,750
Netherlands,131
Switzerland,76
Other Western Europe,16
Greece,388
Italy,"1,499"
Portugal,"10,903"
Azores Islands,"2,193"
Spain,319
Other Southern Europe,0
Albania,268
Belarus,249
Bosnia and Herzegovina,25
Bulgaria,39
Croatia,7
Czechoslovakia (includes Czech Republic and Slovakia),63
Hungary,186
Latvia,57
Lithuania,71
Moldova,12
North Macedonia (Macedonia),7
Poland,683
Romania,146
Russia,766
Serbia,3
Ukraine,523
Other Eastern Europe,114
"Europe, n.o.c.",51
"China, excluding Hong Kong and Taiwan","3,228"
Hong Kong,546
Taiwan,233
Japan,218
Korea,873
Other Eastern Asia,0
Afghanistan,0
Bangladesh,41
Bhutan,0
India,"4,175"
Iran,119
Kazakhstan,66
Nepal,76
Pakistan,354
Sri Lanka,19
Uzbekistan,147
Other South Central Asia,0
Burma (Myanmar),117
Cambodia,"1,734"
Indonesia,98
Laos,"1,887"
Malaysia,113
Philippines,"1,627"
Singapore,193
Thailand,752
Vietnam,546
Other South Eastern Asia,0
Armenia,113
Azerbaijan,351
Georgia,0
Iraq,332
Israel,170
Jordan,82
Kuwait,0
Lebanon,601
Saudi Arabia,33
Syria,783
Turkey,107
United Arab Emirates,22
Yemen,0
Other Western Asia,20
"Asia, n.o.c.",81
Eritrea,39
Ethiopia,0
Kenya,134
Somalia,0
Tanzania,21
Uganda,0
Zimbabwe,9
Other Eastern Africa,322
Cameroon,9
Congo,0
Democratic Republic of Congo (Zaire),44
Other Middle Africa,257
Algeria,55
Egypt,385
Morocco,228
Sudan,0
Other Northern Africa,18
South Africa,37
Other Southern Africa,0
Cabo Verde,"7,703"
Ghana,332
Ivory Coast,99
Liberia,"3,859"
Nigeria,"2,879"
Senegal,748
Sierra Leone,172
Togo,18
Other Western Africa,632
"Africa, n.o.c.","1,236"
Australia,47
Other Australian and New Zealand Subregion,0
Fiji,135
Marshall Islands,0
Micronesia,0
"Oceania, n.o.c.",19
Bahamas,0
Barbados,79
Cuba,198
Dominica,36
Dominican Republic,"32,221"
Grenada,0
Haiti,"2,606"
Jamaica,598
St. Lucia,48
St. Vincent and the Grenadines,0
Trinidad and Tobago,442
West Indies,5
Other Caribbean,38
Belize,21
Costa Rica,58
El Salvador,"2,496"
Guatemala,"15,407"
Honduras,"1,054"
Mexico,"2,905"
Nicaragua,159
Panama,261
Other Central America,0
Argentina,115
Bolivia,739
Brazil,"1,626"
Chile,89
Colombia,"6,243"
Ecuador,727
Guyana,167
Peru,440
Uruguay,44
Venezuela,699
Other South America,74
Canada,"1,266"
Other Northern America,7
