origin,population
Total:,"13,815"
Europe:,"4,332"
Denmark,15
Ireland,505
Norway,12
Sweden,18
"United Kingdom, excluding England and Scotland",208
England,190
Scotland,37
Other Northern Europe,10
Austria,54
Belgium,20
France,100
Germany,151
Netherlands,40
Switzerland,29
Other Western Europe,0
Greece,65
Italy,"1,342"
Portugal,105
Azores Islands,0
Spain,102
Other Southern Europe,0
Albania,18
Belarus,7
Bosnia and Herzegovina,3
Bulgaria,6
Croatia,38
Czechoslovakia (includes Czech Republic and Slovakia),211
Hungary,38
Latvia,49
Lithuania,0
Moldova,0
North Macedonia (Macedonia),0
Poland,314
Romania,94
Russia,176
Serbia,0
Ukraine,26
Other Eastern Europe,312
"Europe, n.o.c.",37
"China, excluding Hong Kong and Taiwan",469
Hong Kong,41
Taiwan,21
Japan,62
Korea,265
Other Eastern Asia,0
Afghanistan,0
Bangladesh,34
Bhutan,0
India,303
Iran,41
Kazakhstan,0
Nepal,10
Pakistan,2
Sri Lanka,0
Uzbekistan,23
Other South Central Asia,0
Burma (Myanmar),5
Cambodia,0
Indonesia,0
Laos,0
Malaysia,8
Philippines,359
Singapore,13
Thailand,60
Vietnam,22
Other South Eastern Asia,0
Armenia,0
Azerbaijan,0
Georgia,0
Iraq,0
Israel,12
Jordan,227
Kuwait,0
Lebanon,4
Saudi Arabia,0
Syria,0
Turkey,12
United Arab Emirates,0
Yemen,0
Other Western Asia,16
"Asia, n.o.c.",0
Eritrea,0
Ethiopia,174
Kenya,0
Somalia,0
Tanzania,44
Uganda,0
Zimbabwe,135
Other Eastern Africa,0
Cameroon,0
Congo,0
Democratic Republic of Congo (Zaire),0
Other Middle Africa,17
Algeria,0
Egypt,47
Morocco,8
Sudan,0
Other Northern Africa,0
South Africa,0
Other Southern Africa,0
Cabo Verde,0
Ghana,50
Ivory Coast,0
Liberia,0
Nigeria,12
Senegal,0
Sierra Leone,36
Togo,13
Other Western Africa,0
"Africa, n.o.c.",3
Australia,3
Other Australian and New Zealand Subregion,14
Fiji,0
Marshall Islands,0
Micronesia,0
"Oceania, n.o.c.",0
Bahamas,0
Barbados,0
Cuba,38
Dominica,0
Dominican Republic,505
Grenada,0
Haiti,154
Jamaica,370
St. Lucia,0
St. Vincent and the Grenadines,8
Trinidad and Tobago,12
West Indies,39
Other Caribbean,8
Belize,30
Costa Rica,3
El Salvador,262
Guatemala,"1,419"
Honduras,187
Mexico,351
Nicaragua,0
Panama,36
Other Central America,46
Argentina,364
Bolivia,0
Brazil,363
Chile,111
Colombia,313
Ecuador,875
Guyana,131
Peru,776
Uruguay,123
Venezuela,60
Other South America,24
Canada,302
Other Northern America,8
