origin,population
Total:,"9,200"
Europe:,"1,691"
Denmark,7
Ireland,124
Norway,0
Sweden,0
"United Kingdom, excluding England and Scotland",94
England,38
Scotland,41
Other Northern Europe,0
Austria,47
Belgium,29
France,0
Germany,293
Netherlands,13
Switzerland,0
Other Western Europe,0
Greece,64
Italy,258
Portugal,0
Azores Islands,0
Spain,24
Other Southern Europe,0
Albania,16
Belarus,78
Bosnia and Herzegovina,4
Bulgaria,5
Croatia,0
Czechoslovakia (includes Czech Republic and Slovakia),0
Hungary,0
Latvia,0
Lithuania,0
Moldova,0
North Macedonia (Macedonia),0
Poland,316
Romania,20
Russia,96
Serbia,0
Ukraine,91
Other Eastern Europe,33
"Europe, n.o.c.",0
"China, excluding Hong Kong and Taiwan","1,123"
Hong Kong,20
Taiwan,23
Japan,156
Korea,179
Other Eastern Asia,0
Afghanistan,129
Bangladesh,47
Bhutan,0
India,787
Iran,98
Kazakhstan,60
Nepal,91
Pakistan,64
Sri Lanka,0
Uzbekistan,101
Other South Central Asia,0
Burma (Myanmar),309
Cambodia,0
Indonesia,24
Laos,0
Malaysia,15
Philippines,166
Singapore,0
Thailand,112
Vietnam,80
Other South Eastern Asia,0
Armenia,96
Azerbaijan,5
Georgia,3
Iraq,27
Israel,49
Jordan,0
Kuwait,0
Lebanon,6
Saudi Arabia,7
Syria,8
Turkey,175
United Arab Emirates,0
Yemen,0
Other Western Asia,0
"Asia, n.o.c.",0
Eritrea,0
Ethiopia,0
Kenya,26
Somalia,34
Tanzania,15
Uganda,0
Zimbabwe,9
Other Eastern Africa,44
Cameroon,0
Congo,0
Democratic Republic of Congo (Zaire),0
Other Middle Africa,15
Algeria,480
Egypt,150
Morocco,0
Sudan,19
Other Northern Africa,0
South Africa,66
Other Southern Africa,0
Cabo Verde,0
Ghana,209
Ivory Coast,0
Liberia,0
Nigeria,139
Senegal,0
Sierra Leone,0
Togo,0
Other Western Africa,23
"Africa, n.o.c.",0
Australia,28
Other Australian and New Zealand Subregion,18
Fiji,0
Marshall Islands,0
Micronesia,2
"Oceania, n.o.c.",0
Bahamas,0
Barbados,0
Cuba,54
Dominica,0
Dominican Republic,232
Grenada,0
Haiti,172
Jamaica,131
St. Lucia,32
St. Vincent and the Grenadines,51
Trinidad and Tobago,105
West Indies,0
Other Caribbean,0
Belize,0
Costa Rica,0
El Salvador,56
Guatemala,96
Honduras,21
Mexico,249
Nicaragua,0
Panama,12
Other Central America,0
Argentina,10
Bolivia,0
Brazil,70
Chile,0
Colombia,72
Ecuador,87
Guyana,151
Peru,25
Uruguay,0
Venezuela,50
Other South America,0
Canada,596
Other Northern America,0
