origin,population
Total:,"5,138"
Europe:,279
Denmark,1
Ireland,6
Norway,0
Sweden,0
"United Kingdom, excluding England and Scotland",0
England,56
Scotland,0
Other Northern Europe,0
Austria,0
Belgium,0
France,7
Germany,96
Netherlands,0
Switzerland,0
Other Western Europe,0
Greece,0
Italy,4
Portugal,0
Azores Islands,0
Spain,36
Other Southern Europe,42
Albania,0
Belarus,0
Bosnia and Herzegovina,0
Bulgaria,0
Croatia,0
Czechoslovakia (includes Czech Republic and Slovakia),0
Hungary,0
Latvia,0
Lithuania,0
Moldova,0
North Macedonia (Macedonia),0
Poland,0
Romania,0
Russia,21
Serbia,0
Ukraine,7
Other Eastern Europe,0
"Europe, n.o.c.",3
"China, excluding Hong Kong and Taiwan",100
Hong Kong,0
Taiwan,0
Japan,1
Korea,4
Other Eastern Asia,0
Afghanistan,0
Bangladesh,0
Bhutan,0
India,95
Iran,8
Kazakhstan,0
Nepal,0
Pakistan,0
Sri Lanka,0
Uzbekistan,0
Other South Central Asia,0
Burma (Myanmar),0
Cambodia,0
Indonesia,3
Laos,5
Malaysia,5
Philippines,116
Singapore,0
Thailand,11
Vietnam,77
Other South Eastern Asia,0
Armenia,0
Azerbaijan,0
Georgia,0
Iraq,0
Israel,7
Jordan,0
Kuwait,5
Lebanon,0
Saudi Arabia,0
Syria,0
Turkey,0
United Arab Emirates,0
Yemen,36
Other Western Asia,0
"Asia, n.o.c.",3
Eritrea,0
Ethiopia,9
Kenya,7
Somalia,0
Tanzania,0
Uganda,0
Zimbabwe,0
Other Eastern Africa,10
Cameroon,0
Congo,0
Democratic Republic of Congo (Zaire),0
Other Middle Africa,0
Algeria,0
Egypt,15
Morocco,0
Sudan,0
Other Northern Africa,0
South Africa,0
Other Southern Africa,4
Cabo Verde,0
Ghana,0
Ivory Coast,0
Liberia,0
Nigeria,65
Senegal,27
Sierra Leone,0
Togo,0
Other Western Africa,0
"Africa, n.o.c.",0
Australia,0
Other Australian and New Zealand Subregion,0
Fiji,0
Marshall Islands,0
Micronesia,0
"Oceania, n.o.c.",22
Bahamas,0
Barbados,0
Cuba,100
Dominica,0
Dominican Republic,11
Grenada,0
Haiti,199
Jamaica,29
St. Lucia,0
St. Vincent and the Grenadines,0
Trinidad and Tobago,19
West Indies,0
Other Caribbean,0
Belize,0
Costa Rica,0
El Salvador,66
Guatemala,620
Honduras,113
Mexico,"2,975"
Nicaragua,1
Panama,26
Other Central America,0
Argentina,0
Bolivia,0
Brazil,15
Chile,0
Colombia,0
Ecuador,4
Guyana,0
Peru,0
Uruguay,0
Venezuela,14
Other South America,0
Canada,32
Other Northern America,0
