origin,population
Total:,"335,481"
Europe:,"49,345"
Denmark,186
Ireland,360
Norway,89
Sweden,148
"United Kingdom, excluding England and Scotland","1,527"
England,"2,027"
Scotland,134
Other Northern Europe,37
Austria,189
Belgium,58
France,718
Germany,"2,247"
Netherlands,448
Switzerland,165
Other Western Europe,5
Greece,347
Italy,708
Portugal,788
Azores Islands,425
Spain,297
Other Southern Europe,0
Albania,14
Belarus,"2,311"
Bosnia and Herzegovina,751
Bulgaria,260
Croatia,139
Czechoslovakia (includes Czech Republic and Slovakia),303
Hungary,334
Latvia,290
Lithuania,148
Moldova,"5,102"
North Macedonia (Macedonia),28
Poland,"1,017"
Romania,"2,360"
Russia,"7,883"
Serbia,217
Ukraine,"16,473"
Other Eastern Europe,"1,189"
"Europe, n.o.c.",48
"China, excluding Hong Kong and Taiwan","16,688"
Hong Kong,"3,326"
Taiwan,"2,331"
Japan,"2,336"
Korea,"4,155"
Other Eastern Asia,120
Afghanistan,"16,732"
Bangladesh,394
Bhutan,31
India,"24,495"
Iran,"3,891"
Kazakhstan,812
Nepal,"1,019"
Pakistan,"3,892"
Sri Lanka,315
Uzbekistan,964
Other South Central Asia,488
Burma (Myanmar),783
Cambodia,"1,006"
Indonesia,"1,375"
Laos,"9,667"
Malaysia,441
Philippines,"31,442"
Singapore,134
Thailand,"6,297"
Vietnam,"26,434"
Other South Eastern Asia,0
Armenia,"2,366"
Azerbaijan,128
Georgia,512
Iraq,"2,003"
Israel,439
Jordan,849
Kuwait,171
Lebanon,530
Saudi Arabia,589
Syria,"1,174"
Turkey,463
United Arab Emirates,218
Yemen,208
Other Western Asia,124
"Asia, n.o.c.",442
Eritrea,175
Ethiopia,"2,018"
Kenya,"1,089"
Somalia,51
Tanzania,107
Uganda,136
Zimbabwe,228
Other Eastern Africa,460
Cameroon,153
Congo,0
Democratic Republic of Congo (Zaire),71
Other Middle Africa,0
Algeria,105
Egypt,819
Morocco,361
Sudan,86
Other Northern Africa,296
South Africa,748
Other Southern Africa,21
Cabo Verde,111
Ghana,388
Ivory Coast,114
Liberia,385
Nigeria,"1,399"
Senegal,167
Sierra Leone,130
Togo,0
Other Western Africa,41
"Africa, n.o.c.",236
Australia,387
Other Australian and New Zealand Subregion,114
Fiji,"10,856"
Marshall Islands,"1,004"
Micronesia,247
"Oceania, n.o.c.",634
Bahamas,0
Barbados,0
Cuba,435
Dominica,0
Dominican Republic,214
Grenada,0
Haiti,150
Jamaica,454
St. Lucia,0
St. Vincent and the Grenadines,71
Trinidad and Tobago,227
West Indies,19
Other Caribbean,80
Belize,137
Costa Rica,407
El Salvador,"5,231"
Guatemala,"3,051"
Honduras,897
Mexico,"71,326"
Nicaragua,"1,091"
Panama,532
Other Central America,19
Argentina,373
Bolivia,147
Brazil,"1,229"
Chile,250
Colombia,"1,404"
Ecuador,229
Guyana,48
Peru,"1,169"
Uruguay,0
Venezuela,673
Other South America,31
Canada,"3,304"
Other Northern America,17
