origin,population
Total:,nan
Europe:,nan
Denmark,nan
Ireland,nan
Norway,nan
Sweden,nan
"United Kingdom, excluding England and Scotland",nan
England,nan
Scotland,nan
Other Northern Europe,nan
Austria,nan
Belgium,nan
France,nan
Germany,nan
Netherlands,nan
Switzerland,nan
Other Western Europe,nan
Greece,nan
Italy,nan
Portugal,nan
Azores Islands,nan
Spain,nan
Other Southern Europe,nan
Albania,nan
Belarus,nan
Bosnia and Herzegovina,nan
Bulgaria,nan
Croatia,nan
Czechoslovakia (includes Czech Republic and Slovakia),nan
Hungary,nan
Latvia,nan
Lithuania,nan
Moldova,nan
North Macedonia (Macedonia),nan
Poland,nan
Romania,nan
Russia,nan
Serbia,nan
Ukraine,nan
Other Eastern Europe,nan
"Europe, n.o.c.",nan
"China, excluding Hong Kong and Taiwan",nan
Hong Kong,nan
Taiwan,nan
Japan,nan
Korea,nan
Other Eastern Asia,nan
Afghanistan,nan
Bangladesh,nan
Bhutan,nan
India,nan
Iran,nan
Kazakhstan,nan
Nepal,nan
Pakistan,nan
Sri Lanka,nan
Uzbekistan,nan
Other South Central Asia,nan
Burma (Myanmar),nan
Cambodia,nan
Indonesia,nan
Laos,nan
Malaysia,nan
Philippines,nan
Singapore,nan
Thailand,nan
Vietnam,nan
Other South Eastern Asia,nan
Armenia,nan
Azerbaijan,nan
Georgia,nan
Iraq,nan
Israel,nan
Jordan,nan
Kuwait,nan
Lebanon,nan
Saudi Arabia,nan
Syria,nan
Turkey,nan
United Arab Emirates,nan
Yemen,nan
Other Western Asia,nan
"Asia, n.o.c.",nan
Eritrea,nan
Ethiopia,nan
Kenya,nan
Somalia,nan
Tanzania,nan
Uganda,nan
Zimbabwe,nan
Other Eastern Africa,nan
Cameroon,nan
Congo,nan
Democratic Republic of Congo (Zaire),nan
Other Middle Africa,nan
Algeria,nan
Egypt,nan
Morocco,nan
Sudan,nan
Other Northern Africa,nan
South Africa,nan
Other Southern Africa,nan
Cabo Verde,nan
Ghana,nan
Ivory Coast,nan
Liberia,nan
Nigeria,nan
Senegal,nan
Sierra Leone,nan
Togo,nan
Other Western Africa,nan
"Africa, n.o.c.",nan
Australia,nan
Other Australian and New Zealand Subregion,nan
Fiji,nan
Marshall Islands,nan
Micronesia,nan
"Oceania, n.o.c.",nan
Bahamas,nan
Barbados,nan
Cuba,nan
Dominica,nan
Dominican Republic,nan
Grenada,nan
Haiti,nan
Jamaica,nan
St. Lucia,nan
St. Vincent and the Grenadines,nan
Trinidad and Tobago,nan
West Indies,nan
Other Caribbean,nan
Belize,nan
Costa Rica,nan
El Salvador,nan
Guatemala,nan
Honduras,nan
Mexico,nan
Nicaragua,nan
Panama,nan
Other Central America,nan
Argentina,nan
Bolivia,nan
Brazil,nan
Chile,nan
Colombia,nan
Ecuador,nan
Guyana,nan
Peru,nan
Uruguay,nan
Venezuela,nan
Other South America,nan
Canada,nan
Other Northern America,nan
