origin,population
Total:,795
Europe:,407
Denmark,0
Ireland,0
Norway,0
Sweden,0
"United Kingdom, excluding England and Scotland",5
England,38
Scotland,0
Other Northern Europe,0
Austria,0
Belgium,0
France,5
Germany,100
Netherlands,0
Switzerland,0
Other Western Europe,0
Greece,16
Italy,134
Portugal,0
Azores Islands,0
Spain,14
Other Southern Europe,0
Albania,29
Belarus,0
Bosnia and Herzegovina,0
Bulgaria,7
Croatia,0
Czechoslovakia (includes Czech Republic and Slovakia),5
Hungary,0
Latvia,0
Lithuania,0
Moldova,0
North Macedonia (Macedonia),0
Poland,6
Romania,0
Russia,38
Serbia,2
Ukraine,2
Other Eastern Europe,6
"Europe, n.o.c.",0
"China, excluding Hong Kong and Taiwan",58
Hong Kong,0
Taiwan,2
Japan,2
Korea,3
Other Eastern Asia,0
Afghanistan,0
Bangladesh,0
Bhutan,0
India,34
Iran,0
Kazakhstan,0
Nepal,0
Pakistan,0
Sri Lanka,0
Uzbekistan,0
Other South Central Asia,0
Burma (Myanmar),0
Cambodia,0
Indonesia,0
Laos,0
Malaysia,0
Philippines,25
Singapore,0
Thailand,0
Vietnam,0
Other South Eastern Asia,0
Armenia,0
Azerbaijan,0
Georgia,13
Iraq,7
Israel,0
Jordan,0
Kuwait,0
Lebanon,0
Saudi Arabia,0
Syria,0
Turkey,0
United Arab Emirates,0
Yemen,0
Other Western Asia,0
"Asia, n.o.c.",0
Eritrea,0
Ethiopia,0
Kenya,13
Somalia,0
Tanzania,0
Uganda,0
Zimbabwe,0
Other Eastern Africa,0
Cameroon,0
Congo,0
Democratic Republic of Congo (Zaire),0
Other Middle Africa,0
Algeria,0
Egypt,0
Morocco,0
Sudan,0
Other Northern Africa,0
South Africa,2
Other Southern Africa,0
Cabo Verde,0
Ghana,0
Ivory Coast,0
Liberia,0
Nigeria,0
Senegal,0
Sierra Leone,0
Togo,0
Other Western Africa,0
"Africa, n.o.c.",0
Australia,0
Other Australian and New Zealand Subregion,0
Fiji,0
Marshall Islands,0
Micronesia,0
"Oceania, n.o.c.",0
Bahamas,0
Barbados,0
Cuba,17
Dominica,0
Dominican Republic,17
Grenada,0
Haiti,14
Jamaica,16
St. Lucia,0
St. Vincent and the Grenadines,0
Trinidad and Tobago,1
West Indies,0
Other Caribbean,10
Belize,0
Costa Rica,0
El Salvador,5
Guatemala,0
Honduras,0
Mexico,29
Nicaragua,0
Panama,13
Other Central America,0
Argentina,0
Bolivia,0
Brazil,2
Chile,0
Colombia,2
Ecuador,0
Guyana,3
Peru,12
Uruguay,0
Venezuela,0
Other South America,0
Canada,88
Other Northern America,0
