origin,population
Total:,"7,555"
Europe:,393
Denmark,0
Ireland,0
Norway,0
Sweden,0
"United Kingdom, excluding England and Scotland",34
England,35
Scotland,0
Other Northern Europe,24
Austria,0
Belgium,0
France,0
Germany,111
Netherlands,32
Switzerland,0
Other Western Europe,0
Greece,0
Italy,31
Portugal,10
Azores Islands,10
Spain,0
Other Southern Europe,0
Albania,0
Belarus,0
Bosnia and Herzegovina,0
Bulgaria,0
Croatia,0
Czechoslovakia (includes Czech Republic and Slovakia),18
Hungary,20
Latvia,0
Lithuania,0
Moldova,0
North Macedonia (Macedonia),0
Poland,8
Romania,0
Russia,30
Serbia,0
Ukraine,22
Other Eastern Europe,18
"Europe, n.o.c.",0
"China, excluding Hong Kong and Taiwan",179
Hong Kong,46
Taiwan,16
Japan,150
Korea,82
Other Eastern Asia,0
Afghanistan,0
Bangladesh,65
Bhutan,0
India,760
Iran,13
Kazakhstan,53
Nepal,0
Pakistan,6
Sri Lanka,0
Uzbekistan,11
Other South Central Asia,0
Burma (Myanmar),0
Cambodia,0
Indonesia,10
Laos,16
Malaysia,0
Philippines,287
Singapore,0
Thailand,14
Vietnam,240
Other South Eastern Asia,0
Armenia,0
Azerbaijan,0
Georgia,11
Iraq,0
Israel,0
Jordan,0
Kuwait,0
Lebanon,16
Saudi Arabia,0
Syria,22
Turkey,0
United Arab Emirates,0
Yemen,0
Other Western Asia,0
"Asia, n.o.c.",0
Eritrea,0
Ethiopia,0
Kenya,34
Somalia,0
Tanzania,0
Uganda,0
Zimbabwe,55
Other Eastern Africa,5
Cameroon,40
Congo,0
Democratic Republic of Congo (Zaire),0
Other Middle Africa,0
Algeria,0
Egypt,0
Morocco,0
Sudan,0
Other Northern Africa,0
South Africa,20
Other Southern Africa,0
Cabo Verde,0
Ghana,26
Ivory Coast,0
Liberia,0
Nigeria,49
Senegal,0
Sierra Leone,0
Togo,0
Other Western Africa,0
"Africa, n.o.c.",0
Australia,8
Other Australian and New Zealand Subregion,35
Fiji,0
Marshall Islands,0
Micronesia,76
"Oceania, n.o.c.",0
Bahamas,1
Barbados,0
Cuba,0
Dominica,0
Dominican Republic,14
Grenada,0
Haiti,15
Jamaica,7
St. Lucia,0
St. Vincent and the Grenadines,0
Trinidad and Tobago,0
West Indies,0
Other Caribbean,0
Belize,0
Costa Rica,14
El Salvador,29
Guatemala,103
Honduras,12
Mexico,"4,147"
Nicaragua,112
Panama,0
Other Central America,0
Argentina,15
Bolivia,0
Brazil,132
Chile,0
Colombia,30
Ecuador,11
Guyana,0
Peru,0
Uruguay,0
Venezuela,19
Other South America,8
Canada,135
Other Northern America,13
