origin,population
Total:,"11,171"
Europe:,"1,386"
Denmark,10
Ireland,0
Norway,0
Sweden,0
"United Kingdom, excluding England and Scotland",271
England,135
Scotland,19
Other Northern Europe,51
Austria,62
Belgium,0
France,26
Germany,155
Netherlands,43
Switzerland,0
Other Western Europe,0
Greece,22
Italy,78
Portugal,80
Azores Islands,0
Spain,0
Other Southern Europe,0
Albania,0
Belarus,106
Bosnia and Herzegovina,34
Bulgaria,0
Croatia,0
Czechoslovakia (includes Czech Republic and Slovakia),10
Hungary,0
Latvia,0
Lithuania,0
Moldova,12
North Macedonia (Macedonia),0
Poland,31
Romania,23
Russia,119
Serbia,0
Ukraine,89
Other Eastern Europe,10
"Europe, n.o.c.",0
"China, excluding Hong Kong and Taiwan",575
Hong Kong,30
Taiwan,114
Japan,52
Korea,258
Other Eastern Asia,0
Afghanistan,9
Bangladesh,34
Bhutan,0
India,580
Iran,162
Kazakhstan,0
Nepal,82
Pakistan,75
Sri Lanka,13
Uzbekistan,0
Other South Central Asia,19
Burma (Myanmar),0
Cambodia,20
Indonesia,82
Laos,9
Malaysia,0
Philippines,266
Singapore,0
Thailand,55
Vietnam,898
Other South Eastern Asia,0
Armenia,0
Azerbaijan,0
Georgia,0
Iraq,0
Israel,14
Jordan,3
Kuwait,14
Lebanon,132
Saudi Arabia,0
Syria,63
Turkey,7
United Arab Emirates,15
Yemen,0
Other Western Asia,8
"Asia, n.o.c.",18
Eritrea,0
Ethiopia,0
Kenya,91
Somalia,0
Tanzania,0
Uganda,12
Zimbabwe,3
Other Eastern Africa,0
Cameroon,10
Congo,0
Democratic Republic of Congo (Zaire),0
Other Middle Africa,0
Algeria,0
Egypt,146
Morocco,9
Sudan,0
Other Northern Africa,0
South Africa,87
Other Southern Africa,0
Cabo Verde,0
Ghana,0
Ivory Coast,0
Liberia,0
Nigeria,131
Senegal,0
Sierra Leone,22
Togo,0
Other Western Africa,0
"Africa, n.o.c.",0
Australia,0
Other Australian and New Zealand Subregion,13
Fiji,0
Marshall Islands,0
Micronesia,0
"Oceania, n.o.c.",6
Bahamas,13
Barbados,0
Cuba,280
Dominica,0
Dominican Republic,5
Grenada,0
Haiti,0
Jamaica,40
St. Lucia,0
St. Vincent and the Grenadines,0
Trinidad and Tobago,0
West Indies,0
Other Caribbean,0
Belize,16
Costa Rica,0
El Salvador,541
Guatemala,295
Honduras,107
Mexico,"3,355"
Nicaragua,8
Panama,61
Other Central America,0
Argentina,0
Bolivia,0
Brazil,59
Chile,69
Colombia,89
Ecuador,82
Guyana,0
Peru,15
Uruguay,0
Venezuela,322
Other South America,0
Canada,291
Other Northern America,0
