origin,population
Total:,"3,367"
Europe:,485
Denmark,2
Ireland,0
Norway,0
Sweden,20
"United Kingdom, excluding England and Scotland",28
England,45
Scotland,3
Other Northern Europe,0
Austria,0
Belgium,0
France,0
Germany,54
Netherlands,3
Switzerland,0
Other Western Europe,0
Greece,0
Italy,0
Portugal,0
Azores Islands,0
Spain,0
Other Southern Europe,0
Albania,0
Belarus,0
Bosnia and Herzegovina,0
Bulgaria,0
Croatia,0
Czechoslovakia (includes Czech Republic and Slovakia),3
Hungary,0
Latvia,0
Lithuania,0
Moldova,225
North Macedonia (Macedonia),0
Poland,0
Romania,0
Russia,84
Serbia,0
Ukraine,14
Other Eastern Europe,4
"Europe, n.o.c.",0
"China, excluding Hong Kong and Taiwan",76
Hong Kong,0
Taiwan,24
Japan,0
Korea,157
Other Eastern Asia,0
Afghanistan,0
Bangladesh,0
Bhutan,0
India,100
Iran,0
Kazakhstan,0
Nepal,11
Pakistan,0
Sri Lanka,69
Uzbekistan,0
Other South Central Asia,4
Burma (Myanmar),0
Cambodia,0
Indonesia,0
Laos,53
Malaysia,0
Philippines,86
Singapore,0
Thailand,68
Vietnam,196
Other South Eastern Asia,0
Armenia,0
Azerbaijan,0
Georgia,0
Iraq,6
Israel,0
Jordan,0
Kuwait,0
Lebanon,0
Saudi Arabia,0
Syria,0
Turkey,0
United Arab Emirates,0
Yemen,0
Other Western Asia,0
"Asia, n.o.c.",0
Eritrea,0
Ethiopia,104
Kenya,159
Somalia,524
Tanzania,0
Uganda,0
Zimbabwe,0
Other Eastern Africa,49
Cameroon,0
Congo,0
Democratic Republic of Congo (Zaire),37
Other Middle Africa,0
Algeria,0
Egypt,0
Morocco,0
Sudan,24
Other Northern Africa,0
South Africa,0
Other Southern Africa,0
Cabo Verde,0
Ghana,0
Ivory Coast,0
Liberia,20
Nigeria,91
Senegal,0
Sierra Leone,131
Togo,0
Other Western Africa,134
"Africa, n.o.c.",0
Australia,0
Other Australian and New Zealand Subregion,0
Fiji,0
Marshall Islands,0
Micronesia,0
"Oceania, n.o.c.",0
Bahamas,0
Barbados,0
Cuba,0
Dominica,0
Dominican Republic,46
Grenada,0
Haiti,0
Jamaica,0
St. Lucia,0
St. Vincent and the Grenadines,0
Trinidad and Tobago,0
West Indies,0
Other Caribbean,0
Belize,0
Costa Rica,0
El Salvador,13
Guatemala,43
Honduras,6
Mexico,367
Nicaragua,0
Panama,0
Other Central America,0
Argentina,0
Bolivia,7
Brazil,11
Chile,0
Colombia,17
Ecuador,0
Guyana,0
Peru,129
Uruguay,0
Venezuela,0
Other South America,3
Canada,117
Other Northern America,0
