origin,population
Total:,"146,969"
Europe:,"22,373"
Denmark,256
Ireland,218
Norway,175
Sweden,241
"United Kingdom, excluding England and Scotland","1,401"
England,"1,102"
Scotland,308
Other Northern Europe,87
Austria,71
Belgium,123
France,356
Germany,"1,528"
Netherlands,192
Switzerland,98
Other Western Europe,0
Greece,58
Italy,122
Portugal,98
Azores Islands,0
Spain,226
Other Southern Europe,20
Albania,186
Belarus,674
Bosnia and Herzegovina,482
Bulgaria,889
Croatia,23
Czechoslovakia (includes Czech Republic and Slovakia),203
Hungary,81
Latvia,107
Lithuania,180
Moldova,214
North Macedonia (Macedonia),6
Poland,713
Romania,"1,400"
Russia,"3,981"
Serbia,86
Ukraine,"5,675"
Other Eastern Europe,667
"Europe, n.o.c.",126
"China, excluding Hong Kong and Taiwan","7,314"
Hong Kong,853
Taiwan,"1,399"
Japan,"2,053"
Korea,"9,724"
Other Eastern Asia,449
Afghanistan,103
Bangladesh,292
Bhutan,70
India,"16,253"
Iran,"1,718"
Kazakhstan,144
Nepal,128
Pakistan,"1,617"
Sri Lanka,330
Uzbekistan,150
Other South Central Asia,153
Burma (Myanmar),176
Cambodia,"2,056"
Indonesia,"1,139"
Laos,837
Malaysia,229
Philippines,"11,021"
Singapore,52
Thailand,"1,335"
Vietnam,"11,058"
Other South Eastern Asia,0
Armenia,491
Azerbaijan,99
Georgia,118
Iraq,565
Israel,63
Jordan,357
Kuwait,80
Lebanon,499
Saudi Arabia,213
Syria,616
Turkey,112
United Arab Emirates,131
Yemen,0
Other Western Asia,11
"Asia, n.o.c.",101
Eritrea,902
Ethiopia,"3,791"
Kenya,"1,088"
Somalia,24
Tanzania,0
Uganda,232
Zimbabwe,48
Other Eastern Africa,105
Cameroon,13
Congo,25
Democratic Republic of Congo (Zaire),144
Other Middle Africa,67
Algeria,58
Egypt,"1,014"
Morocco,344
Sudan,126
Other Northern Africa,32
South Africa,433
Other Southern Africa,0
Cabo Verde,0
Ghana,388
Ivory Coast,444
Liberia,23
Nigeria,683
Senegal,38
Sierra Leone,28
Togo,0
Other Western Africa,"1,777"
"Africa, n.o.c.",242
Australia,293
Other Australian and New Zealand Subregion,213
Fiji,450
Marshall Islands,512
Micronesia,69
"Oceania, n.o.c.",287
Bahamas,0
Barbados,0
Cuba,394
Dominica,32
Dominican Republic,247
Grenada,0
Haiti,40
Jamaica,404
St. Lucia,0
St. Vincent and the Grenadines,0
Trinidad and Tobago,14
West Indies,0
Other Caribbean,15
Belize,70
Costa Rica,190
El Salvador,"3,062"
Guatemala,"1,439"
Honduras,673
Mexico,"18,913"
Nicaragua,152
Panama,223
Other Central America,0
Argentina,273
Bolivia,78
Brazil,"1,234"
Chile,441
Colombia,"1,322"
Ecuador,225
Guyana,0
Peru,"1,261"
Uruguay,107
Venezuela,742
Other South America,31
Canada,"4,998"
Other Northern America,14
