origin,population
Total:,"2,011"
Europe:,286
Denmark,0
Ireland,0
Norway,0
Sweden,0
"United Kingdom, excluding England and Scotland",8
England,44
Scotland,16
Other Northern Europe,0
Austria,0
Belgium,0
France,0
Germany,106
Netherlands,39
Switzerland,0
Other Western Europe,0
Greece,0
Italy,0
Portugal,0
Azores Islands,0
Spain,0
Other Southern Europe,0
Albania,0
Belarus,0
Bosnia and Herzegovina,0
Bulgaria,0
Croatia,0
Czechoslovakia (includes Czech Republic and Slovakia),0
Hungary,18
Latvia,0
Lithuania,0
Moldova,0
North Macedonia (Macedonia),0
Poland,0
Romania,0
Russia,17
Serbia,0
Ukraine,0
Other Eastern Europe,38
"Europe, n.o.c.",0
"China, excluding Hong Kong and Taiwan",0
Hong Kong,0
Taiwan,0
Japan,50
Korea,145
Other Eastern Asia,0
Afghanistan,0
Bangladesh,0
Bhutan,0
India,228
Iran,16
Kazakhstan,0
Nepal,0
Pakistan,0
Sri Lanka,0
Uzbekistan,0
Other South Central Asia,0
Burma (Myanmar),0
Cambodia,5
Indonesia,0
Laos,0
Malaysia,0
Philippines,110
Singapore,0
Thailand,1
Vietnam,0
Other South Eastern Asia,0
Armenia,0
Azerbaijan,0
Georgia,0
Iraq,0
Israel,0
Jordan,0
Kuwait,52
Lebanon,0
Saudi Arabia,0
Syria,0
Turkey,0
United Arab Emirates,0
Yemen,0
Other Western Asia,0
"Asia, n.o.c.",0
Eritrea,0
Ethiopia,0
Kenya,0
Somalia,0
Tanzania,0
Uganda,0
Zimbabwe,0
Other Eastern Africa,0
Cameroon,0
Congo,0
Democratic Republic of Congo (Zaire),0
Other Middle Africa,0
Algeria,0
Egypt,0
Morocco,0
Sudan,0
Other Northern Africa,0
South Africa,72
Other Southern Africa,0
Cabo Verde,0
Ghana,38
Ivory Coast,0
Liberia,0
Nigeria,0
Senegal,0
Sierra Leone,0
Togo,0
Other Western Africa,0
"Africa, n.o.c.",30
Australia,0
Other Australian and New Zealand Subregion,0
Fiji,0
Marshall Islands,0
Micronesia,0
"Oceania, n.o.c.",0
Bahamas,0
Barbados,0
Cuba,75
Dominica,0
Dominican Republic,43
Grenada,0
Haiti,38
Jamaica,56
St. Lucia,0
St. Vincent and the Grenadines,0
Trinidad and Tobago,89
West Indies,0
Other Caribbean,10
Belize,0
Costa Rica,0
El Salvador,8
Guatemala,0
Honduras,157
Mexico,380
Nicaragua,0
Panama,42
Other Central America,0
Argentina,0
Bolivia,0
Brazil,0
Chile,0
Colombia,10
Ecuador,4
Guyana,0
Peru,33
Uruguay,25
Venezuela,0
Other South America,0
Canada,8
Other Northern America,0
