origin,population
Total:,"12,070"
Europe:,"1,301"
Denmark,29
Ireland,18
Norway,0
Sweden,34
"United Kingdom, excluding England and Scotland",263
England,110
Scotland,64
Other Northern Europe,0
Austria,15
Belgium,0
France,79
Germany,408
Netherlands,0
Switzerland,0
Other Western Europe,0
Greece,0
Italy,15
Portugal,17
Azores Islands,0
Spain,0
Other Southern Europe,0
Albania,0
Belarus,0
Bosnia and Herzegovina,0
Bulgaria,0
Croatia,0
Czechoslovakia (includes Czech Republic and Slovakia),9
Hungary,0
Latvia,19
Lithuania,0
Moldova,0
North Macedonia (Macedonia),9
Poland,48
Romania,34
Russia,62
Serbia,0
Ukraine,11
Other Eastern Europe,57
"Europe, n.o.c.",0
"China, excluding Hong Kong and Taiwan",494
Hong Kong,40
Taiwan,55
Japan,82
Korea,425
Other Eastern Asia,0
Afghanistan,352
Bangladesh,0
Bhutan,0
India,295
Iran,124
Kazakhstan,42
Nepal,0
Pakistan,255
Sri Lanka,81
Uzbekistan,0
Other South Central Asia,26
Burma (Myanmar),0
Cambodia,0
Indonesia,49
Laos,24
Malaysia,8
Philippines,324
Singapore,0
Thailand,149
Vietnam,106
Other South Eastern Asia,0
Armenia,6
Azerbaijan,0
Georgia,0
Iraq,241
Israel,0
Jordan,0
Kuwait,0
Lebanon,82
Saudi Arabia,0
Syria,6
Turkey,76
United Arab Emirates,0
Yemen,0
Other Western Asia,0
"Asia, n.o.c.",26
Eritrea,0
Ethiopia,34
Kenya,30
Somalia,0
Tanzania,0
Uganda,0
Zimbabwe,8
Other Eastern Africa,27
Cameroon,99
Congo,0
Democratic Republic of Congo (Zaire),0
Other Middle Africa,131
Algeria,0
Egypt,76
Morocco,10
Sudan,5
Other Northern Africa,8
South Africa,19
Other Southern Africa,0
Cabo Verde,0
Ghana,185
Ivory Coast,0
Liberia,13
Nigeria,274
Senegal,22
Sierra Leone,1
Togo,32
Other Western Africa,147
"Africa, n.o.c.",57
Australia,98
Other Australian and New Zealand Subregion,18
Fiji,0
Marshall Islands,0
Micronesia,0
"Oceania, n.o.c.",30
Bahamas,0
Barbados,0
Cuba,328
Dominica,6
Dominican Republic,18
Grenada,35
Haiti,32
Jamaica,358
St. Lucia,0
St. Vincent and the Grenadines,8
Trinidad and Tobago,13
West Indies,0
Other Caribbean,0
Belize,0
Costa Rica,30
El Salvador,"2,328"
Guatemala,189
Honduras,331
Mexico,"1,513"
Nicaragua,0
Panama,29
Other Central America,0
Argentina,136
Bolivia,24
Brazil,41
Chile,45
Colombia,140
Ecuador,0
Guyana,28
Peru,172
Uruguay,26
Venezuela,90
Other South America,0
Canada,157
Other Northern America,0
