origin,population
Total:,"2,070"
Europe:,674
Denmark,15
Ireland,22
Norway,0
Sweden,95
"United Kingdom, excluding England and Scotland",8
England,22
Scotland,23
Other Northern Europe,0
Austria,0
Belgium,0
France,19
Germany,192
Netherlands,19
Switzerland,32
Other Western Europe,0
Greece,0
Italy,2
Portugal,0
Azores Islands,0
Spain,0
Other Southern Europe,0
Albania,0
Belarus,17
Bosnia and Herzegovina,34
Bulgaria,0
Croatia,0
Czechoslovakia (includes Czech Republic and Slovakia),8
Hungary,0
Latvia,16
Lithuania,0
Moldova,0
North Macedonia (Macedonia),0
Poland,54
Romania,3
Russia,43
Serbia,0
Ukraine,50
Other Eastern Europe,0
"Europe, n.o.c.",0
"China, excluding Hong Kong and Taiwan",20
Hong Kong,0
Taiwan,0
Japan,2
Korea,134
Other Eastern Asia,0
Afghanistan,0
Bangladesh,0
Bhutan,0
India,54
Iran,7
Kazakhstan,0
Nepal,0
Pakistan,10
Sri Lanka,0
Uzbekistan,0
Other South Central Asia,0
Burma (Myanmar),0
Cambodia,0
Indonesia,0
Laos,56
Malaysia,0
Philippines,96
Singapore,0
Thailand,35
Vietnam,47
Other South Eastern Asia,0
Armenia,0
Azerbaijan,0
Georgia,0
Iraq,0
Israel,0
Jordan,0
Kuwait,0
Lebanon,0
Saudi Arabia,0
Syria,0
Turkey,0
United Arab Emirates,0
Yemen,0
Other Western Asia,0
"Asia, n.o.c.",0
Eritrea,0
Ethiopia,7
Kenya,0
Somalia,0
Tanzania,0
Uganda,0
Zimbabwe,0
Other Eastern Africa,0
Cameroon,0
Congo,0
Democratic Republic of Congo (Zaire),0
Other Middle Africa,0
Algeria,0
Egypt,0
Morocco,24
Sudan,1
Other Northern Africa,0
South Africa,0
Other Southern Africa,0
Cabo Verde,0
Ghana,0
Ivory Coast,0
Liberia,60
Nigeria,0
Senegal,0
Sierra Leone,0
Togo,0
Other Western Africa,0
"Africa, n.o.c.",0
Australia,34
Other Australian and New Zealand Subregion,0
Fiji,0
Marshall Islands,0
Micronesia,0
"Oceania, n.o.c.",0
Bahamas,0
Barbados,0
Cuba,6
Dominica,0
Dominican Republic,0
Grenada,0
Haiti,0
Jamaica,0
St. Lucia,0
St. Vincent and the Grenadines,0
Trinidad and Tobago,0
West Indies,0
Other Caribbean,0
Belize,0
Costa Rica,18
El Salvador,85
Guatemala,11
Honduras,2
Mexico,454
Nicaragua,2
Panama,0
Other Central America,0
Argentina,0
Bolivia,0
Brazil,5
Chile,38
Colombia,59
Ecuador,18
Guyana,0
Peru,0
Uruguay,0
Venezuela,0
Other South America,1
Canada,110
Other Northern America,0
