origin,population
Total:,"5,713"
Europe:,996
Denmark,65
Ireland,0
Norway,237
Sweden,0
"United Kingdom, excluding England and Scotland",187
England,114
Scotland,20
Other Northern Europe,43
Austria,11
Belgium,8
France,0
Germany,94
Netherlands,12
Switzerland,0
Other Western Europe,0
Greece,0
Italy,5
Portugal,14
Azores Islands,0
Spain,10
Other Southern Europe,0
Albania,0
Belarus,0
Bosnia and Herzegovina,0
Bulgaria,136
Croatia,0
Czechoslovakia (includes Czech Republic and Slovakia),0
Hungary,0
Latvia,0
Lithuania,0
Moldova,0
North Macedonia (Macedonia),0
Poland,0
Romania,0
Russia,35
Serbia,0
Ukraine,5
Other Eastern Europe,0
"Europe, n.o.c.",0
"China, excluding Hong Kong and Taiwan",181
Hong Kong,30
Taiwan,0
Japan,88
Korea,170
Other Eastern Asia,0
Afghanistan,0
Bangladesh,0
Bhutan,0
India,324
Iran,10
Kazakhstan,0
Nepal,21
Pakistan,107
Sri Lanka,23
Uzbekistan,0
Other South Central Asia,0
Burma (Myanmar),0
Cambodia,0
Indonesia,9
Laos,0
Malaysia,0
Philippines,974
Singapore,0
Thailand,59
Vietnam,166
Other South Eastern Asia,0
Armenia,0
Azerbaijan,0
Georgia,0
Iraq,0
Israel,0
Jordan,0
Kuwait,19
Lebanon,0
Saudi Arabia,0
Syria,0
Turkey,46
United Arab Emirates,0
Yemen,0
Other Western Asia,0
"Asia, n.o.c.",0
Eritrea,0
Ethiopia,39
Kenya,0
Somalia,67
Tanzania,0
Uganda,0
Zimbabwe,0
Other Eastern Africa,0
Cameroon,1
Congo,0
Democratic Republic of Congo (Zaire),0
Other Middle Africa,0
Algeria,0
Egypt,28
Morocco,0
Sudan,0
Other Northern Africa,0
South Africa,0
Other Southern Africa,0
Cabo Verde,0
Ghana,74
Ivory Coast,28
Liberia,14
Nigeria,59
Senegal,0
Sierra Leone,7
Togo,0
Other Western Africa,0
"Africa, n.o.c.",0
Australia,93
Other Australian and New Zealand Subregion,0
Fiji,0
Marshall Islands,0
Micronesia,0
"Oceania, n.o.c.",0
Bahamas,0
Barbados,63
Cuba,1
Dominica,0
Dominican Republic,4
Grenada,0
Haiti,69
Jamaica,90
St. Lucia,0
St. Vincent and the Grenadines,0
Trinidad and Tobago,98
West Indies,0
Other Caribbean,0
Belize,0
Costa Rica,0
El Salvador,530
Guatemala,80
Honduras,22
Mexico,353
Nicaragua,22
Panama,155
Other Central America,0
Argentina,17
Bolivia,16
Brazil,0
Chile,0
Colombia,216
Ecuador,53
Guyana,0
Peru,101
Uruguay,0
Venezuela,11
Other South America,0
Canada,159
Other Northern America,20
