origin,population
Total:,"1,608"
Europe:,510
Denmark,12
Ireland,0
Norway,0
Sweden,0
"United Kingdom, excluding England and Scotland",17
England,71
Scotland,17
Other Northern Europe,0
Austria,0
Belgium,0
France,0
Germany,34
Netherlands,16
Switzerland,0
Other Western Europe,0
Greece,0
Italy,0
Portugal,0
Azores Islands,0
Spain,0
Other Southern Europe,0
Albania,0
Belarus,0
Bosnia and Herzegovina,0
Bulgaria,0
Croatia,0
Czechoslovakia (includes Czech Republic and Slovakia),0
Hungary,0
Latvia,0
Lithuania,0
Moldova,0
North Macedonia (Macedonia),0
Poland,69
Romania,25
Russia,202
Serbia,0
Ukraine,26
Other Eastern Europe,21
"Europe, n.o.c.",0
"China, excluding Hong Kong and Taiwan",76
Hong Kong,0
Taiwan,0
Japan,0
Korea,10
Other Eastern Asia,0
Afghanistan,0
Bangladesh,5
Bhutan,0
India,78
Iran,0
Kazakhstan,10
Nepal,0
Pakistan,0
Sri Lanka,0
Uzbekistan,0
Other South Central Asia,0
Burma (Myanmar),0
Cambodia,0
Indonesia,5
Laos,0
Malaysia,0
Philippines,111
Singapore,0
Thailand,70
Vietnam,16
Other South Eastern Asia,0
Armenia,0
Azerbaijan,0
Georgia,0
Iraq,0
Israel,0
Jordan,0
Kuwait,0
Lebanon,0
Saudi Arabia,0
Syria,0
Turkey,0
United Arab Emirates,0
Yemen,0
Other Western Asia,0
"Asia, n.o.c.",0
Eritrea,0
Ethiopia,106
Kenya,0
Somalia,0
Tanzania,0
Uganda,0
Zimbabwe,0
Other Eastern Africa,0
Cameroon,0
Congo,0
Democratic Republic of Congo (Zaire),1
Other Middle Africa,0
Algeria,0
Egypt,0
Morocco,0
Sudan,0
Other Northern Africa,0
South Africa,0
Other Southern Africa,0
Cabo Verde,0
Ghana,0
Ivory Coast,0
Liberia,0
Nigeria,9
Senegal,0
Sierra Leone,0
Togo,0
Other Western Africa,74
"Africa, n.o.c.",0
Australia,0
Other Australian and New Zealand Subregion,0
Fiji,0
Marshall Islands,0
Micronesia,0
"Oceania, n.o.c.",0
Bahamas,0
Barbados,0
Cuba,0
Dominica,0
Dominican Republic,51
Grenada,0
Haiti,0
Jamaica,0
St. Lucia,0
St. Vincent and the Grenadines,0
Trinidad and Tobago,0
West Indies,0
Other Caribbean,0
Belize,92
Costa Rica,27
El Salvador,77
Guatemala,84
Honduras,18
Mexico,172
Nicaragua,0
Panama,0
Other Central America,0
Argentina,0
Bolivia,0
Brazil,4
Chile,0
Colombia,0
Ecuador,0
Guyana,0
Peru,0
Uruguay,0
Venezuela,0
Other South America,0
Canada,2
Other Northern America,0
