origin,population
Total:,"5,799"
Europe:,195
Denmark,0
Ireland,0
Norway,0
Sweden,0
"United Kingdom, excluding England and Scotland",12
England,43
Scotland,0
Other Northern Europe,0
Austria,0
Belgium,0
France,16
Germany,26
Netherlands,0
Switzerland,0
Other Western Europe,0
Greece,0
Italy,13
Portugal,0
Azores Islands,0
Spain,16
Other Southern Europe,0
Albania,0
Belarus,0
Bosnia and Herzegovina,0
Bulgaria,0
Croatia,0
Czechoslovakia (includes Czech Republic and Slovakia),8
Hungary,8
Latvia,0
Lithuania,0
Moldova,0
North Macedonia (Macedonia),0
Poland,18
Romania,0
Russia,2
Serbia,0
Ukraine,33
Other Eastern Europe,0
"Europe, n.o.c.",0
"China, excluding Hong Kong and Taiwan",103
Hong Kong,0
Taiwan,119
Japan,0
Korea,53
Other Eastern Asia,0
Afghanistan,0
Bangladesh,0
Bhutan,0
India,92
Iran,19
Kazakhstan,0
Nepal,0
Pakistan,0
Sri Lanka,25
Uzbekistan,0
Other South Central Asia,0
Burma (Myanmar),0
Cambodia,0
Indonesia,0
Laos,0
Malaysia,0
Philippines,172
Singapore,0
Thailand,0
Vietnam,218
Other South Eastern Asia,0
Armenia,0
Azerbaijan,0
Georgia,0
Iraq,0
Israel,0
Jordan,29
Kuwait,0
Lebanon,0
Saudi Arabia,0
Syria,0
Turkey,22
United Arab Emirates,0
Yemen,0
Other Western Asia,0
"Asia, n.o.c.",0
Eritrea,0
Ethiopia,0
Kenya,0
Somalia,0
Tanzania,0
Uganda,0
Zimbabwe,0
Other Eastern Africa,0
Cameroon,0
Congo,0
Democratic Republic of Congo (Zaire),0
Other Middle Africa,0
Algeria,0
Egypt,0
Morocco,0
Sudan,4
Other Northern Africa,0
South Africa,32
Other Southern Africa,0
Cabo Verde,0
Ghana,0
Ivory Coast,0
Liberia,0
Nigeria,44
Senegal,0
Sierra Leone,0
Togo,0
Other Western Africa,0
"Africa, n.o.c.",0
Australia,21
Other Australian and New Zealand Subregion,19
Fiji,0
Marshall Islands,0
Micronesia,0
"Oceania, n.o.c.",0
Bahamas,0
Barbados,0
Cuba,15
Dominica,0
Dominican Republic,14
Grenada,0
Haiti,0
Jamaica,32
St. Lucia,0
St. Vincent and the Grenadines,0
Trinidad and Tobago,8
West Indies,0
Other Caribbean,0
Belize,13
Costa Rica,0
El Salvador,331
Guatemala,49
Honduras,127
Mexico,"3,683"
Nicaragua,0
Panama,71
Other Central America,0
Argentina,2
Bolivia,0
Brazil,0
Chile,0
Colombia,74
Ecuador,29
Guyana,0
Peru,82
Uruguay,0
Venezuela,16
Other South America,0
Canada,86
Other Northern America,0
