origin,population
Total:,"5,432"
Europe:,870
Denmark,0
Ireland,0
Norway,0
Sweden,0
"United Kingdom, excluding England and Scotland",124
England,68
Scotland,0
Other Northern Europe,0
Austria,0
Belgium,16
France,18
Germany,136
Netherlands,25
Switzerland,47
Other Western Europe,0
Greece,0
Italy,9
Portugal,0
Azores Islands,0
Spain,0
Other Southern Europe,0
Albania,0
Belarus,0
Bosnia and Herzegovina,81
Bulgaria,0
Croatia,0
Czechoslovakia (includes Czech Republic and Slovakia),0
Hungary,0
Latvia,0
Lithuania,0
Moldova,0
North Macedonia (Macedonia),0
Poland,0
Romania,107
Russia,239
Serbia,0
Ukraine,0
Other Eastern Europe,0
"Europe, n.o.c.",0
"China, excluding Hong Kong and Taiwan",21
Hong Kong,0
Taiwan,8
Japan,22
Korea,70
Other Eastern Asia,0
Afghanistan,0
Bangladesh,0
Bhutan,0
India,74
Iran,124
Kazakhstan,0
Nepal,0
Pakistan,167
Sri Lanka,0
Uzbekistan,0
Other South Central Asia,0
Burma (Myanmar),0
Cambodia,10
Indonesia,0
Laos,156
Malaysia,0
Philippines,40
Singapore,0
Thailand,0
Vietnam,103
Other South Eastern Asia,0
Armenia,0
Azerbaijan,0
Georgia,0
Iraq,149
Israel,0
Jordan,0
Kuwait,0
Lebanon,0
Saudi Arabia,0
Syria,0
Turkey,0
United Arab Emirates,0
Yemen,0
Other Western Asia,0
"Asia, n.o.c.",12
Eritrea,0
Ethiopia,66
Kenya,0
Somalia,0
Tanzania,0
Uganda,0
Zimbabwe,27
Other Eastern Africa,65
Cameroon,0
Congo,0
Democratic Republic of Congo (Zaire),0
Other Middle Africa,0
Algeria,0
Egypt,9
Morocco,0
Sudan,0
Other Northern Africa,0
South Africa,54
Other Southern Africa,0
Cabo Verde,0
Ghana,0
Ivory Coast,0
Liberia,54
Nigeria,156
Senegal,0
Sierra Leone,4
Togo,0
Other Western Africa,0
"Africa, n.o.c.",0
Australia,0
Other Australian and New Zealand Subregion,2
Fiji,0
Marshall Islands,0
Micronesia,0
"Oceania, n.o.c.",0
Bahamas,0
Barbados,49
Cuba,102
Dominica,35
Dominican Republic,60
Grenada,0
Haiti,39
Jamaica,938
St. Lucia,0
St. Vincent and the Grenadines,0
Trinidad and Tobago,38
West Indies,0
Other Caribbean,10
Belize,0
Costa Rica,0
El Salvador,33
Guatemala,68
Honduras,101
Mexico,845
Nicaragua,0
Panama,65
Other Central America,0
Argentina,0
Bolivia,11
Brazil,21
Chile,3
Colombia,72
Ecuador,0
Guyana,636
Peru,0
Uruguay,0
Venezuela,0
Other South America,0
Canada,43
Other Northern America,0
