origin,population
Total:,"2,842"
Europe:,326
Denmark,0
Ireland,0
Norway,0
Sweden,0
"United Kingdom, excluding England and Scotland",32
England,89
Scotland,0
Other Northern Europe,13
Austria,0
Belgium,0
France,0
Germany,62
Netherlands,0
Switzerland,0
Other Western Europe,0
Greece,14
Italy,0
Portugal,0
Azores Islands,0
Spain,2
Other Southern Europe,0
Albania,0
Belarus,0
Bosnia and Herzegovina,0
Bulgaria,0
Croatia,0
Czechoslovakia (includes Czech Republic and Slovakia),1
Hungary,0
Latvia,0
Lithuania,59
Moldova,0
North Macedonia (Macedonia),0
Poland,43
Romania,11
Russia,0
Serbia,0
Ukraine,0
Other Eastern Europe,0
"Europe, n.o.c.",0
"China, excluding Hong Kong and Taiwan",63
Hong Kong,0
Taiwan,3
Japan,95
Korea,13
Other Eastern Asia,0
Afghanistan,0
Bangladesh,3
Bhutan,0
India,0
Iran,18
Kazakhstan,0
Nepal,82
Pakistan,161
Sri Lanka,0
Uzbekistan,0
Other South Central Asia,39
Burma (Myanmar),0
Cambodia,0
Indonesia,63
Laos,0
Malaysia,0
Philippines,308
Singapore,0
Thailand,44
Vietnam,23
Other South Eastern Asia,0
Armenia,0
Azerbaijan,0
Georgia,0
Iraq,0
Israel,3
Jordan,0
Kuwait,0
Lebanon,3
Saudi Arabia,44
Syria,42
Turkey,0
United Arab Emirates,0
Yemen,0
Other Western Asia,0
"Asia, n.o.c.",0
Eritrea,0
Ethiopia,0
Kenya,0
Somalia,141
Tanzania,15
Uganda,0
Zimbabwe,0
Other Eastern Africa,0
Cameroon,138
Congo,11
Democratic Republic of Congo (Zaire),0
Other Middle Africa,0
Algeria,0
Egypt,51
Morocco,0
Sudan,0
Other Northern Africa,0
South Africa,12
Other Southern Africa,0
Cabo Verde,0
Ghana,42
Ivory Coast,13
Liberia,85
Nigeria,35
Senegal,43
Sierra Leone,0
Togo,0
Other Western Africa,27
"Africa, n.o.c.",63
Australia,24
Other Australian and New Zealand Subregion,0
Fiji,0
Marshall Islands,6
Micronesia,0
"Oceania, n.o.c.",12
Bahamas,0
Barbados,0
Cuba,50
Dominica,0
Dominican Republic,11
Grenada,0
Haiti,0
Jamaica,36
St. Lucia,0
St. Vincent and the Grenadines,0
Trinidad and Tobago,0
West Indies,0
Other Caribbean,0
Belize,0
Costa Rica,0
El Salvador,0
Guatemala,0
Honduras,8
Mexico,235
Nicaragua,0
Panama,11
Other Central America,0
Argentina,0
Bolivia,0
Brazil,0
Chile,70
Colombia,16
Ecuador,11
Guyana,0
Peru,0
Uruguay,0
Venezuela,0
Other South America,0
Canada,343
Other Northern America,0
