origin,population
Total:,"20,790"
Europe:,"2,072"
Denmark,0
Ireland,17
Norway,34
Sweden,14
"United Kingdom, excluding England and Scotland",133
England,135
Scotland,13
Other Northern Europe,17
Austria,20
Belgium,45
France,111
Germany,374
Netherlands,18
Switzerland,80
Other Western Europe,0
Greece,0
Italy,42
Portugal,36
Azores Islands,0
Spain,15
Other Southern Europe,0
Albania,0
Belarus,3
Bosnia and Herzegovina,70
Bulgaria,77
Croatia,59
Czechoslovakia (includes Czech Republic and Slovakia),44
Hungary,10
Latvia,0
Lithuania,0
Moldova,54
North Macedonia (Macedonia),9
Poland,194
Romania,85
Russia,197
Serbia,0
Ukraine,77
Other Eastern Europe,58
"Europe, n.o.c.",31
"China, excluding Hong Kong and Taiwan","1,035"
Hong Kong,187
Taiwan,178
Japan,224
Korea,781
Other Eastern Asia,22
Afghanistan,12
Bangladesh,97
Bhutan,0
India,"2,201"
Iran,115
Kazakhstan,70
Nepal,60
Pakistan,418
Sri Lanka,56
Uzbekistan,0
Other South Central Asia,0
Burma (Myanmar),37
Cambodia,138
Indonesia,8
Laos,"1,407"
Malaysia,24
Philippines,461
Singapore,42
Thailand,"1,184"
Vietnam,920
Other South Eastern Asia,0
Armenia,26
Azerbaijan,17
Georgia,0
Iraq,0
Israel,10
Jordan,0
Kuwait,0
Lebanon,49
Saudi Arabia,0
Syria,0
Turkey,80
United Arab Emirates,47
Yemen,0
Other Western Asia,0
"Asia, n.o.c.",26
Eritrea,347
Ethiopia,"1,032"
Kenya,314
Somalia,551
Tanzania,38
Uganda,14
Zimbabwe,0
Other Eastern Africa,23
Cameroon,420
Congo,0
Democratic Republic of Congo (Zaire),0
Other Middle Africa,0
Algeria,0
Egypt,54
Morocco,50
Sudan,104
Other Northern Africa,0
South Africa,99
Other Southern Africa,0
Cabo Verde,0
Ghana,77
Ivory Coast,0
Liberia,116
Nigeria,548
Senegal,0
Sierra Leone,0
Togo,40
Other Western Africa,15
"Africa, n.o.c.",43
Australia,78
Other Australian and New Zealand Subregion,6
Fiji,0
Marshall Islands,23
Micronesia,0
"Oceania, n.o.c.",37
Bahamas,0
Barbados,0
Cuba,96
Dominica,0
Dominican Republic,68
Grenada,0
Haiti,178
Jamaica,91
St. Lucia,12
St. Vincent and the Grenadines,0
Trinidad and Tobago,48
West Indies,0
Other Caribbean,0
Belize,0
Costa Rica,0
El Salvador,353
Guatemala,194
Honduras,42
Mexico,"1,981"
Nicaragua,92
Panama,20
Other Central America,0
Argentina,95
Bolivia,0
Brazil,150
Chile,11
Colombia,165
Ecuador,42
Guyana,150
Peru,248
Uruguay,173
Venezuela,31
Other South America,25
Canada,492
Other Northern America,0
