origin,population
Total:,"5,047"
Europe:,657
Denmark,0
Ireland,0
Norway,5
Sweden,0
"United Kingdom, excluding England and Scotland",102
England,248
Scotland,0
Other Northern Europe,0
Austria,18
Belgium,0
France,0
Germany,50
Netherlands,0
Switzerland,12
Other Western Europe,0
Greece,0
Italy,0
Portugal,0
Azores Islands,0
Spain,0
Other Southern Europe,0
Albania,13
Belarus,0
Bosnia and Herzegovina,39
Bulgaria,0
Croatia,0
Czechoslovakia (includes Czech Republic and Slovakia),0
Hungary,0
Latvia,10
Lithuania,0
Moldova,0
North Macedonia (Macedonia),0
Poland,12
Romania,106
Russia,20
Serbia,0
Ukraine,22
Other Eastern Europe,0
"Europe, n.o.c.",0
"China, excluding Hong Kong and Taiwan",388
Hong Kong,0
Taiwan,117
Japan,79
Korea,164
Other Eastern Asia,0
Afghanistan,0
Bangladesh,0
Bhutan,0
India,364
Iran,0
Kazakhstan,0
Nepal,0
Pakistan,76
Sri Lanka,0
Uzbekistan,1
Other South Central Asia,0
Burma (Myanmar),0
Cambodia,0
Indonesia,0
Laos,0
Malaysia,0
Philippines,23
Singapore,0
Thailand,5
Vietnam,13
Other South Eastern Asia,0
Armenia,0
Azerbaijan,0
Georgia,0
Iraq,26
Israel,0
Jordan,114
Kuwait,8
Lebanon,0
Saudi Arabia,79
Syria,0
Turkey,73
United Arab Emirates,0
Yemen,0
Other Western Asia,0
"Asia, n.o.c.",8
Eritrea,0
Ethiopia,21
Kenya,0
Somalia,0
Tanzania,0
Uganda,0
Zimbabwe,25
Other Eastern Africa,32
Cameroon,61
Congo,0
Democratic Republic of Congo (Zaire),35
Other Middle Africa,0
Algeria,12
Egypt,47
Morocco,38
Sudan,0
Other Northern Africa,0
South Africa,0
Other Southern Africa,0
Cabo Verde,0
Ghana,103
Ivory Coast,0
Liberia,278
Nigeria,118
Senegal,0
Sierra Leone,0
Togo,0
Other Western Africa,0
"Africa, n.o.c.",8
Australia,48
Other Australian and New Zealand Subregion,0
Fiji,0
Marshall Islands,0
Micronesia,0
"Oceania, n.o.c.",16
Bahamas,13
Barbados,0
Cuba,88
Dominica,0
Dominican Republic,1
Grenada,20
Haiti,0
Jamaica,0
St. Lucia,0
St. Vincent and the Grenadines,0
Trinidad and Tobago,17
West Indies,0
Other Caribbean,18
Belize,0
Costa Rica,7
El Salvador,206
Guatemala,125
Honduras,263
Mexico,743
Nicaragua,0
Panama,20
Other Central America,0
Argentina,8
Bolivia,7
Brazil,57
Chile,158
Colombia,0
Ecuador,0
Guyana,0
Peru,13
Uruguay,0
Venezuela,82
Other South America,0
Canada,164
Other Northern America,0
