origin,population
Total:,"4,328"
Europe:,"1,136"
Denmark,0
Ireland,3
Norway,0
Sweden,2
"United Kingdom, excluding England and Scotland",13
England,62
Scotland,0
Other Northern Europe,0
Austria,0
Belgium,0
France,15
Germany,145
Netherlands,48
Switzerland,0
Other Western Europe,0
Greece,119
Italy,126
Portugal,0
Azores Islands,0
Spain,9
Other Southern Europe,24
Albania,20
Belarus,7
Bosnia and Herzegovina,0
Bulgaria,0
Croatia,10
Czechoslovakia (includes Czech Republic and Slovakia),136
Hungary,68
Latvia,3
Lithuania,0
Moldova,0
North Macedonia (Macedonia),0
Poland,64
Romania,48
Russia,141
Serbia,3
Ukraine,7
Other Eastern Europe,63
"Europe, n.o.c.",0
"China, excluding Hong Kong and Taiwan",280
Hong Kong,4
Taiwan,17
Japan,0
Korea,100
Other Eastern Asia,17
Afghanistan,0
Bangladesh,0
Bhutan,120
India,545
Iran,11
Kazakhstan,0
Nepal,0
Pakistan,170
Sri Lanka,0
Uzbekistan,0
Other South Central Asia,0
Burma (Myanmar),0
Cambodia,0
Indonesia,35
Laos,0
Malaysia,0
Philippines,119
Singapore,0
Thailand,67
Vietnam,146
Other South Eastern Asia,0
Armenia,0
Azerbaijan,0
Georgia,0
Iraq,0
Israel,16
Jordan,0
Kuwait,5
Lebanon,0
Saudi Arabia,9
Syria,0
Turkey,22
United Arab Emirates,0
Yemen,0
Other Western Asia,0
"Asia, n.o.c.",0
Eritrea,0
Ethiopia,0
Kenya,4
Somalia,0
Tanzania,0
Uganda,0
Zimbabwe,0
Other Eastern Africa,0
Cameroon,49
Congo,35
Democratic Republic of Congo (Zaire),21
Other Middle Africa,29
Algeria,66
Egypt,14
Morocco,4
Sudan,0
Other Northern Africa,0
South Africa,31
Other Southern Africa,0
Cabo Verde,0
Ghana,0
Ivory Coast,0
Liberia,68
Nigeria,0
Senegal,0
Sierra Leone,0
Togo,0
Other Western Africa,0
"Africa, n.o.c.",0
Australia,10
Other Australian and New Zealand Subregion,0
Fiji,11
Marshall Islands,0
Micronesia,0
"Oceania, n.o.c.",2
Bahamas,0
Barbados,0
Cuba,41
Dominica,0
Dominican Republic,70
Grenada,0
Haiti,19
Jamaica,23
St. Lucia,0
St. Vincent and the Grenadines,0
Trinidad and Tobago,0
West Indies,0
Other Caribbean,0
Belize,0
Costa Rica,0
El Salvador,126
Guatemala,52
Honduras,121
Mexico,475
Nicaragua,0
Panama,0
Other Central America,0
Argentina,32
Bolivia,0
Brazil,17
Chile,14
Colombia,53
Ecuador,8
Guyana,0
Peru,0
Uruguay,0
Venezuela,0
Other South America,0
Canada,114
Other Northern America,0
