origin,population
Total:,"69,971"
Europe:,"6,278"
Denmark,48
Ireland,250
Norway,25
Sweden,83
"United Kingdom, excluding England and Scotland",548
England,612
Scotland,79
Other Northern Europe,28
Austria,141
Belgium,10
France,239
Germany,"1,326"
Netherlands,184
Switzerland,103
Other Western Europe,0
Greece,57
Italy,112
Portugal,89
Azores Islands,8
Spain,78
Other Southern Europe,22
Albania,0
Belarus,77
Bosnia and Herzegovina,83
Bulgaria,60
Croatia,59
Czechoslovakia (includes Czech Republic and Slovakia),119
Hungary,180
Latvia,22
Lithuania,77
Moldova,23
North Macedonia (Macedonia),0
Poland,404
Romania,551
Russia,185
Serbia,34
Ukraine,258
Other Eastern Europe,88
"Europe, n.o.c.",24
"China, excluding Hong Kong and Taiwan","1,321"
Hong Kong,217
Taiwan,340
Japan,517
Korea,852
Other Eastern Asia,0
Afghanistan,28
Bangladesh,969
Bhutan,0
India,"2,108"
Iran,684
Kazakhstan,14
Nepal,32
Pakistan,172
Sri Lanka,18
Uzbekistan,36
Other South Central Asia,181
Burma (Myanmar),3
Cambodia,49
Indonesia,160
Laos,26
Malaysia,49
Philippines,"8,856"
Singapore,60
Thailand,398
Vietnam,"1,204"
Other South Eastern Asia,0
Armenia,122
Azerbaijan,26
Georgia,0
Iraq,38
Israel,110
Jordan,0
Kuwait,41
Lebanon,68
Saudi Arabia,47
Syria,62
Turkey,17
United Arab Emirates,51
Yemen,0
Other Western Asia,23
"Asia, n.o.c.",22
Eritrea,58
Ethiopia,386
Kenya,167
Somalia,53
Tanzania,0
Uganda,9
Zimbabwe,40
Other Eastern Africa,50
Cameroon,252
Congo,0
Democratic Republic of Congo (Zaire),0
Other Middle Africa,0
Algeria,58
Egypt,31
Morocco,25
Sudan,0
Other Northern Africa,0
South Africa,90
Other Southern Africa,0
Cabo Verde,0
Ghana,220
Ivory Coast,0
Liberia,19
Nigeria,368
Senegal,0
Sierra Leone,0
Togo,0
Other Western Africa,68
"Africa, n.o.c.",15
Australia,134
Other Australian and New Zealand Subregion,94
Fiji,78
Marshall Islands,34
Micronesia,201
"Oceania, n.o.c.",506
Bahamas,4
Barbados,11
Cuba,650
Dominica,0
Dominican Republic,89
Grenada,0
Haiti,179
Jamaica,58
St. Lucia,0
St. Vincent and the Grenadines,0
Trinidad and Tobago,111
West Indies,0
Other Caribbean,0
Belize,10
Costa Rica,311
El Salvador,"3,782"
Guatemala,"3,091"
Honduras,321
Mexico,"28,697"
Nicaragua,406
Panama,42
Other Central America,0
Argentina,163
Bolivia,68
Brazil,279
Chile,165
Colombia,672
Ecuador,74
Guyana,12
Peru,448
Uruguay,307
Venezuela,111
Other South America,39
Canada,"1,716"
Other Northern America,0
