origin,population
Total:,"46,056"
Europe:,"7,840"
Denmark,77
Ireland,123
Norway,25
Sweden,57
"United Kingdom, excluding England and Scotland",822
England,634
Scotland,65
Other Northern Europe,53
Austria,92
Belgium,27
France,281
Germany,"1,346"
Netherlands,225
Switzerland,79
Other Western Europe,0
Greece,166
Italy,149
Portugal,0
Azores Islands,0
Spain,183
Other Southern Europe,8
Albania,604
Belarus,34
Bosnia and Herzegovina,28
Bulgaria,31
Croatia,0
Czechoslovakia (includes Czech Republic and Slovakia),144
Hungary,52
Latvia,125
Lithuania,163
Moldova,10
North Macedonia (Macedonia),18
Poland,220
Romania,718
Russia,733
Serbia,49
Ukraine,198
Other Eastern Europe,255
"Europe, n.o.c.",46
"China, excluding Hong Kong and Taiwan","7,160"
Hong Kong,160
Taiwan,"1,313"
Japan,"1,131"
Korea,"2,783"
Other Eastern Asia,30
Afghanistan,235
Bangladesh,164
Bhutan,0
India,"5,080"
Iran,688
Kazakhstan,99
Nepal,129
Pakistan,889
Sri Lanka,40
Uzbekistan,53
Other South Central Asia,8
Burma (Myanmar),121
Cambodia,35
Indonesia,170
Laos,10
Malaysia,215
Philippines,"1,056"
Singapore,86
Thailand,208
Vietnam,779
Other South Eastern Asia,0
Armenia,42
Azerbaijan,23
Georgia,23
Iraq,"1,054"
Israel,290
Jordan,517
Kuwait,67
Lebanon,448
Saudi Arabia,394
Syria,223
Turkey,369
United Arab Emirates,35
Yemen,328
Other Western Asia,24
"Asia, n.o.c.",323
Eritrea,43
Ethiopia,168
Kenya,270
Somalia,244
Tanzania,0
Uganda,30
Zimbabwe,94
Other Eastern Africa,166
Cameroon,71
Congo,48
Democratic Republic of Congo (Zaire),53
Other Middle Africa,0
Algeria,55
Egypt,342
Morocco,92
Sudan,34
Other Northern Africa,93
South Africa,143
Other Southern Africa,14
Cabo Verde,0
Ghana,311
Ivory Coast,6
Liberia,58
Nigeria,569
Senegal,79
Sierra Leone,5
Togo,0
Other Western Africa,261
"Africa, n.o.c.",174
Australia,215
Other Australian and New Zealand Subregion,7
Fiji,0
Marshall Islands,0
Micronesia,0
"Oceania, n.o.c.",0
Bahamas,12
Barbados,4
Cuba,78
Dominica,0
Dominican Republic,47
Grenada,0
Haiti,5
Jamaica,54
St. Lucia,0
St. Vincent and the Grenadines,0
Trinidad and Tobago,112
West Indies,22
Other Caribbean,40
Belize,0
Costa Rica,141
El Salvador,191
Guatemala,460
Honduras,468
Mexico,"2,388"
Nicaragua,0
Panama,0
Other Central America,0
Argentina,35
Bolivia,42
Brazil,532
Chile,111
Colombia,300
Ecuador,81
Guyana,54
Peru,58
Uruguay,79
Venezuela,329
Other South America,52
Canada,"2,074"
Other Northern America,0
