origin,population
Total:,"2,716"
Europe:,455
Denmark,0
Ireland,0
Norway,0
Sweden,0
"United Kingdom, excluding England and Scotland",48
England,111
Scotland,62
Other Northern Europe,0
Austria,15
Belgium,0
France,15
Germany,99
Netherlands,8
Switzerland,0
Other Western Europe,0
Greece,0
Italy,0
Portugal,0
Azores Islands,0
Spain,1
Other Southern Europe,0
Albania,0
Belarus,0
Bosnia and Herzegovina,0
Bulgaria,0
Croatia,0
Czechoslovakia (includes Czech Republic and Slovakia),0
Hungary,0
Latvia,0
Lithuania,0
Moldova,0
North Macedonia (Macedonia),18
Poland,13
Romania,22
Russia,10
Serbia,0
Ukraine,7
Other Eastern Europe,26
"Europe, n.o.c.",0
"China, excluding Hong Kong and Taiwan",39
Hong Kong,0
Taiwan,0
Japan,0
Korea,50
Other Eastern Asia,10
Afghanistan,3
Bangladesh,0
Bhutan,178
India,87
Iran,16
Kazakhstan,0
Nepal,214
Pakistan,72
Sri Lanka,37
Uzbekistan,0
Other South Central Asia,0
Burma (Myanmar),0
Cambodia,104
Indonesia,24
Laos,89
Malaysia,61
Philippines,155
Singapore,0
Thailand,9
Vietnam,21
Other South Eastern Asia,0
Armenia,0
Azerbaijan,0
Georgia,0
Iraq,0
Israel,0
Jordan,0
Kuwait,0
Lebanon,0
Saudi Arabia,2
Syria,0
Turkey,0
United Arab Emirates,0
Yemen,0
Other Western Asia,13
"Asia, n.o.c.",0
Eritrea,0
Ethiopia,76
Kenya,13
Somalia,0
Tanzania,0
Uganda,0
Zimbabwe,0
Other Eastern Africa,0
Cameroon,0
Congo,0
Democratic Republic of Congo (Zaire),0
Other Middle Africa,0
Algeria,0
Egypt,0
Morocco,9
Sudan,29
Other Northern Africa,0
South Africa,6
Other Southern Africa,0
Cabo Verde,0
Ghana,0
Ivory Coast,0
Liberia,0
Nigeria,63
Senegal,0
Sierra Leone,0
Togo,0
Other Western Africa,0
"Africa, n.o.c.",14
Australia,64
Other Australian and New Zealand Subregion,11
Fiji,0
Marshall Islands,0
Micronesia,0
"Oceania, n.o.c.",5
Bahamas,0
Barbados,0
Cuba,0
Dominica,0
Dominican Republic,0
Grenada,0
Haiti,0
Jamaica,29
St. Lucia,0
St. Vincent and the Grenadines,0
Trinidad and Tobago,0
West Indies,0
Other Caribbean,0
Belize,0
Costa Rica,0
El Salvador,45
Guatemala,116
Honduras,26
Mexico,179
Nicaragua,0
Panama,0
Other Central America,0
Argentina,0
Bolivia,0
Brazil,182
Chile,0
Colombia,62
Ecuador,31
Guyana,0
Peru,0
Uruguay,17
Venezuela,0
Other South America,0
Canada,100
Other Northern America,0
