origin,population
Total:,"4,465"
Europe:,639
Denmark,0
Ireland,3
Norway,0
Sweden,12
"United Kingdom, excluding England and Scotland",105
England,13
Scotland,17
Other Northern Europe,40
Austria,9
Belgium,0
France,60
Germany,148
Netherlands,0
Switzerland,0
Other Western Europe,0
Greece,0
Italy,0
Portugal,13
Azores Islands,0
Spain,90
Other Southern Europe,0
Albania,0
Belarus,21
Bosnia and Herzegovina,0
Bulgaria,0
Croatia,0
Czechoslovakia (includes Czech Republic and Slovakia),0
Hungary,0
Latvia,1
Lithuania,0
Moldova,0
North Macedonia (Macedonia),0
Poland,0
Romania,7
Russia,100
Serbia,0
Ukraine,0
Other Eastern Europe,0
"Europe, n.o.c.",0
"China, excluding Hong Kong and Taiwan",939
Hong Kong,7
Taiwan,112
Japan,64
Korea,130
Other Eastern Asia,0
Afghanistan,0
Bangladesh,51
Bhutan,16
India,491
Iran,102
Kazakhstan,8
Nepal,17
Pakistan,0
Sri Lanka,0
Uzbekistan,0
Other South Central Asia,0
Burma (Myanmar),11
Cambodia,3
Indonesia,51
Laos,0
Malaysia,0
Philippines,147
Singapore,9
Thailand,108
Vietnam,249
Other South Eastern Asia,0
Armenia,0
Azerbaijan,0
Georgia,0
Iraq,0
Israel,30
Jordan,0
Kuwait,0
Lebanon,0
Saudi Arabia,125
Syria,0
Turkey,22
United Arab Emirates,0
Yemen,0
Other Western Asia,31
"Asia, n.o.c.",0
Eritrea,0
Ethiopia,11
Kenya,136
Somalia,0
Tanzania,0
Uganda,65
Zimbabwe,0
Other Eastern Africa,0
Cameroon,0
Congo,0
Democratic Republic of Congo (Zaire),0
Other Middle Africa,0
Algeria,0
Egypt,15
Morocco,0
Sudan,0
Other Northern Africa,0
South Africa,0
Other Southern Africa,0
Cabo Verde,0
Ghana,0
Ivory Coast,0
Liberia,2
Nigeria,12
Senegal,0
Sierra Leone,0
Togo,0
Other Western Africa,80
"Africa, n.o.c.",0
Australia,0
Other Australian and New Zealand Subregion,0
Fiji,18
Marshall Islands,0
Micronesia,0
"Oceania, n.o.c.",0
Bahamas,0
Barbados,0
Cuba,0
Dominica,0
Dominican Republic,11
Grenada,0
Haiti,0
Jamaica,0
St. Lucia,0
St. Vincent and the Grenadines,0
Trinidad and Tobago,0
West Indies,0
Other Caribbean,0
Belize,0
Costa Rica,0
El Salvador,0
Guatemala,9
Honduras,52
Mexico,217
Nicaragua,0
Panama,14
Other Central America,0
Argentina,7
Bolivia,0
Brazil,104
Chile,0
Colombia,31
Ecuador,0
Guyana,0
Peru,44
Uruguay,46
Venezuela,61
Other South America,0
Canada,168
Other Northern America,0
