origin,population
Total:,"8,041"
Europe:,834
Denmark,5
Ireland,41
Norway,0
Sweden,9
"United Kingdom, excluding England and Scotland",78
England,73
Scotland,0
Other Northern Europe,0
Austria,0
Belgium,12
France,28
Germany,391
Netherlands,20
Switzerland,0
Other Western Europe,0
Greece,19
Italy,38
Portugal,11
Azores Islands,11
Spain,0
Other Southern Europe,0
Albania,0
Belarus,0
Bosnia and Herzegovina,0
Bulgaria,0
Croatia,19
Czechoslovakia (includes Czech Republic and Slovakia),28
Hungary,0
Latvia,0
Lithuania,0
Moldova,0
North Macedonia (Macedonia),0
Poland,0
Romania,0
Russia,6
Serbia,0
Ukraine,0
Other Eastern Europe,0
"Europe, n.o.c.",56
"China, excluding Hong Kong and Taiwan",163
Hong Kong,14
Taiwan,0
Japan,71
Korea,83
Other Eastern Asia,0
Afghanistan,0
Bangladesh,35
Bhutan,0
India,194
Iran,8
Kazakhstan,0
Nepal,160
Pakistan,49
Sri Lanka,0
Uzbekistan,0
Other South Central Asia,0
Burma (Myanmar),8
Cambodia,154
Indonesia,0
Laos,14
Malaysia,46
Philippines,404
Singapore,14
Thailand,121
Vietnam,392
Other South Eastern Asia,0
Armenia,0
Azerbaijan,0
Georgia,0
Iraq,0
Israel,0
Jordan,0
Kuwait,0
Lebanon,0
Saudi Arabia,201
Syria,0
Turkey,0
United Arab Emirates,0
Yemen,0
Other Western Asia,0
"Asia, n.o.c.",0
Eritrea,0
Ethiopia,0
Kenya,25
Somalia,7
Tanzania,0
Uganda,0
Zimbabwe,96
Other Eastern Africa,0
Cameroon,207
Congo,0
Democratic Republic of Congo (Zaire),25
Other Middle Africa,15
Algeria,0
Egypt,0
Morocco,0
Sudan,0
Other Northern Africa,0
South Africa,12
Other Southern Africa,0
Cabo Verde,0
Ghana,21
Ivory Coast,0
Liberia,0
Nigeria,407
Senegal,0
Sierra Leone,0
Togo,0
Other Western Africa,78
"Africa, n.o.c.",39
Australia,26
Other Australian and New Zealand Subregion,0
Fiji,0
Marshall Islands,0
Micronesia,0
"Oceania, n.o.c.",0
Bahamas,60
Barbados,0
Cuba,32
Dominica,30
Dominican Republic,18
Grenada,83
Haiti,0
Jamaica,24
St. Lucia,0
St. Vincent and the Grenadines,0
Trinidad and Tobago,11
West Indies,0
Other Caribbean,48
Belize,0
Costa Rica,0
El Salvador,236
Guatemala,151
Honduras,8
Mexico,"3,075"
Nicaragua,13
Panama,0
Other Central America,0
Argentina,0
Bolivia,0
Brazil,16
Chile,10
Colombia,74
Ecuador,7
Guyana,17
Peru,29
Uruguay,0
Venezuela,52
Other South America,0
Canada,124
Other Northern America,0
