origin,population
Total:,"1,485"
Europe:,115
Denmark,0
Ireland,0
Norway,0
Sweden,0
"United Kingdom, excluding England and Scotland",0
England,15
Scotland,0
Other Northern Europe,0
Austria,0
Belgium,0
France,0
Germany,18
Netherlands,15
Switzerland,0
Other Western Europe,0
Greece,0
Italy,0
Portugal,0
Azores Islands,0
Spain,0
Other Southern Europe,0
Albania,0
Belarus,0
Bosnia and Herzegovina,0
Bulgaria,0
Croatia,0
Czechoslovakia (includes Czech Republic and Slovakia),0
Hungary,3
Latvia,0
Lithuania,0
Moldova,0
North Macedonia (Macedonia),0
Poland,53
Romania,0
Russia,11
Serbia,0
Ukraine,0
Other Eastern Europe,0
"Europe, n.o.c.",0
"China, excluding Hong Kong and Taiwan",203
Hong Kong,0
Taiwan,19
Japan,29
Korea,4
Other Eastern Asia,0
Afghanistan,0
Bangladesh,0
Bhutan,0
India,149
Iran,0
Kazakhstan,0
Nepal,0
Pakistan,5
Sri Lanka,21
Uzbekistan,0
Other South Central Asia,0
Burma (Myanmar),0
Cambodia,0
Indonesia,65
Laos,0
Malaysia,4
Philippines,117
Singapore,0
Thailand,0
Vietnam,21
Other South Eastern Asia,0
Armenia,0
Azerbaijan,0
Georgia,0
Iraq,0
Israel,0
Jordan,0
Kuwait,0
Lebanon,0
Saudi Arabia,2
Syria,0
Turkey,0
United Arab Emirates,0
Yemen,0
Other Western Asia,0
"Asia, n.o.c.",0
Eritrea,0
Ethiopia,0
Kenya,0
Somalia,0
Tanzania,0
Uganda,0
Zimbabwe,0
Other Eastern Africa,0
Cameroon,0
Congo,0
Democratic Republic of Congo (Zaire),0
Other Middle Africa,0
Algeria,0
Egypt,0
Morocco,0
Sudan,0
Other Northern Africa,0
South Africa,64
Other Southern Africa,0
Cabo Verde,0
Ghana,0
Ivory Coast,0
Liberia,0
Nigeria,29
Senegal,0
Sierra Leone,0
Togo,0
Other Western Africa,10
"Africa, n.o.c.",21
Australia,0
Other Australian and New Zealand Subregion,0
Fiji,0
Marshall Islands,0
Micronesia,0
"Oceania, n.o.c.",0
Bahamas,2
Barbados,0
Cuba,0
Dominica,0
Dominican Republic,0
Grenada,0
Haiti,0
Jamaica,0
St. Lucia,0
St. Vincent and the Grenadines,0
Trinidad and Tobago,0
West Indies,0
Other Caribbean,26
Belize,0
Costa Rica,6
El Salvador,12
Guatemala,81
Honduras,20
Mexico,371
Nicaragua,15
Panama,0
Other Central America,0
Argentina,0
Bolivia,0
Brazil,14
Chile,0
Colombia,32
Ecuador,0
Guyana,0
Peru,0
Uruguay,0
Venezuela,0
Other South America,0
Canada,15
Other Northern America,13
