origin,population
Total:,"3,263"
Europe:,231
Denmark,0
Ireland,0
Norway,0
Sweden,0
"United Kingdom, excluding England and Scotland",4
England,0
Scotland,24
Other Northern Europe,0
Austria,0
Belgium,0
France,203
Germany,0
Netherlands,0
Switzerland,0
Other Western Europe,0
Greece,0
Italy,0
Portugal,0
Azores Islands,0
Spain,0
Other Southern Europe,0
Albania,0
Belarus,0
Bosnia and Herzegovina,0
Bulgaria,0
Croatia,0
Czechoslovakia (includes Czech Republic and Slovakia),0
Hungary,0
Latvia,0
Lithuania,0
Moldova,0
North Macedonia (Macedonia),0
Poland,0
Romania,0
Russia,0
Serbia,0
Ukraine,0
Other Eastern Europe,0
"Europe, n.o.c.",0
"China, excluding Hong Kong and Taiwan",16
Hong Kong,0
Taiwan,16
Japan,32
Korea,62
Other Eastern Asia,0
Afghanistan,0
Bangladesh,0
Bhutan,0
India,0
Iran,0
Kazakhstan,0
Nepal,0
Pakistan,9
Sri Lanka,0
Uzbekistan,0
Other South Central Asia,0
Burma (Myanmar),0
Cambodia,0
Indonesia,0
Laos,0
Malaysia,0
Philippines,270
Singapore,0
Thailand,8
Vietnam,0
Other South Eastern Asia,0
Armenia,0
Azerbaijan,0
Georgia,0
Iraq,0
Israel,0
Jordan,0
Kuwait,0
Lebanon,0
Saudi Arabia,0
Syria,0
Turkey,85
United Arab Emirates,0
Yemen,0
Other Western Asia,0
"Asia, n.o.c.",88
Eritrea,0
Ethiopia,0
Kenya,0
Somalia,2
Tanzania,0
Uganda,0
Zimbabwe,32
Other Eastern Africa,0
Cameroon,10
Congo,2
Democratic Republic of Congo (Zaire),451
Other Middle Africa,0
Algeria,0
Egypt,0
Morocco,0
Sudan,0
Other Northern Africa,0
South Africa,51
Other Southern Africa,0
Cabo Verde,0
Ghana,85
Ivory Coast,0
Liberia,161
Nigeria,31
Senegal,0
Sierra Leone,0
Togo,0
Other Western Africa,0
"Africa, n.o.c.",171
Australia,12
Other Australian and New Zealand Subregion,0
Fiji,0
Marshall Islands,14
Micronesia,0
"Oceania, n.o.c.",0
Bahamas,0
Barbados,0
Cuba,0
Dominica,0
Dominican Republic,118
Grenada,0
Haiti,0
Jamaica,44
St. Lucia,0
St. Vincent and the Grenadines,0
Trinidad and Tobago,0
West Indies,0
Other Caribbean,0
Belize,3
Costa Rica,0
El Salvador,0
Guatemala,0
Honduras,8
Mexico,724
Nicaragua,0
Panama,0
Other Central America,94
Argentina,0
Bolivia,0
Brazil,0
Chile,0
Colombia,72
Ecuador,0
Guyana,0
Peru,181
Uruguay,0
Venezuela,0
Other South America,0
Canada,180
Other Northern America,0
