origin,population
Total:,"5,768"
Europe:,890
Denmark,7
Ireland,36
Norway,5
Sweden,3
"United Kingdom, excluding England and Scotland",61
England,91
Scotland,19
Other Northern Europe,0
Austria,12
Belgium,8
France,0
Germany,113
Netherlands,38
Switzerland,0
Other Western Europe,0
Greece,0
Italy,0
Portugal,0
Azores Islands,0
Spain,108
Other Southern Europe,0
Albania,5
Belarus,32
Bosnia and Herzegovina,49
Bulgaria,28
Croatia,8
Czechoslovakia (includes Czech Republic and Slovakia),36
Hungary,0
Latvia,55
Lithuania,0
Moldova,0
North Macedonia (Macedonia),0
Poland,27
Romania,9
Russia,78
Serbia,18
Ukraine,26
Other Eastern Europe,18
"Europe, n.o.c.",0
"China, excluding Hong Kong and Taiwan",482
Hong Kong,0
Taiwan,28
Japan,0
Korea,79
Other Eastern Asia,0
Afghanistan,0
Bangladesh,0
Bhutan,0
India,410
Iran,26
Kazakhstan,0
Nepal,0
Pakistan,148
Sri Lanka,0
Uzbekistan,0
Other South Central Asia,17
Burma (Myanmar),0
Cambodia,0
Indonesia,0
Laos,428
Malaysia,0
Philippines,125
Singapore,0
Thailand,394
Vietnam,214
Other South Eastern Asia,0
Armenia,0
Azerbaijan,9
Georgia,0
Iraq,163
Israel,0
Jordan,0
Kuwait,0
Lebanon,0
Saudi Arabia,4
Syria,140
Turkey,0
United Arab Emirates,0
Yemen,0
Other Western Asia,0
"Asia, n.o.c.",0
Eritrea,0
Ethiopia,11
Kenya,47
Somalia,0
Tanzania,128
Uganda,19
Zimbabwe,0
Other Eastern Africa,0
Cameroon,0
Congo,0
Democratic Republic of Congo (Zaire),112
Other Middle Africa,0
Algeria,0
Egypt,22
Morocco,0
Sudan,23
Other Northern Africa,0
South Africa,0
Other Southern Africa,0
Cabo Verde,0
Ghana,0
Ivory Coast,8
Liberia,0
Nigeria,53
Senegal,0
Sierra Leone,19
Togo,0
Other Western Africa,0
"Africa, n.o.c.",0
Australia,0
Other Australian and New Zealand Subregion,0
Fiji,0
Marshall Islands,0
Micronesia,67
"Oceania, n.o.c.",0
Bahamas,10
Barbados,0
Cuba,9
Dominica,0
Dominican Republic,14
Grenada,0
Haiti,122
Jamaica,28
St. Lucia,0
St. Vincent and the Grenadines,0
Trinidad and Tobago,6
West Indies,0
Other Caribbean,0
Belize,0
Costa Rica,0
El Salvador,7
Guatemala,16
Honduras,18
Mexico,"1,024"
Nicaragua,25
Panama,0
Other Central America,0
Argentina,20
Bolivia,0
Brazil,31
Chile,3
Colombia,26
Ecuador,56
Guyana,0
Peru,0
Uruguay,0
Venezuela,0
Other South America,4
Canada,283
Other Northern America,0
