origin,population
Total:,"24,778"
Europe:,"3,976"
Denmark,10
Ireland,75
Norway,52
Sweden,11
"United Kingdom, excluding England and Scotland",235
England,200
Scotland,96
Other Northern Europe,0
Austria,20
Belgium,3
France,41
Germany,476
Netherlands,42
Switzerland,47
Other Western Europe,0
Greece,76
Italy,227
Portugal,0
Azores Islands,0
Spain,51
Other Southern Europe,0
Albania,0
Belarus,50
Bosnia and Herzegovina,421
Bulgaria,23
Croatia,45
Czechoslovakia (includes Czech Republic and Slovakia),18
Hungary,0
Latvia,0
Lithuania,31
Moldova,0
North Macedonia (Macedonia),82
Poland,701
Romania,0
Russia,135
Serbia,199
Ukraine,434
Other Eastern Europe,154
"Europe, n.o.c.",21
"China, excluding Hong Kong and Taiwan",647
Hong Kong,37
Taiwan,50
Japan,27
Korea,266
Other Eastern Asia,137
Afghanistan,0
Bangladesh,59
Bhutan,0
India,"1,401"
Iran,31
Kazakhstan,252
Nepal,0
Pakistan,157
Sri Lanka,25
Uzbekistan,60
Other South Central Asia,0
Burma (Myanmar),255
Cambodia,0
Indonesia,7
Laos,540
Malaysia,52
Philippines,"1,039"
Singapore,15
Thailand,339
Vietnam,340
Other South Eastern Asia,0
Armenia,0
Azerbaijan,11
Georgia,8
Iraq,773
Israel,14
Jordan,181
Kuwait,16
Lebanon,19
Saudi Arabia,6
Syria,29
Turkey,0
United Arab Emirates,0
Yemen,41
Other Western Asia,0
"Asia, n.o.c.",6
Eritrea,0
Ethiopia,51
Kenya,138
Somalia,0
Tanzania,416
Uganda,39
Zimbabwe,0
Other Eastern Africa,64
Cameroon,0
Congo,69
Democratic Republic of Congo (Zaire),396
Other Middle Africa,16
Algeria,0
Egypt,230
Morocco,23
Sudan,0
Other Northern Africa,0
South Africa,92
Other Southern Africa,0
Cabo Verde,0
Ghana,36
Ivory Coast,91
Liberia,0
Nigeria,232
Senegal,0
Sierra Leone,0
Togo,0
Other Western Africa,0
"Africa, n.o.c.",51
Australia,13
Other Australian and New Zealand Subregion,15
Fiji,0
Marshall Islands,0
Micronesia,0
"Oceania, n.o.c.",38
Bahamas,0
Barbados,70
Cuba,403
Dominica,0
Dominican Republic,162
Grenada,0
Haiti,77
Jamaica,109
St. Lucia,6
St. Vincent and the Grenadines,0
Trinidad and Tobago,0
West Indies,0
Other Caribbean,0
Belize,4
Costa Rica,0
El Salvador,218
Guatemala,192
Honduras,135
Mexico,"9,567"
Nicaragua,22
Panama,0
Other Central America,0
Argentina,37
Bolivia,0
Brazil,49
Chile,0
Colombia,195
Ecuador,36
Guyana,0
Peru,10
Uruguay,0
Venezuela,142
Other South America,0
Canada,518
Other Northern America,0
