origin,population
Total:,"10,158"
Europe:,401
Denmark,0
Ireland,13
Norway,0
Sweden,26
"United Kingdom, excluding England and Scotland",51
England,0
Scotland,0
Other Northern Europe,0
Austria,0
Belgium,31
France,0
Germany,129
Netherlands,9
Switzerland,4
Other Western Europe,0
Greece,93
Italy,5
Portugal,0
Azores Islands,0
Spain,0
Other Southern Europe,0
Albania,0
Belarus,0
Bosnia and Herzegovina,0
Bulgaria,0
Croatia,0
Czechoslovakia (includes Czech Republic and Slovakia),1
Hungary,0
Latvia,0
Lithuania,0
Moldova,0
North Macedonia (Macedonia),0
Poland,16
Romania,0
Russia,19
Serbia,0
Ukraine,4
Other Eastern Europe,0
"Europe, n.o.c.",0
"China, excluding Hong Kong and Taiwan",58
Hong Kong,0
Taiwan,0
Japan,8
Korea,198
Other Eastern Asia,0
Afghanistan,130
Bangladesh,2
Bhutan,0
India,45
Iran,8
Kazakhstan,0
Nepal,0
Pakistan,0
Sri Lanka,0
Uzbekistan,0
Other South Central Asia,0
Burma (Myanmar),30
Cambodia,47
Indonesia,0
Laos,192
Malaysia,31
Philippines,137
Singapore,0
Thailand,42
Vietnam,841
Other South Eastern Asia,0
Armenia,0
Azerbaijan,0
Georgia,0
Iraq,0
Israel,0
Jordan,43
Kuwait,0
Lebanon,0
Saudi Arabia,0
Syria,0
Turkey,0
United Arab Emirates,0
Yemen,0
Other Western Asia,11
"Asia, n.o.c.",0
Eritrea,476
Ethiopia,338
Kenya,103
Somalia,34
Tanzania,0
Uganda,0
Zimbabwe,0
Other Eastern Africa,0
Cameroon,0
Congo,254
Democratic Republic of Congo (Zaire),0
Other Middle Africa,0
Algeria,0
Egypt,0
Morocco,0
Sudan,67
Other Northern Africa,0
South Africa,0
Other Southern Africa,0
Cabo Verde,0
Ghana,0
Ivory Coast,0
Liberia,37
Nigeria,0
Senegal,43
Sierra Leone,0
Togo,76
Other Western Africa,22
"Africa, n.o.c.",148
Australia,0
Other Australian and New Zealand Subregion,0
Fiji,0
Marshall Islands,0
Micronesia,180
"Oceania, n.o.c.",0
Bahamas,16
Barbados,0
Cuba,79
Dominica,0
Dominican Republic,0
Grenada,0
Haiti,0
Jamaica,0
St. Lucia,0
St. Vincent and the Grenadines,0
Trinidad and Tobago,0
West Indies,84
Other Caribbean,0
Belize,0
Costa Rica,0
El Salvador,410
Guatemala,"1,256"
Honduras,51
Mexico,"3,850"
Nicaragua,157
Panama,17
Other Central America,94
Argentina,0
Bolivia,0
Brazil,0
Chile,10
Colombia,42
Ecuador,0
Guyana,0
Peru,29
Uruguay,0
Venezuela,12
Other South America,0
Canada,49
Other Northern America,0
