origin,population
Total:,"4,451"
Europe:,837
Denmark,0
Ireland,1
Norway,0
Sweden,6
"United Kingdom, excluding England and Scotland",76
England,32
Scotland,12
Other Northern Europe,27
Austria,0
Belgium,0
France,22
Germany,247
Netherlands,29
Switzerland,0
Other Western Europe,0
Greece,4
Italy,37
Portugal,0
Azores Islands,0
Spain,0
Other Southern Europe,0
Albania,17
Belarus,0
Bosnia and Herzegovina,0
Bulgaria,64
Croatia,2
Czechoslovakia (includes Czech Republic and Slovakia),20
Hungary,0
Latvia,0
Lithuania,0
Moldova,0
North Macedonia (Macedonia),0
Poland,78
Romania,49
Russia,92
Serbia,0
Ukraine,3
Other Eastern Europe,19
"Europe, n.o.c.",0
"China, excluding Hong Kong and Taiwan",425
Hong Kong,52
Taiwan,15
Japan,32
Korea,183
Other Eastern Asia,0
Afghanistan,0
Bangladesh,0
Bhutan,25
India,387
Iran,91
Kazakhstan,27
Nepal,0
Pakistan,130
Sri Lanka,0
Uzbekistan,0
Other South Central Asia,0
Burma (Myanmar),0
Cambodia,4
Indonesia,65
Laos,129
Malaysia,21
Philippines,194
Singapore,0
Thailand,52
Vietnam,64
Other South Eastern Asia,0
Armenia,0
Azerbaijan,0
Georgia,0
Iraq,40
Israel,0
Jordan,5
Kuwait,0
Lebanon,0
Saudi Arabia,12
Syria,5
Turkey,86
United Arab Emirates,0
Yemen,0
Other Western Asia,16
"Asia, n.o.c.",0
Eritrea,0
Ethiopia,34
Kenya,0
Somalia,0
Tanzania,0
Uganda,0
Zimbabwe,0
Other Eastern Africa,12
Cameroon,0
Congo,0
Democratic Republic of Congo (Zaire),19
Other Middle Africa,0
Algeria,0
Egypt,0
Morocco,0
Sudan,0
Other Northern Africa,34
South Africa,12
Other Southern Africa,0
Cabo Verde,0
Ghana,34
Ivory Coast,0
Liberia,7
Nigeria,50
Senegal,0
Sierra Leone,0
Togo,0
Other Western Africa,0
"Africa, n.o.c.",0
Australia,13
Other Australian and New Zealand Subregion,1
Fiji,0
Marshall Islands,0
Micronesia,0
"Oceania, n.o.c.",24
Bahamas,0
Barbados,0
Cuba,48
Dominica,0
Dominican Republic,0
Grenada,0
Haiti,4
Jamaica,83
St. Lucia,0
St. Vincent and the Grenadines,0
Trinidad and Tobago,0
West Indies,0
Other Caribbean,0
Belize,0
Costa Rica,0
El Salvador,88
Guatemala,37
Honduras,56
Mexico,485
Nicaragua,0
Panama,0
Other Central America,0
Argentina,0
Bolivia,0
Brazil,14
Chile,14
Colombia,44
Ecuador,0
Guyana,33
Peru,33
Uruguay,0
Venezuela,12
Other South America,44
Canada,319
Other Northern America,0
