origin,population
Total:,"16,292"
Europe:,"2,167"
Denmark,0
Ireland,17
Norway,0
Sweden,64
"United Kingdom, excluding England and Scotland",218
England,250
Scotland,65
Other Northern Europe,16
Austria,5
Belgium,40
France,144
Germany,471
Netherlands,22
Switzerland,13
Other Western Europe,0
Greece,86
Italy,84
Portugal,49
Azores Islands,14
Spain,22
Other Southern Europe,0
Albania,0
Belarus,0
Bosnia and Herzegovina,7
Bulgaria,29
Croatia,0
Czechoslovakia (includes Czech Republic and Slovakia),16
Hungary,33
Latvia,0
Lithuania,0
Moldova,15
North Macedonia (Macedonia),0
Poland,112
Romania,78
Russia,170
Serbia,0
Ukraine,88
Other Eastern Europe,53
"Europe, n.o.c.",0
"China, excluding Hong Kong and Taiwan",601
Hong Kong,123
Taiwan,61
Japan,102
Korea,105
Other Eastern Asia,55
Afghanistan,0
Bangladesh,0
Bhutan,0
India,"2,506"
Iran,21
Kazakhstan,24
Nepal,110
Pakistan,4
Sri Lanka,0
Uzbekistan,59
Other South Central Asia,0
Burma (Myanmar),0
Cambodia,161
Indonesia,21
Laos,54
Malaysia,0
Philippines,621
Singapore,0
Thailand,60
Vietnam,485
Other South Eastern Asia,0
Armenia,0
Azerbaijan,0
Georgia,0
Iraq,0
Israel,37
Jordan,44
Kuwait,70
Lebanon,18
Saudi Arabia,7
Syria,0
Turkey,0
United Arab Emirates,57
Yemen,0
Other Western Asia,28
"Asia, n.o.c.",0
Eritrea,0
Ethiopia,22
Kenya,115
Somalia,0
Tanzania,27
Uganda,137
Zimbabwe,0
Other Eastern Africa,25
Cameroon,0
Congo,0
Democratic Republic of Congo (Zaire),0
Other Middle Africa,0
Algeria,12
Egypt,7
Morocco,20
Sudan,0
Other Northern Africa,0
South Africa,59
Other Southern Africa,0
Cabo Verde,0
Ghana,27
Ivory Coast,0
Liberia,0
Nigeria,248
Senegal,0
Sierra Leone,0
Togo,0
Other Western Africa,0
"Africa, n.o.c.",33
Australia,28
Other Australian and New Zealand Subregion,37
Fiji,0
Marshall Islands,0
Micronesia,2
"Oceania, n.o.c.",0
Bahamas,36
Barbados,0
Cuba,352
Dominica,0
Dominican Republic,165
Grenada,0
Haiti,58
Jamaica,628
St. Lucia,0
St. Vincent and the Grenadines,0
Trinidad and Tobago,34
West Indies,0
Other Caribbean,0
Belize,0
Costa Rica,147
El Salvador,392
Guatemala,33
Honduras,461
Mexico,"2,937"
Nicaragua,87
Panama,15
Other Central America,0
Argentina,43
Bolivia,0
Brazil,498
Chile,33
Colombia,233
Ecuador,572
Guyana,140
Peru,141
Uruguay,0
Venezuela,229
Other South America,11
Canada,642
Other Northern America,5
