Cuisine Type,Name,Address,Website
Mexican,Chavolos Taqueria,"301 N Pagosa Blvd b2, Pagosa Springs, CO 81147, USA",http://chavolospagosasprings.com/
Mexican,Beny's Authentic Mexican Restaurant and Bar,"180 E Pagosa St, Pagosa Springs, CO 81147, USA",https://www.benysmexicanrestaurant.com/
Mexican,Ramon's Mexican Restaurant,"56 Talisman Dr # 1, Pagosa Springs, CO 81147, USA",http://www.ramonspagosa.com/
Mexican,Tequila's Pagosa,"439 San Juan St, Pagosa Springs, CO 81147, USA",http://tequilaspagosa.com/
Mexican,Los Dos Charros Mexican Restaurant,"2800 Cornerstone Dr #4, Pagosa Springs, CO 81147, USA",http://www.losdoscharros.com/
Mexican,Mexican on the Mountain,"275 E Pagosa St, Pagosa Springs, CO 81147, USA",
Mexican,Kip's Grill,"121 E Pagosa St, Pagosa Springs, CO 81147, USA",http://www.kipsgrill.com/
Mexican,Las Princess Taqueria,"275 E Pagosa St, Pagosa Springs, CO 81147, USA",
Mexican,Santy's taco shop,"66 Country Center Dr, Pagosa Springs, CO 81147, USA",https://santystacos.com/
Mexican,Lonchera Don Jose,"225 E Pagosa St, Pagosa Springs, CO 81147, USA",
Swedish,Kip's Grill,"121 E Pagosa St, Pagosa Springs, CO 81147, USA",http://www.kipsgrill.com/
Swedish,Meander Riverside Eatery,"358 E Pagosa St, Pagosa Springs, CO 81147, USA",http://www.meandereatery.com/
Swedish,The Rose,"408 Pagosa St, Pagosa Springs, CO 81147, USA",
Swedish,Beny's Authentic Mexican Restaurant and Bar,"180 E Pagosa St, Pagosa Springs, CO 81147, USA",https://www.benysmexicanrestaurant.com/
Swedish,Junction Restaurant,"401 E Pagosa St, Pagosa Springs, CO 81147, USA",http://thejunctionpagosa.com/
Swedish,Alley House Grille,"214 Pagosa St, Pagosa Springs, CO 81147, USA",http://www.alleyhousegrille.com/
Swedish,Chavolos Taqueria,"301 N Pagosa Blvd b2, Pagosa Springs, CO 81147, USA",http://chavolospagosasprings.com/
Swedish,City Hall Cafe and Grille,"2151 Eagle Dr, Pagosa Springs, CO 81147, USA",https://cityhallcafe.co/
Latvian,Kip's Grill,"121 E Pagosa St, Pagosa Springs, CO 81147, USA",http://www.kipsgrill.com/
Italian,Gustoso Italian Restaurant,"117 Navajo Trail Dr d, Pagosa Springs, CO 81147, USA",
Italian,Rosie's Pizzeria,"100 Country Center Dr, Pagosa Springs, CO 81147, USA",http://www.rosiesps.com/contact-us
Italian,Papa Murphy's | Take 'N' Bake Pizza,"140 Country Center Dr, Pagosa Springs, CO 81147, USA",https://locations.papamurphys.com/co/pagosa-springs/140-country-center-drive?utm_source=organic&utm_medium=gmb&utm_campaign=yext&y_source=1_MTU0MzA1MTctNzE1LWxvY2F0aW9uLndlYnNpdGU%3D
Italian,Mountain Pizza and Taproom,"175 Pagosa St, Pagosa Springs, CO 81147, USA",http://mountainpizzataproom.com/
Italian,Papa Johns Pizza,"3505 W U.S. Hwy 160, Pagosa Springs, CO 81147, USA",https://locations.papajohns.com/united-states/co/81147/pagosa-springs/3505-w-hwy-160?utm_source=gmb&utm_medium=organic&y_source=1_MTk0NTQ4NTYtNzE1LWxvY2F0aW9uLndlYnNpdGU%3D
Italian,Talisman Pizza,"56 Talisman Dr #3, Pagosa Springs, CO 81147, USA",http://talismanpizza.com/
Spanish,Beny's Authentic Mexican Restaurant and Bar,"180 E Pagosa St, Pagosa Springs, CO 81147, USA",https://www.benysmexicanrestaurant.com/
Spanish,Tequila's Pagosa,"439 San Juan St, Pagosa Springs, CO 81147, USA",http://tequilaspagosa.com/
Spanish,Ramon's Mexican Restaurant,"56 Talisman Dr # 1, Pagosa Springs, CO 81147, USA",http://www.ramonspagosa.com/
Spanish,Chavolos Taqueria,"301 N Pagosa Blvd b2, Pagosa Springs, CO 81147, USA",http://chavolospagosasprings.com/
Spanish,Mexican on the Mountain,"275 E Pagosa St, Pagosa Springs, CO 81147, USA",
Spanish,Los Dos Charros Mexican Restaurant,"2800 Cornerstone Dr #4, Pagosa Springs, CO 81147, USA",http://www.losdoscharros.com/
Spanish,Kip's Grill,"121 E Pagosa St, Pagosa Springs, CO 81147, USA",http://www.kipsgrill.com/
Spanish,Las Princess Taqueria,"275 E Pagosa St, Pagosa Springs, CO 81147, USA",
Spanish,Gustoso Italian Restaurant,"117 Navajo Trail Dr d, Pagosa Springs, CO 81147, USA",
Spanish,Santy's taco shop,"66 Country Center Dr, Pagosa Springs, CO 81147, USA",https://santystacos.com/
Spanish,Ritual Pagosa,"US 160 &, Lewis St, Pagosa Springs, CO 81147, USA",
Spanish,El Camino Lounge & Grill at Motel SOCO,"651 W U.S. Hwy 160, Pagosa Springs, CO 81147, USA",https://www.motelsoco.com/el-camino-lounge-patio
Spanish,Cafe Colorado,"565 Village Dr, Pagosa Springs, CO 81147, USA",https://cafe-colorado.com/
Spanish,Colorado Roadhouse,"27B Talisman Dr #4, Pagosa Springs, CO 81147, USA",http://www.coroadhouse.com/
Spanish,Cruzin Vittles,"10 Solomon Dr, Pagosa Springs, CO 81147, USA",
Spanish,The Lost Cajun,"438 Pagosa St Suite C, Pagosa Springs, CO 81147, USA",https://thelostcajun.com/locations/pagosa-springs-colorado
Spanish,Meander Riverside Eatery,"358 E Pagosa St, Pagosa Springs, CO 81147, USA",http://www.meandereatery.com/
Spanish,Mountain Pizza and Taproom,"175 Pagosa St, Pagosa Springs, CO 81147, USA",http://mountainpizzataproom.com/
Spanish,Boss Hogg's Restaurant & Saloon,"157 Navajo Trail Dr, Pagosa Springs, CO 81147, USA",
Spanish,Alley House Grille,"214 Pagosa St, Pagosa Springs, CO 81147, USA",http://www.alleyhousegrille.com/
American,Black Bart's Brunch,"3133 Cornerstone Dr, Pagosa Springs, CO 81147, USA",http://www.blackbartsbrunch.com/
American,Alley House Grille,"214 Pagosa St, Pagosa Springs, CO 81147, USA",http://www.alleyhousegrille.com/
American,Meander Riverside Eatery,"358 E Pagosa St, Pagosa Springs, CO 81147, USA",http://www.meandereatery.com/
American,Sage,"920 San Juan St, Pagosa Springs, CO 81147, USA",
American,Junction Restaurant,"401 E Pagosa St, Pagosa Springs, CO 81147, USA",http://thejunctionpagosa.com/
American,Colorado Roadhouse,"27B Talisman Dr #4, Pagosa Springs, CO 81147, USA",http://www.coroadhouse.com/
American,The Lost Cajun,"438 Pagosa St Suite C, Pagosa Springs, CO 81147, USA",https://thelostcajun.com/locations/pagosa-springs-colorado
American,Coyote Moon Lounge,"120 Co Rd 600, Pagosa Springs, CO 81147, USA",
American,The Den,"729 San Juan St A, Pagosa Springs, CO 81147, USA",
American,The Break Room Brewing Company,"2045 Eagle Dr, Pagosa Springs, CO 81147, USA",https://m.facebook.com/thebreakroombrewingcompany/
American,The Rose,"408 Pagosa St, Pagosa Springs, CO 81147, USA",
American,City Hall Cafe and Grille,"2151 Eagle Dr, Pagosa Springs, CO 81147, USA",https://cityhallcafe.co/
American,El Camino Lounge & Grill at Motel SOCO,"651 W U.S. Hwy 160, Pagosa Springs, CO 81147, USA",https://www.motelsoco.com/el-camino-lounge-patio
American,Cafe Colorado,"565 Village Dr, Pagosa Springs, CO 81147, USA",https://cafe-colorado.com/
American,Boss Hogg's Restaurant & Saloon,"157 Navajo Trail Dr, Pagosa Springs, CO 81147, USA",
American,Kip's Grill,"121 E Pagosa St, Pagosa Springs, CO 81147, USA",http://www.kipsgrill.com/
American,Ritual Pagosa,"US 160 &, Lewis St, Pagosa Springs, CO 81147, USA",
American,Malt Shoppe,"124 E Pagosa St, Pagosa Springs, CO 81147, USA",http://www.maltshoppepagosa.com/
American,Square Top Bar-B-Que,"1 Pines Club Pl, Pagosa Springs, CO 81147, USA",https://www.squaretopbbq.com/
American,Riff Raff Brewing Company,"274 Pagosa St, Pagosa Springs, CO 81147, USA",http://riffraffbrewing.com/
Scottish,Meander Riverside Eatery,"358 E Pagosa St, Pagosa Springs, CO 81147, USA",http://www.meandereatery.com/
Scottish,Kip's Grill,"121 E Pagosa St, Pagosa Springs, CO 81147, USA",http://www.kipsgrill.com/
Scottish,Boss Hogg's Restaurant & Saloon,"157 Navajo Trail Dr, Pagosa Springs, CO 81147, USA",
Scottish,Alley House Grille,"214 Pagosa St, Pagosa Springs, CO 81147, USA",http://www.alleyhousegrille.com/
Scottish,The Buck Stops Here Market & Eatery,"19 Navajo Trail Dr, Pagosa Springs, CO 81147, USA",http://www.buckstopmeat.com/
Scottish,Gustoso Italian Restaurant,"117 Navajo Trail Dr d, Pagosa Springs, CO 81147, USA",
Scottish,Higher Grounds Coffee,"189 Talisman Dr, Pagosa Springs, CO 81147, USA",http://highergroundspagosa.com/
Scottish,Thai Pagosa,"565 Village Dr UNIT D, Pagosa Springs, CO 81147, USA",http://www.thaipagosa.com/
Scottish,Ramon's Mexican Restaurant,"56 Talisman Dr # 1, Pagosa Springs, CO 81147, USA",http://www.ramonspagosa.com/
Scottish,Pagosa Baking Company,"238 Pagosa St, Pagosa Springs, CO 81147, USA",http://www.pagosabakingcompany.com/
Scottish,McDonald's,"40 Talisman Dr, Pagosa Springs, CO 81147, USA",https://www.mcdonalds.com/us/en-us/location/CO/PAGOSA-SPRINGS/40-TALISMAN-DR/23897.html?cid=RF:YXT:GMB::Clicks
British,Black Bart's Brunch,"3133 Cornerstone Dr, Pagosa Springs, CO 81147, USA",http://www.blackbartsbrunch.com/
British,Coyote Moon Lounge,"120 Co Rd 600, Pagosa Springs, CO 81147, USA",
British,The Rose,"408 Pagosa St, Pagosa Springs, CO 81147, USA",
British,Boss Hogg's Restaurant & Saloon,"157 Navajo Trail Dr, Pagosa Springs, CO 81147, USA",
British,Meander Riverside Eatery,"358 E Pagosa St, Pagosa Springs, CO 81147, USA",http://www.meandereatery.com/
British,Kip's Grill,"121 E Pagosa St, Pagosa Springs, CO 81147, USA",http://www.kipsgrill.com/
British,Alley House Grille,"214 Pagosa St, Pagosa Springs, CO 81147, USA",http://www.alleyhousegrille.com/
British,The Buck Stops Here Market & Eatery,"19 Navajo Trail Dr, Pagosa Springs, CO 81147, USA",http://www.buckstopmeat.com/
British,The Brit,"5905 Corporate Dr, Colorado Springs, CO 80919, USA",https://www.greatbritish.net/?utm_source=gmb&utm_medium=organic
British,Higher Grounds Coffee,"189 Talisman Dr, Pagosa Springs, CO 81147, USA",http://highergroundspagosa.com/
British,Pagosa Baking Company,"238 Pagosa St, Pagosa Springs, CO 81147, USA",http://www.pagosabakingcompany.com/
British,McDonald's,"40 Talisman Dr, Pagosa Springs, CO 81147, USA",https://www.mcdonalds.com/us/en-us/location/CO/PAGOSA-SPRINGS/40-TALISMAN-DR/23897.html?cid=RF:YXT:GMB::Clicks
Thai,Thai Pagosa,"565 Village Dr UNIT D, Pagosa Springs, CO 81147, USA",http://www.thaipagosa.com/
Japanese,Victor's Sushi 2,"118 N Pagosa Blvd, Pagosa Springs, CO 81147, USA",
Japanese,SNOWFOX Sushi,"165 Country Center Dr, Pagosa Springs, CO 81147, USA",https://jfefood.com/
Japanese,Hunan Chinese Restaurant,"565 Village Dr Suite F, Pagosa Springs, CO 81147, USA",
Japanese,MEE Hmong Cuisine,"3133 Cornerstone Dr, Pagosa Springs, CO 81147, USA",
Japanese,Shanghai Chinese Restaurant,"20 Village Dr, Pagosa Springs, CO 81147, USA",http://www.shanghaips.com/
Japanese,Thai Pagosa,"565 Village Dr UNIT D, Pagosa Springs, CO 81147, USA",http://www.thaipagosa.com/
Japanese,Akami Poke and Noodle Bar,"309 W College Dr, Durango, CO 81303, USA",https://www.akamipokeramen.com/
Japanese,Rokko Izakaya,"725 E 2nd Ave, Durango, CO 81301, USA",https://www.rokkoizakaya.com/
Chinese,Hunan Chinese Restaurant,"565 Village Dr Suite F, Pagosa Springs, CO 81147, USA",
Chinese,Shanghai Chinese Restaurant,"20 Village Dr, Pagosa Springs, CO 81147, USA",http://www.shanghaips.com/
Chinese,MEE Hmong Cuisine,"3133 Cornerstone Dr, Pagosa Springs, CO 81147, USA",
Chinese,SNOWFOX Sushi,"165 Country Center Dr, Pagosa Springs, CO 81147, USA",https://jfefood.com/
Chinese,Thai Pagosa,"565 Village Dr UNIT D, Pagosa Springs, CO 81147, USA",http://www.thaipagosa.com/
Chinese,Hong's Garden Chinese Restaurant,"480 Wolverine Dr, Bayfield, CO 81122, USA",https://www.hongsgardenbayfield.com/
Indian,Himalayan Kitchen,"992 Main Ave, Durango, CO 81301, USA",https://himalayankitchendurango.com/
Canadian,Colorado Roadhouse,"27B Talisman Dr #4, Pagosa Springs, CO 81147, USA",http://www.coroadhouse.com/
Canadian,Meander Riverside Eatery,"358 E Pagosa St, Pagosa Springs, CO 81147, USA",http://www.meandereatery.com/
Canadian,Boss Hogg's Restaurant & Saloon,"157 Navajo Trail Dr, Pagosa Springs, CO 81147, USA",
Canadian,Alley House Grille,"214 Pagosa St, Pagosa Springs, CO 81147, USA",http://www.alleyhousegrille.com/
Canadian,The Den,"729 San Juan St A, Pagosa Springs, CO 81147, USA",
Canadian,Junction Restaurant,"401 E Pagosa St, Pagosa Springs, CO 81147, USA",http://thejunctionpagosa.com/
Canadian,Kip's Grill,"121 E Pagosa St, Pagosa Springs, CO 81147, USA",http://www.kipsgrill.com/
Canadian,The Rose,"408 Pagosa St, Pagosa Springs, CO 81147, USA",
Canadian,The Buck Stops Here Market & Eatery,"19 Navajo Trail Dr, Pagosa Springs, CO 81147, USA",http://www.buckstopmeat.com/
Canadian,Ritual Pagosa,"US 160 &, Lewis St, Pagosa Springs, CO 81147, USA",
Canadian,Riff Raff on the Rio,"356 E Pagosa St, Pagosa Springs, CO 81147, USA",http://www.riffraffrio.com/
Canadian,Neon Mallard,"157 Pagosa St, Pagosa Springs, CO 81147, USA",http://thenightingalemotel.com/
Canadian,Gustoso Italian Restaurant,"117 Navajo Trail Dr d, Pagosa Springs, CO 81147, USA",
Canadian,Rosie's Pizzeria,"100 Country Center Dr, Pagosa Springs, CO 81147, USA",http://www.rosiesps.com/contact-us
Canadian,Rachel’s Keep On Keepin On and Crow Bar,"26 Escondida Dr, South Fork, CO 81154, USA",http://rachelskoko.com/
Canadian,Mountain Pizza & Taproom,"30483 US-160, South Fork, CO 81154, USA",http://mountainpizzataproom.com/
Canadian,Higher Grounds Coffee,"189 Talisman Dr, Pagosa Springs, CO 81147, USA",http://highergroundspagosa.com/
Canadian,McDonald's,"40 Talisman Dr, Pagosa Springs, CO 81147, USA",https://www.mcdonalds.com/us/en-us/location/CO/PAGOSA-SPRINGS/40-TALISMAN-DR/23897.html?cid=RF:YXT:GMB::Clicks
Canadian,Pagosa Baking Company,"238 Pagosa St, Pagosa Springs, CO 81147, USA",http://www.pagosabakingcompany.com/
Canadian,Thai Pagosa,"565 Village Dr UNIT D, Pagosa Springs, CO 81147, USA",http://www.thaipagosa.com/
Russian,Colorado Roadhouse,"27B Talisman Dr #4, Pagosa Springs, CO 81147, USA",http://www.coroadhouse.com/
Jewish,The Peak Deli,"362 Pagosa St, Pagosa Springs, CO 81147, USA",
Jewish,Chavolos Taqueria,"301 N Pagosa Blvd b2, Pagosa Springs, CO 81147, USA",http://chavolospagosasprings.com/
Jewish,Ahavat Adonai Messianic Congregation,"1044 Park Ave, Pagosa Springs, CO 81147, USA",http://www.ahavatadonai.com/
Jewish,Rupert's Durango,"810 E College Dr, Durango, CO 81301, USA",https://www.eatatruperts.com/ruperts-durango
Jewish,Chavolo's Mexican Restaurant,"637 E Colorado Dr A, Bayfield, CO 81122, USA",
Polish,Gustoso Italian Restaurant,"117 Navajo Trail Dr d, Pagosa Springs, CO 81147, USA",
Polish,Kip's Grill,"121 E Pagosa St, Pagosa Springs, CO 81147, USA",http://www.kipsgrill.com/
Polish,Chavolos Taqueria,"301 N Pagosa Blvd b2, Pagosa Springs, CO 81147, USA",http://chavolospagosasprings.com/
Polish,Santy's taco shop,"66 Country Center Dr, Pagosa Springs, CO 81147, USA",https://santystacos.com/
Polish,Coyote Moon Lounge,"120 Co Rd 600, Pagosa Springs, CO 81147, USA",
Polish,Cracovia Polish-American Restaurant & Bar,"8121 W 94th Ave, Westminster, CO 80021, USA",http://www.cracoviarestaurant.com/
Polish,Pierogies Factory,"3795 Wadsworth Blvd, Wheat Ridge, CO 80033, USA",http://pierogiesfactory.com/
Polish,Chavolo's Mexican Restaurant,"637 E Colorado Dr A, Bayfield, CO 81122, USA",
Polish,Mama's Pierogi,"714 Grand Ave, Glenwood Springs, CO 81601, USA",https://www.facebook.com/profile.php?id=100047494788156
Polish,City Market,"165 Country Center Dr, Pagosa Springs, CO 81147, USA",https://www.citymarket.com/stores/grocery/co/pagosa-springs/pagosa/620/00445?cid=loc_62000445_gmb
Polish,European Cafe and Restaurant,"1015 Colorado Ave, Colorado Springs, CO 80904, USA",http://www.europeancafeocc.com/
Polish,Walmart Supercenter,"211 Aspen Village Dr, Pagosa Springs, CO 81147, USA",https://www.walmart.com/store/5003-pagosa-springs-co
Polish,Woody's Q Shack,"703 Main St, Alamosa, CO 81101, USA",http://www.woodysqshack.com/
Polish,Terry's Ace Hardware,"525 Navajo Trail Dr, Pagosa Springs, CO 81147, USA",http://www.terrysace.com/?utm_source=google&utm_medium=local&utm_campaign=localmaps&utm_content=14078
Polish,Chavolos Mexican Restaurant,"582 Grand Ave, Del Norte, CO 81132, USA",https://loschavalosrestaurants.com/
Polish,Dollar General,"21 Seminole Dr, Pagosa Springs, CO 81147, USA",https://www.dollargeneral.com/store-directory/co/pagosa-springs/13264
German,Boss Hogg's Restaurant & Saloon,"157 Navajo Trail Dr, Pagosa Springs, CO 81147, USA",
German,Alley House Grille,"214 Pagosa St, Pagosa Springs, CO 81147, USA",http://www.alleyhousegrille.com/
German,Smoken Moe's Unreal BBQ,"68 Bastille Dr, Pagosa Springs, CO 81147, USA",https://www.smokenmoesunrealbbq.com/
German,Riff Raff on the Rio,"356 E Pagosa St, Pagosa Springs, CO 81147, USA",http://www.riffraffrio.com/
German,Edelweiss German Restaurant,"34 E Ramona Ave, Colorado Springs, CO 80905, USA",https://www.edelweissrest.com/
German,Uwe's German Restaurant,"31 Iowa Ave #5913, Colorado Springs, CO 80909, USA",http://www.uwesgermanrestaurant.com/
German,Helga's Haus & Bier Garden: German Restaurant & Bier Garden & Deli,"14197 E Exposition Ave, Aurora, CO 80012, USA",https://www.helgashaus.com/
German,Gabys German Eatery - with reservation please,"245 S Harlan St, Lakewood, CO 80226, USA",http://gabysgermaneatery.com/
German,Pagosa Baking Company,"238 Pagosa St, Pagosa Springs, CO 81147, USA",http://www.pagosabakingcompany.com/
German,Rhein Haus Denver,"1415 Market St, Denver, CO 80202, USA",https://www.rheinhausdenver.com/
German,Alpenrose Vail,"100 E Meadow Dr STE 25, Vail, CO 81657, USA",http://www.alpenrose-vail.com/
German,Wienerstube Restaurant,"351 Market St, Basalt, CO 81621, USA",https://www.wienerstuberestaurant.com/
German,Bohemian Biergarten,"2017 13th St, Boulder, CO 80302, USA",http://bohemianbiergarten.com/
German,Animas River Beer Garden,"501 Camino Del Rio, Durango, CO 81301, USA",
German,Almresi Vail,"333 Bridge St, Vail, CO 81657, USA",http://www.almresi-vail.com/
German,Eolus Bar & Dining,"919 Main Ave, Durango, CO 81301, USA",https://www.eolusdurango.com/
German,El Moro Spirits and Tavern,"945 Main Ave, Durango, CO 81301, USA",http://elmorotavern.com/
German,Steamworks Brewing Company,"801 E 2nd Ave, Durango, CO 81301, USA",https://steamworksbrewing.com/
German,City Market,"165 Country Center Dr, Pagosa Springs, CO 81147, USA",https://www.citymarket.com/stores/grocery/co/pagosa-springs/pagosa/620/00445?cid=loc_62000445_gmb
German,Ore House,"147 E College Dr, Durango, CO 81301, USA",https://www.orehouserestaurant.com/
French,The Lost Cajun,"438 Pagosa St Suite C, Pagosa Springs, CO 81147, USA",https://thelostcajun.com/locations/pagosa-springs-colorado
French,Innova Bar & Grill,"180 N 5th St, Pagosa Springs, CO 81147, USA",
French,Boss Hogg's Restaurant & Saloon,"157 Navajo Trail Dr, Pagosa Springs, CO 81147, USA",
French,Junction Restaurant,"401 E Pagosa St, Pagosa Springs, CO 81147, USA",http://thejunctionpagosa.com/
French,Cafe Colorado,"565 Village Dr, Pagosa Springs, CO 81147, USA",https://cafe-colorado.com/
French,Black Bart's Brunch,"3133 Cornerstone Dr, Pagosa Springs, CO 81147, USA",http://www.blackbartsbrunch.com/
French,Gustoso Italian Restaurant,"117 Navajo Trail Dr d, Pagosa Springs, CO 81147, USA",
French,The Rose,"408 Pagosa St, Pagosa Springs, CO 81147, USA",
French,Two Chicks & A Hippie,"117 Navajo Trail Dr #9033, Pagosa Springs, CO 81147, USA",http://twochicksandahippie.com/
French,Kip's Grill,"121 E Pagosa St, Pagosa Springs, CO 81147, USA",http://www.kipsgrill.com/
French,Colorado Roadhouse,"27B Talisman Dr #4, Pagosa Springs, CO 81147, USA",http://www.coroadhouse.com/
French,Malt Shoppe,"124 E Pagosa St, Pagosa Springs, CO 81147, USA",http://www.maltshoppepagosa.com/
French,Sage,"920 San Juan St, Pagosa Springs, CO 81147, USA",
French,Beny's Authentic Mexican Restaurant and Bar,"180 E Pagosa St, Pagosa Springs, CO 81147, USA",https://www.benysmexicanrestaurant.com/
French,Chavolos Taqueria,"301 N Pagosa Blvd b2, Pagosa Springs, CO 81147, USA",http://chavolospagosasprings.com/
French,Jean Pierre Bakery & Wine Bar,"601 Main Ave, Durango, CO 81301, USA",https://www.jeanpierrebaker.com/
French,Meander Riverside Eatery,"358 E Pagosa St, Pagosa Springs, CO 81147, USA",http://www.meandereatery.com/
French,Las Princess Taqueria,"275 E Pagosa St, Pagosa Springs, CO 81147, USA",
French,Robert BBQ,"486 San Juan St, Pagosa Springs, CO 81147, USA",
French,Alley House Grille,"214 Pagosa St, Pagosa Springs, CO 81147, USA",http://www.alleyhousegrille.com/
Hawaiian,Kona Hawaiian BBQ-Longmont,"26 Ken Pratt Blvd, Longmont, CO 80501, USA",http://konahawaiianbbqco.com/
Brazilian,AquaSol Waterfront Eatery + Bar,"358 E Pagosa St, Pagosa Springs, CO 81147, USA",
Peruvian,Beny's Authentic Mexican Restaurant and Bar,"180 E Pagosa St, Pagosa Springs, CO 81147, USA",https://www.benysmexicanrestaurant.com/
Peruvian,Gustoso Italian Restaurant,"117 Navajo Trail Dr d, Pagosa Springs, CO 81147, USA",
Peruvian,Ramon's Mexican Restaurant,"56 Talisman Dr # 1, Pagosa Springs, CO 81147, USA",http://www.ramonspagosa.com/
Peruvian,Chavolos Taqueria,"301 N Pagosa Blvd b2, Pagosa Springs, CO 81147, USA",http://chavolospagosasprings.com/
Peruvian,The Buck Stops Here Market & Eatery,"19 Navajo Trail Dr, Pagosa Springs, CO 81147, USA",http://www.buckstopmeat.com/
Peruvian,Rosario's Peruvian Restaurant,"625 Ken Pratt Blvd, Longmont, CO 80501, USA",http://www.rosariosperuvianrestaurant.com/
Peruvian,Pisco Sour Restaurant & Lounge,"14050 E Evans Ave, Aurora, CO 80014, USA",
Peruvian,Rotisserie Chicken Taytacha Peruvian,"2385 N Academy Blvd, Colorado Springs, CO 80909, USA",https://taytacha.com/
Peruvian,The Red Llama,"8331 Willow St B, Lone Tree, CO 80124, USA",https://www.redllamaco.com/
Peruvian,Pollo Lima,"9614 E Arapahoe Rd, Greenwood Village, CO 80112, USA",https://pollolima.com/
Peruvian,Kachina Kitchen,"325 S Camino Del Rio, Durango, CO 81303, USA",
Peruvian,Chavolo's Mexican Restaurant,"637 E Colorado Dr A, Bayfield, CO 81122, USA",
Peruvian,Los Cabos Puro Peru,"1525 Champa St, Denver, CO 80202, USA",https://www.loscabosii.com/
Salvadorian,Chavolos Taqueria,"301 N Pagosa Blvd b2, Pagosa Springs, CO 81147, USA",http://chavolospagosasprings.com/
Salvadorian,Monse's Pupuseria,"115 S 25th St, Colorado Springs, CO 80904, USA",https://www.monsestasteofelsalvador.online/
Salvadorian,Kip's Grill,"121 E Pagosa St, Pagosa Springs, CO 81147, USA",http://www.kipsgrill.com/
Salvadorian,Ritual Pagosa,"US 160 &, Lewis St, Pagosa Springs, CO 81147, USA",
Salvadorian,El Lucero Salvadoran Restaurant #2,"2127 S Sheridan Blvd A, Denver, CO 80227, USA",http://www.ellucerorestaurant.com/
Salvadorian,Pupusas Lover,"2236 S Colorado Blvd, Denver, CO 80222, USA",http://www.pupusasloverdenver.com/
Salvadorian,Pupusas Paradise #2,"840 Wadsworth Blvd, Lakewood, CO 80214, USA",https://www.pupusasparadise.com/
Salvadorian,Pupuseria Y Restaurante Salvadoreño,"1029 9th St, Greeley, CO 80631, USA",
Salvadorian,Los Dos Charros Mexican Restaurant,"2800 Cornerstone Dr #4, Pagosa Springs, CO 81147, USA",http://www.losdoscharros.com/
Salvadorian,Ramon's Mexican Restaurant,"56 Talisman Dr # 1, Pagosa Springs, CO 81147, USA",http://www.ramonspagosa.com/
Salvadorian,Chavolo's Mexican Restaurant,"637 E Colorado Dr A, Bayfield, CO 81122, USA",
Salvadorian,El Lucero Salvadoran & Mexican Restaurant,"1500 W Littleton Blvd #103, Littleton, CO 80120, USA",http://www.ellucerorestaurant.com/
Salvadorian,El Tucan,"1550 W 88th Ave, Thornton, CO 80260, USA",
Salvadorian,Chavolos Mexican Restaurant,"582 Grand Ave, Del Norte, CO 81132, USA",https://loschavalosrestaurants.com/
Salvadorian,Smoken Moe's Unreal BBQ,"68 Bastille Dr, Pagosa Springs, CO 81147, USA",https://www.smokenmoesunrealbbq.com/
Salvadorian,Sage,"920 San Juan St, Pagosa Springs, CO 81147, USA",
Salvadorian,Sosa's Pupuseria,"6590 Summer Grace St, Colorado Springs, CO 80923, USA",
Cuban,CUBA CUBA Highlands Ranch,"9567 S University Blvd, Highlands Ranch, CO 80126, USA",http://cubacubacafe.com/
Cuban,El Bohio Cuban Cuisine,"2080 Youngfield St, Lakewood, CO 80215, USA",https://www.elbohiocuban.com/
Cuban,Cafe Colorado,"565 Village Dr, Pagosa Springs, CO 81147, USA",https://cafe-colorado.com/
Cuban,Kip's Grill,"121 E Pagosa St, Pagosa Springs, CO 81147, USA",http://www.kipsgrill.com/
Cuban,Cuba Cuba Cafe & Bar,"1173 Delaware St, Denver, CO 80204, USA",http://www.cubacubarestaurants.com/
Cuban,The Peak Deli,"362 Pagosa St, Pagosa Springs, CO 81147, USA",
Cuban,Chavolos Taqueria,"301 N Pagosa Blvd b2, Pagosa Springs, CO 81147, USA",http://chavolospagosasprings.com/
Cuban,Cuba Bakery & Café,"15028 E Mississippi Ave, Aurora, CO 80012, USA",https://cubabakeryandcafe.com/
Cuban,Arelita Authentic Cuban Food,"2306 E Platte Ave, Colorado Springs, CO 80909, USA",
Cuban,Gustoso Italian Restaurant,"117 Navajo Trail Dr d, Pagosa Springs, CO 81147, USA",
Cuban,Los Dos Charros Mexican Restaurant,"2800 Cornerstone Dr #4, Pagosa Springs, CO 81147, USA",http://www.losdoscharros.com/
Cuban,The Buck Stops Here Market & Eatery,"19 Navajo Trail Dr, Pagosa Springs, CO 81147, USA",http://www.buckstopmeat.com/
Cuban,Ramon's Mexican Restaurant,"56 Talisman Dr # 1, Pagosa Springs, CO 81147, USA",http://www.ramonspagosa.com/
Cuban,Bale Bale Rumba,"4737 N Academy Blvd, Colorado Springs, CO 80918, USA",
Cuban,Chavolo's Mexican Restaurant,"637 E Colorado Dr A, Bayfield, CO 81122, USA",
Tibetan,Coyote Moon Lounge,"120 Co Rd 600, Pagosa Springs, CO 81147, USA",
Tibetan,Tibet's Restaurant & Bar,"321 McCaslin Blvd A, Louisville, CO 80027, USA",https://www.tibetsrestaurant.com/
Tibetan,Little Tibet,"4479 Broadway, Boulder, CO 80304, USA",http://www.littletibetrestaurant.com/
Tibetan,Tibet Kitchen,"2359 Arapahoe Ave, Boulder, CO 80303, USA",https://ordertibetkitchenllc.com/
Tibetan,Shanghai Chinese Restaurant,"20 Village Dr, Pagosa Springs, CO 81147, USA",http://www.shanghaips.com/
Tibetan,Himalayan Kitchen,"992 Main Ave, Durango, CO 81301, USA",https://himalayankitchendurango.com/
Tibetan,Thai Pagosa,"565 Village Dr UNIT D, Pagosa Springs, CO 81147, USA",http://www.thaipagosa.com/
Tibetan,Chavolos Taqueria,"301 N Pagosa Blvd b2, Pagosa Springs, CO 81147, USA",http://chavolospagosasprings.com/
Egyptian,The Lost Cajun,"438 Pagosa St Suite C, Pagosa Springs, CO 81147, USA",https://thelostcajun.com/locations/pagosa-springs-colorado
Egyptian,MEE Hmong Cuisine,"3133 Cornerstone Dr, Pagosa Springs, CO 81147, USA",
Egyptian,Colorado Roadhouse,"27B Talisman Dr #4, Pagosa Springs, CO 81147, USA",http://www.coroadhouse.com/
Egyptian,Kip's Grill,"121 E Pagosa St, Pagosa Springs, CO 81147, USA",http://www.kipsgrill.com/
Egyptian,Meander Riverside Eatery,"358 E Pagosa St, Pagosa Springs, CO 81147, USA",http://www.meandereatery.com/
Egyptian,Two Chicks & A Hippie,"117 Navajo Trail Dr #9033, Pagosa Springs, CO 81147, USA",http://twochicksandahippie.com/
Egyptian,Alley House Grille,"214 Pagosa St, Pagosa Springs, CO 81147, USA",http://www.alleyhousegrille.com/
Egyptian,Boss Hogg's Restaurant & Saloon,"157 Navajo Trail Dr, Pagosa Springs, CO 81147, USA",
Egyptian,Chavolos Taqueria,"301 N Pagosa Blvd b2, Pagosa Springs, CO 81147, USA",http://chavolospagosasprings.com/
Egyptian,McDonald's,"40 Talisman Dr, Pagosa Springs, CO 81147, USA",https://www.mcdonalds.com/us/en-us/location/CO/PAGOSA-SPRINGS/40-TALISMAN-DR/23897.html?cid=RF:YXT:GMB::Clicks
Egyptian,Thai Pagosa,"565 Village Dr UNIT D, Pagosa Springs, CO 81147, USA",http://www.thaipagosa.com/
Egyptian,City Hall Cafe and Grille,"2151 Eagle Dr, Pagosa Springs, CO 81147, USA",https://cityhallcafe.co/
Egyptian,Pagosa Baking Company,"238 Pagosa St, Pagosa Springs, CO 81147, USA",http://www.pagosabakingcompany.com/
Greek,Gustoso Italian Restaurant,"117 Navajo Trail Dr d, Pagosa Springs, CO 81147, USA",
Greek,Mountain Pizza and Taproom,"175 Pagosa St, Pagosa Springs, CO 81147, USA",http://mountainpizzataproom.com/
Greek,Mexican on the Mountain,"275 E Pagosa St, Pagosa Springs, CO 81147, USA",
Greek,Sage,"920 San Juan St, Pagosa Springs, CO 81147, USA",
Greek,Chavolos Taqueria,"301 N Pagosa Blvd b2, Pagosa Springs, CO 81147, USA",http://chavolospagosasprings.com/
Greek,Papa Murphy's | Take 'N' Bake Pizza,"140 Country Center Dr, Pagosa Springs, CO 81147, USA",https://locations.papamurphys.com/co/pagosa-springs/140-country-center-drive?utm_source=organic&utm_medium=gmb&utm_campaign=yext&y_source=1_MTU0MzA1MTctNzE1LWxvY2F0aW9uLndlYnNpdGU%3D
Greek,Alley House Grille,"214 Pagosa St, Pagosa Springs, CO 81147, USA",http://www.alleyhousegrille.com/
Greek,Thai Pagosa,"565 Village Dr UNIT D, Pagosa Springs, CO 81147, USA",http://www.thaipagosa.com/
Greek,Meander Riverside Eatery,"358 E Pagosa St, Pagosa Springs, CO 81147, USA",http://www.meandereatery.com/
Greek,The Rose,"408 Pagosa St, Pagosa Springs, CO 81147, USA",
Greek,Rosie's Pizzeria,"100 Country Center Dr, Pagosa Springs, CO 81147, USA",http://www.rosiesps.com/contact-us
Greek,Shanghai Chinese Restaurant,"20 Village Dr, Pagosa Springs, CO 81147, USA",http://www.shanghaips.com/
Greek,Cafe Colorado,"565 Village Dr, Pagosa Springs, CO 81147, USA",https://cafe-colorado.com/
Greek,Junction Restaurant,"401 E Pagosa St, Pagosa Springs, CO 81147, USA",http://thejunctionpagosa.com/
Greek,City Hall Cafe and Grille,"2151 Eagle Dr, Pagosa Springs, CO 81147, USA",https://cityhallcafe.co/
Greek,Black Bart's Brunch,"3133 Cornerstone Dr, Pagosa Springs, CO 81147, USA",http://www.blackbartsbrunch.com/
Greek,Riff Raff Brewing Company,"274 Pagosa St, Pagosa Springs, CO 81147, USA",http://riffraffbrewing.com/
Greek,Jake and Telly’s Greek Taverna,"2616 Colorado Ave #24, Colorado Springs, CO 80904, USA",http://www.jakeandtellys.com/
Greek,The Simple Greek,"520 W South Boulder Rd, Lafayette, CO 80026, USA",https://restaurants.thesimplegreek.com/co/lafayette/520-w-south-boulder-road/
Greek,"The Great Greek Mediterranean Grill - Grand Junction, CO","2566 Patterson Rd suite 110, Grand Junction, CO 81505, USA",https://www.thegreatgreekgrill.com/grand-junction-co
Belgian,The Lost Cajun,"438 Pagosa St Suite C, Pagosa Springs, CO 81147, USA",https://thelostcajun.com/locations/pagosa-springs-colorado
Belgian,Black Bart's Brunch,"3133 Cornerstone Dr, Pagosa Springs, CO 81147, USA",http://www.blackbartsbrunch.com/
Belgian,Boss Hogg's Restaurant & Saloon,"157 Navajo Trail Dr, Pagosa Springs, CO 81147, USA",
Belgian,Mountain Pizza and Taproom,"175 Pagosa St, Pagosa Springs, CO 81147, USA",http://mountainpizzataproom.com/
Belgian,Junction Restaurant,"401 E Pagosa St, Pagosa Springs, CO 81147, USA",http://thejunctionpagosa.com/
Belgian,Riff Raff on the Rio,"356 E Pagosa St, Pagosa Springs, CO 81147, USA",http://www.riffraffrio.com/
Belgian,The Den,"729 San Juan St A, Pagosa Springs, CO 81147, USA",
Belgian,The Rose,"408 Pagosa St, Pagosa Springs, CO 81147, USA",
Belgian,City Hall Cafe and Grille,"2151 Eagle Dr, Pagosa Springs, CO 81147, USA",https://cityhallcafe.co/
Belgian,Chavolos Taqueria,"301 N Pagosa Blvd b2, Pagosa Springs, CO 81147, USA",http://chavolospagosasprings.com/
Belgian,Smoken Moe's Unreal BBQ,"68 Bastille Dr, Pagosa Springs, CO 81147, USA",https://www.smokenmoesunrealbbq.com/
Belgian,Lone Spur Cafe,"135 Country Center Dr, Pagosa Springs, CO 81147, USA",http://www.lonespurcafe.com/
Irish,The Break Room Brewing Company,"2045 Eagle Dr, Pagosa Springs, CO 81147, USA",https://m.facebook.com/thebreakroombrewingcompany/
Irish,Coyote Moon Lounge,"120 Co Rd 600, Pagosa Springs, CO 81147, USA",
Irish,Riff Raff on the Rio,"356 E Pagosa St, Pagosa Springs, CO 81147, USA",http://www.riffraffrio.com/
Irish,Boss Hogg's Restaurant & Saloon,"157 Navajo Trail Dr, Pagosa Springs, CO 81147, USA",
Irish,Neon Mallard,"157 Pagosa St, Pagosa Springs, CO 81147, USA",http://thenightingalemotel.com/
Irish,Two Chicks & A Hippie,"117 Navajo Trail Dr #9033, Pagosa Springs, CO 81147, USA",http://twochicksandahippie.com/
Irish,Alley House Grille,"214 Pagosa St, Pagosa Springs, CO 81147, USA",http://www.alleyhousegrille.com/
Irish,Jack Quinn's Irish Pub and Restaurant,"21 S Tejon St, Colorado Springs, CO 80903, USA",https://www.jackquinnspub.com/
Irish,Riff Raff Brewing Company,"274 Pagosa St, Pagosa Springs, CO 81147, USA",http://riffraffbrewing.com/
Irish,Abby's Irish Pub,"9697 Prominent Point, Colorado Springs, CO 80924, USA",https://www.abbysirishpub.com/
Irish,Clancy's Irish Pub,"7000 W 38th Ave, Wheat Ridge, CO 80033, USA",https://clancysirish.pub/#
Irish,Nallen's Irish Pub,"1429 Market St, Denver, CO 80202, USA",
Irish,Bottom Shelf Brewery,"118 E Mill St, Bayfield, CO 81122, USA",http://bottomshelfbrewery.com/
Irish,Diamond Belle Saloon,"699 Main Ave, Durango, CO 81301, USA",https://strater.com/dining/diamond-belle-saloon/
Irish,The Gaslamp Tavern,"1 Browns Dr, South Fork, CO 81154, USA",
Irish,Ned Kelly's Irish Pub,"5686 S Sycamore St, Littleton, CO 80120, USA",https://nedkellysirishpub.com/
Irish,Scruffy Murphy's,"2030 Larimer St, Denver, CO 80205, USA",http://www.scruffymurphysirishpub.com/
Irish,The Goat and Clover Tavern,"336 Main St #104, Grand Junction, CO 81501, USA",https://www.goatandclover.com/
Irish,Orio's Roadhouse,"652 Main Ave, Durango, CO 81301, USA",
Irish,Derailed Pour House,"725 Main St, Durango, CO 81301, USA",http://www.derailedpourhouse.com/
Welsh,Coyote Moon Lounge,"120 Co Rd 600, Pagosa Springs, CO 81147, USA",
Cajun,The Lost Cajun,"438 Pagosa St Suite C, Pagosa Springs, CO 81147, USA",https://thelostcajun.com/locations/pagosa-springs-colorado
Portuguese,Gustoso Italian Restaurant,"117 Navajo Trail Dr d, Pagosa Springs, CO 81147, USA",
Portuguese,Beny's Authentic Mexican Restaurant and Bar,"180 E Pagosa St, Pagosa Springs, CO 81147, USA",https://www.benysmexicanrestaurant.com/
Portuguese,The Lost Cajun,"438 Pagosa St Suite C, Pagosa Springs, CO 81147, USA",https://thelostcajun.com/locations/pagosa-springs-colorado
Portuguese,Tequila's Pagosa,"439 San Juan St, Pagosa Springs, CO 81147, USA",http://tequilaspagosa.com/
Portuguese,Kip's Grill,"121 E Pagosa St, Pagosa Springs, CO 81147, USA",http://www.kipsgrill.com/
Portuguese,Chavolos Taqueria,"301 N Pagosa Blvd b2, Pagosa Springs, CO 81147, USA",http://chavolospagosasprings.com/
Portuguese,Ramon's Mexican Restaurant,"56 Talisman Dr # 1, Pagosa Springs, CO 81147, USA",http://www.ramonspagosa.com/
Portuguese,Los Dos Charros Mexican Restaurant,"2800 Cornerstone Dr #4, Pagosa Springs, CO 81147, USA",http://www.losdoscharros.com/
Portuguese,Coyote Moon Lounge,"120 Co Rd 600, Pagosa Springs, CO 81147, USA",
Portuguese,Meander Riverside Eatery,"358 E Pagosa St, Pagosa Springs, CO 81147, USA",http://www.meandereatery.com/
Portuguese,McDonald's,"40 Talisman Dr, Pagosa Springs, CO 81147, USA",https://www.mcdonalds.com/us/en-us/location/CO/PAGOSA-SPRINGS/40-TALISMAN-DR/23897.html?cid=RF:YXT:GMB::Clicks
Portuguese,Santy's taco shop,"66 Country Center Dr, Pagosa Springs, CO 81147, USA",https://santystacos.com/
Portuguese,Thai Pagosa,"565 Village Dr UNIT D, Pagosa Springs, CO 81147, USA",http://www.thaipagosa.com/
Portuguese,Pagosa Baking Company,"238 Pagosa St, Pagosa Springs, CO 81147, USA",http://www.pagosabakingcompany.com/
Portuguese,Chavolo's Mexican Restaurant,"637 E Colorado Dr A, Bayfield, CO 81122, USA",
Portuguese,Higher Grounds Coffee,"189 Talisman Dr, Pagosa Springs, CO 81147, USA",http://highergroundspagosa.com/
Portuguese,Chavolos Mexican Restaurant,"582 Grand Ave, Del Norte, CO 81132, USA",https://loschavalosrestaurants.com/
Portuguese,Mango's Mountain Grill,"166 Eagle St, Red Cliff, CO 81649, USA",http://www.mangosmountaingrill.com/
Portuguese,City Market,"165 Country Center Dr, Pagosa Springs, CO 81147, USA",https://www.citymarket.com/stores/grocery/co/pagosa-springs/pagosa/620/00445?cid=loc_62000445_gmb
Portuguese,Walmart Supercenter,"211 Aspen Village Dr, Pagosa Springs, CO 81147, USA",https://www.walmart.com/store/5003-pagosa-springs-co
Turkish,Kip's Grill,"121 E Pagosa St, Pagosa Springs, CO 81147, USA",http://www.kipsgrill.com/
Turkish,Thai Pagosa,"565 Village Dr UNIT D, Pagosa Springs, CO 81147, USA",http://www.thaipagosa.com/
Turkish,Pagosa Baking Company,"238 Pagosa St, Pagosa Springs, CO 81147, USA",http://www.pagosabakingcompany.com/
Turkish,Bosphorus,"3493 S Downing St, Englewood, CO 80113, USA",
Turkish,Istanbul Café and Bakery,"850 S Monaco St Pkwy Unit 9, Denver, CO 80224, USA",http://www.istanbulcafeandbakery.com/
Turkish,Shish Kabob Grill,"1503 Grant St, Denver, CO 80203, USA",http://www.shishkabobgrill.com/
Turkish,Phoenician Kabob,"5709 E Colfax Ave, Denver, CO 80220, USA",http://www.pkabob.com/
Turkish,The Purple Onion,"1840 N Academy Blvd, Colorado Springs, CO 80909, USA",http://purpleoniongrill.com/
Turkish,Higher Grounds Coffee,"189 Talisman Dr, Pagosa Springs, CO 81147, USA",http://highergroundspagosa.com/
Turkish,McDonald's,"40 Talisman Dr, Pagosa Springs, CO 81147, USA",https://www.mcdonalds.com/us/en-us/location/CO/PAGOSA-SPRINGS/40-TALISMAN-DR/23897.html?cid=RF:YXT:GMB::Clicks
Haitian,The Lost Cajun,"438 Pagosa St Suite C, Pagosa Springs, CO 81147, USA",https://thelostcajun.com/locations/pagosa-springs-colorado
Tahitian,Coyote Moon Lounge,"120 Co Rd 600, Pagosa Springs, CO 81147, USA",
Tahitian,Two Chicks & A Hippie,"117 Navajo Trail Dr #9033, Pagosa Springs, CO 81147, USA",http://twochicksandahippie.com/
Tahitian,Thai Pagosa,"565 Village Dr UNIT D, Pagosa Springs, CO 81147, USA",http://www.thaipagosa.com/
Tahitian,Junction Restaurant,"401 E Pagosa St, Pagosa Springs, CO 81147, USA",http://thejunctionpagosa.com/
Tahitian,Victor's Sushi 2,"118 N Pagosa Blvd, Pagosa Springs, CO 81147, USA",
Tahitian,Chavolos Taqueria,"301 N Pagosa Blvd b2, Pagosa Springs, CO 81147, USA",http://chavolospagosasprings.com/
Tahitian,Gustoso Italian Restaurant,"117 Navajo Trail Dr d, Pagosa Springs, CO 81147, USA",
Tahitian,Swaylo’s Tiki Restaurant and Bar,"1315 Dry Creek Dr, Longmont, CO 80503, USA",https://www.swaylostiki.com/
Tahitian,Pagosa Baking Company,"238 Pagosa St, Pagosa Springs, CO 81147, USA",http://www.pagosabakingcompany.com/
Tahitian,Haole Hawaiian Grindz,"514 S Tejon St Suite 120b, Colorado Springs, CO 80903, USA",https://www.toasttab.com/coati-pod-4-518-s-tejon
Tahitian,No Ke Aloha,"854 S Buckley Rd, Aurora, CO 80017, USA",http://www.nokealoha.com/
Tahitian,McDonald's,"40 Talisman Dr, Pagosa Springs, CO 81147, USA",https://www.mcdonalds.com/us/en-us/location/CO/PAGOSA-SPRINGS/40-TALISMAN-DR/23897.html?cid=RF:YXT:GMB::Clicks
Tahitian,Higher Grounds Coffee,"189 Talisman Dr, Pagosa Springs, CO 81147, USA",http://highergroundspagosa.com/
Kenyan,Two Chicks & A Hippie,"117 Navajo Trail Dr #9033, Pagosa Springs, CO 81147, USA",http://twochicksandahippie.com/
Korean,Black Bart's Brunch,"3133 Cornerstone Dr, Pagosa Springs, CO 81147, USA",http://www.blackbartsbrunch.com/
Algerian,Kip's Grill,"121 E Pagosa St, Pagosa Springs, CO 81147, USA",http://www.kipsgrill.com/
Nigerian,Chef Safari's African Fusion,"999 E College Dr, Durango, CO 81301, USA",https://chefsafari.com/
Libyan,Two Chicks & A Hippie,"117 Navajo Trail Dr #9033, Pagosa Springs, CO 81147, USA",http://twochicksandahippie.com/
Libyan,Alley House Grille,"214 Pagosa St, Pagosa Springs, CO 81147, USA",http://www.alleyhousegrille.com/
Libyan,Meander Riverside Eatery,"358 E Pagosa St, Pagosa Springs, CO 81147, USA",http://www.meandereatery.com/
Libyan,MEE Hmong Cuisine,"3133 Cornerstone Dr, Pagosa Springs, CO 81147, USA",
Libyan,Kip's Grill,"121 E Pagosa St, Pagosa Springs, CO 81147, USA",http://www.kipsgrill.com/
Libyan,Junction Restaurant,"401 E Pagosa St, Pagosa Springs, CO 81147, USA",http://thejunctionpagosa.com/
Libyan,Hunan Chinese Restaurant,"565 Village Dr Suite F, Pagosa Springs, CO 81147, USA",
Libyan,Thai Pagosa,"565 Village Dr UNIT D, Pagosa Springs, CO 81147, USA",http://www.thaipagosa.com/
Libyan,Chavolos Taqueria,"301 N Pagosa Blvd b2, Pagosa Springs, CO 81147, USA",http://chavolospagosasprings.com/
Libyan,McDonald's,"40 Talisman Dr, Pagosa Springs, CO 81147, USA",https://www.mcdonalds.com/us/en-us/location/CO/PAGOSA-SPRINGS/40-TALISMAN-DR/23897.html?cid=RF:YXT:GMB::Clicks
Libyan,Riff Raff Brewing Company,"274 Pagosa St, Pagosa Springs, CO 81147, USA",http://riffraffbrewing.com/
Libyan,Pagosa Baking Company,"238 Pagosa St, Pagosa Springs, CO 81147, USA",http://www.pagosabakingcompany.com/
Libyan,Neon Mallard,"157 Pagosa St, Pagosa Springs, CO 81147, USA",http://thenightingalemotel.com/
Libyan,Higher Grounds Coffee,"189 Talisman Dr, Pagosa Springs, CO 81147, USA",http://highergroundspagosa.com/
Moroccan,MEE Hmong Cuisine,"3133 Cornerstone Dr, Pagosa Springs, CO 81147, USA",
Lebanese,Beny's Authentic Mexican Restaurant and Bar,"180 E Pagosa St, Pagosa Springs, CO 81147, USA",https://www.benysmexicanrestaurant.com/
Lebanese,Alley House Grille,"214 Pagosa St, Pagosa Springs, CO 81147, USA",http://www.alleyhousegrille.com/
Lebanese,Kip's Grill,"121 E Pagosa St, Pagosa Springs, CO 81147, USA",http://www.kipsgrill.com/
Lebanese,Sage,"920 San Juan St, Pagosa Springs, CO 81147, USA",
Lebanese,Mexican on the Mountain,"275 E Pagosa St, Pagosa Springs, CO 81147, USA",
Lebanese,Chavolos Taqueria,"301 N Pagosa Blvd b2, Pagosa Springs, CO 81147, USA",http://chavolospagosasprings.com/
Lebanese,Meander Riverside Eatery,"358 E Pagosa St, Pagosa Springs, CO 81147, USA",http://www.meandereatery.com/
Lebanese,Papa Murphy's | Take 'N' Bake Pizza,"140 Country Center Dr, Pagosa Springs, CO 81147, USA",https://locations.papamurphys.com/co/pagosa-springs/140-country-center-drive?utm_source=organic&utm_medium=gmb&utm_campaign=yext&y_source=1_MTU0MzA1MTctNzE1LWxvY2F0aW9uLndlYnNpdGU%3D
Lebanese,Santy's taco shop,"66 Country Center Dr, Pagosa Springs, CO 81147, USA",https://santystacos.com/
Lebanese,Shanghai Chinese Restaurant,"20 Village Dr, Pagosa Springs, CO 81147, USA",http://www.shanghaips.com/
Lebanese,McDonald's,"40 Talisman Dr, Pagosa Springs, CO 81147, USA",https://www.mcdonalds.com/us/en-us/location/CO/PAGOSA-SPRINGS/40-TALISMAN-DR/23897.html?cid=RF:YXT:GMB::Clicks
Lebanese,Black Bart's Brunch,"3133 Cornerstone Dr, Pagosa Springs, CO 81147, USA",http://www.blackbartsbrunch.com/
Lebanese,Thai Pagosa,"565 Village Dr UNIT D, Pagosa Springs, CO 81147, USA",http://www.thaipagosa.com/
Lebanese,City Hall Cafe and Grille,"2151 Eagle Dr, Pagosa Springs, CO 81147, USA",https://cityhallcafe.co/
Lebanese,Los Dos Charros Mexican Restaurant,"2800 Cornerstone Dr #4, Pagosa Springs, CO 81147, USA",http://www.losdoscharros.com/
Lebanese,The Rose,"408 Pagosa St, Pagosa Springs, CO 81147, USA",
Lebanese,Cafe Colorado,"565 Village Dr, Pagosa Springs, CO 81147, USA",https://cafe-colorado.com/
Lebanese,Pagosa Baking Company,"238 Pagosa St, Pagosa Springs, CO 81147, USA",http://www.pagosabakingcompany.com/
Lebanese,Chavolo's Mexican Restaurant,"637 E Colorado Dr A, Bayfield, CO 81122, USA",
Lebanese,Beirut Grill & Sushi Restaurant,"203 W Hampden Ave, Englewood, CO 80110, USA",http://beirutdenver.com/
Vietnamese,MEE Hmong Cuisine,"3133 Cornerstone Dr, Pagosa Springs, CO 81147, USA",
Vietnamese,Hunan Chinese Restaurant,"565 Village Dr Suite F, Pagosa Springs, CO 81147, USA",
Vietnamese,Thai Pagosa,"565 Village Dr UNIT D, Pagosa Springs, CO 81147, USA",http://www.thaipagosa.com/
Vietnamese,Shanghai Chinese Restaurant,"20 Village Dr, Pagosa Springs, CO 81147, USA",http://www.shanghaips.com/
Vietnamese,Alley House Grille,"214 Pagosa St, Pagosa Springs, CO 81147, USA",http://www.alleyhousegrille.com/
Vietnamese,The Peak Deli,"362 Pagosa St, Pagosa Springs, CO 81147, USA",
Vietnamese,Tan Phat Vietnamese Restaurant,"1512 N Academy Blvd Suite A, Colorado Springs, CO 80909, USA",http://www.tanphatrestaurant.com/
Vietnamese,Cafe Colorado,"565 Village Dr, Pagosa Springs, CO 81147, USA",https://cafe-colorado.com/
Vietnamese,Phở Golden,"17211 S Golden Rd, Golden, CO 80401, USA",https://orderphogolden.com/
Vietnamese,Applewood Vietnamese Restaurant,"1901 Youngfield St #106, Golden, CO 80401, USA",
Vietnamese,Phở Hương Việt,"3175 1232 South, Hover St C-200, Longmont, CO 80501, USA",http://www.pholongmont.com/
Vietnamese,Boulder Pho & Boba Tea in Longmont,"2321 Clover Basin Dr, Longmont, CO 80503, USA",http://boulderpholongmont.com/
Vietnamese,Phở 88,"2463 Patterson Rd, Grand Junction, CO 81505, USA",http://pho88grandjunction.com/
Vietnamese,Pho Evergreen,"1193 Bergen Pkwy B, Evergreen, CO 80439, USA",http://www.phoevergreen.com/
Vietnamese,Phở Kitchen 88,"18630 Green Valley Ranch Blvd, Denver, CO 80249, USA",https://phokitchen88-denver.com/?utm_source=google&utm_medium=maps&utm_campaign=website
Vietnamese,Black Bart's Brunch,"3133 Cornerstone Dr, Pagosa Springs, CO 81147, USA",http://www.blackbartsbrunch.com/
Vietnamese,Mongolian Grill,"1135 S Camino Del Rio, Durango, CO 81303, USA",https://mongoliangrill.uorder.io/
Vietnamese,Saigon Landing Restaurant,"28080 Douglas Park Rd, Evergreen, CO 80439, USA",https://www.saigonlanding.com/
Vietnamese,Pho Café,"1085 S Public Rd, Lafayette, CO 80026, USA",http://phocafelafayette.com/
Hungarian,Meander Riverside Eatery,"358 E Pagosa St, Pagosa Springs, CO 81147, USA",http://www.meandereatery.com/
Hungarian,Gustoso Italian Restaurant,"117 Navajo Trail Dr d, Pagosa Springs, CO 81147, USA",
Hungarian,The Buck Stops Here Market & Eatery,"19 Navajo Trail Dr, Pagosa Springs, CO 81147, USA",http://www.buckstopmeat.com/
Mediterranean,Gustoso Italian Restaurant,"117 Navajo Trail Dr d, Pagosa Springs, CO 81147, USA",
Mediterranean,Sage,"920 San Juan St, Pagosa Springs, CO 81147, USA",
Mediterranean,Mexican on the Mountain,"275 E Pagosa St, Pagosa Springs, CO 81147, USA",
Mediterranean,Meander Riverside Eatery,"358 E Pagosa St, Pagosa Springs, CO 81147, USA",http://www.meandereatery.com/
Mediterranean,Ramon's Mexican Restaurant,"56 Talisman Dr # 1, Pagosa Springs, CO 81147, USA",http://www.ramonspagosa.com/
Mediterranean,Alley House Grille,"214 Pagosa St, Pagosa Springs, CO 81147, USA",http://www.alleyhousegrille.com/
Mediterranean,Papa Murphy's | Take 'N' Bake Pizza,"140 Country Center Dr, Pagosa Springs, CO 81147, USA",https://locations.papamurphys.com/co/pagosa-springs/140-country-center-drive?utm_source=organic&utm_medium=gmb&utm_campaign=yext&y_source=1_MTU0MzA1MTctNzE1LWxvY2F0aW9uLndlYnNpdGU%3D
Mediterranean,Thai Pagosa,"565 Village Dr UNIT D, Pagosa Springs, CO 81147, USA",http://www.thaipagosa.com/
Mediterranean,Junction Restaurant,"401 E Pagosa St, Pagosa Springs, CO 81147, USA",http://thejunctionpagosa.com/
Mediterranean,Shanghai Chinese Restaurant,"20 Village Dr, Pagosa Springs, CO 81147, USA",http://www.shanghaips.com/
Mediterranean,Cafe Colorado,"565 Village Dr, Pagosa Springs, CO 81147, USA",https://cafe-colorado.com/
Mediterranean,Black Bart's Brunch,"3133 Cornerstone Dr, Pagosa Springs, CO 81147, USA",http://www.blackbartsbrunch.com/
Mediterranean,City Hall Cafe and Grille,"2151 Eagle Dr, Pagosa Springs, CO 81147, USA",https://cityhallcafe.co/
Mediterranean,The Rose,"408 Pagosa St, Pagosa Springs, CO 81147, USA",
Mediterranean,Amir Grill,"103 N Rubey Dr Unit E, Golden, CO 80403, USA",http://amirgrill.com/
Mediterranean,Aladdin Mediterranean Grill,"17101 S Golden Rd, Golden, CO 80401, USA",https://restaurantaladdin.com/
Mediterranean,Mumtaz Mediterranean Food,"588 US-287, Lafayette, CO 80026, USA",http://www.mumtazfood.com/
Mediterranean,Meltdown on Main,"257 Pagosa St, Pagosa Springs, CO 81147, USA",
Ethiopian,Konjo Ethiopian Food,"inside the Edgewater Public Market, 5505 W 20th Ave Suite #106, Edgewater, CO 80214, USA",http://www.konjoethiopianfood.com/
Ethiopian,Addis Ababa Ethiopian Restaurant,"2222 S Havana St unit B, Aurora, CO 80014, USA",
Ethiopian,Uchenna Ethiopian Restaurant,"2501 W Colorado Ave # 105, Colorado Springs, CO 80904, USA",https://uchennaalive.com/
Ethiopian,Nile Ethiopian Restaurant,"1951 S Havana St, Aurora, CO 80014, USA",
Ethiopian,Two Chicks & A Hippie,"117 Navajo Trail Dr #9033, Pagosa Springs, CO 81147, USA",http://twochicksandahippie.com/
Ethiopian,Ras Kassa's Ethiopian Restaurant,"802 S Public Rd, Lafayette, CO 80026, USA",http://www.raskassas.com/
Ethiopian,Megenagna,"306 S Ironton St Unit C, Aurora, CO 80012, USA",https://megenagnaethiopianrestaurant.com/
Ethiopian,Abyssinia Ethiopian Restaurant and Bar,"5707 E Colfax Ave, Denver, CO 80220, USA",
Ethiopian,Taste of Ethiopia Restaurant & Coffee Shop,"3680 Citadel Dr N, Colorado Springs, CO 80909, USA",https://www.tasteofethiopiacolorado.com/
Ethiopian,Geez Habesha Bar & Restaurant,"262 Havana St, Aurora, CO 80010, USA",
Ethiopian,Eatopia: Eat Ethiopian,"1030 Havana St B, Aurora, CO 80010, USA",
Ethiopian,Chef Safari's African Fusion,"999 E College Dr, Durango, CO 81301, USA",https://chefsafari.com/
Ethiopian,The Ethiopian Restaurant,"2816 E Colfax Ave, Denver, CO 80206, USA",https://m.facebook.com/The-Ethiopian-Restaurant-105937256138469/
Ethiopian,Africana Restaurant & Cafe,"5091 E Colfax Ave, Denver, CO 80220, USA",
Ethiopian,Mama Africa Cafe Restaurant and Bar,"6603 Leetsdale Dr F, Denver, CO 80224, USA",https://www.mamaafricacafe.com/
Ethiopian,Queen of Sheba Ethiopian Restaurant,"7225 E Colfax Ave, Denver, CO 80220, USA",
Ethiopian,Mesob Ethiopian Restaurant,"1422 Poplar St, Denver, CO 80220, USA",https://www.mesobethiopianrestaurant.com/
Ethiopian,Langano Ethiopian Restaurant,"10180 E Colfax Ave Ste 116, Aurora, CO 80010, USA",https://langano-restaurant.com/
Ethiopian,Lucy Ethiopian Restaurant,"7401 E Colfax Ave, Denver, CO 80220, USA",https://lucyrestaurant.net/
Ethiopian,Kip's Grill,"121 E Pagosa St, Pagosa Springs, CO 81147, USA",http://www.kipsgrill.com/
Caribbean,Island Breeze,"275 E Pagosa St, Pagosa Springs, CO 81147, USA",https://www.toasttab.com/island-breeze-79-silver-cir
Soul,Black Bart's Brunch,"3133 Cornerstone Dr, Pagosa Springs, CO 81147, USA",http://www.blackbartsbrunch.com/
Argentinian,Boss Hogg's Restaurant & Saloon,"157 Navajo Trail Dr, Pagosa Springs, CO 81147, USA",
Argentinian,Colorado Roadhouse,"27B Talisman Dr #4, Pagosa Springs, CO 81147, USA",http://www.coroadhouse.com/
Argentinian,Beny's Authentic Mexican Restaurant and Bar,"180 E Pagosa St, Pagosa Springs, CO 81147, USA",https://www.benysmexicanrestaurant.com/
Argentinian,Alley House Grille,"214 Pagosa St, Pagosa Springs, CO 81147, USA",http://www.alleyhousegrille.com/
Argentinian,Gaucho Parrilla,"15177 Candelas Pkwy, Arvada, CO 80007, USA",https://freedomstreetsocial.com/vendors/gaucho-parrilla/
Argentinian,The Argentos Carne,"258 Santa Fe Dr, Denver, CO 80223, USA",
Argentinian,Rincon Argentino,"2525 Arapahoe Ave, Boulder, CO 80302, USA",http://www.rinconargentinoboulder.com/
Argentinian,Seven Rivers Steaks Seafood and Spirits,"14324 CO-172, Ignacio, CO 81137, USA",https://www.skyutecasino.com/dining/seven-rivers-steakhouse/
Chilean,Junction Restaurant,"401 E Pagosa St, Pagosa Springs, CO 81147, USA",http://thejunctionpagosa.com/
Chilean,Beny's Authentic Mexican Restaurant and Bar,"180 E Pagosa St, Pagosa Springs, CO 81147, USA",https://www.benysmexicanrestaurant.com/
Chilean,Mexican on the Mountain,"275 E Pagosa St, Pagosa Springs, CO 81147, USA",
Chilean,Tequila's Pagosa,"439 San Juan St, Pagosa Springs, CO 81147, USA",http://tequilaspagosa.com/
Chilean,Los Dos Charros Mexican Restaurant,"2800 Cornerstone Dr #4, Pagosa Springs, CO 81147, USA",http://www.losdoscharros.com/
Chilean,Chavolos Taqueria,"301 N Pagosa Blvd b2, Pagosa Springs, CO 81147, USA",http://chavolospagosasprings.com/
Chilean,Gustoso Italian Restaurant,"117 Navajo Trail Dr d, Pagosa Springs, CO 81147, USA",
Chilean,Ramon's Mexican Restaurant,"56 Talisman Dr # 1, Pagosa Springs, CO 81147, USA",http://www.ramonspagosa.com/
Chilean,Malt Shoppe,"124 E Pagosa St, Pagosa Springs, CO 81147, USA",http://www.maltshoppepagosa.com/
Chilean,Colorado Roadhouse,"27B Talisman Dr #4, Pagosa Springs, CO 81147, USA",http://www.coroadhouse.com/
Chilean,Alley House Grille,"214 Pagosa St, Pagosa Springs, CO 81147, USA",http://www.alleyhousegrille.com/
Chilean,Kip's Grill,"121 E Pagosa St, Pagosa Springs, CO 81147, USA",http://www.kipsgrill.com/
Chilean,Santy's taco shop,"66 Country Center Dr, Pagosa Springs, CO 81147, USA",https://santystacos.com/
Chilean,Two Chicks & A Hippie,"117 Navajo Trail Dr #9033, Pagosa Springs, CO 81147, USA",http://twochicksandahippie.com/
Chilean,The Peak Deli,"362 Pagosa St, Pagosa Springs, CO 81147, USA",
Chilean,Cafe Colorado,"565 Village Dr, Pagosa Springs, CO 81147, USA",https://cafe-colorado.com/
Chilean,Sage,"920 San Juan St, Pagosa Springs, CO 81147, USA",
Chilean,The Rose,"408 Pagosa St, Pagosa Springs, CO 81147, USA",
Chilean,McDonald's,"40 Talisman Dr, Pagosa Springs, CO 81147, USA",https://www.mcdonalds.com/us/en-us/location/CO/PAGOSA-SPRINGS/40-TALISMAN-DR/23897.html?cid=RF:YXT:GMB::Clicks
Chilean,Sonic Drive-In,"2501 Eagle Dr, Pagosa Springs, CO 81147, USA",https://www.sonicdrivein.com/locations/us/co/pagosa-springs/2501-eagle-drive/store-5377/?utm_source=google%20my%20business&utm_medium=organic&utm_campaign=website%20link
Colombian,Beny's Authentic Mexican Restaurant and Bar,"180 E Pagosa St, Pagosa Springs, CO 81147, USA",https://www.benysmexicanrestaurant.com/
Colombian,Gustoso Italian Restaurant,"117 Navajo Trail Dr d, Pagosa Springs, CO 81147, USA",
Colombian,Ramon's Mexican Restaurant,"56 Talisman Dr # 1, Pagosa Springs, CO 81147, USA",http://www.ramonspagosa.com/
Colombian,Chavolos Taqueria,"301 N Pagosa Blvd b2, Pagosa Springs, CO 81147, USA",http://chavolospagosasprings.com/
Colombian,Kip's Grill,"121 E Pagosa St, Pagosa Springs, CO 81147, USA",http://www.kipsgrill.com/
Colombian,Los Parceros Colombian Restaurant,"15473 E Hampden Ave A, Aurora, CO 80013, USA",
Colombian,Thai Pagosa,"565 Village Dr UNIT D, Pagosa Springs, CO 81147, USA",http://www.thaipagosa.com/
Colombian,Pagosa Baking Company,"238 Pagosa St, Pagosa Springs, CO 81147, USA",http://www.pagosabakingcompany.com/
Colombian,La Chiva Colombian Cuisine,"1446 S Broadway, Denver, CO 80210, USA",https://www.lachivacolombian.com/
Colombian,McDonald's,"40 Talisman Dr, Pagosa Springs, CO 81147, USA",https://www.mcdonalds.com/us/en-us/location/CO/PAGOSA-SPRINGS/40-TALISMAN-DR/23897.html?cid=RF:YXT:GMB::Clicks
Colombian,Higher Grounds Coffee,"189 Talisman Dr, Pagosa Springs, CO 81147, USA",http://highergroundspagosa.com/
Colombian,Chavolo's Mexican Restaurant,"637 E Colorado Dr A, Bayfield, CO 81122, USA",
Costa Rican,Ramon's Mexican Restaurant,"56 Talisman Dr # 1, Pagosa Springs, CO 81147, USA",http://www.ramonspagosa.com/
Costa Rican,Cafe Colorado,"565 Village Dr, Pagosa Springs, CO 81147, USA",https://cafe-colorado.com/
Costa Rican,Kip's Grill,"121 E Pagosa St, Pagosa Springs, CO 81147, USA",http://www.kipsgrill.com/
Costa Rican,El Camino Lounge & Grill at Motel SOCO,"651 W U.S. Hwy 160, Pagosa Springs, CO 81147, USA",https://www.motelsoco.com/el-camino-lounge-patio
Costa Rican,The Lost Cajun,"438 Pagosa St Suite C, Pagosa Springs, CO 81147, USA",https://thelostcajun.com/locations/pagosa-springs-colorado
Costa Rican,Meander Riverside Eatery,"358 E Pagosa St, Pagosa Springs, CO 81147, USA",http://www.meandereatery.com/
Costa Rican,The Peak Deli,"362 Pagosa St, Pagosa Springs, CO 81147, USA",
Costa Rican,Thai Pagosa,"565 Village Dr UNIT D, Pagosa Springs, CO 81147, USA",http://www.thaipagosa.com/
Costa Rican,Alley House Grille,"214 Pagosa St, Pagosa Springs, CO 81147, USA",http://www.alleyhousegrille.com/
Costa Rican,McDonald's,"40 Talisman Dr, Pagosa Springs, CO 81147, USA",https://www.mcdonalds.com/us/en-us/location/CO/PAGOSA-SPRINGS/40-TALISMAN-DR/23897.html?cid=RF:YXT:GMB::Clicks
Costa Rican,Mountain Pizza and Taproom,"175 Pagosa St, Pagosa Springs, CO 81147, USA",http://mountainpizzataproom.com/
Costa Rican,Pagosa Baking Company,"238 Pagosa St, Pagosa Springs, CO 81147, USA",http://www.pagosabakingcompany.com/
Costa Rican,Higher Grounds Coffee,"189 Talisman Dr, Pagosa Springs, CO 81147, USA",http://highergroundspagosa.com/
Costa Rican,Riff Raff Brewing Company,"274 Pagosa St, Pagosa Springs, CO 81147, USA",http://riffraffbrewing.com/
Czech,Junction Restaurant,"401 E Pagosa St, Pagosa Springs, CO 81147, USA",http://thejunctionpagosa.com/
Czech,Gustoso Italian Restaurant,"117 Navajo Trail Dr d, Pagosa Springs, CO 81147, USA",
Czech,Kip's Grill,"121 E Pagosa St, Pagosa Springs, CO 81147, USA",http://www.kipsgrill.com/
Czech,Chavolos Taqueria,"301 N Pagosa Blvd b2, Pagosa Springs, CO 81147, USA",http://chavolospagosasprings.com/
Czech,The Buck Stops Here Market & Eatery,"19 Navajo Trail Dr, Pagosa Springs, CO 81147, USA",http://www.buckstopmeat.com/
Czech,Meander Riverside Eatery,"358 E Pagosa St, Pagosa Springs, CO 81147, USA",http://www.meandereatery.com/
Czech,Thai Pagosa,"565 Village Dr UNIT D, Pagosa Springs, CO 81147, USA",http://www.thaipagosa.com/
Czech,Pagosa Baking Company,"238 Pagosa St, Pagosa Springs, CO 81147, USA",http://www.pagosabakingcompany.com/
Czech,McDonald's,"40 Talisman Dr, Pagosa Springs, CO 81147, USA",https://www.mcdonalds.com/us/en-us/location/CO/PAGOSA-SPRINGS/40-TALISMAN-DR/23897.html?cid=RF:YXT:GMB::Clicks
Danish,Meander Riverside Eatery,"358 E Pagosa St, Pagosa Springs, CO 81147, USA",http://www.meandereatery.com/
Danish,The Lost Cajun,"438 Pagosa St Suite C, Pagosa Springs, CO 81147, USA",https://thelostcajun.com/locations/pagosa-springs-colorado
Danish,Alley House Grille,"214 Pagosa St, Pagosa Springs, CO 81147, USA",http://www.alleyhousegrille.com/
Danish,The Den,"729 San Juan St A, Pagosa Springs, CO 81147, USA",
Danish,The Peak Deli,"362 Pagosa St, Pagosa Springs, CO 81147, USA",
Danish,Gustoso Italian Restaurant,"117 Navajo Trail Dr d, Pagosa Springs, CO 81147, USA",
Danish,Pagosa Baking Company,"238 Pagosa St, Pagosa Springs, CO 81147, USA",http://www.pagosabakingcompany.com/
Danish,Thai Pagosa,"565 Village Dr UNIT D, Pagosa Springs, CO 81147, USA",http://www.thaipagosa.com/
Danish,McDonald's,"40 Talisman Dr, Pagosa Springs, CO 81147, USA",https://www.mcdonalds.com/us/en-us/location/CO/PAGOSA-SPRINGS/40-TALISMAN-DR/23897.html?cid=RF:YXT:GMB::Clicks
Dutch,The Lost Cajun,"438 Pagosa St Suite C, Pagosa Springs, CO 81147, USA",https://thelostcajun.com/locations/pagosa-springs-colorado
Dutch,Two Chicks & A Hippie,"117 Navajo Trail Dr #9033, Pagosa Springs, CO 81147, USA",http://twochicksandahippie.com/
Dutch,Junction Restaurant,"401 E Pagosa St, Pagosa Springs, CO 81147, USA",http://thejunctionpagosa.com/
Dutch,Kip's Grill,"121 E Pagosa St, Pagosa Springs, CO 81147, USA",http://www.kipsgrill.com/
Dutch,City Hall Cafe and Grille,"2151 Eagle Dr, Pagosa Springs, CO 81147, USA",https://cityhallcafe.co/
Dutch,Dutch Mill Cafe,"401 Main St, Antonito, CO 81120, USA",https://m.facebook.com/pages/Dutch-Mill-Restaurant/108079019233283
Dutch,Alley House Grille,"214 Pagosa St, Pagosa Springs, CO 81147, USA",http://www.alleyhousegrille.com/
Dutch,Meander Riverside Eatery,"358 E Pagosa St, Pagosa Springs, CO 81147, USA",http://www.meandereatery.com/
Dutch,The Buck Stops Here Market & Eatery,"19 Navajo Trail Dr, Pagosa Springs, CO 81147, USA",http://www.buckstopmeat.com/
Dutch,The Peak Deli,"362 Pagosa St, Pagosa Springs, CO 81147, USA",
Dutch,Mountain Pizza and Taproom,"175 Pagosa St, Pagosa Springs, CO 81147, USA",http://mountainpizzataproom.com/
Dutch,Pagosa Baking Company,"238 Pagosa St, Pagosa Springs, CO 81147, USA",http://www.pagosabakingcompany.com/
Dutch,Riff Raff Brewing Company,"274 Pagosa St, Pagosa Springs, CO 81147, USA",http://riffraffbrewing.com/
Dutch,Riff Raff on the Rio,"356 E Pagosa St, Pagosa Springs, CO 81147, USA",http://www.riffraffrio.com/
Ecuadorian,Gustoso Italian Restaurant,"117 Navajo Trail Dr d, Pagosa Springs, CO 81147, USA",
Finnish,Kip's Grill,"121 E Pagosa St, Pagosa Springs, CO 81147, USA",http://www.kipsgrill.com/
Finnish,Gustoso Italian Restaurant,"117 Navajo Trail Dr d, Pagosa Springs, CO 81147, USA",
Finnish,Alley House Grille,"214 Pagosa St, Pagosa Springs, CO 81147, USA",http://www.alleyhousegrille.com/
Finnish,Meander Riverside Eatery,"358 E Pagosa St, Pagosa Springs, CO 81147, USA",http://www.meandereatery.com/
Finnish,The Lost Cajun,"438 Pagosa St Suite C, Pagosa Springs, CO 81147, USA",https://thelostcajun.com/locations/pagosa-springs-colorado
Finnish,Pagosa Baking Company,"238 Pagosa St, Pagosa Springs, CO 81147, USA",http://www.pagosabakingcompany.com/
Finnish,Thai Pagosa,"565 Village Dr UNIT D, Pagosa Springs, CO 81147, USA",http://www.thaipagosa.com/
Finnish,McDonald's,"40 Talisman Dr, Pagosa Springs, CO 81147, USA",https://www.mcdonalds.com/us/en-us/location/CO/PAGOSA-SPRINGS/40-TALISMAN-DR/23897.html?cid=RF:YXT:GMB::Clicks
Ghanaian,Chef Safari's African Fusion,"999 E College Dr, Durango, CO 81301, USA",https://chefsafari.com/
Guatemalan,Chavolos Taqueria,"301 N Pagosa Blvd b2, Pagosa Springs, CO 81147, USA",http://chavolospagosasprings.com/
Honduran,Los Dos Charros Mexican Restaurant,"2800 Cornerstone Dr #4, Pagosa Springs, CO 81147, USA",http://www.losdoscharros.com/
Icelandic,Kip's Grill,"121 E Pagosa St, Pagosa Springs, CO 81147, USA",http://www.kipsgrill.com/
Icelandic,Cruzin Vittles,"10 Solomon Dr, Pagosa Springs, CO 81147, USA",
Icelandic,Two Chicks & A Hippie,"117 Navajo Trail Dr #9033, Pagosa Springs, CO 81147, USA",http://twochicksandahippie.com/
Icelandic,Meander Riverside Eatery,"358 E Pagosa St, Pagosa Springs, CO 81147, USA",http://www.meandereatery.com/
Icelandic,Gustoso Italian Restaurant,"117 Navajo Trail Dr d, Pagosa Springs, CO 81147, USA",
Icelandic,Thai Pagosa,"565 Village Dr UNIT D, Pagosa Springs, CO 81147, USA",http://www.thaipagosa.com/
Icelandic,Pagosa Baking Company,"238 Pagosa St, Pagosa Springs, CO 81147, USA",http://www.pagosabakingcompany.com/
Icelandic,McDonald's,"40 Talisman Dr, Pagosa Springs, CO 81147, USA",https://www.mcdonalds.com/us/en-us/location/CO/PAGOSA-SPRINGS/40-TALISMAN-DR/23897.html?cid=RF:YXT:GMB::Clicks
Indonesian,Coyote Moon Lounge,"120 Co Rd 600, Pagosa Springs, CO 81147, USA",
Indonesian,Kip's Grill,"121 E Pagosa St, Pagosa Springs, CO 81147, USA",http://www.kipsgrill.com/
Indonesian,Black Bart's Brunch,"3133 Cornerstone Dr, Pagosa Springs, CO 81147, USA",http://www.blackbartsbrunch.com/
Indonesian,MEE Hmong Cuisine,"3133 Cornerstone Dr, Pagosa Springs, CO 81147, USA",
Indonesian,Thai Pagosa,"565 Village Dr UNIT D, Pagosa Springs, CO 81147, USA",http://www.thaipagosa.com/
Indonesian,Victor's Sushi 2,"118 N Pagosa Blvd, Pagosa Springs, CO 81147, USA",
Indonesian,Himalayan Kitchen,"992 Main Ave, Durango, CO 81301, USA",https://himalayankitchendurango.com/
Indonesian,Jaya Asian Grill,"1699 S Colorado Blvd B, Denver, CO 80222, USA",http://jayagrill.com/
Indonesian,Chavolos Taqueria,"301 N Pagosa Blvd b2, Pagosa Springs, CO 81147, USA",http://chavolospagosasprings.com/
Indonesian,McDonald's,"40 Talisman Dr, Pagosa Springs, CO 81147, USA",https://www.mcdonalds.com/us/en-us/location/CO/PAGOSA-SPRINGS/40-TALISMAN-DR/23897.html?cid=RF:YXT:GMB::Clicks
Indonesian,East by Southwest,"160 E College Dr, Durango, CO 81301, USA",http://www.eastbysouthwest.com/index.html
Indonesian,Pagosa Baking Company,"238 Pagosa St, Pagosa Springs, CO 81147, USA",http://www.pagosabakingcompany.com/
Iranian,Gustoso Italian Restaurant,"117 Navajo Trail Dr d, Pagosa Springs, CO 81147, USA",
Israeli,Meander Riverside Eatery,"358 E Pagosa St, Pagosa Springs, CO 81147, USA",http://www.meandereatery.com/
Jamaican,The Lost Cajun,"438 Pagosa St Suite C, Pagosa Springs, CO 81147, USA",https://thelostcajun.com/locations/pagosa-springs-colorado
Jamaican,Alley House Grille,"214 Pagosa St, Pagosa Springs, CO 81147, USA",http://www.alleyhousegrille.com/
Jamaican,Reggae Pot Jamaican Grill (Denver,"7562 S University Blvd C, Centennial, CO 80122, USA",http://reggaepotjamaicangrill.com/
Jamaican,Jamaican Jerk and BBQ Restaurant,"4611 Peoria St, Denver, CO 80239, USA",https://jamaicanjerkandbbq.com/
Jamaican,Sizzlin Jamaican Cuisine,"56 7th St, Steamboat Springs, CO 80487, USA",https://www.sizzlinjamaica.com/
Jamaican,PETES Jamaican restaurant,"1107 S Nevada Ave, Colorado Springs, CO 80903, USA",https://food.orders.co/petesjamaicanrestaurant
Jamaican,Nayarit Restaurant,"1135 S Camino Del Rio, Durango, CO 81303, USA",http://nayaritmexicandurango.com/
Jamaican,Just Kool,"E. Ohio Drive and, E Alameda Pkwy, Aurora, CO 80017, USA",http://www.justkooljerk.com/
Jamaican,Dainty's Kitchen,"302 E Platte Ave, Colorado Springs, CO 80903, USA",https://daintyjamaicankitchen.blizzfull.com/
Jamaican,Taco Libre - Taqueria & Cocktails,"1150 Main Ave, Durango, CO 81301, USA",https://www.tacolibredurango.com/
Jamaican,One Love Rum Kitchen,"928 Grand Ave, Grand Lake, CO 80447, USA",http://oneloverumkitchen.com/
Jamaican,Ernie's,"1100 Main Ave, Durango, CO 81301, USA",http://11thstreetstation.com/
Jamaican,Zia Taqueria,"400 S Camino Del Rio, Durango, CO 81301, USA",http://www.ziataqueria.com/
Jamaican,Taco Boy Durango,"150 Confluence Ave #101c, Durango, CO 81301, USA",https://www.tacoboycolorado.com/
Jamaican,Container of Food,"225 Girard St, Durango, CO 81303, USA",https://skabrewing.com/menu/
Jamaican,Walmart Supercenter,"211 Aspen Village Dr, Pagosa Springs, CO 81147, USA",https://www.walmart.com/store/5003-pagosa-springs-co
Jordanian,Meander Riverside Eatery,"358 E Pagosa St, Pagosa Springs, CO 81147, USA",http://www.meandereatery.com/
Kuwaiti,Coyote Moon Lounge,"120 Co Rd 600, Pagosa Springs, CO 81147, USA",
Kuwaiti,Meander Riverside Eatery,"358 E Pagosa St, Pagosa Springs, CO 81147, USA",http://www.meandereatery.com/
Kuwaiti,Kip's Grill,"121 E Pagosa St, Pagosa Springs, CO 81147, USA",http://www.kipsgrill.com/
Kuwaiti,Alley House Grille,"214 Pagosa St, Pagosa Springs, CO 81147, USA",http://www.alleyhousegrille.com/
Kuwaiti,The Lost Cajun,"438 Pagosa St Suite C, Pagosa Springs, CO 81147, USA",https://thelostcajun.com/locations/pagosa-springs-colorado
Kuwaiti,Two Chicks & A Hippie,"117 Navajo Trail Dr #9033, Pagosa Springs, CO 81147, USA",http://twochicksandahippie.com/
Kuwaiti,The Peak Deli,"362 Pagosa St, Pagosa Springs, CO 81147, USA",
Kuwaiti,Chavolos Taqueria,"301 N Pagosa Blvd b2, Pagosa Springs, CO 81147, USA",http://chavolospagosasprings.com/
Kuwaiti,Mountain Pizza and Taproom,"175 Pagosa St, Pagosa Springs, CO 81147, USA",http://mountainpizzataproom.com/
Kuwaiti,Pagosa Baking Company,"238 Pagosa St, Pagosa Springs, CO 81147, USA",http://www.pagosabakingcompany.com/
Kuwaiti,Neon Mallard,"157 Pagosa St, Pagosa Springs, CO 81147, USA",http://thenightingalemotel.com/
Kuwaiti,Thai Pagosa,"565 Village Dr UNIT D, Pagosa Springs, CO 81147, USA",http://www.thaipagosa.com/
Kuwaiti,McDonald's,"40 Talisman Dr, Pagosa Springs, CO 81147, USA",https://www.mcdonalds.com/us/en-us/location/CO/PAGOSA-SPRINGS/40-TALISMAN-DR/23897.html?cid=RF:YXT:GMB::Clicks
Kuwaiti,Higher Grounds Coffee,"189 Talisman Dr, Pagosa Springs, CO 81147, USA",http://highergroundspagosa.com/
Laotian,MEE Hmong Cuisine,"3133 Cornerstone Dr, Pagosa Springs, CO 81147, USA",
Laotian,Thai Pagosa,"565 Village Dr UNIT D, Pagosa Springs, CO 81147, USA",http://www.thaipagosa.com/
Laotian,The Lost Cajun,"438 Pagosa St Suite C, Pagosa Springs, CO 81147, USA",https://thelostcajun.com/locations/pagosa-springs-colorado
Laotian,Kip's Grill,"121 E Pagosa St, Pagosa Springs, CO 81147, USA",http://www.kipsgrill.com/
Laotian,Shanghai Chinese Restaurant,"20 Village Dr, Pagosa Springs, CO 81147, USA",http://www.shanghaips.com/
Lithuanian,Kip's Grill,"121 E Pagosa St, Pagosa Springs, CO 81147, USA",http://www.kipsgrill.com/
Lithuanian,Ramon's Mexican Restaurant,"56 Talisman Dr # 1, Pagosa Springs, CO 81147, USA",http://www.ramonspagosa.com/
Lithuanian,Chavolos Taqueria,"301 N Pagosa Blvd b2, Pagosa Springs, CO 81147, USA",http://chavolospagosasprings.com/
Lithuanian,Smoken Moe's Unreal BBQ,"68 Bastille Dr, Pagosa Springs, CO 81147, USA",https://www.smokenmoesunrealbbq.com/
Lithuanian,Thai Pagosa,"565 Village Dr UNIT D, Pagosa Springs, CO 81147, USA",http://www.thaipagosa.com/
Lithuanian,Pagosa Baking Company,"238 Pagosa St, Pagosa Springs, CO 81147, USA",http://www.pagosabakingcompany.com/
Lithuanian,McDonald's,"40 Talisman Dr, Pagosa Springs, CO 81147, USA",https://www.mcdonalds.com/us/en-us/location/CO/PAGOSA-SPRINGS/40-TALISMAN-DR/23897.html?cid=RF:YXT:GMB::Clicks
Malaysian,MEE Hmong Cuisine,"3133 Cornerstone Dr, Pagosa Springs, CO 81147, USA",
Malaysian,Shanghai Chinese Restaurant,"20 Village Dr, Pagosa Springs, CO 81147, USA",http://www.shanghaips.com/
Malaysian,Thai Pagosa,"565 Village Dr UNIT D, Pagosa Springs, CO 81147, USA",http://www.thaipagosa.com/
Malaysian,Kip's Grill,"121 E Pagosa St, Pagosa Springs, CO 81147, USA",http://www.kipsgrill.com/
Malaysian,Ramon's Mexican Restaurant,"56 Talisman Dr # 1, Pagosa Springs, CO 81147, USA",http://www.ramonspagosa.com/
Malaysian,Alley House Grille,"214 Pagosa St, Pagosa Springs, CO 81147, USA",http://www.alleyhousegrille.com/
Malaysian,Tequila's Pagosa,"439 San Juan St, Pagosa Springs, CO 81147, USA",http://tequilaspagosa.com/
Malaysian,Meander Riverside Eatery,"358 E Pagosa St, Pagosa Springs, CO 81147, USA",http://www.meandereatery.com/
Malaysian,Black Bart's Brunch,"3133 Cornerstone Dr, Pagosa Springs, CO 81147, USA",http://www.blackbartsbrunch.com/
Malaysian,Santy's taco shop,"66 Country Center Dr, Pagosa Springs, CO 81147, USA",https://santystacos.com/
Malaysian,Coyote Moon Lounge,"120 Co Rd 600, Pagosa Springs, CO 81147, USA",
Malaysian,McDonald's,"40 Talisman Dr, Pagosa Springs, CO 81147, USA",https://www.mcdonalds.com/us/en-us/location/CO/PAGOSA-SPRINGS/40-TALISMAN-DR/23897.html?cid=RF:YXT:GMB::Clicks
Malaysian,Chavolos Taqueria,"301 N Pagosa Blvd b2, Pagosa Springs, CO 81147, USA",http://chavolospagosasprings.com/
Malaysian,Jaya Asian Grill,"1699 S Colorado Blvd B, Denver, CO 80222, USA",http://jayagrill.com/
Malaysian,Pagosa Baking Company,"238 Pagosa St, Pagosa Springs, CO 81147, USA",http://www.pagosabakingcompany.com/
Malaysian,May Palace,"909 Main Ave, Durango, CO 81301, USA",http://places.singleplatform.com/may-palace-restaurant/menu?ref=google
Mongolian,Hunan Chinese Restaurant,"565 Village Dr Suite F, Pagosa Springs, CO 81147, USA",
Mongolian,Mongolian Grill,"1135 S Camino Del Rio, Durango, CO 81303, USA",https://mongoliangrill.uorder.io/
Mongolian,Shanghai Chinese Restaurant,"20 Village Dr, Pagosa Springs, CO 81147, USA",http://www.shanghaips.com/
Mongolian,Smoken Moe's Unreal BBQ,"68 Bastille Dr, Pagosa Springs, CO 81147, USA",https://www.smokenmoesunrealbbq.com/
Mongolian,Thai Pagosa,"565 Village Dr UNIT D, Pagosa Springs, CO 81147, USA",http://www.thaipagosa.com/
Mongolian,Mongolian Grill,"164 W 29th St, Pueblo, CO 81008, USA",
Mongolian,HuHot Mongolian Grill,"5843 Constitution Ave, Colorado Springs, CO 80915, USA",https://www.huhot.com/location/colorado-springs-constitution-co/
Nepalese,Sherpa House Restaurant and Culture Center,"1518 Washington Ave, Golden, CO 80401, USA",http://sherpa.house/
Nepalese,Nepal Restaurant,"6824 CO-82, Glenwood Springs, CO 81601, USA",https://nepalrestaurant1999.com/
Nepalese,Sherpa Momo Ghar,"3062 Main Ave, Durango, CO 81301, USA",https://sherpamomoghar.com/
Nepalese,Bajeko sekuwa -Nepalese & Indian Cuisine Colorado,"12191, Parking lot, 12191 E Iliff Ave, Aurora, CO 80014, USA",http://www.bajekosekuwa.com/
Nepalese,Nepal's Cafe,"184 E Elkhorn Ave Unit H, Estes Park, CO 80517, USA",
Nepalese,Everest Nepal Restaurant,"35 Market St, Glenwood Springs, CO 81601, USA",http://everestnepalrestaurant.com/
Nepalese,Himalayan Pun Hill Kitchen,"710 N Townsend Ave, Montrose, CO 81401, USA",http://himalayanpunhill.com/
Nepalese,Kathmandu Restaurant II,"1964 28th St, Boulder, CO 80301, USA",http://www.kathmandurestaurant.us/boulder
Nepalese,Himalayan Kitchen,"992 Main Ave, Durango, CO 81301, USA",https://himalayankitchendurango.com/
Nepalese,Sherpa Garden Restaurant & Bar,"1005 W Colorado Ave, Colorado Springs, CO 80904, USA",http://sherpagarden.com/
Nepalese,Cuisine of the Himalayas,"1262 Bergen Pkwy, Evergreen, CO 80439, USA",https://www.cuisineofthehimalayas.com/
Nepalese,Namaste Nepal Restaurant,"2692 US-50, Grand Junction, CO 81503, USA",http://beyondmenu.com/
Nepalese,Himalayan Spice Indian Cuisine - Denver,"4279 Tennyson St, Denver, CO 80212, USA",https://himalayanspicedenver.com/
Nepalese,Everest Nepal Restaurant Colorado Springs,"28 E Bijou St, Colorado Springs, CO 80903, USA",http://everestnepal.co/
Nepalese,Nepali Spice,"10180 E Colfax Ave Ste 115, Aurora, CO 80010, USA",
Nepalese,Little Nepal: Indian Restaurant & Bar,"1747 S 8th St, Colorado Springs, CO 80905, USA",http://lnepal.com/
Nepalese,Sherpa Grill 2 Indian Nepali Restaurant,"1501 W Elizabeth St UNIT 5, Fort Collins, CO 80521, USA",https://thesherpagrill2.com/?utm_source=google
Nepalese,India Nepal Oven,"9126 W Bowles Ave Ste 1B, Littleton, CO 80123, USA",http://www.indianepalovenlittleton.com/?utm_source=gmb&utm_medium=website
Nepalese,Norbu’s Himalayan Hut,"915 Manitou Ave, Manitou Springs, CO 80829, USA",http://norbuskitchen.com/
Nepalese,Annapurna Nepali & Indian Cuisine,"250 S Frontage Rd W, Vail, CO 81657, USA",http://www.annapurnavail.com/
Nicaraguan,McDonald's,"40 Talisman Dr, Pagosa Springs, CO 81147, USA",https://www.mcdonalds.com/us/en-us/location/CO/PAGOSA-SPRINGS/40-TALISMAN-DR/23897.html?cid=RF:YXT:GMB::Clicks
Norwegian,Meander Riverside Eatery,"358 E Pagosa St, Pagosa Springs, CO 81147, USA",http://www.meandereatery.com/
Norwegian,Kip's Grill,"121 E Pagosa St, Pagosa Springs, CO 81147, USA",http://www.kipsgrill.com/
Norwegian,Alley House Grille,"214 Pagosa St, Pagosa Springs, CO 81147, USA",http://www.alleyhousegrille.com/
Norwegian,Colorado Roadhouse,"27B Talisman Dr #4, Pagosa Springs, CO 81147, USA",http://www.coroadhouse.com/
Pakistani,Kip's Grill,"121 E Pagosa St, Pagosa Springs, CO 81147, USA",http://www.kipsgrill.com/
Pakistani,Boss Hogg's Restaurant & Saloon,"157 Navajo Trail Dr, Pagosa Springs, CO 81147, USA",
Pakistani,Colorado Roadhouse,"27B Talisman Dr #4, Pagosa Springs, CO 81147, USA",http://www.coroadhouse.com/
Pakistani,Alley House Grille,"214 Pagosa St, Pagosa Springs, CO 81147, USA",http://www.alleyhousegrille.com/
Pakistani,Thai Pagosa,"565 Village Dr UNIT D, Pagosa Springs, CO 81147, USA",http://www.thaipagosa.com/
Pakistani,Chavolos Taqueria,"301 N Pagosa Blvd b2, Pagosa Springs, CO 81147, USA",http://chavolospagosasprings.com/
Pakistani,Two Chicks & A Hippie,"117 Navajo Trail Dr #9033, Pagosa Springs, CO 81147, USA",http://twochicksandahippie.com/
Pakistani,Cafe Colorado,"565 Village Dr, Pagosa Springs, CO 81147, USA",https://cafe-colorado.com/
Pakistani,Meander Riverside Eatery,"358 E Pagosa St, Pagosa Springs, CO 81147, USA",http://www.meandereatery.com/
Pakistani,McDonald's,"40 Talisman Dr, Pagosa Springs, CO 81147, USA",https://www.mcdonalds.com/us/en-us/location/CO/PAGOSA-SPRINGS/40-TALISMAN-DR/23897.html?cid=RF:YXT:GMB::Clicks
Pakistani,Himalayan Kitchen,"992 Main Ave, Durango, CO 81301, USA",https://himalayankitchendurango.com/
Pakistani,Pagosa Baking Company,"238 Pagosa St, Pagosa Springs, CO 81147, USA",http://www.pagosabakingcompany.com/
Pakistani,Naan Curry Grill,"10639 E Briarwood Ave A, Centennial, CO 80112, USA",https://www.naancurrygrill.com/
Pakistani,Chavolo's Mexican Restaurant,"637 E Colorado Dr A, Bayfield, CO 81122, USA",
Pakistani,Seven Rivers Steaks Seafood and Spirits,"14324 CO-172, Ignacio, CO 81137, USA",https://www.skyutecasino.com/dining/seven-rivers-steakhouse/
Panamanian,Black Bart's Brunch,"3133 Cornerstone Dr, Pagosa Springs, CO 81147, USA",http://www.blackbartsbrunch.com/
Panamanian,Meander Riverside Eatery,"358 E Pagosa St, Pagosa Springs, CO 81147, USA",http://www.meandereatery.com/
Panamanian,MEE Hmong Cuisine,"3133 Cornerstone Dr, Pagosa Springs, CO 81147, USA",
Panamanian,Chavolos Taqueria,"301 N Pagosa Blvd b2, Pagosa Springs, CO 81147, USA",http://chavolospagosasprings.com/
Panamanian,Kip's Grill,"121 E Pagosa St, Pagosa Springs, CO 81147, USA",http://www.kipsgrill.com/
Panamanian,Gustoso Italian Restaurant,"117 Navajo Trail Dr d, Pagosa Springs, CO 81147, USA",
Panamanian,Thai Pagosa,"565 Village Dr UNIT D, Pagosa Springs, CO 81147, USA",http://www.thaipagosa.com/
Panamanian,McDonald's,"40 Talisman Dr, Pagosa Springs, CO 81147, USA",https://www.mcdonalds.com/us/en-us/location/CO/PAGOSA-SPRINGS/40-TALISMAN-DR/23897.html?cid=RF:YXT:GMB::Clicks
Paraguayan,Kip's Grill,"121 E Pagosa St, Pagosa Springs, CO 81147, USA",http://www.kipsgrill.com/
Paraguayan,Beny's Authentic Mexican Restaurant and Bar,"180 E Pagosa St, Pagosa Springs, CO 81147, USA",https://www.benysmexicanrestaurant.com/
Paraguayan,Meander Riverside Eatery,"358 E Pagosa St, Pagosa Springs, CO 81147, USA",http://www.meandereatery.com/
Paraguayan,Alley House Grille,"214 Pagosa St, Pagosa Springs, CO 81147, USA",http://www.alleyhousegrille.com/
Paraguayan,Ramon's Mexican Restaurant,"56 Talisman Dr # 1, Pagosa Springs, CO 81147, USA",http://www.ramonspagosa.com/
Paraguayan,Ritual Pagosa,"US 160 &, Lewis St, Pagosa Springs, CO 81147, USA",
Paraguayan,Thai Pagosa,"565 Village Dr UNIT D, Pagosa Springs, CO 81147, USA",http://www.thaipagosa.com/
Paraguayan,Pagosa Baking Company,"238 Pagosa St, Pagosa Springs, CO 81147, USA",http://www.pagosabakingcompany.com/
Paraguayan,Riff Raff Brewing Company,"274 Pagosa St, Pagosa Springs, CO 81147, USA",http://riffraffbrewing.com/
Paraguayan,McDonald's,"40 Talisman Dr, Pagosa Springs, CO 81147, USA",https://www.mcdonalds.com/us/en-us/location/CO/PAGOSA-SPRINGS/40-TALISMAN-DR/23897.html?cid=RF:YXT:GMB::Clicks
Peruvian,Beny's Authentic Mexican Restaurant and Bar,"180 E Pagosa St, Pagosa Springs, CO 81147, USA",https://www.benysmexicanrestaurant.com/
Peruvian,Gustoso Italian Restaurant,"117 Navajo Trail Dr d, Pagosa Springs, CO 81147, USA",
Peruvian,Ramon's Mexican Restaurant,"56 Talisman Dr # 1, Pagosa Springs, CO 81147, USA",http://www.ramonspagosa.com/
Peruvian,Chavolos Taqueria,"301 N Pagosa Blvd b2, Pagosa Springs, CO 81147, USA",http://chavolospagosasprings.com/
Peruvian,The Buck Stops Here Market & Eatery,"19 Navajo Trail Dr, Pagosa Springs, CO 81147, USA",http://www.buckstopmeat.com/
Peruvian,Rosario's Peruvian Restaurant,"625 Ken Pratt Blvd, Longmont, CO 80501, USA",http://www.rosariosperuvianrestaurant.com/
Peruvian,Pisco Sour Restaurant & Lounge,"14050 E Evans Ave, Aurora, CO 80014, USA",
Peruvian,Rotisserie Chicken Taytacha Peruvian,"2385 N Academy Blvd, Colorado Springs, CO 80909, USA",https://taytacha.com/
Peruvian,The Red Llama,"8331 Willow St B, Lone Tree, CO 80124, USA",https://www.redllamaco.com/
Peruvian,Pollo Lima,"9614 E Arapahoe Rd, Greenwood Village, CO 80112, USA",https://pollolima.com/
Peruvian,Kachina Kitchen,"325 S Camino Del Rio, Durango, CO 81303, USA",
Peruvian,Chavolo's Mexican Restaurant,"637 E Colorado Dr A, Bayfield, CO 81122, USA",
Peruvian,Los Cabos Puro Peru,"1525 Champa St, Denver, CO 80202, USA",https://www.loscabosii.com/
Philippine,Kip's Grill,"121 E Pagosa St, Pagosa Springs, CO 81147, USA",http://www.kipsgrill.com/
Polish,Gustoso Italian Restaurant,"117 Navajo Trail Dr d, Pagosa Springs, CO 81147, USA",
Polish,Kip's Grill,"121 E Pagosa St, Pagosa Springs, CO 81147, USA",http://www.kipsgrill.com/
Polish,Chavolos Taqueria,"301 N Pagosa Blvd b2, Pagosa Springs, CO 81147, USA",http://chavolospagosasprings.com/
Polish,Santy's taco shop,"66 Country Center Dr, Pagosa Springs, CO 81147, USA",https://santystacos.com/
Polish,Coyote Moon Lounge,"120 Co Rd 600, Pagosa Springs, CO 81147, USA",
Polish,Cracovia Polish-American Restaurant & Bar,"8121 W 94th Ave, Westminster, CO 80021, USA",http://www.cracoviarestaurant.com/
Polish,Pierogies Factory,"3795 Wadsworth Blvd, Wheat Ridge, CO 80033, USA",http://pierogiesfactory.com/
Polish,Chavolo's Mexican Restaurant,"637 E Colorado Dr A, Bayfield, CO 81122, USA",
Polish,Mama's Pierogi,"714 Grand Ave, Glenwood Springs, CO 81601, USA",https://www.facebook.com/profile.php?id=100047494788156
Polish,City Market,"165 Country Center Dr, Pagosa Springs, CO 81147, USA",https://www.citymarket.com/stores/grocery/co/pagosa-springs/pagosa/620/00445?cid=loc_62000445_gmb
Polish,European Cafe and Restaurant,"1015 Colorado Ave, Colorado Springs, CO 80904, USA",http://www.europeancafeocc.com/
Polish,Walmart Supercenter,"211 Aspen Village Dr, Pagosa Springs, CO 81147, USA",https://www.walmart.com/store/5003-pagosa-springs-co
Polish,Woody's Q Shack,"703 Main St, Alamosa, CO 81101, USA",http://www.woodysqshack.com/
Polish,Terry's Ace Hardware,"525 Navajo Trail Dr, Pagosa Springs, CO 81147, USA",http://www.terrysace.com/?utm_source=google&utm_medium=local&utm_campaign=localmaps&utm_content=14078
Polish,Chavolos Mexican Restaurant,"582 Grand Ave, Del Norte, CO 81132, USA",https://loschavalosrestaurants.com/
Polish,Dollar General,"21 Seminole Dr, Pagosa Springs, CO 81147, USA",https://www.dollargeneral.com/store-directory/co/pagosa-springs/13264
Puerto Rican,Don Guillo Puerto Rican Native Cuisine,"2551 Delta Dr, Colorado Springs, CO 80910, USA",https://m.facebook.com/pages/category/Advertising-Marketing/Don-Guillo-878047759218636/
Puerto Rican,Areyto Puerto Rican Food,"3725 Buchtel Blvd S #508, Denver, CO 80210, USA",https://areytopuertorricanfood.com/
Puerto Rican,Tripletas Yeyo Will,"1402 Harrison Rd, Colorado Springs, CO 80905, USA",https://facebook.com/profile.php?id=100075943986927
Puerto Rican,Rae's & Kay's Authentic Puerto Rican and Soul Food,"4920 D, Pearl St, Boulder, CO 80301, USA",
Puerto Rican,Meander Riverside Eatery,"358 E Pagosa St, Pagosa Springs, CO 81147, USA",http://www.meandereatery.com/
Puerto Rican,Beny's Authentic Mexican Restaurant and Bar,"180 E Pagosa St, Pagosa Springs, CO 81147, USA",https://www.benysmexicanrestaurant.com/
Puerto Rican,Kip's Grill,"121 E Pagosa St, Pagosa Springs, CO 81147, USA",http://www.kipsgrill.com/
Puerto Rican,Gustoso Italian Restaurant,"117 Navajo Trail Dr d, Pagosa Springs, CO 81147, USA",
Puerto Rican,Ramon's Mexican Restaurant,"56 Talisman Dr # 1, Pagosa Springs, CO 81147, USA",http://www.ramonspagosa.com/
Puerto Rican,Tequila's Pagosa,"439 San Juan St, Pagosa Springs, CO 81147, USA",http://tequilaspagosa.com/
Puerto Rican,Los Dos Charros Mexican Restaurant,"2800 Cornerstone Dr #4, Pagosa Springs, CO 81147, USA",http://www.losdoscharros.com/
Puerto Rican,Sabor Del Campo - Puerto Rican Cuisine (Plaza38),"3550 W 38th Ave #96, Denver, CO 80211, USA",https://sabordelcampo5280.business.site/
Romanian,Ramon's Mexican Restaurant,"56 Talisman Dr # 1, Pagosa Springs, CO 81147, USA",http://www.ramonspagosa.com/
Saudi Arabian,Kip's Grill,"121 E Pagosa St, Pagosa Springs, CO 81147, USA",http://www.kipsgrill.com/
Saudi Arabian,Thai Pagosa,"565 Village Dr UNIT D, Pagosa Springs, CO 81147, USA",http://www.thaipagosa.com/
Saudi Arabian,Chavolos Taqueria,"301 N Pagosa Blvd b2, Pagosa Springs, CO 81147, USA",http://chavolospagosasprings.com/
Saudi Arabian,Pagosa Baking Company,"238 Pagosa St, Pagosa Springs, CO 81147, USA",http://www.pagosabakingcompany.com/
Saudi Arabian,McDonald's,"40 Talisman Dr, Pagosa Springs, CO 81147, USA",https://www.mcdonalds.com/us/en-us/location/CO/PAGOSA-SPRINGS/40-TALISMAN-DR/23897.html?cid=RF:YXT:GMB::Clicks
Singaporean,MEE Hmong Cuisine,"3133 Cornerstone Dr, Pagosa Springs, CO 81147, USA",
Singaporean,New China,"565 Village Dr Suite F, Pagosa Springs, CO 81147, USA",http://newchinapagosa.com/
Singaporean,Shanghai Chinese Restaurant,"20 Village Dr, Pagosa Springs, CO 81147, USA",http://www.shanghaips.com/
Singaporean,Kip's Grill,"121 E Pagosa St, Pagosa Springs, CO 81147, USA",http://www.kipsgrill.com/
Singaporean,Boss Hogg's Restaurant & Saloon,"157 Navajo Trail Dr, Pagosa Springs, CO 81147, USA",
Singaporean,Thai Pagosa,"565 Village Dr UNIT D, Pagosa Springs, CO 81147, USA",http://www.thaipagosa.com/
Singaporean,Sage,"920 San Juan St, Pagosa Springs, CO 81147, USA",
Singaporean,Meander Riverside Eatery,"358 E Pagosa St, Pagosa Springs, CO 81147, USA",http://www.meandereatery.com/
Singaporean,Black Bart's Brunch,"3133 Cornerstone Dr, Pagosa Springs, CO 81147, USA",http://www.blackbartsbrunch.com/
Slovak,Alley House Grille,"214 Pagosa St, Pagosa Springs, CO 81147, USA",http://www.alleyhousegrille.com/
Slovak,Gustoso Italian Restaurant,"117 Navajo Trail Dr d, Pagosa Springs, CO 81147, USA",
Slovak,The Peak Deli,"362 Pagosa St, Pagosa Springs, CO 81147, USA",
Slovak,Kip's Grill,"121 E Pagosa St, Pagosa Springs, CO 81147, USA",http://www.kipsgrill.com/
Slovak,The Lost Cajun,"438 Pagosa St Suite C, Pagosa Springs, CO 81147, USA",https://thelostcajun.com/locations/pagosa-springs-colorado
Slovak,Ritual Pagosa,"US 160 &, Lewis St, Pagosa Springs, CO 81147, USA",
Slovak,Boss Hogg's Restaurant & Saloon,"157 Navajo Trail Dr, Pagosa Springs, CO 81147, USA",
Slovak,Beny's Authentic Mexican Restaurant and Bar,"180 E Pagosa St, Pagosa Springs, CO 81147, USA",https://www.benysmexicanrestaurant.com/
Slovak,Two Chicks & A Hippie,"117 Navajo Trail Dr #9033, Pagosa Springs, CO 81147, USA",http://twochicksandahippie.com/
Slovak,McDonald's,"40 Talisman Dr, Pagosa Springs, CO 81147, USA",https://www.mcdonalds.com/us/en-us/location/CO/PAGOSA-SPRINGS/40-TALISMAN-DR/23897.html?cid=RF:YXT:GMB::Clicks
Slovak,Mountain Pizza and Taproom,"175 Pagosa St, Pagosa Springs, CO 81147, USA",http://mountainpizzataproom.com/
Slovak,Chavolos Taqueria,"301 N Pagosa Blvd b2, Pagosa Springs, CO 81147, USA",http://chavolospagosasprings.com/
Slovak,Los Dos Charros Mexican Restaurant,"2800 Cornerstone Dr #4, Pagosa Springs, CO 81147, USA",http://www.losdoscharros.com/
Slovak,Thai Pagosa,"565 Village Dr UNIT D, Pagosa Springs, CO 81147, USA",http://www.thaipagosa.com/
Slovak,Santy's taco shop,"66 Country Center Dr, Pagosa Springs, CO 81147, USA",https://santystacos.com/
Slovak,Pagosa Baking Company,"238 Pagosa St, Pagosa Springs, CO 81147, USA",http://www.pagosabakingcompany.com/
Slovenian,Gustoso Italian Restaurant,"117 Navajo Trail Dr d, Pagosa Springs, CO 81147, USA",
Slovenian,Kip's Grill,"121 E Pagosa St, Pagosa Springs, CO 81147, USA",http://www.kipsgrill.com/
Slovenian,Alley House Grille,"214 Pagosa St, Pagosa Springs, CO 81147, USA",http://www.alleyhousegrille.com/
Slovenian,Hunan Chinese Restaurant,"565 Village Dr Suite F, Pagosa Springs, CO 81147, USA",
Slovenian,Meander Riverside Eatery,"358 E Pagosa St, Pagosa Springs, CO 81147, USA",http://www.meandereatery.com/
Slovenian,Thai Pagosa,"565 Village Dr UNIT D, Pagosa Springs, CO 81147, USA",http://www.thaipagosa.com/
Slovenian,Pagosa Baking Company,"238 Pagosa St, Pagosa Springs, CO 81147, USA",http://www.pagosabakingcompany.com/
Slovenian,Riff Raff Brewing Company,"274 Pagosa St, Pagosa Springs, CO 81147, USA",http://riffraffbrewing.com/
Slovenian,McDonald's,"40 Talisman Dr, Pagosa Springs, CO 81147, USA",https://www.mcdonalds.com/us/en-us/location/CO/PAGOSA-SPRINGS/40-TALISMAN-DR/23897.html?cid=RF:YXT:GMB::Clicks
Somali,Cafe Colorado,"565 Village Dr, Pagosa Springs, CO 81147, USA",https://cafe-colorado.com/
South African,Chef Safari's African Fusion,"999 E College Dr, Durango, CO 81301, USA",https://chefsafari.com/
South African,Black Bart's Brunch,"3133 Cornerstone Dr, Pagosa Springs, CO 81147, USA",http://www.blackbartsbrunch.com/
South African,Kip's Grill,"121 E Pagosa St, Pagosa Springs, CO 81147, USA",http://www.kipsgrill.com/
South African,Junction Restaurant,"401 E Pagosa St, Pagosa Springs, CO 81147, USA",http://thejunctionpagosa.com/
South African,Meander Riverside Eatery,"358 E Pagosa St, Pagosa Springs, CO 81147, USA",http://www.meandereatery.com/
South African,Sage,"920 San Juan St, Pagosa Springs, CO 81147, USA",
South African,Thai Pagosa,"565 Village Dr UNIT D, Pagosa Springs, CO 81147, USA",http://www.thaipagosa.com/
Sri Lankan,Meander Riverside Eatery,"358 E Pagosa St, Pagosa Springs, CO 81147, USA",http://www.meandereatery.com/
Swiss,The Den,"729 San Juan St A, Pagosa Springs, CO 81147, USA",
Swiss,Sage,"920 San Juan St, Pagosa Springs, CO 81147, USA",
Swiss,City Hall Cafe and Grille,"2151 Eagle Dr, Pagosa Springs, CO 81147, USA",https://cityhallcafe.co/
Swiss,The Lost Cajun,"438 Pagosa St Suite C, Pagosa Springs, CO 81147, USA",https://thelostcajun.com/locations/pagosa-springs-colorado
Swiss,Alley House Grille,"214 Pagosa St, Pagosa Springs, CO 81147, USA",http://www.alleyhousegrille.com/
Swiss,Boss Hogg's Restaurant & Saloon,"157 Navajo Trail Dr, Pagosa Springs, CO 81147, USA",
Swiss,Gustoso Italian Restaurant,"117 Navajo Trail Dr d, Pagosa Springs, CO 81147, USA",
Swiss,Cafe Colorado,"565 Village Dr, Pagosa Springs, CO 81147, USA",https://cafe-colorado.com/
Swiss,The Rose,"408 Pagosa St, Pagosa Springs, CO 81147, USA",
Swiss,Kip's Grill,"121 E Pagosa St, Pagosa Springs, CO 81147, USA",http://www.kipsgrill.com/
Swiss,Beny's Authentic Mexican Restaurant and Bar,"180 E Pagosa St, Pagosa Springs, CO 81147, USA",https://www.benysmexicanrestaurant.com/
Swiss,The Peak Deli,"362 Pagosa St, Pagosa Springs, CO 81147, USA",
Swiss,Chavolos Taqueria,"301 N Pagosa Blvd b2, Pagosa Springs, CO 81147, USA",http://chavolospagosasprings.com/
Swiss,Pagosa Baking Company,"238 Pagosa St, Pagosa Springs, CO 81147, USA",http://www.pagosabakingcompany.com/
Swiss,Swiss Chalet Restaurant,"20 Vail Rd, Vail, CO 81657, USA",https://sonnenalp.com/dining/swiss-chalet/
Swiss,Santy's taco shop,"66 Country Center Dr, Pagosa Springs, CO 81147, USA",https://santystacos.com/
Swiss,Rez Hill Grill,"158 Hot Springs Blvd, Pagosa Springs, CO 81147, USA",https://www.facebook.com/rezhillgrill
Swiss,Los Dos Charros Mexican Restaurant,"2800 Cornerstone Dr #4, Pagosa Springs, CO 81147, USA",http://www.losdoscharros.com/
Swiss,Lone Spur Cafe,"135 Country Center Dr, Pagosa Springs, CO 81147, USA",http://www.lonespurcafe.com/
Syrian,Chavolos Taqueria,"301 N Pagosa Blvd b2, Pagosa Springs, CO 81147, USA",http://chavolospagosasprings.com/
Syrian,Kip's Grill,"121 E Pagosa St, Pagosa Springs, CO 81147, USA",http://www.kipsgrill.com/
Syrian,Thai Pagosa,"565 Village Dr UNIT D, Pagosa Springs, CO 81147, USA",http://www.thaipagosa.com/
Syrian,Chavolo's Mexican Restaurant,"637 E Colorado Dr A, Bayfield, CO 81122, USA",
Syrian,Pagosa Baking Company,"238 Pagosa St, Pagosa Springs, CO 81147, USA",http://www.pagosabakingcompany.com/
Syrian,JASMINE SYRIAN FOOD,"10180 E Colfax Ave STE 118, Aurora, CO 80010, USA",
Syrian,Jaffa Middle Eastern Kitchen,"400 E Valley Rd, Carbondale, CO 81623, USA",http://www.jaffakitchen.com/
Syrian,Damascus Grill,"1399 W Littleton Blvd, Littleton, CO 80120, USA",https://www.facebook.com/DamascusGrillLittleton
Syrian,Sultan Grill,"12650 W 64th Ave, Arvada, CO 80004, USA",http://sultangrill.com/
Syrian,McDonald's,"40 Talisman Dr, Pagosa Springs, CO 81147, USA",https://www.mcdonalds.com/us/en-us/location/CO/PAGOSA-SPRINGS/40-TALISMAN-DR/23897.html?cid=RF:YXT:GMB::Clicks
Syrian,Damascus Grill Castle Rock,"703 Wilcox St, Castle Rock, CO 80104, USA",https://www.damascusgrillcastlerock.com/menu
Syrian,Chef Safari's African Fusion,"999 E College Dr, Durango, CO 81301, USA",https://chefsafari.com/
Syrian,Higher Grounds Coffee,"189 Talisman Dr, Pagosa Springs, CO 81147, USA",http://highergroundspagosa.com/
Taiwanese,MEE Hmong Cuisine,"3133 Cornerstone Dr, Pagosa Springs, CO 81147, USA",
Taiwanese,New China,"565 Village Dr Suite F, Pagosa Springs, CO 81147, USA",http://newchinapagosa.com/
Taiwanese,Shanghai Chinese Restaurant,"20 Village Dr, Pagosa Springs, CO 81147, USA",http://www.shanghaips.com/
Taiwanese,Thai Pagosa,"565 Village Dr UNIT D, Pagosa Springs, CO 81147, USA",http://www.thaipagosa.com/
Taiwanese,Smoken Moe's Unreal BBQ,"68 Bastille Dr, Pagosa Springs, CO 81147, USA",https://www.smokenmoesunrealbbq.com/
Taiwanese,Sage,"920 San Juan St, Pagosa Springs, CO 81147, USA",
Taiwanese,Junction Restaurant,"401 E Pagosa St, Pagosa Springs, CO 81147, USA",http://thejunctionpagosa.com/
Taiwanese,Alley House Grille,"214 Pagosa St, Pagosa Springs, CO 81147, USA",http://www.alleyhousegrille.com/
Taiwanese,Formosa Bites,"315 E Pikes Peak Ave Suite 100, Colorado Springs, CO 80903, USA",http://www.wellinthesprings.com/
Taiwanese,Malt Shoppe,"124 E Pagosa St, Pagosa Springs, CO 81147, USA",http://www.maltshoppepagosa.com/
Tanzanian,Chef Safari's African Fusion,"999 E College Dr, Durango, CO 81301, USA",https://chefsafari.com/
Thai,Thai Pagosa,"565 Village Dr UNIT D, Pagosa Springs, CO 81147, USA",http://www.thaipagosa.com/
Tunisian,Gustoso Italian Restaurant,"117 Navajo Trail Dr d, Pagosa Springs, CO 81147, USA",
Tunisian,The Lost Cajun,"438 Pagosa St Suite C, Pagosa Springs, CO 81147, USA",https://thelostcajun.com/locations/pagosa-springs-colorado
Tunisian,Kip's Grill,"121 E Pagosa St, Pagosa Springs, CO 81147, USA",http://www.kipsgrill.com/
Tunisian,Alley House Grille,"214 Pagosa St, Pagosa Springs, CO 81147, USA",http://www.alleyhousegrille.com/
Tunisian,Thai Pagosa,"565 Village Dr UNIT D, Pagosa Springs, CO 81147, USA",http://www.thaipagosa.com/
Tunisian,Tequila's Pagosa,"439 San Juan St, Pagosa Springs, CO 81147, USA",http://tequilaspagosa.com/
Tunisian,Meander Riverside Eatery,"358 E Pagosa St, Pagosa Springs, CO 81147, USA",http://www.meandereatery.com/
Tunisian,Chavolos Taqueria,"301 N Pagosa Blvd b2, Pagosa Springs, CO 81147, USA",http://chavolospagosasprings.com/
Tunisian,Pagosa Baking Company,"238 Pagosa St, Pagosa Springs, CO 81147, USA",http://www.pagosabakingcompany.com/
Tunisian,McDonald's,"40 Talisman Dr, Pagosa Springs, CO 81147, USA",https://www.mcdonalds.com/us/en-us/location/CO/PAGOSA-SPRINGS/40-TALISMAN-DR/23897.html?cid=RF:YXT:GMB::Clicks
Ukrainian,Gustoso Italian Restaurant,"117 Navajo Trail Dr d, Pagosa Springs, CO 81147, USA",
Ukrainian,Kip's Grill,"121 E Pagosa St, Pagosa Springs, CO 81147, USA",http://www.kipsgrill.com/
Ukrainian,Chavolos Taqueria,"301 N Pagosa Blvd b2, Pagosa Springs, CO 81147, USA",http://chavolospagosasprings.com/
Ukrainian,MEE Hmong Cuisine,"3133 Cornerstone Dr, Pagosa Springs, CO 81147, USA",
Ukrainian,Victor's Sushi 2,"118 N Pagosa Blvd, Pagosa Springs, CO 81147, USA",
Ukrainian,Chavolo's Mexican Restaurant,"637 E Colorado Dr A, Bayfield, CO 81122, USA",
Ukrainian,Santy's taco shop,"66 Country Center Dr, Pagosa Springs, CO 81147, USA",https://santystacos.com/
Uruguayan,Chavolos Taqueria,"301 N Pagosa Blvd b2, Pagosa Springs, CO 81147, USA",http://chavolospagosasprings.com/
Venezuelan,Ritual Pagosa,"US 160 &, Lewis St, Pagosa Springs, CO 81147, USA",
Vietnamese,MEE Hmong Cuisine,"3133 Cornerstone Dr, Pagosa Springs, CO 81147, USA",
Vietnamese,Hunan Chinese Restaurant,"565 Village Dr Suite F, Pagosa Springs, CO 81147, USA",
Vietnamese,Thai Pagosa,"565 Village Dr UNIT D, Pagosa Springs, CO 81147, USA",http://www.thaipagosa.com/
Vietnamese,Shanghai Chinese Restaurant,"20 Village Dr, Pagosa Springs, CO 81147, USA",http://www.shanghaips.com/
Vietnamese,Alley House Grille,"214 Pagosa St, Pagosa Springs, CO 81147, USA",http://www.alleyhousegrille.com/
Vietnamese,The Peak Deli,"362 Pagosa St, Pagosa Springs, CO 81147, USA",
Vietnamese,Tan Phat Vietnamese Restaurant,"1512 N Academy Blvd Suite A, Colorado Springs, CO 80909, USA",http://www.tanphatrestaurant.com/
Vietnamese,Cafe Colorado,"565 Village Dr, Pagosa Springs, CO 81147, USA",https://cafe-colorado.com/
Vietnamese,Phở Golden,"17211 S Golden Rd, Golden, CO 80401, USA",https://orderphogolden.com/
Vietnamese,Applewood Vietnamese Restaurant,"1901 Youngfield St #106, Golden, CO 80401, USA",
Vietnamese,Phở Hương Việt,"3175 1232 South, Hover St C-200, Longmont, CO 80501, USA",http://www.pholongmont.com/
Vietnamese,Boulder Pho & Boba Tea in Longmont,"2321 Clover Basin Dr, Longmont, CO 80503, USA",http://boulderpholongmont.com/
Vietnamese,Phở 88,"2463 Patterson Rd, Grand Junction, CO 81505, USA",http://pho88grandjunction.com/
Vietnamese,Pho Evergreen,"1193 Bergen Pkwy B, Evergreen, CO 80439, USA",http://www.phoevergreen.com/
Vietnamese,Phở Kitchen 88,"18630 Green Valley Ranch Blvd, Denver, CO 80249, USA",https://phokitchen88-denver.com/?utm_source=google&utm_medium=maps&utm_campaign=website
Vietnamese,Black Bart's Brunch,"3133 Cornerstone Dr, Pagosa Springs, CO 81147, USA",http://www.blackbartsbrunch.com/
Vietnamese,Mongolian Grill,"1135 S Camino Del Rio, Durango, CO 81303, USA",https://mongoliangrill.uorder.io/
Vietnamese,Saigon Landing Restaurant,"28080 Douglas Park Rd, Evergreen, CO 80439, USA",https://www.saigonlanding.com/
Vietnamese,Pho Café,"1085 S Public Rd, Lafayette, CO 80026, USA",http://phocafelafayette.com/
Yemeni,MEE Hmong Cuisine,"3133 Cornerstone Dr, Pagosa Springs, CO 81147, USA",
Zambian,Black Bart's Brunch,"3133 Cornerstone Dr, Pagosa Springs, CO 81147, USA",http://www.blackbartsbrunch.com/
Zambian,Chef Safari's African Fusion,"999 E College Dr, Durango, CO 81301, USA",https://chefsafari.com/
Zambian,Kip's Grill,"121 E Pagosa St, Pagosa Springs, CO 81147, USA",http://www.kipsgrill.com/
Zambian,Junction Restaurant,"401 E Pagosa St, Pagosa Springs, CO 81147, USA",http://thejunctionpagosa.com/
Zambian,ArkCleoRich African Kitchen,"1371 N Academy Blvd, Colorado Springs, CO 80909, USA",https://arkcleorich.com/
Zambian,Chavolos Taqueria,"301 N Pagosa Blvd b2, Pagosa Springs, CO 81147, USA",http://chavolospagosasprings.com/
Zambian,Thai Pagosa,"565 Village Dr UNIT D, Pagosa Springs, CO 81147, USA",http://www.thaipagosa.com/
Zambian,Africana Restaurant & Cafe,"5091 E Colfax Ave, Denver, CO 80220, USA",
Zambian,McDonald's,"40 Talisman Dr, Pagosa Springs, CO 81147, USA",https://www.mcdonalds.com/us/en-us/location/CO/PAGOSA-SPRINGS/40-TALISMAN-DR/23897.html?cid=RF:YXT:GMB::Clicks
Zambian,Pagosa Baking Company,"238 Pagosa St, Pagosa Springs, CO 81147, USA",http://www.pagosabakingcompany.com/
Zimbabwean,Riff Raff Brewing Company,"274 Pagosa St, Pagosa Springs, CO 81147, USA",http://riffraffbrewing.com/
