Cuisine Type,Name,Address,Website
Mexican,Citlalli's Mexican Restaurant,"248 W Albany Ave, Pearson, GA 31642, USA",
Mexican,Los Benitez Mexican Restaurant,"532 N Main St, Pearson, GA 31642, USA",
Mexican,Julie’s Mexican Restaurant,"165 N Main St, Pearson, GA 31642, USA",
Mexican,El Toro Bar & Grill,"80 N Main St, Pearson, GA 31642, USA",
Mexican,Taqueria Hernandez,"Fleetwood Ave E, Willacoochee, GA 31650, USA",
Mexican,Cheva's taqueria,"531 N Main St, Pearson, GA 31642, USA",
Mexican,I & M YUMMY CREATIONS LLC,"104 N Main St, Pearson, GA 31642, USA",
Mexican,Taqueria La Gracia,"424 N Main St, Pearson, GA 31642, USA",http://taquerialagracia.online/
Mexican,LA CHAPARRITA,"82 Fleetwood Ave, Willacoochee, GA 31650, USA",
Mexican,El Rincón Mexicano Restaurant,"950 Bowens Mill Rd SW, Douglas, GA 31533, USA",
Mexican,Taqueria 441 South,"2989 US-441, Douglas, GA 31535, USA",
Mexican,El 1800 Mexican Restaurant,"1600 Peterson Ave S, Douglas, GA 31533, USA",
Mexican,Taqueria Pancho Villa II DOUGLAS,"1002 Peterson Ave S, Douglas, GA 31533, USA",http://taqueriapanchovilla.com/
Mexican,Taqueria Los Tres Garcia,"306 Peterson Ave S, Douglas, GA 31533, USA",https://www.taquerialostresgarciasorder.online/?y_source=1_MTAyNjE5NjM1NS03MTUtbG9jYXRpb24ud2Vic2l0ZQ%3D%3D
Mexican,Azteca's Mexican Restaurant,"3045 US-441, Douglas, GA 31535, USA",
Mexican,"Surcheros - Douglas, GA","500 N Peterson Ave N, Douglas, GA 31533, USA",http://www.surcheros.com/
Mexican,Fiesta Mexicana of Douglas,"1701 US-221, Douglas, GA 31533, USA",https://www.facebook.com/Fiesta-Mexicana-100160558845402
Mexican,Taco Bell,"1200 Peterson Ave S, Douglas, GA 31533, USA",https://locations.tacobell.com/ga/douglas/1200-s-peterson.html?utm_source=yext&utm_campaign=googlelistings&utm_medium=referral&utm_term=029076&utm_content=website&y_source=1_NjE0NjgwOS03MTUtbG9jYXRpb24ud2Vic2l0ZQ%3D%3D
Mexican,Rigo's Taqueria,"604 Gaskin Ave S, Douglas, GA 31533, USA",
Mexican,Casa Del Sol,"305 N Liberty St, Nicholls, GA 31554, USA",
Latvian,Los Benitez Mexican Restaurant,"532 N Main St, Pearson, GA 31642, USA",
Italian,Treat Shop,"2200 E Railroad Ave, Pearson, GA 31642, USA",https://treatshopga.com/
Italian,Olive Garden Italian Restaurant,"2497 Memorial Dr, Waycross, GA 31501, USA",https://www.olivegarden.com/locations/ga/waycross/waycross-memorial-drive/5814?cmpid=br:og_ag:ie_ch:loc_ca:OGGMB_sn:gmb_gt:waycross-ga-5814_pl:locurl_rd:1830
Italian,Johnny's New York Style Pizza,"329 Peterson Ave S, Douglas, GA 31533, USA",https://www.johnnyspizza.com/location/douglas/
Italian,Fazoli's,"1307 St Augustine Rd, Valdosta, GA 31601, USA",https://locations.fazolis.com/ga/valdosta/1307-n--st--augustine-road.html?utm_source=yext+GMB&utm_medium=local&utm_campaign=website&y_source=1_MzExNjk2MC03MTUtbG9jYXRpb24ud2Vic2l0ZQ%3D%3D
Italian,Fireside Pizza Shop,"114 N Peterson Ave #200, Douglas, GA 31533, USA",http://www.firesidepizzashop.com/
Italian,Danny's Pizza,"218 W Ward St, Douglas, GA 31533, USA",https://dannyspizzas.com/
Italian,Olive Garden Italian Restaurant,"1208 US-82, Tifton, GA 31794, USA",https://www.olivegarden.com/locations/ga/tifton/tifton/4459?cmpid=br:og_ag:ie_ch:loc_ca:OGGMB_sn:gmb_gt:tifton-ga-4459_pl:locurl_rd:1799
Italian,Subway,"1018 N Main St, Pearson, GA 31642, USA",https://restaurants.subway.com/united-states/ga/pearson/1018-north-main-st?utm_source=yxt-goog&utm_medium=local&utm_term=acq&utm_content=28228&utm_campaign=evergreen-2020&y_source=1_MTQ5MDg0MzEtNzE1LWxvY2F0aW9uLndlYnNpdGU%3D
Italian,Olive Garden Italian Restaurant,"1315 St Augustine Rd, Valdosta, GA 31601, USA",https://www.olivegarden.com/locations/ga/valdosta/valdosta/1887?cmpid=br:og_ag:ie_ch:loc_ca:OGGMB_sn:gmb_gt:valdosta-ga-1887_pl:locurl_rd:1729
Italian,Little Caesars Pizza,"1220 N Madison Ave, Douglas, GA 31533, USA",https://littlecaesars.com/en-us/store/2890
Italian,Pizza Hut,"1716 Peterson Ave S, Douglas, GA 31533, USA",https://locations.pizzahut.com/ga/douglas/1716-s-peterson-ave?utm_medium=organic&utm_source=local&utm_campaign=googlelistings&utm_content=website&utm_term=286684
Italian,Godfather's Pizza,"2021 GA-32, Alma, GA 31510, USA",http://godfathers.com/
Italian,Domino's Pizza,"803 N Peterson Ave Ste A, Douglas, GA 31533, USA",https://www.dominos.com/en/?utm_source=google&utm_medium=loclist&utm_campaign=localmaps
Italian,Hungry Howie's Pizza,"618 N Peterson Ave, Douglas, GA 31533, USA",https://www.hungryhowies.com/stores/ga/douglas/618-n-peterson-ave?utm_source=google&utm_medium=organic&utm_campaign=googlebusinessprofile
Italian,Lucky's Italian Restaurant,"407 S Mulberry St, Jackson, GA 30233, USA",
Italian,Pizza Hut,"608 S Davis St, Nashville, GA 31639, USA",https://locations.pizzahut.com/ga/nashville/608-s-davis?utm_medium=organic&utm_source=local&utm_campaign=googlelistings&utm_content=website&utm_term=286673
Italian,The Slice Pizza,"406B W Main St, Hahira, GA 31632, USA",http://www.theslicepizzeria.com/
Italian,Ferraro's Kitchen Blue Ridge,"322 W Main St, Blue Ridge, GA 30513, USA",http://ferraroskitchen.com/
Italian,Martino's Italian Restaurant,"2061 Hog Mountain Rd suite k, Watkinsville, GA 30677, USA",http://www.martinositalian.com/
Italian,Ruby Tuesday,"1324 S Madison Ave, Douglas, GA 31533, USA",https://rubytuesday.com/
Spanish,Citlalli's Mexican Restaurant,"248 W Albany Ave, Pearson, GA 31642, USA",
Spanish,Los Benitez Mexican Restaurant,"532 N Main St, Pearson, GA 31642, USA",
Spanish,El Toro Bar & Grill,"80 N Main St, Pearson, GA 31642, USA",
Spanish,Julie’s Mexican Restaurant,"165 N Main St, Pearson, GA 31642, USA",
Spanish,Taqueria Hernandez,"Fleetwood Ave E, Willacoochee, GA 31650, USA",
Spanish,I & M YUMMY CREATIONS LLC,"104 N Main St, Pearson, GA 31642, USA",
Spanish,Taqueria La Gracia,"424 N Main St, Pearson, GA 31642, USA",http://taquerialagracia.online/
Spanish,Cheva's taqueria,"531 N Main St, Pearson, GA 31642, USA",
Spanish,El 1800 Mexican Restaurant,"1600 Peterson Ave S, Douglas, GA 31533, USA",
Spanish,El Rincón Mexicano Restaurant,"950 Bowens Mill Rd SW, Douglas, GA 31533, USA",
Spanish,LA CHAPARRITA,"82 Fleetwood Ave, Willacoochee, GA 31650, USA",
Spanish,Taqueria 441 South,"2989 US-441, Douglas, GA 31535, USA",
Spanish,Liza's Restaurant,"1058 US-441, Pearson, GA 31642, USA",
Spanish,EL TRIUNFO,"688 N Main St, Pearson, GA 31642, USA",
Spanish,Taqueria Pancho Villa II DOUGLAS,"1002 Peterson Ave S, Douglas, GA 31533, USA",http://taqueriapanchovilla.com/
Spanish,Taqueria Los Tres Garcia,"306 Peterson Ave S, Douglas, GA 31533, USA",https://www.taquerialostresgarciasorder.online/?y_source=1_MTAyNjE5NjM1NS03MTUtbG9jYXRpb24ud2Vic2l0ZQ%3D%3D
Spanish,Fiesta Mexicana of Douglas,"1701 US-221, Douglas, GA 31533, USA",https://www.facebook.com/Fiesta-Mexicana-100160558845402
Spanish,Azteca's Mexican Restaurant,"3045 US-441, Douglas, GA 31535, USA",
Spanish,La Fondita of Douglas,"802 Peterson Ave S Suite E, Douglas, GA 31533, USA",
Spanish,Casa Del Sol,"305 N Liberty St, Nicholls, GA 31554, USA",
American,Traceys Burgers,"1000 Rawls Ave, Pearson, GA 31642, USA",http://traceys-burgers.keeq.io/
American,Los Benitez Mexican Restaurant,"532 N Main St, Pearson, GA 31642, USA",
American,Huddle House,"1612 Peterson Ave S, Douglas, GA 31535, USA",https://huddlehouse.com/locations/ga/douglas/1612-peterson-ave-s
American,Ruby Tuesday,"1324 S Madison Ave, Douglas, GA 31533, USA",https://rubytuesday.com/
American,Hog N Bones -Douglas,"24 Ameris Dr, Douglas, GA 31535, USA",https://hognbones.com/menu/
American,Harpers Cafe,"1494 US-221, Douglas, GA 31533, USA",
American,Cow Tippers Burger Company,"216 N Madison Ave, Douglas, GA 31533, USA",https://cyrusramsey.com/places/cow-tippers-burger-company/
American,Subway,"1018 N Main St, Pearson, GA 31642, USA",https://restaurants.subway.com/united-states/ga/pearson/1018-north-main-st?utm_source=yxt-goog&utm_medium=local&utm_term=acq&utm_content=28228&utm_campaign=evergreen-2020&y_source=1_MTQ5MDg0MzEtNzE1LWxvY2F0aW9uLndlYnNpdGU%3D
American,Huddle House,"1701 Ocilla Rd, Douglas, GA 31535, USA",https://huddlehouse.com/locations/ga/douglas/1701-ocilla-rd
American,Wendy's,"1404 Peterson Ave S, Douglas, GA 31535, USA",https://locations.wendys.com/united-states/ga/douglas/1404-s-peterson?utm_source=Yext&utm_medium=Google_My_Business&utm_campaign=Local_Search&utm_content=EN_US
American,Hardee’s,"1392 Bowens Mill Rd SW, Douglas, GA 31533, USA",https://locations.hardees.com/ga/douglas/1392-bowens-mill-rd-sw
American,Nellie's kitchen,"400 Railroad St, Alapaha, GA 31622, USA",
American,Daily Nutrition,"619 N Peterson Ave, Douglas, GA 31533, USA",
American,Arby's,"1322 S Madison Ave, Douglas, GA 31533, USA",https://locations.arbys.com/ga/douglas/1322-south-madison-avenue.html?utm_source=google%20my%20business&utm_medium=organic&utm_campaign=website%20link
American,Jett Store,"Bowens Mill Rd SW, Douglas, GA 31533, USA",
American,Checkers,"1100 Peterson Ave S, Douglas, GA 31533, USA",https://locations.checkers.com/ga/douglas/1100-south-peterson-ave?y_source=1_ODgyMzE4OC03MTUtbG9jYXRpb24ud2Vic2l0ZQ%3D%3D
American,Krystal,"1206 Peterson Ave S, Douglas, GA 31533, USA",https://locations.krystal.com/ga/moultrie/497-veterans-pkwy-n
American,The Fern Bank Grille,"235 Peterson Ave S, Douglas, GA 31533, USA",https://www.facebook.com/thefernbank/
American,Lil Mike's Catering and Family Restaurant,"611 Gaskin Ave S, Douglas, GA 31533, USA",
American,Fuel Stop,"7150 US-82, Axson, GA 31624, USA",
British,The British Chippie,"91 S Oak St, Lakeland, GA 31635, USA",
Thai,Thai Spice (formerly Thai Smile),"314 Pendleton St, Waycross, GA 31501, USA",http://www.thaispicewaycross.com/
Thai,Lamai Ban Thai Kitchen,"4950 Carey Station Rd Suite A, Greensboro, GA 30642, USA",
Thai,Tina's Kitchen Thai Cuisine,"328 Oneal Dr, Waverly Hall, GA 31831, USA",
Thai,Coconut Thai Cuisine,"7 College Plaza, Statesboro, GA 30458, USA",https://coconutthaicuisine.net/
Thai,Spice 55 Thai and Sushi restaurant,"705 Brucken Strasse, Helen, GA 30545, USA",http://www.spice55.net/
Thai,Garlic Thai Cuisine and Sushi Bar,"16 N Court Square, Newnan, GA 30263, USA",https://www.garlicthai.com/
Thai,Bangkok Haus Restaurant Helen,"707 Edelweiss Strasse, Helen, GA 30545, USA",http://www.facebook.com/bangkokhaushelen
Thai,Smile Thai Cuisine,"837 GA-400 #160, Dawsonville, GA 30534, USA",http://www.smilethaiga.com/
Thai,Nahm Fine Thai Cuisine,"5310 Windward Pkwy W, Alpharetta, GA 30004, USA",http://www.nahmfinethaicuisine.com/
Thai,Erawan Organic Thai Restaurant,"7537 Roswell Rd, Sandy Springs, GA 30350, USA",http://erawanorganicthai.com/
Japanese,Tokyo Express Japanese Steakhouse & Seafood Restaurant,"1308 S Madison Ave, Douglas, GA 31533, USA",http://www.douglastokyo.com/
Japanese,Kobe Japanese Hibachi & Sushi,"831 Peterson Ave S suite d, Douglas, GA 31533, USA",http://www.kobedouglas.com/
Japanese,Kobe sushi,"Douglas, GA 31533, USA",
Japanese,Kobe Japanese Hibachi and Sushi,"116 Benjamin H Hill Dr W, Fitzgerald, GA 31750, USA",https://www.kobejapanesehibachiandsushi.com/?utm_source=gmb&utm_medium=website
Chinese,Chen's China,"692 N Main St, Pearson, GA 31642, USA",
Chinese,Jin Jin Chinese Restaurant,"112 Peterson Ave S, Douglas, GA 31533, USA",https://www.jinjindouglasga.com/
Chinese,Mr SZE Chinese Food,"600 Van Streat Hwy, Nicholls, GA 31554, USA",http://mr-sze-chinese-food.edan.io/
Chinese,Chinesse Restaruant w ashely st,"112A Peterson Ave S, Douglas, GA 31533, USA",
Chinese,Lin's Garden,"607 N Irwin Ave B, Ocilla, GA 31774, USA",
Chinese,Peking House Buffet Inc.,"907 Peterson Ave S, Douglas, GA 31533, USA",https://m.facebook.com/pages/Peking-House/117992318226440
Indian,Nirmala's Kitchen,"1441 W Baker Hwy, Douglas, GA 31533, USA",https://www.nirmalaskitchen.co/
Canadian,Los Benitez Mexican Restaurant,"532 N Main St, Pearson, GA 31642, USA",
Russian,VERDI,"6275 Spalding Dr e1, Peachtree Corners, GA 30092, USA",https://verdibanquethallatl.com/
Jewish,Kosher Coaster LLC,"100 N Patterson St Ste 14, Valdosta, GA 31601, USA",https://linktr.ee/koshercoasterllc
Polish,Margo's Gourmet Polish Kitchen,"11 Mountain St #1, Blue Ridge, GA 30513, USA",
German,Hofbrauhaus Restaurant,"9001 N Main St, Helen, GA 30545, USA",https://www.hofbrauhaushelenga.net/
French,Treat Shop,"2200 E Railroad Ave, Pearson, GA 31642, USA",https://treatshopga.com/
French,Country Cabin Steak House,"74 W Albany Ave, Pearson, GA 31642, USA",
French,Los Benitez Mexican Restaurant,"532 N Main St, Pearson, GA 31642, USA",
French,Liza's Restaurant,"1058 US-441, Pearson, GA 31642, USA",
French,Julie’s Mexican Restaurant,"165 N Main St, Pearson, GA 31642, USA",
French,Traceys Burgers,"1000 Rawls Ave, Pearson, GA 31642, USA",http://traceys-burgers.keeq.io/
French,Citlalli's Mexican Restaurant,"248 W Albany Ave, Pearson, GA 31642, USA",
French,Chen's China,"692 N Main St, Pearson, GA 31642, USA",
French,Jerry Davis Chicken House,"2056 Atkinson Blvd W, Pearson, GA 31642, USA",
French,El Toro Bar & Grill,"80 N Main St, Pearson, GA 31642, USA",
French,The Shack Cafe,"74 W Albany Ave, Pearson, GA 31642, USA",
French,C&P's boom boom room,"530 Gladys Mercer Rd, Axson, GA 31624, USA",
French,Cheva's taqueria,"531 N Main St, Pearson, GA 31642, USA",
French,Mary's Restaurant,"102 Fleetwood Ave, Willacoochee, GA 31650, USA",http://www.marysrestaurant.org/
French,Taqueria Hernandez,"Fleetwood Ave E, Willacoochee, GA 31650, USA",
French,Sambos,"McCranie Ave, Willacoochee, GA 31650, USA",http://sambos.edan.io/
French,Resto L'Antoinette French Bistro,"1935 Heritage Walk Suite K-100, Milton, GA 30004, USA",http://miltonbistro.com/
French,Huddle House,"1612 Peterson Ave S, Douglas, GA 31535, USA",https://huddlehouse.com/locations/ga/douglas/1612-peterson-ave-s
French,Carter's Restaurant,"1400 Gaskin Ave S, Douglas, GA 31535, USA",
French,Hog N Bones -Douglas,"24 Ameris Dr, Douglas, GA 31535, USA",https://hognbones.com/menu/
Hawaiian,Hunt Brothers Pizza,"20 Old Pearson Hwy, Willacoochee, GA 31650, USA",https://www.huntbrotherspizza.com/
Brazilian,Samba Loca,"104 Adamson Square, Carrollton, GA 30117, USA",http://www.sambalocarestaurant.com/
Peruvian,The Freakin Incan,"4651 Woodstock Rd Suite 305, Roswell, GA 30075, USA",https://www.thefreakinincan.com/
Peruvian,Somos Peru,"3907 Burns Rd NW suite 1, Lilburn, GA 30047, USA",
Peruvian,La Casita Peruvian Restaurant,"104 Dogwood Ave, Richmond Hill, GA 31324, USA",https://lacasitaperuvianrestaurantrichmondhill.com/
Peruvian,Contigo Peru Restaurant & Sports Bar Grill,"1241 Indian Trail Lilburn Rd NW, Norcross, GA 30093, USA",
Peruvian,Sabor Inka,"960 Pleasant Hill Rd, Lawrenceville, GA 30044, USA",http://www.saborinka.com/
Peruvian,Costa Verde Restaurant,"6200 Buford Hwy, Norcross, GA 30071, USA",
Peruvian,Las Brasas,"614 Church St, Decatur, GA 30030, USA",http://lasbrasasdecatur.com/
Peruvian,Atkinson County,"Atkinson County, GA, USA",
Peruvian,Tio Lucho's,"675 North Highland Avenue Northeast Suite 6000, Atlanta, GA 30306, USA",http://www.tioluchos.com/
Peruvian,Quechuas Peru Restaurant,"4825 Sugarloaf Pkwy STE G, Lawrenceville, GA 30044, USA",https://quechuasrestaurant.com/
Peruvian,La Brasa Rustica,"4175 Pleasant Hill Rd, Duluth, GA 30096, USA",http://www.lasbrasarustica.com/
Peruvian,Rico sabor peruano,"1560 Indian Trail Lilburn Rd NW, Norcross, GA 30093, USA",https://ricosaborperuanoga.com/
Peruvian,Mambo's Cafe - Buford,"2925 Buford Dr Suite.900, Buford, GA 30519, USA",https://mambos-cafe.com/
Peruvian,Machu Picchu Restaurant,"2863 Buford Hwy NE, Atlanta, GA 30329, USA",
Peruvian,Mambo's Cafe - Alpharetta,"4915 Windward Pkwy Suite 130, Alpharetta, GA 30004, USA",https://mambos-cafe.com/
Peruvian,Pisco Latin Kitchen,"5975 Roswell Rd Ste. E-353, Sandy Springs, GA 30328, USA",https://piscolk.com/
Peruvian,The Flippin Chicken,"4674 Sandy Plains Rd, Roswell, GA 30075, USA",https://www.flippinchicken.com/
Peruvian,Contigo Peru,"3567 Chamblee Dunwoody Rd, Chamblee, GA 30341, USA",
Peruvian,Panaderia Jalisco Bakery,"41 Paper Mill Rd, Lawrenceville, GA 30046, USA",
Salvadorian,Don Diego Restaurant,"3200 Hopeland Industrial Dr #800, Powder Springs, GA 30127, USA",
Cuban,The Latin House,"1719 Holmes Dr, Moultrie, GA 31768, USA",https://m.facebook.com/The-Latin-House-100214247000959/
Cuban,Cuban Island Cafe,"402 GA-247 #300, Bonaire, GA 31005, USA",http://cubanislandcafe.com/
Cuban,Los Benitez Mexican Restaurant,"532 N Main St, Pearson, GA 31642, USA",
Cuban,CAFÉ CUBAN,"901 1st Ave SE, Moultrie, GA 31768, USA",http://www.cafecuban.com/
Cuban,Cuban Sensation,"1840 Osborne Rd A, St Marys, GA 31558, USA",http://www.cubansensation.com/
Cuban,Cuban Cafe,"3640 Wallis Rd, Flowery Branch, GA 30542, USA",https://cubancafechefjoel.com/
Cuban,Havana South Cuban Restaurant,"4060 Buford Dr, Buford, GA 30518, USA",http://havanasouthcubanrestaurant.com/
Cuban,Papi's Cuban & Caribbean Grill,"911 Duluth Hwy, Lawrenceville, GA 30043, USA",http://www.papisgrill.com/
Cuban,Empanadas and More,"402C Northside Dr, Valdosta, GA 31602, USA",https://empanadasandmorevaldosta.com/
Cuban,Coco's Cuban Restaurant,"1240 Buford Hwy #140, Cumming, GA 30041, USA",http://cocoscuban.com/
Cuban,Rum Cake Lady Cuban Food Downtown Blue Ridge,"205 W First St, Blue Ridge, GA 30513, USA",http://www.rumcakelady.com/
Cuban,Havana Sandwich Shop,"2905 Buford Hwy NE, Atlanta, GA 30329, USA",https://www.havanaatlanta.com/
Cuban,D'Cuban Cafe,"3665 Chamblee Dunwoody Rd, Chamblee, GA 30341, USA",https://dcubancafe.com/chamblee/
Cuban,Mambo's Cafe - Buford,"2925 Buford Dr Suite.900, Buford, GA 30519, USA",https://mambos-cafe.com/
Cuban,Lazaro's Cuban Cuisine,"25 Woodstock Rd, Roswell, GA 30075, USA",http://www.lazaroscuisine.com/
Cuban,Taqueria 441 South,"2989 US-441, Douglas, GA 31535, USA",
Cuban,"Rum Cake Lady Cuban Cafe MCCaysville, GA","10 Blue Ridge Dr, McCaysville, GA 30555, USA",http://www.rumcakelady.com/
Cuban,Nani's Restaurant,"51 D Earnest St, Blairsville, GA 30512, USA",
Cuban,Hola Cuban Cafe,"31 S 5th St, Fernandina Beach, FL 32034, USA",http://www.holacubancafe.com/
Cuban,Gordos Northside,"1460 Market St Suite #3-4, Tallahassee, FL 32312, USA",http://www.gordoscubanfood.com/
Tibetan,Himalayan Kitchen,"1651 Roswell St suite c, Smyrna, GA 30080, USA",https://himalayankitchenatl.wordpress.com/menu/
Egyptian,Pharaohs Palace Restaurant & Bar,"11890 Douglas Rd suite 105, Johns Creek, GA 30005, USA",http://www.pharaohspalacerestaurant.com/
Greek,Papouli's Mediterranean Cafe and Market,"121 Tom Hill Sr Blvd, Macon, GA 31210, USA",http://www.papouliscafe.com/
Greek,Grecian Gyro Forest Park,"4542 Old Dixie Hwy #104, Forest Park, GA 30297, USA",https://www.greciangyro.com/
Greek,Alpha Gyro Grill,"215 Jesse Jewell Pkwy SE, Gainesville, GA 30501, USA",https://www.facebook.com/alphagyrogrill/
Greek,Baba's Gyro & Kabob,"2310 Ronald Reagan Blvd Suite A, Cumming, GA 30041, USA",http://www.babasgyros.com/
Greek,Mediterranean Breeze Bar And Grill,"130 John W Morrow Jr Pkwy Suite i and j, Gainesville, GA 30501, USA",https://www.medbreezebarandgrill.com/
Greek,Laziza Mediterranean Grill - Evans,"4272 Washington Rd, Evans, GA 30809, USA",http://www.lazizagrill.com/
Greek,Taziki's Mediterranean Cafe - Athens,"227 Prince Ave, Athens, GA 30601, USA",https://www.tazikis.com/location/athens
Greek,Olympus Greek Taverna,"4090 Johns Creek Pkwy I, Suwanee, GA 30024, USA",https://olympustaverna.com/
Greek,Arby's,"1322 S Madison Ave, Douglas, GA 31533, USA",https://locations.arbys.com/ga/douglas/1322-south-madison-avenue.html?utm_source=google%20my%20business&utm_medium=organic&utm_campaign=website%20link
Greek,Grecian Gyro Hapeville,"855 Virginia Ave, Hapeville, GA 30354, USA",https://www.greciangyro.com/
Greek,Santorini Greek Restaurant,"3005 Old Alabama Rd Suite 100, Johns Creek, GA 30022, USA",https://www.instagram.com/santorinirestaurantga/
Greek,Grecian Gyro Dunwoody,"4468 Chamblee Dunwoody Rd, Dunwoody, GA 30338, USA",http://www.greciangyro.com/
Greek,PITA Mediterranean Street Food,"2340 Atlanta Hwy, Cumming, GA 30040, USA",
Greek,Chick-fil-A,"1305 Peterson Ave S, Douglas, GA 31533, USA",https://www.chick-fil-a.com/locations/ga/douglas-ga?utm_source=yext&utm_medium=link
Greek,Gardenia Mediterranean Restaurant,"4335 Bethelview Rd, Cumming, GA 30040, USA",https://www.gardeniarestaurant.com/
Greek,Fireside Pizza Shop,"114 N Peterson Ave #200, Douglas, GA 31533, USA",http://www.firesidepizzashop.com/
Greek,K&L Gyros & More,"513 Murphy Hwy, Blairsville, GA 30512, USA",
Greek,Ephesus Greek&Turkish kabob place,"3102 Washington Rd, Augusta, GA 30907, USA",https://ephesusgreekturkishga.com/
Greek,Johnny's New York Style Pizza,"329 Peterson Ave S, Douglas, GA 31533, USA",https://www.johnnyspizza.com/location/douglas/
Greek,Grecian Gyro Midtown,"1700 Northside Dr NW B6, Atlanta, GA 30318, USA",https://www.greciangyro.com/
Belgian,Los Benitez Mexican Restaurant,"532 N Main St, Pearson, GA 31642, USA",
Irish,Scruffy Murphy's Irish Pub,"1037 Broadway, Columbus, GA 31901, USA",http://www.scruffymurphyspub.com/
Irish,Maguire's,"42 Main St, Senoia, GA 30276, USA",http://www.maguiresirishpub.com/
Irish,Keegan's Public House,"1625 Ridenour Blvd #301, Kennesaw, GA 30152, USA",http://keegansirishpub.net/
Irish,Marlay House Irish Pub,"426 W Ponce de Leon Ave, Decatur, GA 30030, USA",https://www.themarlayhouse.com/
Irish,Pub + Grill,"6459 GA-42 Suite 10, Rex, GA 30273, USA",http://toasttab.com/irish-pub-grill
Irish,Shenanigans,"87 N Chestatee St, Dahlonega, GA 30533, USA",http://theshenaniganspub.com/
Irish,Parson's Pub,"19 Tennessee St, Murphy, NC 28906, USA",https://www.facebook.com/TheParsonsPub/
Irish,Paddy Coughlin's Pub,"14 Sherman Ave W, Fort Atkinson, WI 53538, USA",http://www.paddycoughlinspub.com/
Portuguese,Raízes de Portugal Café & BBQ,"146 Brighton Ave, Long Branch, NJ 07740, USA",https://raizesdeportugalcafebbqnj.com/
Turkish,Kaboblicious,"1362 Washington St, Clarkesville, GA 30523, USA",https://kabob-licious.com/
Haitian,Caribbean Foods Delight,"11768 Hastings Bridge Rd, Hampton, GA 30228, USA",
Haitian,Haitian cooking depot LLC,"5627 N Henry Blvd, Stockbridge, GA 30281, USA",https://haitianrestaurantstockbridge.com/
Haitian,Silany's restaurant lakay,"965 Duluth Hwy, Lawrenceville, GA 30043, USA",
Haitian,Haitian Food Store & Cuisine,"5046 Austell Rd, Austell, GA 30106, USA",
Haitian,New Life Caribbean Restaurant & Market,"11768 Hastings Bridge Rd, Hampton, GA 30228, USA",http://www.newliferestaurant.com/
Haitian,La Difference Bakery & Cafe,"540 Northdale Rd C, Lawrenceville, GA 30046, USA",
Haitian,K&M Production/ MLCMS Haitian botanic/Miraculouse logistics Care Multiple Services restaurant LLC,"807 E Barnard St, Glennville, GA 30427, USA",
Haitian,1804 Caribbean Cuisine,"3435 Medlock Bridge Rd #204, Peachtree Corners, GA 30092, USA",
Haitian,Ambience Lakay,"1900 Rockbridge Rd SW #106c, Stone Mountain, GA 30087, USA",https://ambiencelakaystonemountain.com/
Haitian,Ole Restaurant & Lounge,"5481 Memorial Dr, Stone Mountain, GA 30083, USA",https://www.facebook.com/Ole-Restaurant-Lounge-193967404119268/?rf=331531690308012
Haitian,JoJo Fritay,"1200 Ernest W Barrett Pkwy NW # 140, Kennesaw, GA 30144, USA",
Haitian,Marie's Caribbean Kitchen,"1510 Roswell Rd, Marietta, GA 30062, USA",http://marieshaitianresturant.com/
Tahitian,Atkinson County,"Atkinson County, GA, USA",
Kenyan,African Street Bites - Nigerian Cuisine,"215 Warhawk Dr, Kathleen, GA 31047, USA",https://african-street-bites.square.site/
Korean,Shilla Korean Restaurant,"1031 Kingsway, Vancouver, BC V5V 3C7, Canada",http://shillakorean.ca/
Algerian,Los Benitez Mexican Restaurant,"532 N Main St, Pearson, GA 31642, USA",
Nigerian,Alebi African Cuisine,"10694 135a St, Surrey, BC V3T 4E2, Canada",http://alebiafricanrestaurant.com/
Libyan,Atkinson County,"Atkinson County, GA, USA",
Moroccan,Imperial Fez Mediterranean Restaurant & Lounge,"4790 Peachtree Industrial Blvd Ste 204, Berkeley Lake, GA 30071, USA",https://imperialfezrestaurant.com/
Lebanese,Elkhatib Mediterranean Sizzle,"901 Mt Vernon Rd, Vidalia, GA 30474, USA",https://www.facebook.com/elkhatibkabobs?mibextid=ZbWKwL
Vietnamese,Saigon Kitchen Tifton,"724 W 2nd St, Tifton, GA 31794, USA",
Vietnamese,Saigon Pho,"760 Scranton Rd #100, Brunswick, GA 31525, USA",http://runinout.com/Saigon-Pho-Brunswick-GA
Vietnamese,Pure Pho & Grill,"410 Peachtree Pkwy Suite #208, Cumming, GA 30041, USA",https://www.skiplinow.com/shop/-MESo98DLvRAmzXGgpXj/site
Vietnamese,DUA Vietnamese Restaurant,"805 W Lanier Ave, Fayetteville, GA 30214, USA",
Vietnamese,Pho Saigon,"3076 Riverside Dr, Macon, GA 31210, USA",https://www.skiplinow.com/shop/V6ft21dDF/site
Vietnamese,Pho Ngon So 1,"5372 Jonesboro Rd, Lake City, GA 30260, USA",
Vietnamese,Pho Dai Loi,"4061 Jonesboro Rd, Forest Park, GA 30297, USA",
Vietnamese,Pho Cali Vietnamese Noodle Soup &Grill,"3780 Northside Dr, Macon, GA 31210, USA",http://www.phocalimacon.com/
Vietnamese,Nam Phuong Vietnamese Restaurant,"5495 Jimmy Carter Blvd, Norcross, GA 30093, USA",https://www.namphuongjimmycarter.com/
Vietnamese,Saigon Deli dba John Pho ‘N Bar,"3095 Peachtree Industrial Blvd #120, Duluth, GA 30097, USA",
Vietnamese,Super Banh Mi Pho,"1560 Indian Trail Lilburn Rd NW, Norcross, GA 30093, USA",https://superbanhmipho.com/
Vietnamese,Pho Dai Nam - Duluth,"1630 Pleasant Hill Rd SUITE 190, Duluth, GA 30096, USA",https://www.phodainam.com/
Vietnamese,Thanh Thanh Restaurant,"4446 Jonesboro Rd, Forest Park, GA 30297, USA",
Vietnamese,Uptown Vietnam Cuisine,"1250 Broadway, Columbus, GA 31901, USA",https://www.uptownvietnamcuisine.net/
Vietnamese,DUA Vietnamese,"1865 Heritage Walk, Milton, GA 30004, USA",http://www.duafishtank.com/
Vietnamese,Pho Dai Viet Restaurant,"4279 Roswell Rd NE Ste 206, Atlanta, GA 30342, USA",https://www.phodaiviet.com/
Vietnamese,Just Pho...and more,"1063 Baxter St, Athens, GA 30606, USA",https://www.facebook.com/justphoandmore/
Vietnamese,Cơm Gà Houston,"3350 Steve Reynolds Blvd, Duluth, GA 30096, USA",http://www.comgahoustonduluth.com/
Vietnamese,O Mi Ga Vietnamese Kitchen,"209 Edgewood Ave NE, Atlanta, GA 30303, USA",https://omigaatl.square.site/
Hungarian,Brigitta's Hungarian Restaurant,"202 Hwy 31 East, 202 TX-31, Kilgore, TX 75662, USA",http://www.brigittashungariandelivery.com/
Mediterranean,Gardenia Mediterranean Restaurant,"4335 Bethelview Rd, Cumming, GA 30040, USA",https://www.gardeniarestaurant.com/
Mediterranean,Jaffa Restaurant Atl (Halal),"10684 Alpharetta Hwy #500, Roswell, GA 30076, USA",https://jaffarestaurantatl.com/
Mediterranean,Medi's Mediterranean Fusion Restaurant,"1687 Bass Rd #103, Macon, GA 31210, USA",http://www.medisonbass.com/
Mediterranean,Mediterranean Express ATL,"3162 Johnson Ferry Rd suite 100, Marietta, GA 30062, USA",https://www.mediterraneanexpressatl.com/
Mediterranean,Atkinson County,"Atkinson County, GA, USA",
Mediterranean,Mediterranean Grill,"1255 Johnson Ferry Rd, Marietta, GA 30068, USA",https://mediterraneangrill.com/
Mediterranean,Papouli's Mediterranean Cafe and Market,"121 Tom Hill Sr Blvd, Macon, GA 31210, USA",http://www.papouliscafe.com/
Mediterranean,Cafe Sababa - Mediterranean Grill,"4639 N Shallowford Rd, Dunwoody, GA 30338, USA",http://www.cafesababa.info/
Mediterranean,Baba's Gyro & Kabob,"2310 Ronald Reagan Blvd Suite A, Cumming, GA 30041, USA",http://www.babasgyros.com/
Mediterranean,Elkhatib Mediterranean Sizzle,"901 Mt Vernon Rd, Vidalia, GA 30474, USA",https://www.facebook.com/elkhatibkabobs?mibextid=ZbWKwL
Mediterranean,Jerusalem Bakery & Grill,"11235 Alpharetta Hwy, Roswell, GA 30076, USA",https://roswell.jerusalembg.com/
Mediterranean,Fireside Pizza Shop,"114 N Peterson Ave #200, Douglas, GA 31533, USA",http://www.firesidepizzashop.com/
Mediterranean,Adana Mediterranean Grill,"585 Franklin Gateway SE unit B-3, Marietta, GA 30067, USA",https://adanagrillatl.com/
Mediterranean,Farsi Kitchen Mediterranean Restaurant,"8540 Roswell Rd, Sandy Springs, GA 30350, USA",https://www.farsikitchen.com/
Mediterranean,Acropolis Grill,"2213 Hamilton Pl Blvd, Chattanooga, TN 37421, USA",http://acropolisgrill.com/
Mediterranean,Olive Garden Italian Restaurant,"2497 Memorial Dr, Waycross, GA 31501, USA",https://www.olivegarden.com/locations/ga/waycross/waycross-memorial-drive/5814?cmpid=br:og_ag:ie_ch:loc_ca:OGGMB_sn:gmb_gt:waycross-ga-5814_pl:locurl_rd:1830
Mediterranean,Olive Garden Italian Restaurant,"1208 US-82, Tifton, GA 31794, USA",https://www.olivegarden.com/locations/ga/tifton/tifton/4459?cmpid=br:og_ag:ie_ch:loc_ca:OGGMB_sn:gmb_gt:tifton-ga-4459_pl:locurl_rd:1799
Mediterranean,Johnny's New York Style Pizza,"329 Peterson Ave S, Douglas, GA 31533, USA",https://www.johnnyspizza.com/location/douglas/
Mediterranean,Covington's Dining & Catering,"310 N Patterson St, Valdosta, GA 31601, USA",http://www.covingtonscatering.com/
Mediterranean,Olive Garden Italian Restaurant,"1315 St Augustine Rd, Valdosta, GA 31601, USA",https://www.olivegarden.com/locations/ga/valdosta/valdosta/1887?cmpid=br:og_ag:ie_ch:loc_ca:OGGMB_sn:gmb_gt:valdosta-ga-1887_pl:locurl_rd:1729
Ethiopian,Harambe Ethiopian Restaurant,"2149 Commercial Dr, Vancouver, BC V5N 4B3, Canada",
Ethiopian,Gojo Café Ethiopia I Ethiopian Cuisine,"2838 Commercial Dr, Vancouver, BC V5N 4C6, Canada",http://www.gojocafe.com/
Ethiopian,Axum Restaurant,"1279 E Hastings St, Vancouver, BC V6A 1S4, Canada",http://www.axumrestaurant.ca/
Caribbean,Little Jamaican Restaurant,"239 E Oglethorpe Blvd, Albany, GA 31705, USA",https://www.facebook.com/LittleJamaicanRestaurant/
Caribbean,T's Caribbean Restaurant,"3285 Salem Rd, Covington, GA 30016, USA",
Caribbean,J&F Caribbean Delight - Centerville,"100 Gunn Rd Suite 2, Centerville, GA 31028, USA",https://us.orderspoon.com/jandf-caribbean-delight
Caribbean,J&F Caribbean Delight,"1686 N Atwood Dr, Macon, GA 31204, USA",
Caribbean,Crooklyn New York Caribbean Cuisine,"3924 Pio Nono Ave, Macon, GA 31206, USA",
Caribbean,Island Pot JA,"2270 Pio Nono Ave, Macon, GA 31206, USA",
Caribbean,Ionie’s Caribbean Kitchen,"1142 Atlanta Hwy, Grayson, GA 30017, USA",https://m.facebook.com/pages/Ionies-Island-Kitchen/120240694654749
Caribbean,Caribee Jerk,"200 Paulding Plaza, Dallas, GA 30132, USA",https://www.facebook.com/profile.php?id=100072125289551
Caribbean,876 Island Cuisine,"101 Maple Dr Suite 1, Martinez, GA 30907, USA",
Caribbean,Jamaican Jerk,"1320 Sam Nunn Blvd, Perry, GA 31069, USA",
Caribbean,Jamaican Flava Caribbean Cooking LLC,"2195 Watson Blvd suite I, Warner Robins, GA 31095, USA",http://jamaicanflava.dine.online/?utm_source=website
Caribbean,M&J Caribbean Cuisine,"3380 Holcomb Bridge Rd #7a, Norcross, GA 30092, USA",
Caribbean,Caribbean Fiesta,"3520 Breckinridge Blvd #113, Duluth, GA 30096, USA",http://www.caribbeanfiesta.com/
Caribbean,Golden Krust Caribbean Restaurant,"5077 Jimmy Lee Smith Pkwy, Hiram, GA 30141, USA",https://locations.goldenkrust.com/ll/US/GA/Hiram/5077-Jimmy-Lee-Smith-Parkway
Caribbean,Kool Runnings Jamaican Restaurant,"5450 Peachtree Pkwy, Peachtree Corners, GA 30092, USA",https://www.orderkoolrunnings.com/
Caribbean,Spice IT UP,"3375 Holcomb Bridge Rd D, Norcross, GA 30092, USA",https://spiceitupfusion.com/
Caribbean,ISLAND VIBES CARIBBEAN KITCHEN AND CATERING,"1955 HWY 138 NE, Suite 1000, Conyers, GA 30013, USA",http://islandvibeskitchen.com/
Caribbean,Zona Caribbean Restaurant Bar and Grill,"4181 Steve Reynolds Blvd, Norcross, GA 30093, USA",http://zonacaribbean.com/
Caribbean,Jay's Caribbean Cuisine,"150 Hurricane Shoals Rd NW, Lawrenceville, GA 30046, USA",https://www.jayscaribbean.com/
Caribbean,Tropical Flava,"2396 Ingleside Ave, Macon, GA 31204, USA",http://www.tropicalflava.com/
Soul,Nellie's kitchen,"400 Railroad St, Alapaha, GA 31622, USA",
Argentinian,Los Benitez Mexican Restaurant,"532 N Main St, Pearson, GA 31642, USA",
Argentinian,Sabores Del Plata,"6200 Buford Hwy NE #1g, Norcross, GA 30071, USA",https://saboresatlanta.com/
Argentinian,Del Sur Artisan Eats,"321 Mallery St, St Simons Island, GA 31522, USA",https://delsursaintsimons.com/
Argentinian,Belen de la Cruz - Empanadas & Pastries - Johns Creek,"11730 Jones Bridge Rd Suite F, Johns Creek, GA 30005, USA",https://belendelacruz.com/
Chilean,Citlalli's Mexican Restaurant,"248 W Albany Ave, Pearson, GA 31642, USA",
Colombian,La Casona Colombian Restaurant,"3820 Stewart Rd, Doraville, GA 30340, USA",
Colombian,Mi Bella Colombia,"2785 Cruse Rd NW #2, Lawrenceville, GA 30044, USA",https://mibellacolombiaga.com/
Colombian,La Ruana Colombian Restaurant,"4015 Holcomb Bridge Rd, Norcross, GA 30071, USA",
Colombian,Trigos Colombian Restaurant,"860 Duluth Hwy Suite 190, Lawrenceville, GA 30043, USA",
Colombian,Casa Vieja,"3652 Shallowford Rd, Doraville, GA 30340, USA",
Colombian,Las Arepas De Julia,"4044 Lawrenceville Hwy, Lilburn, GA 30047, USA",https://www.lasarepasdejuliarestaurant.com/
Colombian,Las Delicias De La Abuela,"5600 Buford Hwy NE Suite #E, Doraville, GA 30340, USA",https://laabuela.co/
Colombian,Pimenton Parrilla & Bar,"1570 Buford Hwy NE, Buford, GA 30518, USA",
Colombian,RIKO POLLO By La Abuela,"1630 Pleasant Hill Rd Suite 240, Duluth, GA 30096, USA",https://rikopolloga.com/
Colombian,Las Delicias De La Abuela 2,"1630 Pleasant Hill Rd # 270, Duluth, GA 30096, USA",https://lasdeliciasdelaabuelaatl.com/
Colombian,Los Recuerdos Colombian Restaurant,"1455 Pleasant Hill Rd #807b, Lawrenceville, GA 30044, USA",http://restaurantecolombianorecuerdos.com/
Colombian,La Churreria Cafe & Bakery,"5730 Buford Hwy Ste. G, Norcross, GA 30071, USA",https://lachurreriabakery.com/
Colombian,Oregano Latin Bar And Grill,"1605 Buford Hwy NE suite S, Buford, GA 30518, USA",https://oreganolatinbarandgrillga.com/
Colombian,Colombia La Bella Lake Mary,"3801 W Lake Mary Blvd, Lake Mary, FL 32746, USA",https://www.colombialabellafl.com/
Colombian,La Antioquena Restaurant,"3861 Lake Emma Rd, Lake Mary, FL 32746, USA",http://www.colombianfoodlakemary.com/
Colombian,The Shack Cafe,"74 W Albany Ave, Pearson, GA 31642, USA",
Colombian,Colombian Bakery Restaurant,"226 W Broad St B, Statesville, NC 28677, USA",
Colombian,The Colombian Corner,"1085 Eagle Lake Dr #12, Lawrenceburg, KY 40342, USA",https://www.thecolombiancorner.com/
Costa Rican,Costa Verde Restaurant,"6200 Buford Hwy, Norcross, GA 30071, USA",
Danish,Los Benitez Mexican Restaurant,"532 N Main St, Pearson, GA 31642, USA",
Ecuadorian,Los Benitez Mexican Restaurant,"532 N Main St, Pearson, GA 31642, USA",
Finnish,Altman's Restaurant,"1038 State Rte 57, Townsend, GA 31331, USA",http://runinout.com/Altman%27s-Seafood-Restaurant-townsend-GA
Guatemalan,Guatemala Grill,"415 Atlanta Hwy, Gainesville, GA 30501, USA",
Guatemalan,Restaurante Guatemalteco Eterna Primavera,"5050 Jimmy Carter Blvd #510, Norcross, GA 30093, USA",https://gzdwebserver.sfo2.digitaloceanspaces.com/ETP_menu_finalweb.pdf
Guatemalan,Panadería Mi Bella Guatemala,"5895 Jimmy Carter Blvd, Norcross, GA 30071, USA",
Guatemalan,Xela Pan Cafe,"5268 Buford Hwy NE C, Doraville, GA 30340, USA",
Honduran,La Costa Restaurante Hondureño,"6780 Dawson Blvd, Norcross, GA 30093, USA",
Honduran,Brisas De Tela,"1480 Beaver Ruin Rd A, Norcross, GA 30093, USA",
Honduran,El Rinconcito,"4955 Alton Tucker Blvd NE #400, Sugar Hill, GA 30518, USA",
Honduran,Toñita's Restaurant,"185 Veterans Memorial Hwy SW # 107, Mableton, GA 30126, USA",https://tonitasrestaurantga.com/
Honduran,La Glorieta Honduran Restaurant,"4010 Lawrenceville Hwy, Tucker, GA 30084, USA",https://laglorieta504.com/
Honduran,Baleadas to go,"At Lowe's, 575 Molly Ln, Woodstock, GA 30189, USA",
Indonesian,Indo Cafe,"13754 Aurora Ave N Suite D, Seattle, WA 98133, USA",http://www.myindocafe.com/
Iranian,Pasargad Restaurant,"2565 Barnet Hwy #22, Coquitlam, BC V3H 4E2, Canada",http://pasargadrestaurant.ca/
Israeli,Jerusalem Bakery & Grill,"11235 Alpharetta Hwy, Roswell, GA 30076, USA",https://roswell.jerusalembg.com/
Jamaican,Jamaican Jerk,"1320 Sam Nunn Blvd, Perry, GA 31069, USA",
Jamaican,J&F Caribbean Delight,"1686 N Atwood Dr, Macon, GA 31204, USA",
Jamaican,Jamaican Taste,"10219 Tara Blvd, Jonesboro, GA 30236, USA",http://ilovejamaicantaste.com/
Jamaican,Jimma's Jamaican restaurant,"2678 Godby Rd, College Park, GA 30349, USA",
Jamaican,Island Pot JA,"2270 Pio Nono Ave, Macon, GA 31206, USA",
Jamaican,M&J Caribbean Cuisine,"3380 Holcomb Bridge Rd #7a, Norcross, GA 30092, USA",
Jamaican,Yeah Man Jamaican Restaurant,"302 Veterans Memorial Hwy SW Suite 156, Mableton, GA 30126, USA",https://www.yeahmanrestaurantinc.com/
Jamaican,Kool Runnings Jamaican Restaurant,"5450 Peachtree Pkwy, Peachtree Corners, GA 30092, USA",https://www.orderkoolrunnings.com/
Jamaican,Jamaica Way,"2650 Tobacco Rd, Hephzibah, GA 30815, USA",
Jamaican,Spice IT UP,"3375 Holcomb Bridge Rd D, Norcross, GA 30092, USA",https://spiceitupfusion.com/
Jamaican,Little Jamaican Restaurant,"239 E Oglethorpe Blvd, Albany, GA 31705, USA",https://www.facebook.com/LittleJamaicanRestaurant/
Jamaican,Caribbean Fiesta,"3520 Breckinridge Blvd #113, Duluth, GA 30096, USA",http://www.caribbeanfiesta.com/
Jamaican,Chef Mike Jamaican Bar & Grill,"4609 Jonesboro Rd, Forest Park, GA 30297, USA",https://calendly.com/chefmikejbg
Jamaican,T's Caribbean Restaurant,"3285 Salem Rd, Covington, GA 30016, USA",
Jamaican,ISLAND VIBES CARIBBEAN KITCHEN AND CATERING,"1955 HWY 138 NE, Suite 1000, Conyers, GA 30013, USA",http://islandvibeskitchen.com/
Jamaican,Jamaican Jerk Biz,"1400 Veterans Memorial Hwy SE, Mableton, GA 30126, USA",http://jamaicanjerk.biz/
Jamaican,Crooklyn New York Caribbean Cuisine,"3924 Pio Nono Ave, Macon, GA 31206, USA",
Jamaican,Jamaican Flava Caribbean Cooking LLC,"2195 Watson Blvd suite I, Warner Robins, GA 31095, USA",http://jamaicanflava.dine.online/?utm_source=website
Jamaican,Tropical Taste Restaurant,"231 E Oglethorpe Blvd, Albany, GA 31705, USA",https://www.facebook.com/tropicaltt
Jamaican,Zona Caribbean Restaurant Bar and Grill,"4181 Steve Reynolds Blvd, Norcross, GA 30093, USA",http://zonacaribbean.com/
Laotian,4 Elephants,"5521 Main St, Flowery Branch, GA 30542, USA",http://4elephantscatering.com/
Malaysian,Penang Malaysian Cuisine,"2491 George Busbee Pkwy NW, Kennesaw, GA 30144, USA",
Mongolian,Khan Mongolian Grill,"1998 Watson Blvd, Warner Robins, GA 31093, USA",https://www.khanmongoliangrillga.com/
Nepalese,Namaste Savannah,"8 E Broughton St, Savannah, GA 31401, USA",https://www.namaste-savannah.com/
Nicaraguan,Mi Linda Managua Restaurant,"5530 Buford Hwy NE Suite 302, Norcross, GA 30071, USA",
Pakistani,Sabri Kabab House,"6075 Singleton Rd, Norcross, GA 30093, USA",
Paraguayan,Los Benitez Mexican Restaurant,"532 N Main St, Pearson, GA 31642, USA",
Peruvian,The Freakin Incan,"4651 Woodstock Rd Suite 305, Roswell, GA 30075, USA",https://www.thefreakinincan.com/
Peruvian,Somos Peru,"3907 Burns Rd NW suite 1, Lilburn, GA 30047, USA",
Peruvian,La Casita Peruvian Restaurant,"104 Dogwood Ave, Richmond Hill, GA 31324, USA",https://lacasitaperuvianrestaurantrichmondhill.com/
Peruvian,Contigo Peru Restaurant & Sports Bar Grill,"1241 Indian Trail Lilburn Rd NW, Norcross, GA 30093, USA",
Peruvian,Sabor Inka,"960 Pleasant Hill Rd, Lawrenceville, GA 30044, USA",http://www.saborinka.com/
Peruvian,Costa Verde Restaurant,"6200 Buford Hwy, Norcross, GA 30071, USA",
Peruvian,Las Brasas,"614 Church St, Decatur, GA 30030, USA",http://lasbrasasdecatur.com/
Peruvian,Atkinson County,"Atkinson County, GA, USA",
Peruvian,Tio Lucho's,"675 North Highland Avenue Northeast Suite 6000, Atlanta, GA 30306, USA",http://www.tioluchos.com/
Peruvian,Quechuas Peru Restaurant,"4825 Sugarloaf Pkwy STE G, Lawrenceville, GA 30044, USA",https://quechuasrestaurant.com/
Peruvian,La Brasa Rustica,"4175 Pleasant Hill Rd, Duluth, GA 30096, USA",http://www.lasbrasarustica.com/
Peruvian,Rico sabor peruano,"1560 Indian Trail Lilburn Rd NW, Norcross, GA 30093, USA",https://ricosaborperuanoga.com/
Peruvian,Mambo's Cafe - Buford,"2925 Buford Dr Suite.900, Buford, GA 30519, USA",https://mambos-cafe.com/
Peruvian,Machu Picchu Restaurant,"2863 Buford Hwy NE, Atlanta, GA 30329, USA",
Peruvian,Mambo's Cafe - Alpharetta,"4915 Windward Pkwy Suite 130, Alpharetta, GA 30004, USA",https://mambos-cafe.com/
Peruvian,Pisco Latin Kitchen,"5975 Roswell Rd Ste. E-353, Sandy Springs, GA 30328, USA",https://piscolk.com/
Peruvian,The Flippin Chicken,"4674 Sandy Plains Rd, Roswell, GA 30075, USA",https://www.flippinchicken.com/
Peruvian,Contigo Peru,"3567 Chamblee Dunwoody Rd, Chamblee, GA 30341, USA",
Peruvian,Panaderia Jalisco Bakery,"41 Paper Mill Rd, Lawrenceville, GA 30046, USA",
Philippine,BERN'S PLACE FILIPINO RESTAURANT AND STORE,"4595 Bemiss Rd, Valdosta, GA 31605, USA",https://mylightspeed.app/MEMZCZOQ/C-ordering
Polish,Margo's Gourmet Polish Kitchen,"11 Mountain St #1, Blue Ridge, GA 30513, USA",
Puerto Rican,D’Corner Latin Restaurant,"3975 Hwy 17, Richmond Hill, GA 31324, USA",https://www.dcornerlatincuisine.com/
Puerto Rican,Chazito's Latin Cuisine,"217 US-80, Pooler, GA 31322, USA",http://www.chazitos.com/
Puerto Rican,Borinquen Foods,"2001 S Lumpkin Rd # 17, Columbus, GA 31903, USA",
Puerto Rican,Coquí VIP restaurant,"475 Pleasant Hill Rd #115, Lilburn, GA 30047, USA",https://alcapurriasspotga.com/
Puerto Rican,La Garita Restaurant & Bakery LLC,"1230 Fort Benning Rd, Columbus, GA 31903, USA",
Puerto Rican,Papi's Cuban & Caribbean Grill,"1375 Rock Quarry Rd, Stockbridge, GA 30281, USA",https://papisgrill.com/
Puerto Rican,El Sartén Latino,"1115 McDonough Pl, McDonough, GA 30253, USA",
Puerto Rican,Cuban Island Cafe,"402 GA-247 #300, Bonaire, GA 31005, USA",http://cubanislandcafe.com/
Puerto Rican,Papi's Cuban & Caribbean Grill,"911 Duluth Hwy, Lawrenceville, GA 30043, USA",http://www.papisgrill.com/
Puerto Rican,Papi's Cuban & Caribbean Grill,"745 Chastain Rd NW, Kennesaw, GA 30144, USA",https://papisgrill.com/
Puerto Rican,El Caribe Restaurant,"425 W Oglethorpe Blvd, Albany, GA 31701, USA",https://order.online/business/el-caribe-restaurant-483340
Puerto Rican,Versace Dominican Restaurant Caribbean Food,"510 Pleasant Hill Rd, Lilburn, GA 30047, USA",https://versacedominicanrestaurant.net/
Puerto Rican,Rauls Latin Kitchen,"3795 Presidential Pkwy FP8, Atlanta, GA 30340, USA",
Puerto Rican,Rico,"3100 N Ocoee St, Cleveland, TN 37312, USA",
Puerto Rican,Panaderia Boricua,"1175 Indian Trail Lilburn Rd NW Suite E, Norcross, GA 30093, USA",https://gerryscakesupply.getrestaurantops.com/#top
Puerto Rican,Mi Casita Boricua Restaurant,"550 Pleasant Hill Rd Suite A205, Lilburn, GA 30047, USA",
Saudi Arabian,Dijla Cafe & Lounge,"3711 N Decatur Rd #116, Decatur, GA 30032, USA",http://www.dijlacafe.com/
Singaporean,Prata-Man Singapore Cuisine,"9060 Capstan Wy, Richmond, BC V6X 3N6, Canada",https://prata-man-richmond.business.site/
Somali,Somali,"5065 Memorial Dr, Stone Mountain, GA 30083, USA",
South African,MASSA AFRICAN RESTAURANT,"812 Elma G Miles Pkwy, Hinesville, GA 31313, USA",https://order.online/business/massa-african-restaurant-hinesville-11476693
Swiss,The Shack Cafe,"74 W Albany Ave, Pearson, GA 31642, USA",
Syrian,Yalda Persian & Middle Eastern Restaurant,"6500 Aria Blvd Suite 500, Sandy Springs, GA 30328, USA",http://yaldaatl.com/
Taiwanese,Bubble 88,"10209 King George Blvd #102, Surrey, BC V3T 2W6, Canada",https://bubble88.business.site/
Thai,Thai Spice (formerly Thai Smile),"314 Pendleton St, Waycross, GA 31501, USA",http://www.thaispicewaycross.com/
Thai,Lamai Ban Thai Kitchen,"4950 Carey Station Rd Suite A, Greensboro, GA 30642, USA",
Thai,Tina's Kitchen Thai Cuisine,"328 Oneal Dr, Waverly Hall, GA 31831, USA",
Thai,Coconut Thai Cuisine,"7 College Plaza, Statesboro, GA 30458, USA",https://coconutthaicuisine.net/
Thai,Spice 55 Thai and Sushi restaurant,"705 Brucken Strasse, Helen, GA 30545, USA",http://www.spice55.net/
Thai,Garlic Thai Cuisine and Sushi Bar,"16 N Court Square, Newnan, GA 30263, USA",https://www.garlicthai.com/
Thai,Bangkok Haus Restaurant Helen,"707 Edelweiss Strasse, Helen, GA 30545, USA",http://www.facebook.com/bangkokhaushelen
Thai,Smile Thai Cuisine,"837 GA-400 #160, Dawsonville, GA 30534, USA",http://www.smilethaiga.com/
Thai,Nahm Fine Thai Cuisine,"5310 Windward Pkwy W, Alpharetta, GA 30004, USA",http://www.nahmfinethaicuisine.com/
Thai,Erawan Organic Thai Restaurant,"7537 Roswell Rd, Sandy Springs, GA 30350, USA",http://erawanorganicthai.com/
Tunisian,Los Benitez Mexican Restaurant,"532 N Main St, Pearson, GA 31642, USA",
Ukrainian,Golden Boar,"2158 County Line Rd, Huntingdon Valley, PA 19006, USA",
Venezuelan,Venezuelan food enjoy,"3917 Flythe Rd, Valdosta, GA 31602, USA",https://venezuelanfoodenjoy.com/
Vietnamese,Saigon Kitchen Tifton,"724 W 2nd St, Tifton, GA 31794, USA",
Vietnamese,Saigon Pho,"760 Scranton Rd #100, Brunswick, GA 31525, USA",http://runinout.com/Saigon-Pho-Brunswick-GA
Vietnamese,Pure Pho & Grill,"410 Peachtree Pkwy Suite #208, Cumming, GA 30041, USA",https://www.skiplinow.com/shop/-MESo98DLvRAmzXGgpXj/site
Vietnamese,DUA Vietnamese Restaurant,"805 W Lanier Ave, Fayetteville, GA 30214, USA",
Vietnamese,Pho Saigon,"3076 Riverside Dr, Macon, GA 31210, USA",https://www.skiplinow.com/shop/V6ft21dDF/site
Vietnamese,Pho Ngon So 1,"5372 Jonesboro Rd, Lake City, GA 30260, USA",
Vietnamese,Pho Dai Loi,"4061 Jonesboro Rd, Forest Park, GA 30297, USA",
Vietnamese,Pho Cali Vietnamese Noodle Soup &Grill,"3780 Northside Dr, Macon, GA 31210, USA",http://www.phocalimacon.com/
Vietnamese,Nam Phuong Vietnamese Restaurant,"5495 Jimmy Carter Blvd, Norcross, GA 30093, USA",https://www.namphuongjimmycarter.com/
Vietnamese,Saigon Deli dba John Pho ‘N Bar,"3095 Peachtree Industrial Blvd #120, Duluth, GA 30097, USA",
Vietnamese,Super Banh Mi Pho,"1560 Indian Trail Lilburn Rd NW, Norcross, GA 30093, USA",https://superbanhmipho.com/
Vietnamese,Pho Dai Nam - Duluth,"1630 Pleasant Hill Rd SUITE 190, Duluth, GA 30096, USA",https://www.phodainam.com/
Vietnamese,Thanh Thanh Restaurant,"4446 Jonesboro Rd, Forest Park, GA 30297, USA",
Vietnamese,Uptown Vietnam Cuisine,"1250 Broadway, Columbus, GA 31901, USA",https://www.uptownvietnamcuisine.net/
Vietnamese,DUA Vietnamese,"1865 Heritage Walk, Milton, GA 30004, USA",http://www.duafishtank.com/
Vietnamese,Pho Dai Viet Restaurant,"4279 Roswell Rd NE Ste 206, Atlanta, GA 30342, USA",https://www.phodaiviet.com/
Vietnamese,Just Pho...and more,"1063 Baxter St, Athens, GA 30606, USA",https://www.facebook.com/justphoandmore/
Vietnamese,Cơm Gà Houston,"3350 Steve Reynolds Blvd, Duluth, GA 30096, USA",http://www.comgahoustonduluth.com/
Vietnamese,O Mi Ga Vietnamese Kitchen,"209 Edgewood Ave NE, Atlanta, GA 30303, USA",https://omigaatl.square.site/
Zambian,MASSA AFRICAN RESTAURANT,"812 Elma G Miles Pkwy, Hinesville, GA 31313, USA",https://order.online/business/massa-african-restaurant-hinesville-11476693
