Cuisine Type,Name,Address,Website
Mexican,Diego's Burrito Factory & Margarita Bar,"15514 Front Beach Rd, Panama City Beach, FL 32413, USA",http://www.diegosburritofactory.com/menu.aspx
Mexican,Maddie's La Casita,"561 Harrison Ave, Panama City, FL 32401, USA",http://www.maddieslacasita.com/
Mexican,El Rodeo Tequila Bar & Grill,"1136 Thomas Dr, Panama City, FL 32408, USA",https://elrodeotequilabargrillfl.com/
Mexican,El Jalisco Panama City,"766 W 23rd St, Panama City, FL 32405, USA",https://www.eljalisco.com/locations/panama-city/
Mexican,Mi Casita Jalisco,"1010 W 15th St, Panama City, FL 32401, USA",https://micasitajalisco.com/
Mexican,Pepper's Mexican Grill and Cantina,"2061 N Cove Blvd, Panama City, FL 32405, USA",https://www.peppersmexicancantina.com/
Mexican,Los Rancheros Mexican Restaurant,"111 W 23rd St, Panama City, FL 32405, USA",http://losrancherospc.com/
Mexican,AutentiKa Mexican Grille,"14662 Front Beach Rd #3517, Panama City Beach, FL 32413, USA",https://sites.google.com/view/autentikamexicangrille/home
Mexican,Guadalajara Mexican grill,"8730 Thomas Dr, Panama City, FL 32408, USA",
Mexican,La Michoacana Restaurant,"4003 W 18th St E, Panama City, FL 32401, USA",
Mexican,El Jalisco Lynn Haven,"1815 FL-77, Lynn Haven, FL 32444, USA",https://www.eljalisco.com/locations/lynn-haven/
Mexican,Diego's Burrito Factory & Margarita Bar,"6209 Sunset Dr, Panama City Beach, FL 32408, USA",http://www.diegosburritofactory.com/menu
Mexican,Old Mexico Restaurant,"1812 FL-77, Lynn Haven, FL 32444, USA",https://order.online/business/old-mexico-restaurant-11573270
Mexican,Los Rancheros Mexican Restaurant,"11208 Front Beach Rd, Panama City Beach, FL 32407, USA",http://www.losrancherospc.com/
Mexican,El Weirdo,"24 Oak Ave, Panama City, FL 32401, USA",http://www.elweirdodowntown.com/
Mexican,Old Mexico Restaurant,"430 S Tyndall Pkwy, Panama City, FL 32404, USA",
Mexican,San Marcos Mexican Grill Pier Park,"101 Bluefish Dr Suite 105, Panama City Beach, FL 32413, USA",https://sanmarcospcb.com/
Mexican,Tacos Way LLC,"2310 s FL-77 Suite 130, Lynn Haven, FL 32444, USA",http://tacoswayllc.com/
Mexican,Los Antojitos Mexican Restaurant,"1236 Beck Ave, Panama City, FL 32401, USA",http://www.losantojitos.com/
Mexican,Taco Casa,"663 W 23rd St, Panama City, FL 32405, USA",https://www.tacocasapc.com/
Swedish,Flip Flop's Bar & Grill,"Upper Grand Lagoon, FL 32408, USA",http://www.bluegreenvacations.com/
Latvian,Alice's on Bayview,"1000 Bayview Ave, Panama City, FL 32401, USA",http://www.alicesonbayview.com/
Italian,Carrabba's Italian Grill,"13820 Panama City Beach Pkwy, Panama City, FL 32407, USA",https://locations.carrabbas.com/florida/panama-city/13820-panama-city-beach-pkwy?y_source=1_MTU1MDI5MDctNzE1LWxvY2F0aW9uLndlYnNpdGU%3D
Italian,Bella Roma Tuscan Grill,"11535 Hutchison Blvd Ste 101, Panama City Beach, FL 32407, USA",https://bellaromapcb.com/
Italian,Olive Garden Italian Restaurant,"2397 FL-77, Panama City, FL 32405, USA",https://www.olivegarden.com/locations/fl/panama-city/panama-city-sr-77/1395?cmpid=br:og_ag:ie_ch:loc_ca:OGGMB_sn:gmb_gt:panama-city-fl-1395_pl:locurl_rd:1296
Italian,Ferrucci Ristorante,"301 Harrison Ave, Panama City, FL 32401, USA",https://ferruccipc.com/
Italian,Fazoli's,"2219 Martin Luther King Jr Blvd, Panama City, FL 32404, USA",https://locations.fazolis.com/fl/panama-city/2219-mlk-jr-blvd.html?utm_source=yext+GMB&utm_medium=local&utm_campaign=website&y_source=1_MjQ0NTg2ODEtNzE1LWxvY2F0aW9uLndlYnNpdGU%3D
Italian,Pana Roma Pizza & Pasta,"840 W 23rd St, Panama City, FL 32405, USA",http://www.panaromapizzaandpasta.com/
Italian,Guru's Pizza 786 Indian - Italian Cuisine (Pizza-Pasta-Wings-Sandwiches),"7806 Front Beach Rd, Panama City Beach, FL 32407, USA",https://www.guruspizza786.com/
Italian,Pizzaria Napoli,"6144 E Hwy 98, Panama City, FL 32401, USA",https://www.pizzerianapolipc.com/
Italian,Panama Pizzeria,"3123 Thomas Dr, Panama City Beach, FL 32408, USA",http://www.panamapizzeria.com/
Italian,Olive Garden Italian Restaurant,"15701 Panama City Beach Pkwy, Panama City Beach, FL 32413, USA",https://www.olivegarden.com/locations/fl/panama-city-beach/panama-city-beach/1774?cmpid=br:og_ag:ie_ch:loc_ca:OGGMB_sn:gmb_gt:panama-city-beach-fl-1774_pl:locurl_rd:1622
Italian,amici 30A Italian Kitchen,"12805 US-98 R101, Inlet Beach, FL 32461, USA",http://www.amici30a.com/
Italian,Teddy’s Spaghetti and Pizza,"7010 Thomas Dr, Panama City, FL 32408, USA",http://teddyspcb.com/
Italian,St. Andrews Slice House,"1127 1/2 Beck Ave, Panama City, FL 32401, USA",http://slice.house/
Italian,Marco Polo Pizzeria,"12700 Front Beach Rd, Panama City Beach, FL 32407, USA",https://www.ordermarcopolo.com/?utm_source=gbp
Italian,Paparazzi Pizza,"2810 Thomas Dr, Panama City Beach, FL 32408, USA",https://www.paparazzipizzapcb.com/
Italian,Enzos Pizza & Grill,"1322 Beck Ave, Panama City, FL 32401, USA",http://www.enzospizzaandgrill.com/
Spanish,Cocina Latina - Latin restaurant,"280 S Arnold Rd, Panama City Beach, FL 32413, USA",
Spanish,La Cuscatleca,"1815 W 15th St, Panama City, FL 32401, USA",
Spanish,El Jalisco Panama City,"766 W 23rd St, Panama City, FL 32405, USA",https://www.eljalisco.com/locations/panama-city/
Spanish,Pinch a tako,"4200 US-98, Panama City, FL 32401, USA",
Spanish,El Rodeo Tequila Bar & Grill,"1136 Thomas Dr, Panama City, FL 32408, USA",https://elrodeotequilabargrillfl.com/
Spanish,Toro Barcelona,"4601 US-98, Panama City, FL 32401, USA",
Spanish,La Michoacana Restaurant,"4003 W 18th St E, Panama City, FL 32401, USA",
Spanish,Mi Ranchito Tienda & Takeria,"5317 FL-22, Panama City, FL 32404, USA",
Spanish,Havana Night Restaurant & Bakery,"1409 US-231, Panama City, FL 32405, USA",https://www.havananightrestaurantandbakery.com/
Spanish,Old Mexico Restaurant,"430 S Tyndall Pkwy, Panama City, FL 32404, USA",
Spanish,Pepper's Mexican Grill and Cantina,"2061 N Cove Blvd, Panama City, FL 32405, USA",https://www.peppersmexicancantina.com/
Spanish,Gorditas Doña Tota,"2250 Jenks Ave, Panama City, FL 32405, USA",https://panamacity.donatotargv.com/
Spanish,Havana Night Bar and Grill,"2920 Thomas Dr, Panama City, FL 32408, USA",
Spanish,Mi Casita Jalisco,"1010 W 15th St, Panama City, FL 32401, USA",https://micasitajalisco.com/
Spanish,El Jalisco Lynn Haven,"1815 FL-77, Lynn Haven, FL 32444, USA",https://www.eljalisco.com/locations/lynn-haven/
Spanish,Old Mexico Restaurant,"1812 FL-77, Lynn Haven, FL 32444, USA",https://order.online/business/old-mexico-restaurant-11573270
Spanish,Los Rancheros Mexican Restaurant,"111 W 23rd St, Panama City, FL 32405, USA",http://losrancherospc.com/
Spanish,Guadalajara Mexican grill,"8730 Thomas Dr, Panama City, FL 32408, USA",
Spanish,St Andrews Bodega,"1109 Beck Ave, Panama City, FL 32401, USA",http://www.standrewsbodega.com/
Spanish,Tropical drinks restaurant-bar,"2117 E 3rd St, Panama City, FL 32401, USA",
American,O'Charley's Restaurant & Bar,"311 E 23rd St, Panama City, FL 32405, USA",https://www.ocharleys.com/
American,American Charlie Grill & Tavern,"473 Richard Jackson Blvd, Panama City Beach, FL 32407, USA",https://americancharlie.com/
American,The Place Downtown,"429 Harrison Ave, Panama City, FL 32401, USA",http://www.theplacedowntown.net/
American,Cracker Barrel Old Country Store,"520 E 23rd St, Panama City, FL 32405, USA",https://www.crackerbarrel.com/Locations/States/fl/panama-city/749/?utm_source=google&utm_medium=maps&utm_campaign=crackerbarrelurl
American,Barefoot on the Bay,"1201 Beck Ave, Panama City, FL 32401, USA",https://barefootrestaurants.com/?utm_source=google&utm_medium=organic&utm_campaign=gbp_listing
American,Coram's Steak and Egg,"804 S Tyndall Pkwy, Panama City, FL 32404, USA",
American,Alice's on Bayview,"1000 Bayview Ave, Panama City, FL 32401, USA",http://www.alicesonbayview.com/
American,Charlie Coram's Place,"6204 US-231, Panama City, FL 32404, USA",http://www.charliecorams.com/locations.html
American,Uncle Ernie's,"1151 Bayview Ave, Panama City, FL 32401, USA",http://www.uncleerniesbayfrontgrill.com/
American,The Wicked Wheel,"10025 Hutchison Blvd, Panama City Beach, FL 32407, USA",http://www.thewickedwheel.com/
American,Applebee's Grill + Bar,"678 W 23rd St, Panama City, FL 32405, USA",https://restaurants.applebees.com/en-us/fl/panama-city/678-west-23rd-street-86073?utm_source=google&utm_medium=organic&utm_campaign=google_my_business&utm_term=86073&utm_content=website
American,Big Mama's Country Cooking,"620 W Beach Dr, Panama City, FL 32401, USA",http://bigmamasonthebayou.godaddysites.com/
American,Tally-Ho Drive In,"1449 Harrison Ave, Panama City, FL 32401, USA",http://tallyhopcflorida.com/
American,Waffle House,"1901 N Cove Blvd, Panama City, FL 32405, USA",https://locations.wafflehouse.com/panamacity-fl-988
American,Denny's,"2438 Martin Luther King Jr Blvd, Panama City, FL 32405, USA",https://locations.dennys.com/FL/PANAMA-CITY/248886?utm_source=yext&utm_medium=local-listing&utm_campaign=yext-listing&y_source=1_MjIyODM1Ni03MTUtbG9jYXRpb24ud2Vic2l0ZQ%3D%3D
American,Harrison's Kitchen & Bar,"5 Harrison Ave, Panama City, FL 32401, USA",http://harrisonskitchenandbar.com/
American,Gulf Coast Burger Co.,"10031 Hutchison Blvd, Panama City Beach, FL 32407, USA",http://gcburgerco.com/
American,The Bistro Southern Cafeteria,"2900 E 5th St, Panama City, FL 32401, USA",
American,Daddy's Place,"1209 N Cove Blvd, Panama City, FL 32401, USA",http://daddys-place.jany.io/
American,TIDES Restaurant & Lounge,"4114 Jan Cooley Dr, Panama City Beach, FL 32408, USA",https://www.bluegreenbaysideresort.com/PlacestoEat.html
Scottish,House of Henry Irish pub and eatery,"461 Harrison Ave, Panama City, FL 32401, USA",http://hohpub.com/
British,House of Henry Irish pub and eatery,"461 Harrison Ave, Panama City, FL 32401, USA",http://hohpub.com/
Thai,Thai Basil,"1001 Beck Ave, Panama City, FL 32401, USA",http://thaibasilbytanya.com/
Thai,Royal Thai Cuisine,"6212 E Hwy 98, Panama City, FL 32404, USA",https://www.royalthaicuisineorder.com/
Thai,Thai Chef Restaurant,"301 Cherry St, Panama City, FL 32401, USA",https://www.thaichefpanamacity.net/
Thai,Oishi Thai Restaurant and Sushi Bar,"16920 Front Beach Rd, Panama City Beach, FL 32413, USA",https://www.oishithaisushi.com/
Thai,Sue's Thai Cafe,"2727 Joan Ave, Panama City, FL 32408, USA",http://www.suesthaicafe.com/
Japanese,Tokyo Steakhouse & Sushi Bar,"144 E 23rd St, Panama City, FL 32405, USA",https://tokyopanamacity.kwickmenu.com/index.php
Japanese,Fin's Japanese Sushi & Grill,"732 W 23rd St, Panama City, FL 32405, USA",https://finsjapanesesushiandgrill.com/
Japanese,Shan Kishi - Panama City Beach,"13800 Panama City Beach Pkwy suite10 1D, Panama City Beach, FL 32407, USA",https://www.shankishipcbfl.com/
Japanese,Sakura Sushi & Grill,"2411 FL-77, Lynn Haven, FL 32444, USA",
Japanese,Aloha Poké Sushi & Hibachi,"626 W 23rd St, Panama City, FL 32405, USA",http://www.alohapokepanamacity.com/
Japanese,Jin Jin Fusion,"7901 Front Beach Rd, Panama City Beach, FL 32407, USA",https://www.jinjinfusionfl.com/?utm_source=google-gmb-maps&utm_medium=gmb-website-button&utm_campaign=locl.io&utm_content=316b27cd-c916-432d-ae33-83308db9d8f7
Japanese,Osaka Japanese Steakhouse & Sushi,"15533 Panama City Beach Pkwy, Panama City Beach, FL 32413, USA",http://www.theosakasteakhouse.com/
Japanese,Sake House II,"1012 Thomas Dr #7444, Panama City Beach, FL 32408, USA",https://www.smorefood.com/order-online/sake-house-ii-panama-city-beach-32408-h28yoht0?utm_source=gmb&utm_medium=website
Japanese,My Ramen,"11260 Panama City Beach Pkwy #104, Panama City Beach, FL 32407, USA",https://ramenpanamacitybeach.com/
Japanese,Shaka Sushi and Cocktail Bar,"13625 US-98 Suite 5, Inlet Beach, FL 32413, USA",https://shaka30a.com/
Japanese,Hibachi Express & Sushi,"9956 Hutchison Blvd UNIT 500, Panama City Beach, FL 32407, USA",http://hibachiexpresssushipcb.com/
Japanese,Oishi Thai Restaurant and Sushi Bar,"16920 Front Beach Rd, Panama City Beach, FL 32413, USA",https://www.oishithaisushi.com/
Japanese,Jin Jin King,"7725 Front Beach Rd, Panama City Beach, FL 32407, USA",http://www.jinjinkingfl.com/
Japanese,Jin Jin 88,"11560 Panama City Beach Pkwy #102, Panama City Beach, FL 32407, USA",https://asianfusionpanamacitybeach.com/
Japanese,VKI Japanese Steakhouse & Sushi Bar,"4552 US-98, Santa Rosa Beach, FL 32459, USA",https://vkijapanesesantarosa.kwickmenu.com/index.php
Japanese,T K hibachi,"1000 US-98, Mexico Beach, FL 32456, USA",
Japanese,Island Fin Poké Company - Panama City Beach,"15500 Panama City Beach Pkwy Suite 320, Panama City Beach, FL 32413, USA",https://www.islandfinpoke.com/panama-city-beach/
Chinese,Jin Jin Fusion,"7901 Front Beach Rd, Panama City Beach, FL 32407, USA",https://www.jinjinfusionfl.com/?utm_source=google-gmb-maps&utm_medium=gmb-website-button&utm_campaign=locl.io&utm_content=316b27cd-c916-432d-ae33-83308db9d8f7
Chinese,King House,"801 N Tyndall Pkwy, Panama City, FL 32404, USA",
Chinese,Jin Jin King,"7725 Front Beach Rd, Panama City Beach, FL 32407, USA",http://www.jinjinkingfl.com/
Chinese,China Wok,"2310 S, FL-77 #120, Lynn Haven, FL 32444, USA",
Chinese,China Coast,"10100 Hutchison Blvd, Panama City Beach, FL 32407, USA",http://www.chinacoastpcb.com/
Chinese,No. 1 Asian Buffet,"232 S Tyndall Pkwy, Panama City, FL 32404, USA",https://www.no1asianbuffetfl.com/
Chinese,Chopsticks Oriental Restaurant,"1812 FL-77 #108, Lynn Haven, FL 32444, USA",http://www.chopstickslynnhaven.com/
Chinese,Jin Jin 88,"11560 Panama City Beach Pkwy #102, Panama City Beach, FL 32407, USA",https://asianfusionpanamacitybeach.com/
Chinese,Jin Jin Super King,"9802 Front Beach Rd, Panama City Beach, FL 32407, USA",http://www.jinjinsuperkingpcb.com/
Chinese,Jin Jin II,"2425 Thomas Dr, Panama City Beach, FL 32408, USA",https://www.jinjin2fl.com/
Chinese,China 1,"674 W 23rd St, Panama City, FL 32405, USA",https://www.beyondmenu.com/28498/panama-city/china-1-panama-city-32405.aspx
Chinese,Panda Express,"524 E 23rd St, Panama City, FL 32405, USA",https://www.pandaexpress.com/locations/fl/panama-city/2673
Chinese,New Jin Jin Buffet,"23038 Panama City Beach Pkwy, Panama City Beach, FL 32413, USA",http://www.newjinjintogo.com/
Chinese,Chow Time Grill & Buffet,"2343 Martin Luther King Jr Blvd, Panama City, FL 32405, USA",
Chinese,Panda Express,"15485 Panama City Beach Pkwy, Panama City Beach, FL 32413, USA",http://www.pandaexpress.com/
Chinese,Jin Jin 88,"642 W 23rd St, Panama City, FL 32405, USA",https://jinjin88pc.com/
Chinese,Red Star Chinese,"1219 Ohio Ave B, Lynn Haven, FL 32444, USA",http://www.redstarlynnhaven.com/?utm_source=gmb&utm_medium=website
Chinese,Jade Garden,"7119 US-98, Panama City Beach, FL 32407, USA",
Chinese,Sakura Sushi & Grill,"2411 FL-77, Lynn Haven, FL 32444, USA",
Chinese,Pho Express Noodles & Bar,"7510 Thomas Dr Ste K, Panama City Beach, FL 32408, USA",https://www.facebook.com/phoexpresspanama/
Indian,Persis Biryani Indian Grill,"1818 W 23rd St, Panama City, FL 32405, USA",http://www.persispanamacity.com/
Indian,Holi Indian Grill (A Flavor Of Joy),"3212 W 23rd St, Panama City, FL 32405, USA",https://holirestaurants.com/
Canadian,Dick's Last Resort - Panama City Beach,"16210 Front Beach Rd, Panama City, FL 32413, USA",https://dickslastresort.com/locations/panama-city-beach/
Russian,Pel'meni Restaurant,"1211 N State St, Bellingham, WA 98225, USA",https://bhampelmeni.wixsite.com/pelmeni
Jewish,Cahall's Deli,"416 W 23rd St, Panama City, FL 32405, USA",http://www.cahallsdeli.com/
Jewish,Liza Munchies Watercrest,"6201 Thomas Dr, Panama City, FL 32408, USA",
Jewish,Mosey's Downtown,"425 Grace Ave, Panama City, FL 32401, USA",http://www.facebook.com/moseysdowntown
Jewish,Dickey's Barbecue Pit,"100 Pier Park Dr Unit 125, Panama City Beach, FL 32413, USA",https://www.dickeys.com/locations/florida/panama-city/panama-city-beach?utm_source=google&utm_campaign=gmb&utm_medium=organic&utm_content=button-website
Jewish,"JO-EL'S Kosher Deli, Market & Café","2619 23rd Ave N, St. Petersburg, FL 33713, USA",https://www.stpetedeli.com/
Jewish,The Nosh Pit,"4040 Park St N, St. Petersburg, FL 33709, USA",http://www.thenoshpitstpete.com/
Jewish,Wise Sons Jewish Deli,"3150 24th St, San Francisco, CA 94110, USA",https://wisesonsdeli.com/
Jewish,Etzel Itzik Deli,"18757 Dixie Hwy, Miami, FL 33180, USA",https://etzelitzikmiami.com/
Jewish,The Bay,"24215 Hwy. 331 South, Santa Rosa Beach, FL 32459, USA",http://baysouthwalton.com/
Jewish,Wise Sons Jewish Delicatessen,"1st St, San Francisco, CA 94105, USA",http://www.wisesonsdeli.com/
Jewish,Ben's Kosher Delicatessen Restaurant & Caterers,"211-37 26th Ave, Queens, NY 11360, USA",http://www.bensdeli.net/
Jewish,Sabra Grill Restaurant,"419 Grant Ave, San Francisco, CA 94108, USA",http://adka.org/sabragrill/
Jewish,Josh's Deli,"9517 Harding Ave, Surfside, FL 33154, USA",
Jewish,Pickles Plus Deli,"2530 N McMullen Booth Rd, Clearwater, FL 33761, USA",http://www.picklesplus.com/
Jewish,Saul's Restaurant & Delicatessen,"1475 Shattuck Ave., Berkeley, CA 94709, USA",http://saulsdeli.com/
Jewish,Wise Sons Jewish Deli,"736 Mission St, San Francisco, CA 94103, USA",https://wisesonsdeli.com/
Jewish,Abba's Hummus - Hummus Bar and New York Deli,"3417 Lakeshore Ave, Oakland, CA 94610, USA",http://oaklandkosherfoods.com/abbas-hummus
Jewish,The Guest Kosher Restaurant,"2995 NE 163rd St, North Miami Beach, FL 33160, USA",http://www.theguest-miami.com/
Jewish,David's Delicatessen & Diner,"474 Geary St, San Francisco, CA 94102, USA",http://davidsdelicatessendiner.com/
Polish,Krzysiak's House Restaurant,"1605 Michigan Ave, Bay City, MI 48708, USA",https://www.krzysiaks.com/
German,Olle's Restaurant (Reservations Requested),"645 Compass Lake Dr, Alford, FL 32420, USA",http://www.ollesrestaurant.com/
French,Lue Lue's Kitchen,"6910 FL-22, Panama City, FL 32404, USA",
Hawaiian,Aloha Poké Sushi & Hibachi,"626 W 23rd St, Panama City, FL 32405, USA",http://www.alohapokepanamacity.com/
Hawaiian,Island Fin Poké Company - Panama City Beach,"15500 Panama City Beach Pkwy Suite 320, Panama City Beach, FL 32413, USA",https://www.islandfinpoke.com/panama-city-beach/
Hawaiian,Pineapple Willy's Restaurant,"9875 S Thomas Dr, Panama City Beach, FL 32408, USA",http://www.pwillys.com/
Brazilian,Brazilliant café & catering inc.,"552 Seymour St, Vancouver, BC V6B 3J5, Canada",http://brazilliant.ca/
Brazilian,Rio Brazilian Steakhouse,"1122 Denman St, Vancouver, BC V6G 1T2, Canada",http://riobraziliansteakhouse.ca/
Brazilian,Brazil Gourmet,"123 Carrie Cates Ct, North Vancouver, BC V7M 3K7, Canada",http://www.brazilgourmet.ca/
Brazilian,Boteco Brasil Restaurant,"2545 Nanaimo St, Vancouver, BC V5N 5E6, Canada",http://boteco.ca/
Brazilian,Show de Carnes Brazilian Steakhouse,"196 Donahue St, Sausalito, CA 94965, USA",https://www.showdecarnesusa.com/
Brazilian,Fogo de Chão Brazilian Steakhouse,"5633 Bay St, Emeryville, CA 94608, USA",https://fogodechao.com/location/emeryville/
Brazilian,Botteco Brazil Restaurant,"14561 Bothell Way NE, Shoreline, WA 98155, USA",http://bottecobrazil.com/
Brazilian,Rio Brazilian Steak House Coquitlam,"2729 Barnet Hwy, Coquitlam, BC V3E 1K9, Canada",https://riobraziliansteakhouse.ca/
Brazilian,Fogo de Chão Brazilian Steakhouse,"201 3rd St Suite 100, San Francisco, CA 94103, USA",https://fogodechao.com/location/san-francisco/
Brazilian,Fogo de Chão Brazilian Steakhouse,"18602 Alderwood Mall Pkwy Suite 1110, Lynnwood, WA 98037, USA",https://fogodechao.com/location/lynnwood/
Brazilian,TASTE of Brazil Cuisine,"19933 Beach Blvd, Huntington Beach, CA 92648, USA",https://tasteofbrazilstore.com/
Brazilian,Texas de Brazil - Tacoma,"4502 S Steele St Ste 1340A, Tacoma, WA 98409, USA",https://texasdebrazil.com/locations/tacoma/?utm_source=gmb&utm_medium=yext&y_source=1_NDg4MzA3MjYtNzE1LWxvY2F0aW9uLndlYnNpdGU%3D
Brazilian,Galpão Gaucho Brazilian Steakhouse,"19780 Stevens Creek Blvd, Cupertino, CA 95014, USA",https://galpaogauchousa.com/
Brazilian,Brasas Do Brazil Churrascaria,"1631 Willow Pass Rd, Concord, CA 94520, USA",http://brasasbrazil.com/
Brazilian,Espetus Churrascaria,"1686 Market St, San Francisco, CA 94102, USA",https://www.espetus.com/
Brazilian,Fogo de Chão Brazilian Steakhouse,"700 Baybrook Mall Suite G100, Friendswood, TX 77546, USA",https://fogodechao.com/location/friendswood/
Brazilian,Picanhas Express,"1661 E Monte Vista Ave Q-101, Vacaville, CA 95688, USA",
Brazilian,The Grill From Ipanema,"2313 1st Ave, Seattle, WA 98121, USA",https://www.seattlegrillfromipanema.com/?y_source=1_OTE5OTMzODItNzE1LWxvY2F0aW9uLndlYnNpdGU%3D
Brazilian,Cafeoca Brazilian Bistro,"4092 Hastings St, Burnaby, BC V5C 2H9, Canada",
Peruvian,Krispy Krunchy Chicken,"4131 Cherry St, Panama City, FL 32404, USA",
Peruvian,Don Cha Peruvian Food,"100 Perry Ave SE, Fort Walton Beach, FL 32548, USA",http://donchaperuvianfood.com/
Peruvian,Cocina Latina - Latin restaurant,"280 S Arnold Rd, Panama City Beach, FL 32413, USA",
Peruvian,Kousine Fort Lauderdale,"841 N Fort Lauderdale Beach Blvd, Fort Lauderdale, FL 33304, USA",https://www.kousine.getsauce.com/?utm_source=GMB&utm_medium=Website+Button&utm_id=kousine
Peruvian,Memories of Peru Pollos A La Brasa International Drive,"5700 International Dr, Orlando, FL 32819, USA",https://memoriesofperuinternational.com/
Peruvian,Golden Chicken,"164 E Main St, Bay Shore, NY 11706, USA",http://goldenchickenperuvianrestaurant.com/
Peruvian,Terra Sur Cafe,"5330 Ehrlich Rd #103, Tampa, FL 33624, USA",http://www.terrasurcafe.com/
Peruvian,Pollos Rocoto Chifa Polleria- Tampa Florida - Rotisserie Chicken,"5522 Hanley Rd Suite 11, Tampa, FL 33634, USA",
Peruvian,La Michoacana Restaurant,"4003 W 18th St E, Panama City, FL 32401, USA",
Peruvian,380 Peruvian Bistro,"144 Mary Esther Blvd, Mary Esther, FL 32569, USA",https://380peruvianbistro.com/
Peruvian,Saltwater Grill,"11040 Hutchison Blvd, Panama City Beach, FL 32407, USA",http://www.saltwatergrillpcb.com/
Peruvian,Bravo Peruvian Kitchen,"9711 W Sample Rd, Coral Springs, FL 33076, USA",http://www.bravoperuviankitchen.com/
Peruvian,La Mordida Restaurant Bar & Grill,"14100 US Hwy 19 N, Clearwater, FL 33764, USA",http://www.lamordidagrill.com/
Peruvian,Runas Peruvian Cuisine,"219 N 21st Ave, Hollywood, FL 33020, USA",http://www.runasperuviancuisine.com/
Peruvian,El Gaucho Inca Estero,"22909 Lyden Dr, Estero, FL 33928, USA",http://www.elgauchoinca.com/
Peruvian,CEVICHE KING PERUVIAN FOOD TRUCK,"8310 W Waters Ave, Tampa, FL 33615, USA",
Peruvian,CVI.CHE 105,"105 NE 3rd Ave, Miami, FL 33132, USA",https://www.ceviche105.com/
Peruvian,Capt. Anderson's Restaurant & Waterfront Market,"5551 N Lagoon Dr, Panama City, FL 32408, USA",http://www.captandersons.com/
Peruvian,Mancora Ceviche Bar Fort Lauderdale,"234 Almond Ave, Fort Lauderdale, FL 33316, USA",
Peruvian,Peruvian Fusion Cuisine,"27 N Miami Ave, Miami, FL 33128, USA",https://0rder.peruvianfusioncuisine.com/
Salvadorian,La Cuscatleca,"1815 W 15th St, Panama City, FL 32401, USA",
Cuban,Havana Night Restaurant & Bakery,"1409 US-231, Panama City, FL 32405, USA",https://www.havananightrestaurantandbakery.com/
Cuban,Havana Night Bar and Grill,"2920 Thomas Dr, Panama City, FL 32408, USA",
Cuban,Boricuba Cafe,"11206 Hutchison Blvd, Panama City Beach, FL 32407, USA",
Cuban,Cuban Cuisine,"5317 FL-22, Panama City, FL 32404, USA",
Cuban,La Cuscatleca,"1815 W 15th St, Panama City, FL 32401, USA",
Tibetan,Bayou on the Beach,"11115 Hutchison Blvd, Panama City Beach, FL 32407, USA",http://bayouonthebeachcafe.com/
Egyptian,Taziki's Mediterranean Cafe - Panama City,"103 W 23rd St E7, Panama City, FL 32405, USA",https://www.tazikis.com/location/panamacity/
Greek,Taziki's Mediterranean Cafe - Panama City,"103 W 23rd St E7, Panama City, FL 32405, USA",https://www.tazikis.com/location/panamacity/
Greek,Gyro Cafe,"665 W 23rd St, Panama City, FL 32405, USA",https://www.gyrocafepc.com/
Greek,Taziki's Mediterranean Cafe - Panama City Beach,"15463 Panama City Beach Pkwy Ste B, Panama City Beach, FL 32413, USA",https://www.tazikis.com/location/pier-park/
Greek,CAVA,"15620 Panama City Beach Pkwy Suite 200, Panama City Beach, FL 32413, USA",http://cava.com/
Greek,Toro Barcelona,"4601 US-98, Panama City, FL 32401, USA",
Greek,Alice's on Bayview,"1000 Bayview Ave, Panama City, FL 32401, USA",http://www.alicesonbayview.com/
Greek,Newk's Eatery,"676 W 23rd St, Panama City, FL 32405, USA",https://www.newks.com/?olonwp=JjBtp_vMLk25gkYh_bnoiQ
Greek,Olive Garden Italian Restaurant,"2397 FL-77, Panama City, FL 32405, USA",https://www.olivegarden.com/locations/fl/panama-city/panama-city-sr-77/1395?cmpid=br:og_ag:ie_ch:loc_ca:OGGMB_sn:gmb_gt:panama-city-fl-1395_pl:locurl_rd:1296
Greek,Mr. Gyro Hero,"2215 E County Hwy 30A, Santa Rosa Beach, FL 32459, USA",https://www.mrgyroherofl.com/
Belgian,Burgunbarrel,"1125 Beck Ave, Panama City, FL 32401, USA",https://www.burgunbarrel.com/
Belgian,House of Henry Irish pub and eatery,"461 Harrison Ave, Panama City, FL 32401, USA",http://hohpub.com/
Belgian,Alice's on Bayview,"1000 Bayview Ave, Panama City, FL 32401, USA",http://www.alicesonbayview.com/
Belgian,Uncle Ernie's,"1151 Bayview Ave, Panama City, FL 32401, USA",http://www.uncleerniesbayfrontgrill.com/
Belgian,Dat Cajun Place Cafe,"2705 Thomas Dr, Panama City, FL 32408, USA",http://datcajunplace.com/
Belgian,Waffle House,"1901 N Cove Blvd, Panama City, FL 32405, USA",https://locations.wafflehouse.com/panamacity-fl-988
Belgian,Dee's Hangout,"529 N Richard Jackson Blvd, Panama City Beach, FL 32407, USA",https://www.deeshangout.com/
Belgian,Waffle Shoppe,"533 E 6th St, Panama City, FL 32401, USA",https://www.waffleshoppepanamacity.com/
Belgian,Waffle House,"2502 FL-77, Lynn Haven, FL 32444, USA",https://locations.wafflehouse.com/lynnhaven-fl-1403
Belgian,Waffle House,"631 W 15th St, Panama City, FL 32401, USA",https://locations.wafflehouse.com/panamacity-fl-68
Belgian,The Wicked Wheel,"10025 Hutchison Blvd, Panama City Beach, FL 32407, USA",http://www.thewickedwheel.com/
Belgian,Waffle House,"17110 Back Beach Rd, Panama City Beach, FL 32413, USA",https://locations.wafflehouse.com/panamacitybeach-fl-1092
Belgian,Flap Jacks,"2004 FL-77, Lynn Haven, FL 32444, USA",
Belgian,Bayou on the Beach,"11115 Hutchison Blvd, Panama City Beach, FL 32407, USA",http://bayouonthebeachcafe.com/
Belgian,Waffle House,"2217 Thomas Dr, Panama City, FL 32408, USA",https://locations.wafflehouse.com/panamacity-fl-1929
Belgian,Waffle House,"10327 Front Beach Rd, Panama City Beach, FL 32407, USA",https://locations.wafflehouse.com/panamacitybeach-fl-1204
Belgian,Waffle House,"7000 Thomas Dr, Panama City Beach, FL 32408, USA",https://locations.wafflehouse.com/panamacitybeach-fl-1491
Belgian,Bayou Joes Marina & Grill,"112A E 3rd Ct, Panama City, FL 32401, USA",http://www.bayoujoes.com/
Belgian,Waffle House,"22913 Panama City Beach Pkwy, Panama City Beach, FL 32413, USA",https://locations.wafflehouse.com/panamacitybeach-fl-1953
Belgian,Blue Top Waffle Shoppe,"2802 Thomas Dr, Panama City, FL 32408, USA",https://www.facebook.com/BlueTopWaffleShoppe/
Irish,House of Henry Irish pub and eatery,"461 Harrison Ave, Panama City, FL 32401, USA",http://hohpub.com/
Welsh,Uncle Ernie's,"1151 Bayview Ave, Panama City, FL 32401, USA",http://www.uncleerniesbayfrontgrill.com/
Cajun,Dat Cajun Place Cafe,"2705 Thomas Dr, Panama City, FL 32408, USA",http://datcajunplace.com/
Cajun,Bayou on the Beach Steamers & Mercantile,"11115 Hutchison Blvd, Panama City Beach, FL 32407, USA",http://bayouonthebeachcafe.com/
Cajun,Lone Star Boil House & Sports Bar,"320 W 5th St, Panama City, FL 32401, USA",
Portuguese,The Grand Marlin,"5323 N Lagoon Dr, Panama City Beach, FL 32408, USA",http://thegrandmarlin.com/pcb
Turkish,Taziki's Mediterranean Cafe - Panama City,"103 W 23rd St E7, Panama City, FL 32405, USA",https://www.tazikis.com/location/panamacity/
Turkish,Taziki's Mediterranean Cafe - Panama City Beach,"15463 Panama City Beach Pkwy Ste B, Panama City Beach, FL 32413, USA",https://www.tazikis.com/location/pier-park/
Turkish,CAVA,"15620 Panama City Beach Pkwy Suite 200, Panama City Beach, FL 32413, USA",http://cava.com/
Turkish,Gyro Cafe,"665 W 23rd St, Panama City, FL 32405, USA",https://www.gyrocafepc.com/
Turkish,Turkish Mediterranean Cuisine,"1921 W Bay Dr, Largo, FL 33770, USA",http://www.turkishmediterraneancuisine.com/
Haitian,J Shannelle Caribbean/Jamaican Cafe and Food Market.,"7950 Front Beach Rd #4817, Panama City Beach, FL 32407, USA",
Tahitian,Sharky's Beachfront Restaurant,"15201 Front Beach Rd, Panama City Beach, FL 32413, USA",https://sharkysbeach.com/
Tahitian,TIDES Restaurant & Lounge,"4114 Jan Cooley Dr, Panama City Beach, FL 32408, USA",https://www.bluegreenbaysideresort.com/PlacestoEat.html
Tahitian,Cool Runnings Caribbean Cuisine,"13312 Front Beach Rd, Panama City Beach, FL 32407, USA",https://coolrunningspcb.com/
Tahitian,Taziki's Mediterranean Cafe - Panama City Beach,"15463 Panama City Beach Pkwy Ste B, Panama City Beach, FL 32413, USA",https://www.tazikis.com/location/pier-park/
Tahitian,Uncle Ernie's,"1151 Bayview Ave, Panama City, FL 32401, USA",http://www.uncleerniesbayfrontgrill.com/
Tahitian,Tiki Bar at the Sandpiper Beacon,"17403 Front Beach Rd, Panama City Beach, FL 32413, USA",http://www.sandpipertikibar.com/
Tahitian,Boon Docks,"14854 Bay View Cir, Panama City Beach, FL 32413, USA",http://www.boondocksfl.com/ContactUs.aspx
Tahitian,Boricuba Cafe,"11206 Hutchison Blvd, Panama City Beach, FL 32407, USA",
Tahitian,Mango Marley's,"3102 US-98, Mexico Beach, FL 32456, USA",http://www.mangomarleys.com/
Tahitian,Taziki's Mediterranean Cafe - Panama City,"103 W 23rd St E7, Panama City, FL 32405, USA",https://www.tazikis.com/location/panamacity/
Tahitian,Havana Night Restaurant & Bakery,"1409 US-231, Panama City, FL 32405, USA",https://www.havananightrestaurantandbakery.com/
Tahitian,Havana Beach Bar & Grill,"63 Main St, Rosemary Beach, FL 32413, USA",http://www.havanabeachbar.com/
Tahitian,Sombreros Tacos & Bar,"4933 Thomas Dr, Panama City Beach, FL 32408, USA",https://www.ordersombrerospcb.com/
Kenyan,Josiah's Southern Cooking,"1003 Martin Luther King Jr Blvd, Panama City, FL 32401, USA",https://josiahssoutherncooking.com/
Korean,Korean Restaurant,"6121 Cherry St, Panama City, FL 32404, USA",http://www.koreanoncherry.com/
Korean,Seoul Red Barn Restaurant & Oriental Market,"4924 E Hwy 98, Panama City, FL 32404, USA",https://www.facebook.com/SEOULREDBARNPC/
Korean,Next Step,"6807 FL-22, Panama City, FL 32404, USA",
Korean,Jin Jin 88,"11560 Panama City Beach Pkwy #102, Panama City Beach, FL 32407, USA",https://asianfusionpanamacitybeach.com/
Korean,Mr Pho,"209 Sudduth Pl, Panama City, FL 32404, USA",https://mrpho.net/
Nigerian,Sambou's African Kitchen,"1625 E County Line Rd Suite 150, Jackson, MS 39211, USA",https://sambouafricankitchen.com/
Libyan,Gyro Cafe,"665 W 23rd St, Panama City, FL 32405, USA",https://www.gyrocafepc.com/
Libyan,Crave 231,"7623 US-231, Panama City, FL 32404, USA",https://www.crave231.com/
Libyan,TIDES Restaurant & Lounge,"4114 Jan Cooley Dr, Panama City Beach, FL 32408, USA",https://www.bluegreenbaysideresort.com/PlacestoEat.html
Libyan,Flip Flop's Bar & Grill,"Upper Grand Lagoon, FL 32408, USA",http://www.bluegreenvacations.com/
Libyan,Zaitoun,"City Food Hall, 4237 Legendary Dr H100, Destin, FL 32541, USA",http://zaitouneats.com/
Libyan,Bluegreen’s Bayside Resort & Spa,"4114 Jan Cooley Dr, Panama City Beach, FL 32408, USA",https://www.bluegreenbaysideresort.com/
Libyan,Pelican's Bar & Grill,"4114 Jan Cooley Dr, Panama City, FL 32408, USA",https://www.bluegreenbaysideresort.com/PlacestoEat.html
Libyan,Mashawy,"3297 Caverns Rd, Marianna, FL 32446, USA",http://mashawygrills.com/
Moroccan,Moltaqa Moroccan Restaurant Mainland Street Yaletown,"1002 Mainland St, Vancouver, BC V6B 6J8, Canada",https://www.moltaqarestaurant.ca/
Lebanese,Taziki's Mediterranean Cafe - Panama City,"103 W 23rd St E7, Panama City, FL 32405, USA",https://www.tazikis.com/location/panamacity/
Lebanese,Taziki's Mediterranean Cafe - Panama City Beach,"15463 Panama City Beach Pkwy Ste B, Panama City Beach, FL 32413, USA",https://www.tazikis.com/location/pier-park/
Lebanese,CAVA,"15620 Panama City Beach Pkwy Suite 200, Panama City Beach, FL 32413, USA",http://cava.com/
Lebanese,Toro Barcelona,"4601 US-98, Panama City, FL 32401, USA",
Lebanese,Newk's Eatery,"676 W 23rd St, Panama City, FL 32405, USA",https://www.newks.com/?olonwp=JjBtp_vMLk25gkYh_bnoiQ
Lebanese,St. Andrews Slice House,"1127 1/2 Beck Ave, Panama City, FL 32401, USA",http://slice.house/
Lebanese,Gyro Cafe,"665 W 23rd St, Panama City, FL 32405, USA",https://www.gyrocafepc.com/
Lebanese,Lotus Cafe & Juice Bar At Zen Garden,"707 Richard Jackson Blvd, Panama City Beach, FL 32407, USA",http://lotuscafeatzen.com/
Lebanese,Olive Garden Italian Restaurant,"2397 FL-77, Panama City, FL 32405, USA",https://www.olivegarden.com/locations/fl/panama-city/panama-city-sr-77/1395?cmpid=br:og_ag:ie_ch:loc_ca:OGGMB_sn:gmb_gt:panama-city-fl-1395_pl:locurl_rd:1296
Lebanese,Downtown Slice House,"1302 Harrison Ave, Panama City, FL 32401, USA",http://slice.house/
Lebanese,Olive Garden Italian Restaurant,"15701 Panama City Beach Pkwy, Panama City Beach, FL 32413, USA",https://www.olivegarden.com/locations/fl/panama-city-beach/panama-city-beach/1774?cmpid=br:og_ag:ie_ch:loc_ca:OGGMB_sn:gmb_gt:panama-city-beach-fl-1774_pl:locurl_rd:1622
Lebanese,Bella Roma Tuscan Grill,"11535 Hutchison Blvd Ste 101, Panama City Beach, FL 32407, USA",https://bellaromapcb.com/
Lebanese,Persis Biryani Indian Grill,"1818 W 23rd St, Panama City, FL 32405, USA",http://www.persispanamacity.com/
Lebanese,Zaitoun,"City Food Hall, 4237 Legendary Dr H100, Destin, FL 32541, USA",http://zaitouneats.com/
Lebanese,The Place Downtown,"429 Harrison Ave, Panama City, FL 32401, USA",http://www.theplacedowntown.net/
Lebanese,Panera Bread,"101 Bluefish Dr Suite 100, Panama City Beach, FL 32413, USA",https://www.panerabread.com/en-us/cafe/locations/fl/panama-city-beach/101-bluefish-dr?utm_medium=local&utm_source=google&utm_campaign=dpm-dist&utm_term=601028&utm_content=main
Lebanese,Apna Agora Panama,"1818 W 23rd St, Panama City, FL 32405, USA",
Lebanese,Arby's,"1877 N Cove Blvd, Panama City, FL 32405, USA",https://locations.arbys.com/fl/panamacity/1877-n-cove-blvd.html?utm_source=google%20my%20business&utm_medium=organic&utm_campaign=website%20link
Lebanese,Panera Bread,"908 E 23rd St, Panama City, FL 32405, USA",https://www.panerabread.com/en-us/cafe/locations/fl/panama-city/908-e-23rd-st?utm_medium=local&utm_source=google&utm_campaign=dpm-dist&utm_term=601353&utm_content=main
Lebanese,Crave 231,"7623 US-231, Panama City, FL 32404, USA",https://www.crave231.com/
Vietnamese,Pho Express Noodles & Bar,"7510 Thomas Dr Ste K, Panama City Beach, FL 32408, USA",https://www.facebook.com/phoexpresspanama/
Vietnamese,Pho Pier 77,"19932 Front Beach Rd, Panama City Beach, FL 32413, USA",https://www.phopier77.com/
Vietnamese,Mr Pho,"209 Sudduth Pl, Panama City, FL 32404, USA",https://mrpho.net/
Vietnamese,Paris Banh Mi - Panama City Beach,"100 Pier Park Dr Suite 115, Panama City Beach, FL 32413, USA",https://orderparisbanhmi.com/?utm_source=google-gmb-maps&utm_medium=gmb-website-button&utm_campaign=locl.io&utm_content=28db9d15-c06b-4355-8e9f-ed59366e4d69
Hungarian,Carrabba's Italian Grill,"13820 Panama City Beach Pkwy, Panama City, FL 32407, USA",https://locations.carrabbas.com/florida/panama-city/13820-panama-city-beach-pkwy?y_source=1_MTU1MDI5MDctNzE1LWxvY2F0aW9uLndlYnNpdGU%3D
Mediterranean,Taziki's Mediterranean Cafe - Panama City,"103 W 23rd St E7, Panama City, FL 32405, USA",https://www.tazikis.com/location/panamacity/
Mediterranean,CAVA,"15620 Panama City Beach Pkwy Suite 200, Panama City Beach, FL 32413, USA",http://cava.com/
Mediterranean,Taziki's Mediterranean Cafe - Panama City Beach,"15463 Panama City Beach Pkwy Ste B, Panama City Beach, FL 32413, USA",https://www.tazikis.com/location/pier-park/
Mediterranean,Gyro Cafe,"665 W 23rd St, Panama City, FL 32405, USA",https://www.gyrocafepc.com/
Mediterranean,Toro Barcelona,"4601 US-98, Panama City, FL 32401, USA",
Ethiopian,Axum Restaurant,"1279 E Hastings St, Vancouver, BC V6A 1S4, Canada",http://www.axumrestaurant.ca/
Ethiopian,Fassil Restaurant,"736 E Broadway, Vancouver, BC V5T 1X9, Canada",http://www.fassil.ca/
Ethiopian,Harambe Ethiopian Restaurant,"2149 Commercial Dr, Vancouver, BC V5N 4B3, Canada",
Ethiopian,Gojo Café Ethiopia I Ethiopian Cuisine,"2838 Commercial Dr, Vancouver, BC V5N 4C6, Canada",http://www.gojocafe.com/
Ethiopian,House of Tadu Ethiopian Kitchen,"1130 4th St, San Francisco, CA 94158, USA",http://taduethiopiankitchen.com/home-house-of-tadu/
Ethiopian,Ambo Ethiopian Cuisine,"902 N State St, Bellingham, WA 98225, USA",https://www.amboethiopian.com/
Ethiopian,Selam Restaurant and Cafe,"3120 Williams Rd, San Jose, CA 95117, USA",
Ethiopian,Enssaro Ethiopian Restaurant,"357-A Grand Ave, Oakland, CA 94610, USA",http://www.enssarooakland.com/
Ethiopian,Zagol Ethiopian Restaurant,"2722 E Cherry St, Seattle, WA 98122, USA",http://www.zagolethiopianrestaurant.com/
Ethiopian,Abesha Ethiopian Cuisine,"4929 Shattuck Ave., Oakland, CA 94609, USA",
Ethiopian,ADMAS ( ፒያሳ ) ETHIOPIAN and ERITREAN RESTAURANT,"1910 Park Blvd, Oakland, CA 94606, USA",
Ethiopian,Café Colucci,"5849 San Pablo Ave, Oakland, CA 94608, USA",https://www.cafecolucci.com/
Ethiopian,Adey Abeba Ethiopian Restaurant,"2123 E Union St, Seattle, WA 98122, USA",https://adeyabeba.net/
Ethiopian,Mudai Ethiopian Restaurant,"503 W San Carlos St, San Jose, CA 95126, USA",https://www.mudaiethiopianrestaurant.com/?y_source=1_MTU0NTA4ODYtNzE1LWxvY2F0aW9uLndlYnNpdGU%3D
Ethiopian,Zeni,"1320 Saratoga Ave, San Jose, CA 95129, USA",https://www.zeniethiopianrestaurant.com/
Ethiopian,Abyssinia Ethiopian Restaurant,"913 4th St, Santa Rosa, CA 95404, USA",http://www.my-abyssinia.com/
Ethiopian,Kategna Ethiopian Restaurant,"1663 W San Carlos St, San Jose, CA 95128, USA",https://www.kategna.com/
Ethiopian,Ahadu Ethiopian Restaurant,"1508 NE 117th St, Seattle, WA 98125, USA",http://www.ahadu-ethiopian-restaurant.net/
Ethiopian,Red Sea Ethiopian & Eritrean Cuisine Restaurant,"5200 Claremont Ave, Oakland, CA 94618, USA",https://eatredsea.com/
Caribbean,Cool Runnings Caribbean Cuisine,"13312 Front Beach Rd, Panama City Beach, FL 32407, USA",https://coolrunningspcb.com/
Caribbean,Yard Vybz Grill,"13309 Hutchison Blvd, Panama City Beach, FL 32407, USA",
Caribbean,J Shannelle Caribbean/Jamaican Cafe and Food Market.,"7950 Front Beach Rd #4817, Panama City Beach, FL 32407, USA",
Caribbean,Jamaican Food Store & Cafe,"3303 US-98, Panama City, FL 32405, USA",
Caribbean,JAA's Kitchen,"9956 Hutchison Blvd, Panama City Beach, FL 32407, USA",https://jaaskitchen.com/?utm_source=google-gmb-maps&utm_medium=gmb-website-button&utm_campaign=locl.io&utm_content=90825315-27c6-4da6-b205-63de764826fd
Caribbean,Bamboo's 2 Jamaican Restaurant,"207 S Arnold Rd, Panama City Beach, FL 32413, USA",
Caribbean,Peppa's Jerk Spot,"1209 N Cove Blvd, Panama City, FL 32401, USA",https://peppasjerkspot.com/
Caribbean,Beach Island Bites,"8800 Front Beach Rd Shop 2, Panama City Beach, FL 32407, USA",http://beach-island-bites.square.site/
Caribbean,Grandma's Alma Cuisine,"1015 Paddock Club Dr, Panama City, FL 32407, USA",
Caribbean,The Grand Marlin,"5323 N Lagoon Dr, Panama City Beach, FL 32408, USA",http://thegrandmarlin.com/pcb
Caribbean,Salty Goat Saloon,"13006 Front Beach Rd Suite B, Panama City Beach, FL 32407, USA",http://www.saltygoatsaloon.com/
Caribbean,Runaway Island,"14521 Front Beach Rd, Panama City Beach, FL 32413, USA",https://runawayislandpcb.com/
Caribbean,Uncle Ernie's,"1151 Bayview Ave, Panama City, FL 32401, USA",http://www.uncleerniesbayfrontgrill.com/
Caribbean,Best Jamaican food in pcb,"6217 Causeway Rd, Panama City Beach, FL 32408, USA",
Soul,Josiah's Southern Cooking,"1003 Martin Luther King Jr Blvd, Panama City, FL 32401, USA",https://josiahssoutherncooking.com/
Argentinian,AutentiKa Mexican Grille,"14662 Front Beach Rd #3517, Panama City Beach, FL 32413, USA",https://sites.google.com/view/autentikamexicangrille/home
Argentinian,Triple J Steakhouse,"2218 Thomas Dr, Panama City Beach, FL 32408, USA",http://www.triplejsteakhouse.com/
Argentinian,Diego's Burrito Factory & Margarita Bar,"15514 Front Beach Rd, Panama City Beach, FL 32413, USA",http://www.diegosburritofactory.com/menu.aspx
Argentinian,Capt. Anderson's Restaurant & Waterfront Market,"5551 N Lagoon Dr, Panama City, FL 32408, USA",http://www.captandersons.com/
Argentinian,Old Mexico Restaurant,"1812 FL-77, Lynn Haven, FL 32444, USA",https://order.online/business/old-mexico-restaurant-11573270
Argentinian,Renzo's,"3644 W Kennedy Blvd, Tampa, FL 33609, USA",https://www.renzos.com/
Argentinian,The Grand Marlin,"5323 N Lagoon Dr, Panama City Beach, FL 32408, USA",http://thegrandmarlin.com/pcb
Argentinian,Cafe Tango,"14 Vicki St, Santa Rosa Beach, FL 32459, USA",http://www.cafetango30-a.com/
Argentinian,Christo's Sports Bar & Grill,"2903 Thomas Dr, Panama City Beach, FL 32408, USA",http://christossportsbar.com/
Argentinian,Argentinian Grill,"2521 N Federal Hwy, Boca Raton, FL 33431, USA",http://www.argentiniangrill.us/
Argentinian,Bayou on the Beach,"11115 Hutchison Blvd, Panama City Beach, FL 32407, USA",http://bayouonthebeachcafe.com/
Argentinian,New Campo Argentino Steakhouse,"6954 Collins Ave, Miami Beach, FL 33141, USA",https://www.newcampoargentino.com/
Argentinian,Bayou Joes Marina & Grill,"112A E 3rd Ct, Panama City, FL 32401, USA",http://www.bayoujoes.com/
Argentinian,La Patagonia Argentina Restaurant,"4802 NW 7th St, Miami, FL 33126, USA",
Argentinian,Argentino Las Olas,"813 E Las Olas Blvd, Fort Lauderdale, FL 33301, USA",http://argentinolasolas.com/
Argentinian,La Parrilla Liberty,"1255 Washington Ave, Miami Beach, FL 33139, USA",http://www.laparrillaliberty.com/
Argentinian,Loretta and the Butcher,"3195 Commodore Plaza, Coconut Grove, FL 33133, USA",http://www.lorettaandthebutcher.com/
Argentinian,La Rural Argentine Steakhouse,"2346 Weston Rd, Weston, FL 33326, USA",
Argentinian,MUCHAAACHOS,"933 Normandy Dr, Miami Beach, FL 33141, USA",http://www.muchaaachos.com/
Argentinian,Caminito Weston,"1916 Weston Rd, Weston, FL 33326, USA",https://caminito.us/
Chilean,Chili's Grill & Bar,"15640 Panama City Beach Pkwy, Panama City Beach, FL 32413, USA",https://www.chilis.com/locations/us/florida/panama-city-beach/pier-park?utm_source=google&utm_medium=local&utm_campaign=Chilis
Chilean,Pepper's Mexican Grill and Cantina,"2061 N Cove Blvd, Panama City, FL 32405, USA",https://www.peppersmexicancantina.com/
Chilean,Old Mexico Restaurant,"1812 FL-77, Lynn Haven, FL 32444, USA",https://order.online/business/old-mexico-restaurant-11573270
Chilean,AutentiKa Mexican Grille,"14662 Front Beach Rd #3517, Panama City Beach, FL 32413, USA",https://sites.google.com/view/autentikamexicangrille/home
Chilean,Pinch a tako,"4200 US-98, Panama City, FL 32401, USA",
Chilean,Old Mexico Restaurant,"430 S Tyndall Pkwy, Panama City, FL 32404, USA",
Chilean,Diego's Burrito Factory & Margarita Bar,"6209 Sunset Dr, Panama City Beach, FL 32408, USA",http://www.diegosburritofactory.com/menu
Chilean,Chili's Grill & Bar,"845 E 23rd St, Panama City, FL 32405, USA",https://www.chilis.com/locations/us/florida/panama-city/panama-city?utm_source=google&utm_medium=local&utm_campaign=Chilis
Chilean,La Michoacana Restaurant,"4003 W 18th St E, Panama City, FL 32401, USA",
Chilean,El Jalisco Panama City,"766 W 23rd St, Panama City, FL 32405, USA",https://www.eljalisco.com/locations/panama-city/
Chilean,El Jalisco Lynn Haven,"1815 FL-77, Lynn Haven, FL 32444, USA",https://www.eljalisco.com/locations/lynn-haven/
Chilean,Los Rancheros Mexican Restaurant,"111 W 23rd St, Panama City, FL 32405, USA",http://losrancherospc.com/
Chilean,Taqueria Yoel,"1503 Fairy Ave, Panama City, FL 32405, USA",
Chilean,Guadalajara Mexican grill,"8730 Thomas Dr, Panama City, FL 32408, USA",
Chilean,El Rodeo Tequila Bar & Grill,"1136 Thomas Dr, Panama City, FL 32408, USA",https://elrodeotequilabargrillfl.com/
Chilean,Big Mama's Country Cooking,"620 W Beach Dr, Panama City, FL 32401, USA",http://bigmamasonthebayou.godaddysites.com/
Chilean,Muy Wayne O's,"303 S Arnold Rd, Panama City Beach, FL 32413, USA",http://www.muywayneos.com/
Chilean,Diego's Burrito Factory & Margarita Bar,"15514 Front Beach Rd, Panama City Beach, FL 32413, USA",http://www.diegosburritofactory.com/menu.aspx
Chilean,Picos On Back Beach,"12011b Back Beach Rd, Panama City Beach, FL 32407, USA",http://www.picosonbackbeach.com/
Chilean,Maddie's La Casita,"561 Harrison Ave, Panama City, FL 32401, USA",http://www.maddieslacasita.com/
Colombian,Cocina Latina - Latin restaurant,"280 S Arnold Rd, Panama City Beach, FL 32413, USA",
Colombian,Tropical drinks restaurant-bar,"2117 E 3rd St, Panama City, FL 32401, USA",
Colombian,Boricuba Cafe,"11206 Hutchison Blvd, Panama City Beach, FL 32407, USA",
Colombian,Colombian Resturant Brisas Del Valle #2,"6809 Massachusetts Ave, New Port Richey, FL 34653, USA",https://colombianresturantbrisasdelvalle2fl.com/
Colombian,Bella Colombia,"5835 Memorial Hwy, Tampa, FL 33615, USA",https://www.bellacolombia.getsauce.com/?utm_source=GMB&utm_medium=Website%20button&utm_id=Bella%20Colombia
Colombian,LA POLLERA COLORADA CLEARWATER,"1226 S Highland Ave, Clearwater, FL 33756, USA",http://polleracoloradaclearwater.com/
Colombian,Cool Runnings Caribbean Cuisine,"13312 Front Beach Rd, Panama City Beach, FL 32407, USA",https://coolrunningspcb.com/
Colombian,Havana Night Restaurant & Bakery,"1409 US-231, Panama City, FL 32405, USA",https://www.havananightrestaurantandbakery.com/
Colombian,LA TRI COLOR “Antojitos Colombianos “,"444 U.S. Hwy 17-92 N, Haines City, FL 33844, USA",
Colombian,Mi Tierra Latina,"6802 W Hillsborough Ave, Tampa, FL 33634, USA",https://www.mitierralatina.getsauce.com/?utm_source=GMB&utm_medium=Website%20button&utm_id=Mi%20Tierra%20Latina
Colombian,La Estancia De Luisa,"5270 Babcock St NE #28, Palm Bay, FL 32905, USA",
Colombian,Guadalajara Mexican grill,"8730 Thomas Dr, Panama City, FL 32408, USA",
Colombian,Mi Carreta Restaurant & Bakery,"2705 54th Ave N #14, St. Petersburg, FL 33714, USA",https://www.micarretarestaurante.com/
Colombian,El Antojo Colombiano,"300 E Hinson Ave, Haines City, FL 33844, USA",https://elantojocolombianofl.com/
Colombian,La Antioquena Restaurant,"3861 Lake Emma Rd, Lake Mary, FL 32746, USA",http://www.colombianfoodlakemary.com/
Colombian,La Mordida Restaurant Bar & Grill,"14100 US Hwy 19 N, Clearwater, FL 33764, USA",http://www.lamordidagrill.com/
Colombian,Monserrate Restaurant Bar and Grill,"2311 W Hillsborough Ave, Tampa, FL 33603, USA",https://www.instagram.com/monserraterestaurant/?hl=es
Colombian,Empanada Brothers,"9285 Seminole Blvd, Seminole, FL 33772, USA",http://empanadabrothers.com/
Colombian,Parva Deland Colombian Bakery & Restaurant,"1330 N Woodland Blvd, DeLand, FL 32724, USA",
Colombian,La Pequeña Colombia Bakery & Restaurant,"1300 SW 160th Ave, Weston, FL 33326, USA",http://lapequenacolombia.com/
Costa Rican,Chula's by Rita,"750 15th St #2266, Panama City, FL 32401, USA",
Czech,Vladimir's Czech Restaurant,"12785 Sir Francis Drake Blvd, Inverness, CA 94937, USA",
Danish,FINNS ISLAND STYLE GRUB + FINNS BARISTA BAR and SNACK SHACK,"7210 Thomas Dr, Panama City, FL 32408, USA",http://www.finnsgrub.com/
Dutch,Cool Runnings Caribbean Cuisine,"13312 Front Beach Rd, Panama City Beach, FL 32407, USA",https://coolrunningspcb.com/
Dutch,Dee's Hangout,"529 N Richard Jackson Blvd, Panama City Beach, FL 32407, USA",https://www.deeshangout.com/
Dutch,Cracker Barrel Old Country Store,"520 E 23rd St, Panama City, FL 32405, USA",https://www.crackerbarrel.com/Locations/States/fl/panama-city/749/?utm_source=google&utm_medium=maps&utm_campaign=crackerbarrelurl
Dutch,JAA's Kitchen,"9956 Hutchison Blvd, Panama City Beach, FL 32407, USA",https://jaaskitchen.com/?utm_source=google-gmb-maps&utm_medium=gmb-website-button&utm_campaign=locl.io&utm_content=90825315-27c6-4da6-b205-63de764826fd
Dutch,Coconuts Restaurant,"17458 Front Beach Rd, Panama City Beach, FL 32413, USA",https://www.sandpiperbeacon.com/panama-city-beach/coconuts-restaurant.html
Dutch,TIDES Restaurant & Lounge,"4114 Jan Cooley Dr, Panama City Beach, FL 32408, USA",https://www.bluegreenbaysideresort.com/PlacestoEat.html
Dutch,Bamboo's 2 Jamaican Restaurant,"207 S Arnold Rd, Panama City Beach, FL 32413, USA",
Dutch,Runaway Island,"14521 Front Beach Rd, Panama City Beach, FL 32413, USA",https://runawayislandpcb.com/
Dutch,Captain's Table Fish House Restaurant,"1110 Beck Ave, Panama City, FL 32401, USA",https://www.captstablefishhouse.com/
Dutch,Burgunbarrel,"1125 Beck Ave, Panama City, FL 32401, USA",https://www.burgunbarrel.com/
Dutch,House of Henry Irish pub and eatery,"461 Harrison Ave, Panama City, FL 32401, USA",http://hohpub.com/
Dutch,Bayou Joes Marina & Grill,"112A E 3rd Ct, Panama City, FL 32401, USA",http://www.bayoujoes.com/
Dutch,Boon Docks,"14854 Bay View Cir, Panama City Beach, FL 32413, USA",http://www.boondocksfl.com/ContactUs.aspx
Dutch,Schooners,"5121 Gulf Dr, Panama City, FL 32408, USA",http://www.schooners.com/
Dutch,Bayou on the Beach,"11115 Hutchison Blvd, Panama City Beach, FL 32407, USA",http://bayouonthebeachcafe.com/
Dutch,Christo's Sports Bar & Grill,"2903 Thomas Dr, Panama City Beach, FL 32408, USA",http://christossportsbar.com/
Dutch,Tally-Ho Drive In,"1449 Harrison Ave, Panama City, FL 32401, USA",http://tallyhopcflorida.com/
Dutch,Flip Flop's Bar & Grill,"Upper Grand Lagoon, FL 32408, USA",http://www.bluegreenvacations.com/
Dutch,Sharky's Beachfront Restaurant,"15201 Front Beach Rd, Panama City Beach, FL 32413, USA",https://sharkysbeach.com/
Dutch,Burger King,"109 N Tyndall Pkwy, Panama City, FL 32404, USA",https://locations.bk.com/fl/panama-city/109-north-tyndall-parkway.html
Ecuadorian,Cocina Latina - Latin restaurant,"280 S Arnold Rd, Panama City Beach, FL 32413, USA",
Finnish,FINNS Island Style Grub in St. Andrews,"2808 W 12th St, Panama City, FL 32401, USA",http://www.finnsgrub.com/
Finnish,Fin's Japanese Sushi & Grill,"732 W 23rd St, Panama City, FL 32405, USA",https://finsjapanesesushiandgrill.com/
Finnish,Flip Flop's Bar & Grill,"Upper Grand Lagoon, FL 32408, USA",http://www.bluegreenvacations.com/
Finnish,FINNS ISLAND STYLE GRUB + FINNS BARISTA BAR and SNACK SHACK,"7210 Thomas Dr, Panama City, FL 32408, USA",http://www.finnsgrub.com/
Ghanaian,Simba's Grill,"3300 Boundary Rd, Burnaby, BC V5M 4A4, Canada",http://www.simbasgrill.com/
Honduran,Honduras Kitchen / Comida Hondureña / envios de dinero,"340 Palm Beach Dr, Panama City Beach, FL 32413, USA",
Icelandic,FINNS ISLAND STYLE GRUB + FINNS BARISTA BAR and SNACK SHACK,"7210 Thomas Dr, Panama City, FL 32408, USA",http://www.finnsgrub.com/
Indonesian,Bali Thai,"88 W Pender St, Vancouver, BC V6B 1R3, Canada",https://www.balithaivancouver.com/
Indonesian,Peranakan Kitchen (P'Kay),"1122 5th Ave, New Westminster, BC V3M 1Y6, Canada",https://perkit.ca/
Indonesian,Indo Cafe,"13754 Aurora Ave N Suite D, Seattle, WA 98133, USA",http://www.myindocafe.com/
Iranian,Suren Persian cuisine,"4624 Hastings St, Burnaby, BC V5C 2K5, Canada",https://linktr.ee/surenrestaurant
Iranian,Cazba Restaurant,"132 16th St W, North Vancouver, BC V7M 1T4, Canada",http://cazbarestaurant.com/
Iranian,Khaghan Restaurant North Shore,"935 Marine Dr Unit 66, North Vancouver, BC V7P 1S3, Canada",https://linktr.ee/khaghan
Iranian,Zeitoon Restaurant,"1795 Pendrell St, Vancouver, BC V6G 1T2, Canada",https://zeitoon.cloudwaitress.com/
Iranian,SadraRestaurantرستوران صدراونكوور,"SADRA Persian Restaurant, 1615 Lonsdale Ave, North Vancouver, BC V7M 2J5, Canada",http://sadrarestaurant.ca/
Iranian,Mehman Restaurant,"1451 Lonsdale Ave, North Vancouver, BC V7M 2H9, Canada",http://www.mehmanrestaurant.ca/
Iranian,Grab and Go Persian Restaurant,"1805 Lonsdale Ave, North Vancouver, BC V7M 2J8, Canada",https://grabandgopersian.ca/
Iranian,Sahel Market & Restaurant,"3207 W Broadway, Vancouver, BC V6K 2H5, Canada",https://sahelpersianrestaurant.com/
Iranian,Khaghan Restaurant,"851 Denman St, Vancouver, BC V6G 2L9, Canada",
Iranian,Gillaneh GrillHouse - Downtown,"1072 Denman St, Vancouver, BC V6G 2M8, Canada",https://gilane.ca/
Iranian,Farsi Food,"1480 Pemberton Ave, North Vancouver, BC V7P 2S1, Canada",http://www.farsifood.ca/
Iranian,Shamshiri Caveman International & Persian Restaurant,"139 Keefer St, Vancouver, BC V6A 1X3, Canada",http://shamshirivan.ca/
Iranian,Chelo Kitchen + Eatery,"1078 Marine Dr, North Vancouver, BC V7P 1S5, Canada",http://cheloyvr.com/
Iranian,Celeshmet Restaurant | Authentic Persian Halal Restaurant,"6956 Victoria Dr, Vancouver, BC V5P 3Y8, Canada",http://celeshmet.com/?utm_source=gmb&utm_medium=referral
Iraqi,Homa Mediterranean Restaurant (Baghdad Cafe),"548 Seymour St, Vancouver, BC V6B 3J5, Canada",
Israeli,Taziki's Mediterranean Cafe - Panama City,"103 W 23rd St E7, Panama City, FL 32405, USA",https://www.tazikis.com/location/panamacity/
Israeli,Gyro Cafe,"665 W 23rd St, Panama City, FL 32405, USA",https://www.gyrocafepc.com/
Israeli,TIDES Restaurant & Lounge,"4114 Jan Cooley Dr, Panama City Beach, FL 32408, USA",https://www.bluegreenbaysideresort.com/PlacestoEat.html
Israeli,Mana Mana Middle Eastern Restaurant,"33 N Garden Ave #140, Clearwater, FL 33755, USA",http://www.manamanarestaurant.com/
Israeli,Saltwater Grill,"11040 Hutchison Blvd, Panama City Beach, FL 32407, USA",http://www.saltwatergrillpcb.com/
Israeli,Firefly,"535 Richard Jackson Blvd, Panama City Beach, FL 32407, USA",https://www.fireflypcb.com/
Israeli,Zaitoun,"City Food Hall, 4237 Legendary Dr H100, Destin, FL 32541, USA",http://zaitouneats.com/
Israeli,Boon Docks,"14854 Bay View Cir, Panama City Beach, FL 32413, USA",http://www.boondocksfl.com/ContactUs.aspx
Israeli,Taziki's Mediterranean Cafe - Panama City Beach,"15463 Panama City Beach Pkwy Ste B, Panama City Beach, FL 32413, USA",https://www.tazikis.com/location/pier-park/
Israeli,JACOBS JUICE,"10472 Front Beach Rd, Panama City Beach, FL 32413, USA",https://www.jacobsjuice.com/
Jamaican,Jamaican Food Store & Cafe,"3303 US-98, Panama City, FL 32405, USA",
Jamaican,Cool Runnings Caribbean Cuisine,"13312 Front Beach Rd, Panama City Beach, FL 32407, USA",https://coolrunningspcb.com/
Jamaican,JAA's Kitchen,"9956 Hutchison Blvd, Panama City Beach, FL 32407, USA",https://jaaskitchen.com/?utm_source=google-gmb-maps&utm_medium=gmb-website-button&utm_campaign=locl.io&utm_content=90825315-27c6-4da6-b205-63de764826fd
Jamaican,Best Jamaican food in pcb,"6217 Causeway Rd, Panama City Beach, FL 32408, USA",
Jamaican,Yard Vybz Grill,"13309 Hutchison Blvd, Panama City Beach, FL 32407, USA",
Jamaican,J Shannelle Caribbean/Jamaican Cafe and Food Market.,"7950 Front Beach Rd #4817, Panama City Beach, FL 32407, USA",
Jamaican,Bamboo's 2 Jamaican Restaurant,"207 S Arnold Rd, Panama City Beach, FL 32413, USA",
Jamaican,Grandma's Alma Cuisine,"1015 Paddock Club Dr, Panama City, FL 32407, USA",
Jamaican,Peppa's Jerk Spot,"1209 N Cove Blvd, Panama City, FL 32401, USA",https://peppasjerkspot.com/
Jordanian,Tamam: Fine Palestinian Cuisine,"2616 E Hastings St, Vancouver, BC V5K 1Z6, Canada",http://www.tamam.ca/
Laotian,"Lao-Thai Xpress, LLC","147 Main St, Crestview, FL 32536, USA",
Lithuanian,David's New Orleans Style Cafe & Sno-Balls,"13913 Panama City Beach Pkwy, Panama City Beach, FL 32407, USA",http://www.davidssnoballs.com/
Malaysian,Green & Oak Malaysian Restaurant,"3760 Hastings St, Burnaby, BC V5C 2H5, Canada",https://www.greenandoak.com/
Malaysian,Ipoh Malay Cuisine,"1316 W 73rd Ave, Vancouver, BC V6P 4M9, Canada",https://www.ipohmalaycuisine.ca/
Malaysian,IPOH Malaysian Cuisine,"2127-4500 Kingsway, Burnaby, BC V5H 2A9, Canada",https://www.facebook.com/ipohmalaysiancuisine/
Malaysian,Kopitiam Malaysia,"3885 Rupert St, Vancouver, BC V5R 2G7, Canada",https://kopitiammalaysia.ca/
Malaysian,Penang Bistro Fine Malaysian Cuisine(10% OFF for Orders from Our Website!),"3932 Fraser St, Vancouver, BC V5V 4E4, Canada",https://penangbistro.zomi.menu/
Malaysian,Tropika,"2975 Cambie St, Vancouver, BC V5Z 2V7, Canada",http://www.tropikavancouver.ca/
Malaysian,Nyonya House - Malaysian Restaurant - Please try to Order from Website,"3866 Bayview St #110, Richmond, BC V7E 3B6, Canada",http://nyonya.richmondpos.com/
Malaysian,Laksa King,"2546 E Hastings St, Vancouver, BC V5K 1Z3, Canada",https://laksaking.ca/
Malaysian,Malay Satay Hut,"5540, 15230 NE 24th St, Redmond, WA 98052, USA",https://www.malaysatay.com/
Malaysian,MY-Malaysianfood,"1566 Carroll Ave Unit 2K, San Francisco, CA 94124, USA",https://mymalaysianfoodca.allhungry.com/
Mongolian,Jin Jin Fusion,"7901 Front Beach Rd, Panama City Beach, FL 32407, USA",https://www.jinjinfusionfl.com/?utm_source=google-gmb-maps&utm_medium=gmb-website-button&utm_campaign=locl.io&utm_content=316b27cd-c916-432d-ae33-83308db9d8f7
Mongolian,No. 1 Asian Buffet,"232 S Tyndall Pkwy, Panama City, FL 32404, USA",https://www.no1asianbuffetfl.com/
Mongolian,Jin Jin Super King,"9802 Front Beach Rd, Panama City Beach, FL 32407, USA",http://www.jinjinsuperkingpcb.com/
Mongolian,China Coast,"10100 Hutchison Blvd, Panama City Beach, FL 32407, USA",http://www.chinacoastpcb.com/
Mongolian,Chow Time Grill & Buffet,"2343 Martin Luther King Jr Blvd, Panama City, FL 32405, USA",
Mongolian,Jin Jin 88,"11560 Panama City Beach Pkwy #102, Panama City Beach, FL 32407, USA",https://asianfusionpanamacitybeach.com/
Mongolian,New Jin Jin Buffet,"23038 Panama City Beach Pkwy, Panama City Beach, FL 32413, USA",http://www.newjinjintogo.com/
Mongolian,Jin Jin King,"7725 Front Beach Rd, Panama City Beach, FL 32407, USA",http://www.jinjinkingfl.com/
Mongolian,King House,"801 N Tyndall Pkwy, Panama City, FL 32404, USA",
Mongolian,Jin Jin II,"2425 Thomas Dr, Panama City Beach, FL 32408, USA",https://www.jinjin2fl.com/
Mongolian,China Wok,"2310 S, FL-77 #120, Lynn Haven, FL 32444, USA",
Mongolian,Chopsticks Oriental Restaurant,"1812 FL-77 #108, Lynn Haven, FL 32444, USA",http://www.chopstickslynnhaven.com/
Mongolian,Panda Express,"524 E 23rd St, Panama City, FL 32405, USA",https://www.pandaexpress.com/locations/fl/panama-city/2673
Mongolian,Jin Jin 88,"642 W 23rd St, Panama City, FL 32405, USA",https://jinjin88pc.com/
Mongolian,Sake House II,"1012 Thomas Dr #7444, Panama City Beach, FL 32408, USA",https://www.smorefood.com/order-online/sake-house-ii-panama-city-beach-32408-h28yoht0?utm_source=gmb&utm_medium=website
Mongolian,China 1,"674 W 23rd St, Panama City, FL 32405, USA",https://www.beyondmenu.com/28498/panama-city/china-1-panama-city-32405.aspx
Mongolian,Red Star Chinese,"1219 Ohio Ave B, Lynn Haven, FL 32444, USA",http://www.redstarlynnhaven.com/?utm_source=gmb&utm_medium=website
Mongolian,Sakura Sushi & Grill,"2411 FL-77, Lynn Haven, FL 32444, USA",
Mongolian,Great Wall,"412 Reid Ave #1828, Port St Joe, FL 32456, USA",http://www.greatwalldeliveryfl.com/
Mongolian,Aja 30A,"12805 US-98 t 101, Inlet Beach, FL 32461, USA",https://www.aja30a.com/
Nepalese,Gurkha Himalayan Kitchen Restaurant,"1141 Davie St, Vancouver, BC V6E 1N2, Canada",https://www.gurkha.ca/
Nicaraguan,Fritanga La Nueva,"29 S Semoran Blvd, Orlando, FL 32807, USA",
Norwegian,Schooners,"5121 Gulf Dr, Panama City, FL 32408, USA",http://www.schooners.com/
Pakistani,Persis Biryani Indian Grill,"1818 W 23rd St, Panama City, FL 32405, USA",http://www.persispanamacity.com/
Pakistani,Holi Indian Grill (A Flavor Of Joy),"3212 W 23rd St, Panama City, FL 32405, USA",https://holirestaurants.com/
Panamanian,Lone Star Boil House & Sports Bar,"320 W 5th St, Panama City, FL 32401, USA",
Panamanian,Bayou Joes Marina & Grill,"112A E 3rd Ct, Panama City, FL 32401, USA",http://www.bayoujoes.com/
Panamanian,Mosey's Downtown,"425 Grace Ave, Panama City, FL 32401, USA",http://www.facebook.com/moseysdowntown
Panamanian,Uncle Ernie's,"1151 Bayview Ave, Panama City, FL 32401, USA",http://www.uncleerniesbayfrontgrill.com/
Panamanian,Papa Joe's Bayside,"4601 West US-98, Panama City, FL 32401, USA",http://www.papajoesbayside.com/
Panamanian,Maddie's La Casita,"561 Harrison Ave, Panama City, FL 32401, USA",http://www.maddieslacasita.com/
Panamanian,El Rodeo Tequila Bar & Grill,"1136 Thomas Dr, Panama City, FL 32408, USA",https://elrodeotequilabargrillfl.com/
Panamanian,Panama Pizzeria,"3123 Thomas Dr, Panama City Beach, FL 32408, USA",http://www.panamapizzeria.com/
Panamanian,Thai Basil,"1001 Beck Ave, Panama City, FL 32401, USA",http://thaibasilbytanya.com/
Panamanian,Luna Muna Cafébar,"1127 Beck Ave, Panama City, FL 32401, USA",https://www.lunamunacafebar.com/
Panamanian,Big Mama's Country Cooking,"620 W Beach Dr, Panama City, FL 32401, USA",http://bigmamasonthebayou.godaddysites.com/
Panamanian,Harrison's Kitchen & Bar,"5 Harrison Ave, Panama City, FL 32401, USA",http://harrisonskitchenandbar.com/
Panamanian,St. Andrew's Steamery,"1153 Oak Ave, Panama City, FL 32401, USA",
Panamanian,Pineapple Willy's Restaurant,"9875 S Thomas Dr, Panama City Beach, FL 32408, USA",http://www.pwillys.com/
Panamanian,Barefoot on the Bay,"1201 Beck Ave, Panama City, FL 32401, USA",https://barefootrestaurants.com/?utm_source=google&utm_medium=organic&utm_campaign=gbp_listing
Panamanian,El Jalisco Panama City,"766 W 23rd St, Panama City, FL 32405, USA",https://www.eljalisco.com/locations/panama-city/
Panamanian,Taziki's Mediterranean Cafe - Panama City,"103 W 23rd St E7, Panama City, FL 32405, USA",https://www.tazikis.com/location/panamacity/
Panamanian,Copper Tap Grille,"1316 Beck Ave, Panama City, FL 32401, USA",https://coppertapgrille.com/
Panamanian,The Place Downtown,"429 Harrison Ave, Panama City, FL 32401, USA",http://www.theplacedowntown.net/
Panamanian,Captain's Table Fish House Restaurant,"1110 Beck Ave, Panama City, FL 32401, USA",https://www.captstablefishhouse.com/
Peruvian,Krispy Krunchy Chicken,"4131 Cherry St, Panama City, FL 32404, USA",
Peruvian,Don Cha Peruvian Food,"100 Perry Ave SE, Fort Walton Beach, FL 32548, USA",http://donchaperuvianfood.com/
Peruvian,Cocina Latina - Latin restaurant,"280 S Arnold Rd, Panama City Beach, FL 32413, USA",
Peruvian,Kousine Fort Lauderdale,"841 N Fort Lauderdale Beach Blvd, Fort Lauderdale, FL 33304, USA",https://www.kousine.getsauce.com/?utm_source=GMB&utm_medium=Website+Button&utm_id=kousine
Peruvian,Memories of Peru Pollos A La Brasa International Drive,"5700 International Dr, Orlando, FL 32819, USA",https://memoriesofperuinternational.com/
Peruvian,Golden Chicken,"164 E Main St, Bay Shore, NY 11706, USA",http://goldenchickenperuvianrestaurant.com/
Peruvian,Terra Sur Cafe,"5330 Ehrlich Rd #103, Tampa, FL 33624, USA",http://www.terrasurcafe.com/
Peruvian,Pollos Rocoto Chifa Polleria- Tampa Florida - Rotisserie Chicken,"5522 Hanley Rd Suite 11, Tampa, FL 33634, USA",
Peruvian,La Michoacana Restaurant,"4003 W 18th St E, Panama City, FL 32401, USA",
Peruvian,380 Peruvian Bistro,"144 Mary Esther Blvd, Mary Esther, FL 32569, USA",https://380peruvianbistro.com/
Peruvian,Saltwater Grill,"11040 Hutchison Blvd, Panama City Beach, FL 32407, USA",http://www.saltwatergrillpcb.com/
Peruvian,Bravo Peruvian Kitchen,"9711 W Sample Rd, Coral Springs, FL 33076, USA",http://www.bravoperuviankitchen.com/
Peruvian,La Mordida Restaurant Bar & Grill,"14100 US Hwy 19 N, Clearwater, FL 33764, USA",http://www.lamordidagrill.com/
Peruvian,Runas Peruvian Cuisine,"219 N 21st Ave, Hollywood, FL 33020, USA",http://www.runasperuviancuisine.com/
Peruvian,El Gaucho Inca Estero,"22909 Lyden Dr, Estero, FL 33928, USA",http://www.elgauchoinca.com/
Peruvian,CEVICHE KING PERUVIAN FOOD TRUCK,"8310 W Waters Ave, Tampa, FL 33615, USA",
Peruvian,CVI.CHE 105,"105 NE 3rd Ave, Miami, FL 33132, USA",https://www.ceviche105.com/
Peruvian,Capt. Anderson's Restaurant & Waterfront Market,"5551 N Lagoon Dr, Panama City, FL 32408, USA",http://www.captandersons.com/
Peruvian,Mancora Ceviche Bar Fort Lauderdale,"234 Almond Ave, Fort Lauderdale, FL 33316, USA",
Peruvian,Peruvian Fusion Cuisine,"27 N Miami Ave, Miami, FL 33128, USA",https://0rder.peruvianfusioncuisine.com/
Philippine,Manila To Go,"532 E 6th St, Panama City, FL 32401, USA",
Polish,Krzysiak's House Restaurant,"1605 Michigan Ave, Bay City, MI 48708, USA",https://www.krzysiaks.com/
Puerto Rican,Wepaa Puerto Rican Bar and Restaurant,"118 W Bay Dr, Largo, FL 33770, USA",http://www.orderwepaarestaurantlargo.com/
Puerto Rican,Boricuba Cafe,"11206 Hutchison Blvd, Panama City Beach, FL 32407, USA",
Puerto Rican,Havana Night Restaurant & Bakery,"1409 US-231, Panama City, FL 32405, USA",https://www.havananightrestaurantandbakery.com/
Puerto Rican,Cool Runnings Caribbean Cuisine,"13312 Front Beach Rd, Panama City Beach, FL 32407, USA",https://coolrunningspcb.com/
Puerto Rican,El Super Mofongo Resbaloso,"2190 Port Malabar Blvd NE, Palm Bay, FL 32905, USA",https://facebook.com/profile.php?id=100063828211716
Puerto Rican,Havana Night Bar and Grill,"2920 Thomas Dr, Panama City, FL 32408, USA",
Puerto Rican,La Garita Chinchorreo y Algo Más,"28067 US Hwy 27, Dundee, FL 33838, USA",https://www.facebook.com/la.garita.wh
Romanian,VILLA ROMANA Italian & Romanian Restaurant,"1909 Hollywood Blvd, Hollywood, FL 33020, USA",http://www.villaromanarestaurant.com/
Singaporean,Singapore Hawker Burnaby,"7150 Sperling Ave, Burnaby, BC V5E 2W5, Canada",http://www.singaporehawker.ca/
Singaporean,Singapore Hawker,"1169 Pacific St #120, Coquitlam, BC V3B 0J1, Canada",http://www.singaporehawker.ca/
Singaporean,Shiok Singaporean Cuisine,"1716 Kingsway, Vancouver, BC V5N 2S4, Canada",http://shiok.ca/
Singaporean,Singapore Express,"2775 Laurel St Room 4145, Vancouver, BC V5Z 1M9, Canada",https://www.qooway.com/OLO/m-en?SingExpOnLaurel
Singaporean,Prata-Man Singapore Cuisine,"9060 Capstan Wy, Richmond, BC V6X 3N6, Canada",https://prata-man-richmond.business.site/
Singaporean,Ipoh Malay Cuisine,"1316 W 73rd Ave, Vancouver, BC V6P 4M9, Canada",https://www.ipohmalaycuisine.ca/
Singaporean,Penang Bistro Fine Malaysian Cuisine(10% OFF for Orders from Our Website!),"3932 Fraser St, Vancouver, BC V5V 4E4, Canada",https://penangbistro.zomi.menu/
Singaporean,Laksa King,"2546 E Hastings St, Vancouver, BC V5K 1Z3, Canada",https://laksaking.ca/
Singaporean,Shiok! Singapore Kitchen,"1137 Chestnut St, Menlo Park, CA 94025, USA",http://www.shiokkitchen.com/
Singaporean,Tropika,"2975 Cambie St, Vancouver, BC V5Z 2V7, Canada",http://www.tropikavancouver.ca/
Slovak,Bay Breeze Restaurant and Bar,"7829 Birch Bay Dr, Blaine, WA 98230, USA",https://www.baybreezerestaurantandbar.com/
Slovenian,Sharky's Beachfront Restaurant,"15201 Front Beach Rd, Panama City Beach, FL 32413, USA",https://sharkysbeach.com/
Somali,Josiah's Southern Cooking,"1003 Martin Luther King Jr Blvd, Panama City, FL 32401, USA",https://josiahssoutherncooking.com/
South African,Sambou's African Kitchen,"1625 E County Line Rd Suite 150, Jackson, MS 39211, USA",https://sambouafricankitchen.com/
Swiss,Bricks & Barley Pizza,"8721 Thomas Dr Suite A, Panama City Beach, FL 32408, USA",https://www.bricksbarleypizza.com/
Syrian,Yasma,"550 Denman St, Vancouver, BC V6G 3H1, Canada",http://www.yasma.ca/
Taiwanese,Sake House II,"1012 Thomas Dr #7444, Panama City Beach, FL 32408, USA",https://www.smorefood.com/order-online/sake-house-ii-panama-city-beach-32408-h28yoht0?utm_source=gmb&utm_medium=website
Tanzanian,Josiah's Southern Cooking,"1003 Martin Luther King Jr Blvd, Panama City, FL 32401, USA",https://josiahssoutherncooking.com/
Thai,Thai Basil,"1001 Beck Ave, Panama City, FL 32401, USA",http://thaibasilbytanya.com/
Thai,Royal Thai Cuisine,"6212 E Hwy 98, Panama City, FL 32404, USA",https://www.royalthaicuisineorder.com/
Thai,Thai Chef Restaurant,"301 Cherry St, Panama City, FL 32401, USA",https://www.thaichefpanamacity.net/
Thai,Oishi Thai Restaurant and Sushi Bar,"16920 Front Beach Rd, Panama City Beach, FL 32413, USA",https://www.oishithaisushi.com/
Thai,Sue's Thai Cafe,"2727 Joan Ave, Panama City, FL 32408, USA",http://www.suesthaicafe.com/
Tunisian,Carthage Cafe,"1851 Commercial Dr, Vancouver, BC V5N 4A6, Canada",https://www.carthage.cafe/
Ukrainian,Ukrainian Village,"815 Denman St, Vancouver, BC V6G 2L7, Canada",https://ukrainianvillage.wixsite.com/canada
Uruguayan,Casa de Uruguay Food Truck and Bakery,"14803 a Tamiami Trl, North Port, FL 34287, USA",
Venezuelan,Cocina Latina - Latin restaurant,"280 S Arnold Rd, Panama City Beach, FL 32413, USA",
Vietnamese,Pho Express Noodles & Bar,"7510 Thomas Dr Ste K, Panama City Beach, FL 32408, USA",https://www.facebook.com/phoexpresspanama/
Vietnamese,Pho Pier 77,"19932 Front Beach Rd, Panama City Beach, FL 32413, USA",https://www.phopier77.com/
Vietnamese,Mr Pho,"209 Sudduth Pl, Panama City, FL 32404, USA",https://mrpho.net/
Vietnamese,Paris Banh Mi - Panama City Beach,"100 Pier Park Dr Suite 115, Panama City Beach, FL 32413, USA",https://orderparisbanhmi.com/?utm_source=google-gmb-maps&utm_medium=gmb-website-button&utm_campaign=locl.io&utm_content=28db9d15-c06b-4355-8e9f-ed59366e4d69
Yemeni,Saba Yemeni Restaurant,"2881 Granville St, Vancouver, BC V6H 3J4, Canada",http://www.sabafoods.ca/
Zambian,Josiah's Southern Cooking,"1003 Martin Luther King Jr Blvd, Panama City, FL 32401, USA",https://josiahssoutherncooking.com/
Zambian,Uncle Ernie's,"1151 Bayview Ave, Panama City, FL 32401, USA",http://www.uncleerniesbayfrontgrill.com/
Zambian,Big Mama's Country Cooking,"620 W Beach Dr, Panama City, FL 32401, USA",http://bigmamasonthebayou.godaddysites.com/
Zambian,Bayou Joes Marina & Grill,"112A E 3rd Ct, Panama City, FL 32401, USA",http://www.bayoujoes.com/
Zambian,J. Michael's Restaurant,"3210 Thomas Dr, Panama City Beach, FL 32408, USA",http://jmichaelstheoriginal.com/menu.html
Zambian,The Bistro Southern Cafeteria,"2900 E 5th St, Panama City, FL 32401, USA",
Zambian,Runaway Island,"14521 Front Beach Rd, Panama City Beach, FL 32413, USA",https://runawayislandpcb.com/
Zambian,Bayou on the Beach,"11115 Hutchison Blvd, Panama City Beach, FL 32407, USA",http://bayouonthebeachcafe.com/
Zambian,Dee's Hangout,"529 N Richard Jackson Blvd, Panama City Beach, FL 32407, USA",https://www.deeshangout.com/
Zambian,Boon Docks,"14854 Bay View Cir, Panama City Beach, FL 32413, USA",http://www.boondocksfl.com/ContactUs.aspx
Zimbabwean,Josiah's Southern Cooking,"1003 Martin Luther King Jr Blvd, Panama City, FL 32401, USA",https://josiahssoutherncooking.com/
