Cuisine Type,Name,Address,Website
Mexican,The Flying Taco Mexican Grill,"7 State St, Towanda, PA 18848, USA",https://flyingtacomexicangrill.com/
Mexican,Angry Burrito Company,"105 N Lehigh Ave, Sayre, PA 18840, USA",http://www.angryburritocompany.com/
Mexican,Salsa's,"70 Old Ithaca Rd, Horseheads, NY 14845, USA",
Mexican,"Taco Inc Mexican Bar and Grille, Bradford","27 Main St, Bradford, PA 16701, USA",http://tacoincbradford.com/
Mexican,Keystone Tacos,"142 S Keystone Ave, Sayre, PA 18840, USA",https://www.mykeystonetacos.com/
Mexican,Los Panchos Mexican Restaurant,"250 W Water St, Elmira, NY 14901, USA",https://lospanchostogo.com/
Mexican,Ernesto’s Authentic Mexican Restaurant,"119 North Ave, Owego, NY 13827, USA",https://ernestosdinerandrestaurantowego.com/
Mexican,Garcia's Mexican Restaurant,"2666 Corning Rd, Horseheads, NY 14845, USA",
Mexican,Fiesta Brava,"84 E Market St, Corning, NY 14830, USA",
Mexican,Taco Bell,"462 N Keystone Ave, Sayre, PA 18840, USA",https://locations.tacobell.com/pa/sayre/462-n--keystone-avenue.html?utm_source=yext&utm_campaign=googlelistings&utm_medium=referral&utm_term=J137001&utm_content=website&y_source=1_NjE0MzQxMy03MTUtbG9jYXRpb24ud2Vic2l0ZQ%3D%3D
Mexican,Moe's Southwest Grill,"830 County Rd 64, Big Flats, NY 14814, USA",https://locations.moes.com/ny/big-flats/830-county-road-64?utm_source=google&utm_medium=organic&utm_campaign=locations_partner
Mexican,QDOBA Mexican Eats,"300 Campus Dr, Bradford, PA 16701, USA",https://locations.qdoba.com/us/pa/bradford/300-campus-drive.html
Italian,The Villa Sena,"143 Villa Sena Blvd, Towanda, PA 18848, USA",
Italian,Original Italian Pizza,"865 Golden Mile Rd, Towanda, PA 18848, USA",
Italian,Mangialardo's,"115 S Thomas Ave, Sayre, PA 18840, USA",http://mangialardos.edan.io/
Italian,Vincent’s Pizza,"505 Main St, Towanda, PA 18848, USA",
Italian,Yanuzzi's,"235 Desmond St, Sayre, PA 18840, USA",https://m.facebook.com/yanuzzisrestaurant/?ref=page_internal&mt_nav=1
Italian,Original Italian Pizza,"205 S Keystone Ave, Sayre, PA 18840, USA",https://oipsayre.com/
Italian,Vinnie's Pizza,"2 Canton St, Troy, PA 16947, USA",
Italian,Soprano’s Market,"607 Cayuta Ave, Waverly, NY 14892, USA",http://sopranosmarket.com/
Italian,The Grille at the Train Station,"718 N Lehigh Ave, Sayre, PA 18840, USA",http://www.thegrillesayre.com/
Italian,Tomasso's,"398 County Rd 60, Waverly, NY 14892, USA",
Italian,Papa V,"18 Main St, Towanda, PA 18848, USA",https://m.facebook.com/100080092848488/
Italian,3 D's Pizza,"531 Reuter Blvd, Towanda, PA 18848, USA",
Italian,Chumpy's,"245 Desmond St, Sayre, PA 18840, USA",https://www.facebook.com/chumpys?mibextid=ZbWKwL
Italian,Pudgie's Pizza Pasta & Subs,"1 Garfield St, Waverly, NY 14892, USA",http://www.pudgiespizza.com/
Italian,Donoli's,"6510-6568 NY-434, Apalachin, NY 13732, USA",http://www.donoli.com/
Italian,Vinny's Pizza,"150 Broad St Suite G, Waverly, NY 14892, USA",
Italian,Barstow House,"35 River St, Nichols, NY 13812, USA",
Italian,Robbie's Pizza and Subs,"11 Main St, Wyalusing, PA 18853, USA",
Italian,Owego Original Italian,"23 Lake St, Owego, NY 13827, USA",http://www.owegooriginals.com/
Italian,Tanino Ristorante Italiano,"1 Old Ithaca Rd Off, Horseheads, NY 14845, USA",http://taninosristorante.com/
Spanish,"Taco Inc Mexican Bar and Grille, Bradford","27 Main St, Bradford, PA 16701, USA",http://tacoincbradford.com/
Spanish,"Boricana, LLC","456 W Washington Ave, Elmira, NY 14901, USA",http://www.boricanallc.com/
Spanish,Kabob's at The Option House,"41 Main St, Bradford, PA 16701, USA",https://www.facebook.com/kabobsattheoptionhouse/
Spanish,Players Downtown,"12 Mechanic St, Bradford, PA 16701, USA",https://www.playersdowntown.com/
Spanish,The Flying Taco Mexican Grill,"7 State St, Towanda, PA 18848, USA",https://flyingtacomexicangrill.com/
Spanish,Salsa's,"70 Old Ithaca Rd, Horseheads, NY 14845, USA",
Spanish,Angry Burrito Company,"105 N Lehigh Ave, Sayre, PA 18840, USA",http://www.angryburritocompany.com/
Spanish,Mofongo Restaurant,"124 S 5th St, Reading, PA 19602, USA",http://www.mofongorestaurantreading.com/
Spanish,Liberty Tavern,"501 E Main St, Bradford, PA 16701, USA",
Spanish,QDOBA Mexican Eats,"300 Campus Dr, Bradford, PA 16701, USA",https://locations.qdoba.com/us/pa/bradford/300-campus-drive.html
Spanish,La Cueva Restaurant,"666 Alter St, Hazleton, PA 18201, USA",https://lacuevarestaurantpa.com/
Spanish,Vavalos Bar and Restaurant,"3434 Ridge Rd, Gifford, PA 16732, USA",https://www.facebook.com/Vavalosdowntown/
Spanish,Sabor Latino WB,"545 Hazle St, Wilkes-Barre, PA 18702, USA",https://saborlatinowbpa.com/
Spanish,Fiesta Brava,"84 E Market St, Corning, NY 14830, USA",
Spanish,The Villa Sena,"143 Villa Sena Blvd, Towanda, PA 18848, USA",
Spanish,Tapas Tree Restaurant,"Tapas Tree Restaurant, Wharf House, Wharf Street, Shipley BD17 7DW, UK",http://www.tapastreeshipley.co.uk/
Spanish,Little Boomers' Burrito Bar,"30 W Market St, Corning, NY 14830, USA",http://www.boomersburritobar.com/
Spanish,Ernesto’s Authentic Mexican Restaurant,"119 North Ave, Owego, NY 13827, USA",https://ernestosdinerandrestaurantowego.com/
Spanish,Casa Mezcal Flavors of Mexico,"7500 NY-54, Bath, NY 14810, USA",http://www.casamezcalbathny.com/
Spanish,Los Panchos Mexican Restaurant,"250 W Water St, Elmira, NY 14901, USA",https://lospanchostogo.com/
American,Nana's Country Kitchen,"300 Ennis Ln, Towanda, PA 18848, USA",http://facebook.com/foodsogreat
American,Beeman's,"1356 Elmira St, Sayre, PA 18840, USA",http://beemansrestaurant.com/
American,The Ram Zone,"199 State St, Wyalusing, PA 18853, USA",https://ramzonesportsbar.com/
American,The Grille at the Train Station,"718 N Lehigh Ave, Sayre, PA 18840, USA",http://www.thegrillesayre.com/
American,American Sandwich Co.,"78 Main St, Wyalusing, PA 18853, USA",https://www.facebook.com/sandwichshop78?mibextid=ZbWKwL
American,Oliver's Pub & Grill,"1548 Golden Mile Rd, Towanda, PA 18848, USA",https://www.facebook.com/oliverspubandgrill/
American,East Troy Diner,"7874 US-6, Troy, PA 16947, USA",https://m.facebook.com/EastTroyDiner/
American,Banana Curve Diner,"517 N Keystone Ave, Sayre, PA 18840, USA",
American,Jimmy's Park Hotel,"127 Troy St, Canton, PA 17724, USA",https://jimmysparkhotel.hrpos.heartland.us/menu
American,Callears Bar-B-Que Restaurant and Catering,"2081 Elmira St, Sayre, PA 18840, USA",http://www.callearbbq.com/
American,Wendy's,"963 Golden Mile Rd, Towanda, PA 18848, USA",https://locations.wendys.com/united-states/pa/towanda/963-golden-mile-road?utm_source=Yext&utm_medium=Google_My_Business&utm_campaign=Local_Search&utm_content=EN_US
American,Red Rose Diner,"526 Main St, Towanda, PA 18848, USA",https://www.facebook.com/Red-Rose-Diner-503003913116395/
American,Pipher's Diner,"1503 US-6, Wysox, PA 18854, USA",
American,Milky Way Farms,"16867 PA-14, Troy, PA 16947, USA",
American,Applebee's Grill + Bar,"1860 Elmira St, Sayre, PA 18840, USA",https://restaurants.applebees.com/en-us/pa/sayre/1860-elmira-street-78007?utm_source=google&utm_medium=organic&utm_campaign=google_my_business&utm_term=78007&utm_content=website
American,Hotel Bradford Brew House and Beer Garden,"108 N Thomas Ave, Sayre, PA 18840, USA",https://m.facebook.com/HotelBradfordBeerGarden/
American,Jolly Trolley,"101 W Main St, Dushore, PA 18614, USA",https://www.facebook.com/Jolly-Trolley-193403334033769/
American,Pam's,"123 E Main St, Dushore, PA 18614, USA",http://pams.edan.io/
American,Sallies Country Kitchen,"23 Main St, Nichols, NY 13812, USA",http://sallies-kitchen.poi.place/
American,Burger King,"York Ave, Towanda, PA 18848, USA",https://burgerking.com/store-locator/store/restaurant_2537
Scottish,Oliver's Pub & Grill,"1548 Golden Mile Rd, Towanda, PA 18848, USA",https://www.facebook.com/oliverspubandgrill/
British,The Wayside Inn,"29 Railroad St, Towanda, PA 18848, USA",
Thai,Thai Asian 119,"119 W Franklin St, Horseheads, NY 14845, USA",https://thaiasian119togo.com/
Thai,Siam Elephants Thai Restaurant,"200 W Water St, Elmira, NY 14901, USA",https://www.siamelephants.com/
Thai,Nine Elephants,"20 W Market St, Corning, NY 14830, USA",https://www.nineelephantsthaicorning.com/
Thai,Thai Elephants,"133 E 4th St, Watkins Glen, NY 14891, USA",https://www.thaielephantsny.com/?utm_source=gmb&utm_medium=website
Thai,Joy Thai Cuisine,"15 W 4th St, Williamsport, PA 17701, USA",
Thai,Fin & Pho,"2384 W River Rd #1406, Nichols, NY 13812, USA",https://www.tiogadowns.com/wp-content/uploads/Fin-Pho-Menu.pdf
Thai,Bangkok Saigon Noodle,"136 Holland St E #1, Bradford, ON L3Z 2B7, Canada",https://www.bangkoksaigonnoodle.com/
Thai,New Kam Bo,"202 Desmond St, Sayre, PA 18840, USA",
Thai,Sang Tong Thai - Kennett Square,"420 W Cypress St, Kennett Square, PA 19348, USA",https://www.sangtongthaipa.com/
Thai,Mee Kiin Thai Kitchen,"300 Holland St W Unit 101, Bradford, ON L3Z 1J2, Canada",http://www.meekiin.ca/
Thai,Thai Aroy Dee,"1002 or 1006, Warrior Rd, Drexel Hill, PA 19026, USA",https://www.thaiaroydee.com/
Thai,Tuk Tuk Thai Kitchen,"309 Lancaster Ave Suite A6, Malvern, PA 19355, USA",https://www.tuktukthaimalvern.com/
Thai,Green Elephants Thai Vegan Restaurant,"507 N Franklin St, Watkins Glen, NY 14891, USA",https://www.smorefood.com/order-online/greenelephants-thai-vegan-watkins-glen-14891-9ilb40j4??utm_source=gmb&utm_medium=website
Thai,Khong Thai Cuisine,"260 Winton Rd N, Rochester, NY 14610, USA",http://www.khongthaicuisine.com/
Thai,U Like,"407 S Main St, Athens, PA 18810, USA",http://www.ulikeathens.com/
Thai,D Thai Kitchen,"677 Commerce St, Thornwood, NY 10594, USA",https://www.dthaikitchenthornwoodny.com/
Thai,Wild Ginger,"119 W Market St, Corning, NY 14830, USA",http://www.gafferdistrict.com/businesses/wild-ginger
Thai,Fortune Buffet,"1645 Elmira St, Sayre, PA 18840, USA",
Thai,Chu-Lee Gardens Bradford Chinese Restaurant,"405 E Main St, Bradford, PA 16701, USA",http://www.chuleegardenspa.com/
Japanese,NEKO SUSHI,"10 Holland St W, Bradford, ON L3Z 2B5, Canada",https://nekosushi.ca/
Japanese,Kyoto Hibachi & Seafood,"830 County Rd 64, Elmira, NY 14903, USA",https://www.kyoto2021.com/
Japanese,Ichiban Japanese Restaurant,"1800 E 3rd St, Williamsport, PA 17701, USA",http://www.ichibanwilliamsport.com/
Japanese,Akita Sushi,"456 Holland St W Unit 7, Bradford, ON L3Z 0G1, Canada",https://www.akitasushi.ca/
Japanese,Hong Kong Buffet,"1020 E Main St #3, Bradford, PA 16701, USA",
Japanese,Fin & Pho,"2384 W River Rd #1406, Nichols, NY 13812, USA",https://www.tiogadowns.com/wp-content/uploads/Fin-Pho-Menu.pdf
Japanese,ROBOKYO Japanese Steakhouse and Sushi,"117 Toll House Rd, Greensburg, PA 15601, USA",http://www.robokyo.com/
Japanese,Okinii Modern Japanese,"3818 Lincoln Hwy E, Downingtown, PA 19335, USA",
Japanese,SakkuSamba - Bradford,"The Broadway Shopping Centre, Unit 17 Hall Ings, Bradford BD1 1JR, UK",https://sakkusamba.co.uk/sakkusamba-bradford/
Japanese,Simon's,"2, Horseheads, NY 14845, USA",https://horseheadssimons.com/
Japanese,Tomodachi,"70 Buckwalter Rd Unit 329, Royersford, PA 19468, USA",http://www.tomodachipa.com/
Japanese,Sushi Home Town,"St Margaret's Terrace, Bradford BD7 3AP, UK",http://sushihometown.co.uk/?utm_source=google&utm_medium=pin-website&utm_content=website-button
Japanese,Wild Ginger,"119 W Market St, Corning, NY 14830, USA",http://www.gafferdistrict.com/businesses/wild-ginger
Japanese,Tokyo Hibachi & Bar,"960 Woodland Rd, Wyomissing, PA 19610, USA",http://www.tokyohibachiandbar.com/
Japanese,1025 Ruyi Japanese Steak House Restaurant,"1025 Arsenal St, Watertown, NY 13601, USA",http://www.1025ruyisteakhousenny.com/
Japanese,Wasabi Chinese & Japanese Restaurant,"686 Downingtown Pike, West Chester, PA 19380, USA",http://wasabiwcpa.com/
Japanese,Fujihana,"935 Loucks Rd, York, PA 17404, USA",http://fujihanayork.com/
Japanese,Grace Chinese Buffet,"1318 Elmira St, Sayre, PA 18840, USA",http://www.gracechinesebuffet.com/
Japanese,Haiku Hibachi & Sushi,"3215 N 5th Street Hwy, Reading, PA 19605, USA",http://www.haikupa.com/
Japanese,Kabuto Japanese Steakhouse and Sushi Bar,"8810 Waltham Woods Rd, Parkville, MD 21234, USA",https://gokabuto.com/?utm_source=gmb&utm_medium=organic&utm_campaign=1seo_gmb
Chinese,New Kam Bo,"202 Desmond St, Sayre, PA 18840, USA",
Chinese,Kam Bo,"614 Main St, Towanda, PA 18848, USA",http://kam-bo.edan.io/
Chinese,New Hong Kong,"326 Broad St, Waverly, NY 14892, USA",
Chinese,The Great Wall,"254 Ennis Ln, Towanda, PA 18848, USA",
Chinese,No. 1 China Garden,"757 Canton St, Troy, PA 16947, USA",
Chinese,Golden City Chinese,"22 W Main St, Canton, PA 17724, USA",
Chinese,Fortune Buffet,"1645 Elmira St, Sayre, PA 18840, USA",
Chinese,Grace Chinese Buffet,"1318 Elmira St, Sayre, PA 18840, USA",http://www.gracechinesebuffet.com/
Chinese,U Like,"407 S Main St, Athens, PA 18810, USA",http://www.ulikeathens.com/
Chinese,Kam Fung,"42 W Main St Unit #2, Owego, NY 13827, USA",http://kamfungowego.com/
Chinese,Hong Kong Buffet,"1020 E Main St #3, Bradford, PA 16701, USA",
Chinese,Panda Wok,"713 NY-17C, Owego, NY 13827, USA",https://pandawokowego.com/
Chinese,Lucky Star,"9 N Main St, Mansfield, PA 16933, USA",https://www.luckystarmansfield.com/
Chinese,Mulan Super China,"3300 Chambers Rd, Horseheads, NY 14845, USA",
Chinese,Beijing Garden,"145 W Gray St, Elmira, NY 14901, USA",https://www.ekit.us/restaurantviewpage/beijing-garden-elmira-ny-14901
Chinese,Dragon Wok,"2898 Westinghouse Rd, Horseheads, NY 14845, USA",https://www.dragonwokhhds.com/
Chinese,Shanghai Express,"84 Canal St, Big Flats, NY 14814, USA",
Chinese,Chu-Lee Gardens Bradford Chinese Restaurant,"405 E Main St, Bradford, PA 16701, USA",http://www.chuleegardenspa.com/
Chinese,Thai Asian 119,"119 W Franklin St, Horseheads, NY 14845, USA",https://thaiasian119togo.com/
Chinese,Yee Olde Hickory House,"3543 Watkins Rd, Horseheads, NY 14845, USA",
Indian,Thali of India,"28 E Market St, Corning, NY 14830, USA",http://www.newthaliofindiacorning.com/
Indian,Neeha's Kitchen,"220 Airport Rd, Endicott, NY 13760, USA",
Indian,Anu Restaurant,"276 Sing Sing Rd Suite 12, Horseheads, NY 14845, USA",
Indian,Laziza Cuisine,"427 W 3rd St, Williamsport, PA 17701, USA",
Indian,Golden Taste of Asia,"316 Holland St W, Bradford West Gwillimbury, ON L3Z 1H9, Canada",https://goldentasteofasia.ca/
Canadian,Oliver's Pub & Grill,"1548 Golden Mile Rd, Towanda, PA 18848, USA",https://www.facebook.com/oliverspubandgrill/
Russian,Russian Club,"1006 Watson Blvd, Endicott, NY 13760, USA",
Jewish,Around The Table Catering,"310 Market St, Kingston, PA 18704, USA",https://www.bestkosherfalafel.com/
Jewish,Kingston Kosher,"425 Tioga Ave, Kingston, PA 18704, USA",https://shop.kingstonkosher.com/
Jewish,Abe's Delicatessen,"326 N Washington Ave, Scranton, PA 18503, USA",https://www.facebook.com/Abes-Deli-245677362124134/
Jewish,Woodro Kosher Restaurant & Caterers,"1441 Broadway, Hewlett, NY 11557, USA",
Jewish,Aderet,"13410 Preston Rd J, Dallas, TX 75240, USA",http://www.aderetrestaurant.com/
Jewish,Harold's New York Deli,"1173 King Georges Post Rd, Edison, NJ 08837, USA",http://www.haroldsfamousdeli.com/
Jewish,Saba's Restaurant,"9704 Fondren Rd, Houston, TX 77096, USA",http://www.sabasrestaurant.com/
Jewish,Chabad at Binghamton,"420 Murray Hill Rd, Vestal, NY 13850, USA",http://www.chabadofbinghamton.com/
Jewish,Saba's Grill & Wok,"5413 S Braeswood Blvd, Houston, TX 77096, USA",http://sabasgrillandwok.com/
Jewish,East side deli,"218 Robinson St, Binghamton, NY 13904, USA",
Jewish,Goodman’s Deli & Restaurant,"400 Springfield Ave, Berkeley Heights, NJ 07922, USA",http://www.goodmansdeli.net/
Jewish,The West Bradford Market,"994 Marshallton Thorndale Rd, West Chester, PA 19380, USA",
Jewish,Yellow Deli,"121 Susquehanna St, Binghamton, NY 13901, USA",
Jewish,CoreLife Eatery,"4700 Vestal Pkwy E, Vestal, NY 13850, USA",https://locations.corelifeeatery.com/corelife-eatery-2a1a20172413
Jewish,Sabra Grill Restaurant,"419 Grant Ave, San Francisco, CA 94108, USA",http://adka.org/sabragrill/
Jewish,Old World Deli,"27 Court St, Binghamton, NY 13901, USA",
Jewish,Buddhakhan's,"36 Pine St, Binghamton, NY 13901, USA",
Jewish,Tsha's Kitchen,"124 Broad Ave, Binghamton, NY 13904, USA",https://tshakitchen.com/
Polish,Podlasie Polish Restaurant,"1216 Campville Rd, Endicott, NY 13760, USA",https://podlasierestaurant.com/
German,Nurnberger Bierhaus,"2136 Lake Ariel Hwy, Lake Ariel, PA 18436, USA",http://www.nurnbergerbierhaus.info/
German,220 House Restaurant,"236 German St, Dushore, PA 18614, USA",http://220housepa.com/
German,Josie's German Restaurant And Market,"5238 E Trindle Rd, Mechanicsburg, PA 17055, USA",https://germanfoodatjosies.com/
German,Brauhaus Schmitz,"718 South St, Philadelphia, PA 19147, USA",http://www.brauhausschmitz.com/
German,Pump N Pantry,"114 N German St, Dushore, PA 18614, USA",https://www.pumpnpantry.com/
German,Lil' Schnitzel,"136 Holland St E, Bradford, ON L3Z 2B3, Canada",https://lilschnitzel.ca/
German,Hofbräuhaus Pittsburgh,"2705 S Water St, Pittsburgh, PA 15203, USA",http://www.hofbrauhauspittsburgh.com/
German,Beefeaters,"27 Congress St, Bradford, PA 16701, USA",http://www.thebeefeatersrestaurant.com/
German,"Prost German Restaurant Aberdeen, MD","102 N Rogers St, Aberdeen, MD 21001, USA",http://www.prostinn.com/
German,Schmankerl Stube,"58 S Potomac St, Hagerstown, MD 21740, USA",http://www.schmankerlstube.com/
German,Das Boot,"23 Chestnut Ave, Sharon, PA 16146, USA",https://www.nova.wine/das-boot
German,Podlasie Polish Restaurant,"1216 Campville Rd, Endicott, NY 13760, USA",https://podlasierestaurant.com/
French,The Villa Sena,"143 Villa Sena Blvd, Towanda, PA 18848, USA",
French,Liberty Tavern,"501 E Main St, Bradford, PA 16701, USA",
French,Hotel Bradford Brew House and Beer Garden,"108 N Thomas Ave, Sayre, PA 18840, USA",https://m.facebook.com/HotelBradfordBeerGarden/
French,The Blackburn 1897,"130 W Lockhart St, Sayre, PA 18840, USA",
French,Lisa's Place,"367 Broad St, Waverly, NY 14892, USA",https://www.facebook.com/lisasplaceburgershack/
French,Nana's Country Kitchen,"300 Ennis Ln, Towanda, PA 18848, USA",http://facebook.com/foodsogreat
French,The Brimarie,"119 S Elmer Ave, Sayre, PA 18840, USA",https://www.thebrimarieinn.com/
French,Michelle’s Hungry Hut,"515 James Monroe Ave, Monroe, PA 18832, USA",
French,Lionel Hutle-Hire a French Chef at Home,"106 Hillcrest Rd, Elmira, NY 14903, USA",http://www.lionelhutle.com/
French,Jens Diner,"37 Main St, Nichols, NY 13812, USA",
French,Jolly Trolley,"101 W Main St, Dushore, PA 18614, USA",https://www.facebook.com/Jolly-Trolley-193403334033769/
French,Yanuzzi's,"235 Desmond St, Sayre, PA 18840, USA",https://m.facebook.com/yanuzzisrestaurant/?ref=page_internal&mt_nav=1
French,The Grille at the Train Station,"718 N Lehigh Ave, Sayre, PA 18840, USA",http://www.thegrillesayre.com/
French,THE CENTRAL ON 6,"16749, Burlington, PA 18814, USA",
French,Sallies Country Kitchen,"23 Main St, Nichols, NY 13812, USA",http://sallies-kitchen.poi.place/
French,Parrish Family Deli,"501 S Keystone Ave, Sayre, PA 18840, USA",https://m.facebook.com/Parrish-Family-DELI-530268693768361/#!/Parrish-Family-DELI-530268693768361/
French,Barstow House,"35 River St, Nichols, NY 13812, USA",
French,220 House Restaurant,"236 German St, Dushore, PA 18614, USA",http://220housepa.com/
French,Milky Way Farms,"16867 PA-14, Troy, PA 16947, USA",
French,Paris 66 Bistro,"6018 Centre Ave, Pittsburgh, PA 15206, USA",http://www.paris66bistro.com/
Hawaiian,Mo' Bettahs Hawaiian Style Food,"1801 Preston Rd B, Plano, TX 75093, USA",https://locations.mobettahs.com/tx/plano/plano/
Brazilian,Estabulo Rodizio Bar & Grill Bradford,"Charles Street Broadway, Bradford BD1 1US, UK",http://www.estabulo.co.uk/
Peruvian,Al Toque Peruvian Restaurant,"724 Franklin Blvd, Somerset, NJ 08873, USA",
Peruvian,Norkys Peruvian Restaurant,"244 S Main St, Manville, NJ 08835, USA",http://norkysrestaurant.com/
Peruvian,Rocoto Peruvian Rotisserie Chicken and Bowls,"180 Leader Heights Rd Unit 10, York, PA 17402, USA",
Peruvian,Quechua's Chicken,"3433A Simpson Ferry Rd, Camp Hill, PA 17011, USA",http://quechuaschicken.com/
Peruvian,Rocoto - Peruvian & Mexican grill,"2997 Cape Horn Rd, Red Lion, PA 17356, USA",http://rocotoredlion.com/
Peruvian,Geronimo’s Peruvian Cuisine,"131 -A E Butler Ave, Ambler, PA 19002, USA",http://geronimosambler.com/
Peruvian,"Boricana, LLC","456 W Washington Ave, Elmira, NY 14901, USA",http://www.boricanallc.com/
Peruvian,Salsa Y Brasa Restaurant,"10 Maple Ave, New Rochelle, NY 10801, USA",
Peruvian,El Pollon Carnegie,"335 E Main St, Carnegie, PA 15106, USA",https://www.elpollonwv.com/copy-of-morgantown-wv
Peruvian,El Serrano,"2151 Columbia Ave, Lancaster, PA 17603, USA",https://www.elserrano.com/
Peruvian,Chicken Latino,"2100 Broadway Ave, Pittsburgh, PA 15216, USA",http://www.chickenlatino.net/
Peruvian,La Casera,"954 Pembroke Rd, Bethlehem, PA 18017, USA",
Peruvian,Quinoa Peruvian & Mexican Restaurant,"54 E State St, Doylestown, PA 18901, USA",http://www.quinoarestaurantbyo.com/
Peruvian,El Serrano,"3410 E Market St, York, PA 17402, USA",http://www.elserranoyork.com/
Peruvian,Don Cha Peruvian Food,"100 Perry Ave SE, Fort Walton Beach, FL 32548, USA",http://donchaperuvianfood.com/
Peruvian,Sabor Inka,"960 Pleasant Hill Rd, Lawrenceville, GA 30044, USA",http://www.saborinka.com/
Peruvian,El Incomparable Peruvian Cuisine,"19315 Saticoy St Unit H, Reseda, CA 91335, USA",http://www.elincomparable.net/
Peruvian,El Rancho Mexican Restaurant,"212 N Franklin St, Watkins Glen, NY 14891, USA",https://www.elrancho-ny.com/
Peruvian,La Feria,"5527 Walnut St #2, Pittsburgh, PA 15232, USA",http://laferiaperuvian.square.site/
Salvadorian,Salvadorean Bakery and Restaurant Inc.,"1719 SW Roxbury St, Seattle, WA 98106, USA",http://www.thesalvadoreanbakery.com/
Cuban,Los Tres Cubanos Restaurant,"540 Race St, Harrisburg, PA 17104, USA",http://lostrescubanos.com/
Tibetan,Tibetan Kitchen,"1217 Chapel St, New Haven, CT 06511, USA",http://www.tibetankitchen.us/
Egyptian,Neama's Egyptian Food,"24 N George St, York, PA 17401, USA",
Greek,Kabob's at The Option House,"41 Main St, Bradford, PA 16701, USA",https://www.facebook.com/kabobsattheoptionhouse/
Greek,Nostimo Greek Souvlaki (Bradford),"48 Holland St E, Bradford, ON L3Z 1X2, Canada",
Greek,REBEL GREEK,"95 Holland St W, Bradford, ON L3Z 1R8, Canada",https://rebelgreek.bycalibre.ca/
Greek,Opa Taverna,"40 E Gay St, West Chester, PA 19380, USA",https://opataverna.com/
Greek,Fattoush Mediterranean Cuisine,"182 Lancaster Ave, Malvern, PA 19355, USA",https://fattoushhealthydining.com/
Greek,Main Street Grille,"12 S Main St, Muncy, PA 17756, USA",http://greekfoodmuncy.com/
Greek,Togi's Family Restaurant,"412 E Main St, Bradford, PA 16701, USA",https://togisrestaurant.com/
Greek,Olive Tree Mediterranean-Vegan-vegetarian,"43 W 4th St Rear Suite, Williamsport, PA 17701, USA",http://www.sophiasolivetree.com/Home/The_Olive_Tree.html
Greek,Avlos Greek Cuisine,"258 Bridge St, Phoenixville, PA 19460, USA",http://www.avlosgr.com/
Greek,Theo Yianni's,"322 American Way, Weirton, WV 26062, USA",http://www.theoyiannis.com/
Greek,Milky Way Farms,"16867 PA-14, Troy, PA 16947, USA",
Greek,Elia Greek Authentic Cuisine,"264 N Keswick Ave, Glenside, PA 19038, USA",https://elia-restaurant.com/
Greek,Pappous Greek Kitchen,"1983 Commerce St, Yorktown Heights, NY 10598, USA",http://www.pappousgreekkitchen.com/
Greek,Soprano’s Market,"607 Cayuta Ave, Waverly, NY 14892, USA",http://sopranosmarket.com/
Greek,The Hungry Donkey,"17600 Yonge St, Newmarket, ON L3Y 4Z1, Canada",https://www.thehungrydonkey.ca/
Greek,Astoria Shish Kebob House - Newmarket,"16850 Yonge St, Newmarket, ON L3Y 0A3, Canada",https://www.astoriashishkebobhouse.com/newmarket/our-story-newmarket
Greek,Chacona's,"120 W Lockhart St, Sayre, PA 18840, USA",
Irish,Oliver's Pub & Grill,"1548 Golden Mile Rd, Towanda, PA 18848, USA",https://www.facebook.com/oliverspubandgrill/
Irish,Broad Street Pub,"371 Broad St, Waverly, NY 14892, USA",https://cyrusramsey.com/places/broad-street-pub/
Irish,Owego's Historic Park View Hotel & Irish Pub,"145 Front St, Owego, NY 13827, USA",
Irish,Hotel Bradford Brew House and Beer Garden,"108 N Thomas Ave, Sayre, PA 18840, USA",https://m.facebook.com/HotelBradfordBeerGarden/
Irish,Maloney's,"417 Main St, Hallstead, PA 18822, USA",https://maloneysnepa.com/mobile/index.html
Irish,House of Reardon,"25 Grant St, Binghamton, NY 13904, USA",http://houseofreardons.com/
Irish,Andy Gavin's Eatery & Pub,"1392 N Washington Ave #2852, Scranton, PA 18509, USA",https://www.andygavins.com/
Irish,Siamsa Irish Pub,"636 Main St, Stroudsburg, PA 18360, USA",http://www.siamsairishpub.com/
Irish,Maley's Pub,"92 E Market St, Corning, NY 14830, USA",
Irish,Molly Maguire's Irish Pub,"5 Hazard Square, Jim Thorpe, PA 18229, USA",http://www.jimthorpedining.com/
Irish,Patrick's,"303 College Ave, Elmira, NY 14901, USA",http://www.patrickselmira.com/
Irish,O'Ryans Sports Bar And Grill,"159 Prescott Ave, Elmira Heights, NY 14903, USA",
Irish,Brady's Pub,"248 W Water St, Elmira, NY 14901, USA",http://www.facebook.com/bradyspubelmira
Irish,Mac's Tavern,"1064 S Main St, Elmira, NY 14904, USA",
Irish,The Villa Sena,"143 Villa Sena Blvd, Towanda, PA 18848, USA",
Irish,Talty's Irish Pub,"535 N Union St, Olean, NY 14760, USA",https://taltys.wixsite.com/olean
Irish,Mooney's,"3300 Chambers Rd Suite 5233, Horseheads, NY 14845, USA",http://www.mooneys.com/
Irish,Fáilte,"1492 PA-739, Dingmans Ferry, PA 18328, USA",http://www.failte-pa.com/
Irish,Rookies Sports Bar,"211 E Main St, Bradford, PA 16701, USA",
Irish,Nick's Pub And Grill,"102 N Main St, Horseheads, NY 14845, USA",http://nickspubandgrille.com/
Welsh,Willows,"2669 W Washington St, Bradford, PA 16701, USA",
Cajun,The Boiling Cajun (Home of the Build-A-Boil),"809 S Main St, Weatherford, TX 76086, USA",https://www.boilingcajun.com/
Portuguese,La Morena,"620 Main St, Stroudsburg, PA 18360, USA",
Portuguese,Ilha Azul Bar & Grill,"6 Holland St W, Bradford, ON L3Z 2B3, Canada",
Portuguese,Churrasqueira Costa Verde,"494 Holland St W, Bradford, ON L3Z 0A2, Canada",http://costaverde.ca/
Portuguese,Minho Restaurant & Catering,"15 Holland St W, Bradford, ON L3Z 2A7, Canada",https://minhorestaurant.com/
Portuguese,OPORTO BBQ,"649 Yonge St #4, Barrie, ON L4N 4E7, Canada",
Portuguese,Red Rooster Portuguese BBQ,"17725 Yonge St #111-112, Newmarket, ON L3Y 7C1, Canada",http://www.redroosters.ca/
Portuguese,The Chicken Place,"1 Industrial Pkwy S, Aurora, ON L4G 3V9, Canada",https://thechickenlegend.com/
Portuguese,Portugalia BBQ,"324 Main St, Freemansburg, PA 18017, USA",
Portuguese,The Portuguese Fisherman,"11 Jackson St, South River, NJ 08882, USA",http://www.portuguesefisherman.com/
Portuguese,Churrasqueira Costa Verde,"3737 Major MacKenzie Dr W, Woodbridge, ON L4H 0A2, Canada",http://www.costaverde.ca/
Portuguese,Mesa Moreira,"58 W Market St, York, PA 17401, USA",http://www.mesamoreira.com/
Portuguese,Galina's BBQ Churrasqueira,"11399 Keele St, Maple, ON L6A 4E1, Canada",http://www.galinaskitchen.com//
Turkish,Efendi Turkish Restaurant (BAYVIEW LOCATION),"8190 Bayview Ave, Thornhill, ON L3T 2S2, Canada",https://efendirestaurants.com/
Haitian,Gou Restaurant,"5734 Old 2nd St, Philadelphia, PA 19120, USA",https://www.instagram.com/gouphilly/
Haitian,Marie’s Kitchen Haitian Cuisine,"1233 N 3rd St, Harrisburg, PA 17102, USA",
Haitian,Magela's Haitian Restaurant,"977 S Orange Ave, East Orange, NJ 07018, USA",https://qmenu.us/#/magela-s-haitian-restaurant-east-orange
Haitian,Haitian Sensation Coffee Shop,"76 Shenango Ave, Sharon, PA 16146, USA",https://haitiansensationcoffee.com/
Haitian,426 Caribbean Cuisine,"1040 S State St, Dover, DE 19901, USA",
Haitian,Haitian Caribbean Cuisine,"167 Dodd St, East Orange, NJ 07017, USA",
Haitian,Guigui's Haitian Cuisine,"12250 Clarksville Pike, Clarksville, MD 21029, USA",http://guiguishaitiancuisine.com/
Haitian,Chez Nous American Haitian,"3056 S State Rd 7 Bay 38, Miramar, FL 33023, USA",https://order.online/business/chez-nous-restaurant-11470679
Haitian,Tijo's Kreyol Kitchen,"1400 Asbury Ave, Asbury Park, NJ 07712, USA",
Haitian,Manje Caribbean,"237 E Gay St, West Chester, PA 19380, USA",https://www.manjecaribbean.com/
Haitian,Chez Guyto Take Out Restaurant,"6520 Pembroke Rd, Miramar, FL 33023, USA",https://www.chezguyto.com/
Haitian,Fritaille,"643 Stuyvesant Ave., Irvington, NJ 07111, USA",https://www.fritaille.com/
Haitian,La Gourmandize Island Restaurant,"7108 Pembroke Rd, Miramar, FL 33023, USA",https://lagourmandizeislandrestaurantfl.com/
Haitian,Woulibam Restaurant - Fine Haitian & Caribbean Cuisine,"1878 Springfield Ave, Maplewood, NJ 07040, USA",https://www.woulibamrestuarantnj.com/#/
Haitian,Gigie's Haitian Caribbean restaurant,"926 N Olden Ave 1st floor, Trenton, NJ 08638, USA",http://gigiescaribbean.com/
Haitian,Lakou Cafe,"195 Utica Ave, Brooklyn, NY 11213, USA",https://www.lakoucafe.com/
Haitian,Pibonan,"462 N Franklin St, Holbrook, MA 02343, USA",http://www.pibonanrestaurant.com/
Haitian,Ti Boutik Caribbean and Haitian Cuisine,"14113 Pennsylvania Ave, Hagerstown, MD 21742, USA",https://www.facebook.com/tiboutikayiti
Haitian,First Republic Lounge & Restaurant,"1204 E Grand St, Elizabeth, NJ 07201, USA",http://www.firstrepubliclounge.com/
Haitian,The Kreyol Kitchen,"1034 Penn St, Reading, PA 19602, USA",http://tkkitchen.com/
Tahitian,Togi's Family Restaurant,"412 E Main St, Bradford, PA 16701, USA",https://togisrestaurant.com/
Kenyan,Aunty K's West African Restaurant,"547 Church Ln, Lansdowne, PA 19050, USA",http://auntykwestafricanrestuarant.com/
Korean,Korean Bulgogi House,"408 W Loudon St, Chambersburg, PA 17201, USA",http://www.koreanbulgogihouse.com/
Korean,Soko Bag Korean Fried Chicken,"95 Nutt Rd, Phoenixville, PA 19460, USA",https://sokobag.com/
Korean,Korealicious,"829 State St Suite 1007, Lemoyne, PA 17043, USA",http://www.korealiciousfusion.com/
Korean,BBQ Cup,"34 W Philadelphia St, York, PA 17401, USA",https://www.facebook.com/pages/category/Korean-Restaurant/BBQ-Cup-at-Central-Market-York-2410881705824886/
Korean,Bueokae 부엌애,"10737 Yonge St unit 2&3, Richmond Hill, ON L4C 9M9, Canada",https://www.bueokae.ca/
Korean,Hongdae Korean Restaurant 홍대 밥상,"9184 Yonge St, Richmond Hill, ON L4C 7A1, Canada",
Korean,Fin & Pho,"2384 W River Rd #1406, Nichols, NY 13812, USA",https://www.tiogadowns.com/wp-content/uploads/Fin-Pho-Menu.pdf
Korean,Yee Olde Hickory House,"3543 Watkins Rd, Horseheads, NY 14845, USA",
Korean,The Cellar,"21 W Market St, Corning, NY 14830, USA",http://www.corningwinebar.com/
Korean,The Rice Garden Inc,"38 W Corydon St, Bradford, PA 16701, USA",
Korean,3000 Miles Korean BBQ Restaurant,"16035 Bayview Ave D1, Aurora, ON L4G 3L4, Canada",https://www.samchunri.ca/
Korean,Nine Elephants,"20 W Market St, Corning, NY 14830, USA",https://www.nineelephantsthaicorning.com/
Korean,The Owego Kitchen,"13 Lake St, Owego, NY 13827, USA",http://theowegokitchen.com/
Korean,Taste of Asia,"2088 College Ave, Elmira Heights, NY 14903, USA",http://2088tasteofasia.com/
Korean,ON THE RICE,"130 Davis Dr D6, Newmarket, ON L3Y 2N1, Canada",https://www.ontherice.com/
Korean,Asian Kitchen,"121 S Main St, Wilkes-Barre, PA 18701, USA",http://www.asiankitchenwb.com/
Korean,Chako Barbecue & Izakaya,"163 York Blvd, Richmond Hill, ON L4B 4A7, Canada",http://www.chakobbq.com/
Korean,Hama Korean restaurant,"Princes Ave, Roundhay, Oakwood, Leeds LS8 2FA, UK",https://www.hamakrestaurant.com/
Korean,Seoul Food • Korean Kitchen,"5 Carrier St, Halifax HX1 1DH, UK",http://www.seoul-food.co.uk/
Korean,Hand + Foot,"69 W Market St, Corning, NY 14830, USA",http://www.handandfoot.co/
Nigerian,Palace african restaurant,"5514 Rising Sun Ave, Philadelphia, PA 19120, USA",https://palaceafricanrestaurant.com/order-now#side-orders
Libyan,The Villa Sena,"143 Villa Sena Blvd, Towanda, PA 18848, USA",
Moroccan,Little Morocco,"24-39 Steinway St, Queens, NY 11103, USA",https://www.littlemorocco.getsauce.com/
Moroccan,Casablanca Moroccan Restaurant,"4010 N Dupont Hwy, New Castle, DE 19720, USA",https://casablancade.com/
Moroccan,Flavors of Morocco,"100 S Queen St, Lancaster, PA 17603, USA",https://www.usflavorsofmorocco.com/
Lebanese,Kabob's at The Option House,"41 Main St, Bradford, PA 16701, USA",https://www.facebook.com/kabobsattheoptionhouse/
Vietnamese,Fin & Pho,"2384 W River Rd #1406, Nichols, NY 13812, USA",https://www.tiogadowns.com/wp-content/uploads/Fin-Pho-Menu.pdf
Hungarian,Lil' Schnitzel,"136 Holland St E, Bradford, ON L3Z 2B3, Canada",https://lilschnitzel.ca/
Mediterranean,Kabob's at The Option House,"41 Main St, Bradford, PA 16701, USA",https://www.facebook.com/kabobsattheoptionhouse/
Ethiopian,Awash Ethiopian Cuisine,"1027 Dillerville Rd, Lancaster, PA 17603, USA",
Ethiopian,Etey’s Gursha,"101 Boal Ave, Boalsburg, PA 16827, USA",
Ethiopian,Salam Cafe,"5532 Greene St, Philadelphia, PA 19144, USA",http://alifamilyrestaurants.com/
Ethiopian,Tigi's Ethiopian Restaurant and Market,"8459 Baltimore National Pike #14, Ellicott City, MD 21043, USA",https://tigiethiopianrestaurant.com/
Ethiopian,Kaffa Crossing,"4421 Chestnut St, Philadelphia, PA 19104, USA",https://qmenu.us/#/kaffa-crossing-ethiopian
Ethiopian,Wazema Ethiopian Restaurant,"1360 Danforth Ave, Toronto, ON M4J 1M9, Canada",
Ethiopian,Almaz Cafe,"24 W Main St, Norristown, PA 19401, USA",
Ethiopian,Enatye Ethiopian Restaurant,"275 Sunset Park Dr, Herndon, VA 20170, USA",http://www.enatyerestaurant.com/#!menus/ckc8
Ethiopian,Dahlak,"4708 Baltimore Ave, Philadelphia, PA 19143, USA",
Ethiopian,Tana Ethiopian Cuisine,"5929 Baum Blvd, Pittsburgh, PA 15206, USA",https://tanaethiopiancuisine.com/
Ethiopian,Doro Bet,"4533 Baltimore Ave, Philadelphia, PA 19143, USA",http://alifamilyrestaurants.com/
Ethiopian,Tensu Ethiopian Restaurant & Market,"2341 Dulles Station Blvd Unit 013, Herndon, VA 20171, USA",
Ethiopian,Tabor Ethiopian Restaurant,"328 Park Ave, Baltimore, MD 21201, USA",https://taborethiopian.com/
Ethiopian,Almaz Cafe,"140 S 20th St, Philadelphia, PA 19103, USA",http://almazcafes.com/
Ethiopian,MA'EDE Ethiopian Market and Café,"825 Washington Blvd, Baltimore, MD 21230, USA",
Ethiopian,Dukem Ethiopian Restaurant,"1100 Maryland Ave, Baltimore, MD 21201, USA",http://www.dukemrestaurant.com/
Ethiopian,Manna Bistro,"14215 Centreville Square, Centreville, VA 20121, USA",http://mannabistro.com/
Ethiopian,Enjera Restaurant,"549 23rd St S, Arlington, VA 22202, USA",http://www.enjera1.com/
Ethiopian,Haile,"182 Avenue B #1, New York, NY 10009, USA",http://hailecuisine.com/
Ethiopian,Elsa Ethiopian Kitchen,"2614 Connecticut Ave NW, Washington, DC 20008, USA",https://www.elsaethiopiankitchen.com/
Caribbean,Manje Caribbean,"237 E Gay St, West Chester, PA 19380, USA",https://www.manjecaribbean.com/
Caribbean,Big Mommas Soul Food,"19 Simcoe Rd, Bradford, ON L3Z 2A3, Canada",http://www.bigmommas.ca/
Caribbean,Jam Rock Caribbean Cuisine,"144 Lincoln Hwy E, Coatesville, PA 19320, USA",https://m.facebook.com/JamRockcc/
Caribbean,Caribbean Deck Cafe,"3265 Pennsylvania 115 When restaurant is closed visit Food Truck @ Pocono Outlet Mall in Tannersville, The Restaurant is located, 3265 PA-115 Unit #2, Effort, PA 18330, USA",https://www.caribbeandeckcafe.us/
Caribbean,Evettes One Love,"31 Arctic Parade, Bradford BD7 3EY, UK",
Caribbean,Irie I Bistro Jamaican Food - Jerk Chicken and Jerk Pork,"16635 Yonge St Unit 19, Newmarket, ON L3X 1V6, Canada",http://www.irieibistro.com/
Caribbean,Caribbean Paradise,"751 Davis Dr, Newmarket, ON L3Y 2R2, Canada",http://www.caribbeanparadise.ca/
Caribbean,"Taco Inc Mexican Bar and Grille, Bradford","27 Main St, Bradford, PA 16701, USA",http://tacoincbradford.com/
Caribbean,The Irie Jerk,"222 Mapleview Dr W Unit 3, Barrie, ON L4N 9E7, Canada",http://theiriejerk.ca/
Caribbean,Caribbean Cuisine Pimento,"116 Undercliffe Rd, Eccleshill, Bradford BD2 3BN, UK",https://caribbeancuisinepimento.co.uk/order-now
Caribbean,"Boricana, LLC","456 W Washington Ave, Elmira, NY 14901, USA",http://www.boricanallc.com/
Caribbean,Warrior Lounge,"73 Troy St, Canton, PA 17724, USA",
Caribbean,Aneal's Taste Of The Islands,"10220 Yonge St, Richmond Hill, ON L4C 3B6, Canada",https://anealstasteoftheislands.com/location/richmondhill/
Caribbean,Reggae Jamaica Restaurant & Bakery,"1485 Dewey Ave, Rochester, NY 14615, USA",https://www.reggaejamaicarestaurantandbakery.com/
Caribbean,Willie's Southern Style BBQ,"429 N Keystone Ave, Sayre, PA 18840, USA",https://www.williesbbq.net/
Caribbean,Welcome To The Avenue,"107 E High St, Pottstown, PA 19464, USA",http://www.welcometotheavenue.com/
Caribbean,A Taste Of The Islands,"16700 Bayview Ave, Newmarket, ON L3X 1W1, Canada",https://www.atoti.net/
Soul,Willie's Southern Style BBQ,"429 N Keystone Ave, Sayre, PA 18840, USA",https://www.williesbbq.net/
Argentinian,The Villa Sena,"143 Villa Sena Blvd, Towanda, PA 18848, USA",
Chilean,Red Chili Restaurant (Binghamton),"4700 Vestal Pkwy E, Vestal, NY 13850, USA",https://www.redchilibinghamton.com/
Colombian,Tierra Colombiana Restaurant,"4535 N 5th St, Philadelphia, PA 19140, USA",http://tierracolombianarestaurant.com/
Colombian,Cuquita Restaurant,"960 Broadway, Fountain Hill, PA 18015, USA",https://cuquitarestaurant.co/
Colombian,The Colombian Spot,"3533 Forbes Ave, Pittsburgh, PA 15203, USA",http://www.thecolombianspot-pgh.com/
Colombian,Pocono Cafe - Bakery & Colombian Restaurant,"5237 Milford Rd, East Stroudsburg, PA 18302, USA",
Colombian,On Charcoal: Colombian Restaurant,"6516 Castor Ave, Philadelphia, PA 19149, USA",http://www.oncharcoal.com/
Colombian,Café de Colombia Restaurant and Bakery,"645 Penn St Suite 106, Reading, PA 19601, USA",http://cafedecolombiarestaurant.com/
Colombian,La Casona Colombian Restaurant,"3820 Stewart Rd, Doraville, GA 30340, USA",
Colombian,Mi Pais,"477 Lancaster Ave, Malvern, PA 19355, USA",https://mipaisusa.com/
Colombian,La Ruana Colombian Restaurant,"4015 Holcomb Bridge Rd, Norcross, GA 30071, USA",
Colombian,The Colombian Spot,"2019 E Carson St, Pittsburgh, PA 15203, USA",https://www.thecolombianspot-pgh.com/
Colombian,Colombian Mex Restaurant,"107 E Union Blvd, Bethlehem, PA 18018, USA",https://colombianmexrestaurantpa.com/
Colombian,Casa Vieja,"3652 Shallowford Rd, Doraville, GA 30340, USA",
Colombian,Antojitos y Algo Más,"154 Walnut St, Reading, PA 19601, USA",https://www.facebook.com/antojoymas/
Colombian,D' Colombia Restaurant & Bakery,"711 E 1st Ave, Roselle, NJ 07203, USA",
Colombian,Colombia La Bella Lake Mary,"3801 W Lake Mary Blvd, Lake Mary, FL 32746, USA",https://www.colombialabellafl.com/
Colombian,Tierra Colombia,"5005 N Crescent Blvd, Pennsauken Township, NJ 08110, USA",http://www.tierracolombianjmenu.com/
Colombian,Las Orquideas 2 Colombian restaurant,"446 N 7th St, Allentown, PA 18102, USA",
Colombian,Parva Deland Colombian Bakery & Restaurant,"1330 N Woodland Blvd, DeLand, FL 32724, USA",
Colombian,Made in Medellin,"20029 Katy Fwy, Houston, TX 77450, USA",https://www.madeinmedellinrestaurants.com/
Colombian,Pimenton Parrilla & Bar,"1570 Buford Hwy NE, Buford, GA 30518, USA",
Costa Rican,El Rincon Caribe,"2936 PA-611, Tannersville, PA 18372, USA",
Czech,Czech Pleeze,"223 Robinson St, Binghamton, NY 13904, USA",
Dutch,Dutch Kitchen Restaurant,"433 S Lehigh Ave, Frackville, PA 17931, USA",http://dutchkitchen.com/
Dutch,Deitsch Eck Restaurant,"87 Penn St, Lenhartsville, PA 19534, USA",http://www.the-eck.com/
Dutch,Dutch Pantry Family Restaurant,"14680 Clearfield Shawville Hwy, Clearfield, PA 16830, USA",
Ecuadorian,El Rinconcito #2 Ecuatariano,"490 Lancaster Ave, Malvern, PA 19355, USA",https://www.elrinconcitomalvern.com/
Finnish,The Villa Sena,"143 Villa Sena Blvd, Towanda, PA 18848, USA",
Ghanaian,Ariya African Restaurant & Bar,"118a Sunbridge Rd, Bradford BD1 2NE, UK",
Guatemalan,Guatemalan Kitchen,"217 Bridge St, Phoenixville, PA 19460, USA",https://www.guatemalankitchenpa.com/
Honduran,Apetitos Hondurenos,"72 Main St, Mocanaqua, PA 18655, USA",
Icelandic,Icelandic Street Food,"Lækjargata 8, 101 Reykjavík, Iceland",http://www.icelandicfoods.com/
Indonesian,Peranakan Kitchen (P'Kay),"1122 5th Ave, New Westminster, BC V3M 1Y6, Canada",https://perkit.ca/
Indonesian,Bali Thai,"88 W Pender St, Vancouver, BC V6B 1R3, Canada",https://www.balithaivancouver.com/
Iranian,Classic Persian Restaurant,"368 Little Horton Ln, Bradford BD5 0NB, UK",http://www.classic-persian.co.uk/
Iraqi,Bab Tooma Grande,"1312 Leeds Rd, Bradford BD3 8LF, UK",http://babtooma.co.uk/
Israeli,Around The Table Catering,"310 Market St, Kingston, PA 18704, USA",https://www.bestkosherfalafel.com/
Jamaican,Hartman Jerk Center,"72 S Main St, Wilkes-Barre, PA 18701, USA",
Jamaican,Jam Rock Caribbean Cuisine,"144 Lincoln Hwy E, Coatesville, PA 19320, USA",https://m.facebook.com/JamRockcc/
Jamaican,Reggae Jamaica Restaurant & Bakery,"1485 Dewey Ave, Rochester, NY 14615, USA",https://www.reggaejamaicarestaurantandbakery.com/
Jamaican,Manje Caribbean,"237 E Gay St, West Chester, PA 19380, USA",https://www.manjecaribbean.com/
Jamaican,Fireside Caribbean Restaurant,"796 Penn Ave, Pittsburgh, PA 15221, USA",
Jamaican,Irie I Bistro Jamaican Food - Jerk Chicken and Jerk Pork,"16635 Yonge St Unit 19, Newmarket, ON L3X 1V6, Canada",http://www.irieibistro.com/
Jamaican,TopTaste Restaurant,"446 Hasbrouck Ave, Kingston, NY 12401, USA",https://www.instagram.com/toptastekingston/
Jamaican,Warrior Lounge,"73 Troy St, Canton, PA 17724, USA",
Jamaican,Leon's Caribbean Restaurant,"823 E Warrington Ave, Pittsburgh, PA 15210, USA",https://leonscaribbean.com/
Jamaican,Willie's Southern Style BBQ,"429 N Keystone Ave, Sayre, PA 18840, USA",https://www.williesbbq.net/
Jamaican,Beeman's,"1356 Elmira St, Sayre, PA 18840, USA",http://beemansrestaurant.com/
Jamaican,Royal Caribbean Takeout & Delivery,"1568 Montier St, Wilkinsburg, PA 15221, USA",https://royalcaribbeanpittsburgh.com/
Jamaican,Big Mommas Soul Food,"19 Simcoe Rd, Bradford, ON L3Z 2A3, Canada",http://www.bigmommas.ca/
Jamaican,Pauline's Caribbean Soul Cuisine,"1204 Federal St, Pittsburgh, PA 15212, USA",https://paulinescaribbeansoulcuisine.dine.online/
Jamaican,The Irie Jerk,"222 Mapleview Dr W Unit 3, Barrie, ON L4N 9E7, Canada",http://theiriejerk.ca/
Jamaican,Fork N Fingers African Restaurant,"125 Chester Ave Suite 206, Yeadon, PA 19050, USA",https://www.forkandfingers.com/
Jamaican,Caribbean Paradise,"751 Davis Dr, Newmarket, ON L3Y 2R2, Canada",http://www.caribbeanparadise.ca/
Jamaican,A Taste of the Islands,"2850 Yorktowne Blvd, Brick Township, NJ 08723, USA",https://atasteoftheislandsnj.com/
Jamaican,Jmekya,"238 Ingram Shopping Center, Crafton, PA 15205, USA",https://jamaicanfoodcrafton.com/
Kuwaiti,Kozy Korner,"2801 NY-226, Bradford, NY 14815, USA",https://www.facebook.com/KozyKornerBradfordNY
Laotian,Taste of Thai,"4 S Liberty Ave, Endicott, NY 13760, USA",http://tasteofthaiendicott.com/
Lithuanian,Togi's Family Restaurant,"412 E Main St, Bradford, PA 16701, USA",https://togisrestaurant.com/
Malaysian,Malay,"135-17 40th Rd, Flushing, NY 11354, USA",
Malaysian,Restoran Malaysia,"815 Major Mackenzie Dr E, Richmond Hill, ON L4C 9X2, Canada",http://www.restoranmalaysia.com/
Mongolian,The Great Wall,"254 Ennis Ln, Towanda, PA 18848, USA",
Nepalese,Gorkha Restaurant,"3800 Trindle Rd, Camp Hill, PA 17011, USA",
Nicaraguan,Sabor Nicaragüense Restaurant,"1927 S Western Ave, Los Angeles, CA 90018, USA",http://sabornicaraguenserestaurant.com/
Pakistani,Kabab and karahi,"448 Holland St W, Bradford, ON L3Z 2B7, Canada",http://kababandkarahi.com/
Pakistani,Kabob's at The Option House,"41 Main St, Bradford, PA 16701, USA",https://www.facebook.com/kabobsattheoptionhouse/
Pakistani,Hyderabadi Dhaba,"4323 Lincoln Hwy E, Downingtown, PA 19335, USA",http://www.hyderabadidhaba.com/?utm_source=google&utm_medium=wix_google_business_profile&utm_campaign=830774994577883747
Pakistani,Lahori Dhaba,"4, Food Court, Ingleby Rd, Bradford BD8 9AN, UK",https://1map.top/lahori-dhaba
Pakistani,Pind Restaurant,"Bowland St, Bradford BD1 3BW, UK",http://pindrestaurantonline.co.uk/our_menu.php
Pakistani,Lahori Dhaba,"530a Great Horton Rd, Bradford BD7 3HG, UK",
Pakistani,Kabab King Pittsburgh,"7520 McKnight Rd, Pittsburgh, PA 15237, USA",http://kababkingpittsburgh.com/
Pakistani,Akbar's Restaurant,"1272-1280, Leeds Rd, Bradford BD3 8LF, UK",http://www.akbars.co.uk/
Pakistani,Shinwari Restaurant,"358 Leeds Rd, Bradford BD3 9QX, UK",https://shinwarichaplikebab.co.uk/storemenu?utm_source=GMB&utm_medium=8617&utm_content=from_csd
Pakistani,Lahori Gate,"5 Manchester Rd, Bradford BD5 0QZ, UK",https://togolinks.co.uk/lahori-gate/
Pakistani,Shaan Restaurant,"135-137 Toller Ln, Bradford BD8 9HL, UK",https://shaanrestaurantbradford.co.uk/
Pakistani,Punjabs Bradford,"122-126 Listerhills Rd, Bradford BD7 1JR, UK",https://thepunjab.co.uk/
Pakistani,Karachi Restaurant,"15 Neal St, Bradford BD5 0BX, UK",
Pakistani,Jinnah Restaurant Bradford,"109, 99 Leeds Rd, Bradford BD1 5BL, UK",http://www.jinnahs.co.uk/
Pakistani,Chaskah,"34 Great Horton Rd, Bradford BD7 1AL, UK",
Pakistani,Lahore Butt Karahi Bradford,"136, 138 Listerhills Rd, Bradford BD7 1JR, UK",
Pakistani,Tazza Kitchen,"Thornbury Centre, 79 Leeds Old Rd, Bradford BD3 8JX, UK",
Pakistani,Pothwar Grill,"644 Great Horton Rd, Bradford BD7 4AA, UK",
Pakistani,Laziza Cuisine,"427 W 3rd St, Williamsport, PA 17701, USA",
Pakistani,Mughals Restaurant and Sweet Centre,"790-792 Leeds Rd, Bradford BD3 9TY, UK",http://www.mughalssweets.co.uk/
Panamanian,Panama Diner,"1 Main St, Panama, NY 14767, USA",
Paraguayan,Paraguayan Steakhouse,"53-76 65th Pl, Queens, NY 11378, USA",
Peruvian,Al Toque Peruvian Restaurant,"724 Franklin Blvd, Somerset, NJ 08873, USA",
Peruvian,Norkys Peruvian Restaurant,"244 S Main St, Manville, NJ 08835, USA",http://norkysrestaurant.com/
Peruvian,Rocoto Peruvian Rotisserie Chicken and Bowls,"180 Leader Heights Rd Unit 10, York, PA 17402, USA",
Peruvian,Quechua's Chicken,"3433A Simpson Ferry Rd, Camp Hill, PA 17011, USA",http://quechuaschicken.com/
Peruvian,Rocoto - Peruvian & Mexican grill,"2997 Cape Horn Rd, Red Lion, PA 17356, USA",http://rocotoredlion.com/
Peruvian,Geronimo’s Peruvian Cuisine,"131 -A E Butler Ave, Ambler, PA 19002, USA",http://geronimosambler.com/
Peruvian,"Boricana, LLC","456 W Washington Ave, Elmira, NY 14901, USA",http://www.boricanallc.com/
Peruvian,Salsa Y Brasa Restaurant,"10 Maple Ave, New Rochelle, NY 10801, USA",
Peruvian,El Pollon Carnegie,"335 E Main St, Carnegie, PA 15106, USA",https://www.elpollonwv.com/copy-of-morgantown-wv
Peruvian,El Serrano,"2151 Columbia Ave, Lancaster, PA 17603, USA",https://www.elserrano.com/
Peruvian,Chicken Latino,"2100 Broadway Ave, Pittsburgh, PA 15216, USA",http://www.chickenlatino.net/
Peruvian,La Casera,"954 Pembroke Rd, Bethlehem, PA 18017, USA",
Peruvian,Quinoa Peruvian & Mexican Restaurant,"54 E State St, Doylestown, PA 18901, USA",http://www.quinoarestaurantbyo.com/
Peruvian,El Serrano,"3410 E Market St, York, PA 17402, USA",http://www.elserranoyork.com/
Peruvian,Don Cha Peruvian Food,"100 Perry Ave SE, Fort Walton Beach, FL 32548, USA",http://donchaperuvianfood.com/
Peruvian,Sabor Inka,"960 Pleasant Hill Rd, Lawrenceville, GA 30044, USA",http://www.saborinka.com/
Peruvian,El Incomparable Peruvian Cuisine,"19315 Saticoy St Unit H, Reseda, CA 91335, USA",http://www.elincomparable.net/
Peruvian,El Rancho Mexican Restaurant,"212 N Franklin St, Watkins Glen, NY 14891, USA",https://www.elrancho-ny.com/
Peruvian,La Feria,"5527 Walnut St #2, Pittsburgh, PA 15232, USA",http://laferiaperuvian.square.site/
Philippine,Inihaw Filipino Barbecue,"3350 Schoenersville Rd, Bethlehem, PA 18017, USA",http://inihawbbq.com/
Polish,Podlasie Polish Restaurant,"1216 Campville Rd, Endicott, NY 13760, USA",https://podlasierestaurant.com/
Puerto Rican,"Boricana, LLC","456 W Washington Ave, Elmira, NY 14901, USA",http://www.boricanallc.com/
Romanian,Romanian Cuisine M&D LTD,"110, St Andrew Mills, Legrams Ln, Bradford BD7 2EA, UK",
Saudi Arabian,Bab Tooma Grande,"1312 Leeds Rd, Bradford BD3 8LF, UK",http://babtooma.co.uk/
Singaporean,Chu-Lee Gardens Bradford Chinese Restaurant,"405 E Main St, Bradford, PA 16701, USA",http://www.chuleegardenspa.com/
Slovak,Lil' Schnitzel,"136 Holland St E, Bradford, ON L3Z 2B3, Canada",https://lilschnitzel.ca/
Somali,East African Restaurant- Somali,"7277 Turfway Rd SUITE C, Florence, KY 41042, USA",http://earestaurant.com/
South African,Soul of Africa Restaurant,"6422 Rising Sun Ave, Philadelphia, PA 19111, USA",
Sri Lankan,Pearl Lanka Sri Lankan Kitchen,"9580 Main St, Clarence, NY 14031, USA",http://www.srilankankitchenbuffalo.com/
Swiss,THE CENTRAL ON 6,"16749, Burlington, PA 18814, USA",
Syrian,Basha's Lebanese Grill,"3748 Vestal Pkwy E, Vestal, NY 13850, USA",https://bashaslebanesegrill.com/
Taiwanese,台風 Typhoon Bubble Tea Taiwanese Cuisine,"11700 Cambie Rd. #175, Richmond, BC V6X 1L5, Canada",https://typhoonbbt.ca/
Taiwanese,Joys Taiwanese Food,"4380 No. 3 Rd, Richmond, BC V6X 3V7, Canada",
Taiwanese,Bubble 88,"10209 King George Blvd #102, Surrey, BC V3T 2W6, Canada",https://bubble88.business.site/
Taiwanese,Chef Hung Taiwanese Beef Noodle,"3313 Shrum Lane #102, Vancouver, BC V6S 0C8, Canada",http://www.chefhungnoodle.com/
Taiwanese,Yung Ho Soy Drink,"8181 Cambie Rd., Richmond, BC V6X 3X9, Canada",http://www.yunghosoydrink.com/
Taiwanese,Chef Hung Taiwanese Beef Noodle,"4151 Hazelbridge Wy #2800, Richmond, BC V6X 4J7, Canada",http://www.chefhungnoodle.com/
Tanzanian,Aunty K's West African Restaurant,"547 Church Ln, Lansdowne, PA 19050, USA",http://auntykwestafricanrestuarant.com/
Thai,Thai Asian 119,"119 W Franklin St, Horseheads, NY 14845, USA",https://thaiasian119togo.com/
Thai,Siam Elephants Thai Restaurant,"200 W Water St, Elmira, NY 14901, USA",https://www.siamelephants.com/
Thai,Nine Elephants,"20 W Market St, Corning, NY 14830, USA",https://www.nineelephantsthaicorning.com/
Thai,Thai Elephants,"133 E 4th St, Watkins Glen, NY 14891, USA",https://www.thaielephantsny.com/?utm_source=gmb&utm_medium=website
Thai,Joy Thai Cuisine,"15 W 4th St, Williamsport, PA 17701, USA",
Thai,Fin & Pho,"2384 W River Rd #1406, Nichols, NY 13812, USA",https://www.tiogadowns.com/wp-content/uploads/Fin-Pho-Menu.pdf
Thai,Bangkok Saigon Noodle,"136 Holland St E #1, Bradford, ON L3Z 2B7, Canada",https://www.bangkoksaigonnoodle.com/
Thai,New Kam Bo,"202 Desmond St, Sayre, PA 18840, USA",
Thai,Sang Tong Thai - Kennett Square,"420 W Cypress St, Kennett Square, PA 19348, USA",https://www.sangtongthaipa.com/
Thai,Mee Kiin Thai Kitchen,"300 Holland St W Unit 101, Bradford, ON L3Z 1J2, Canada",http://www.meekiin.ca/
Thai,Thai Aroy Dee,"1002 or 1006, Warrior Rd, Drexel Hill, PA 19026, USA",https://www.thaiaroydee.com/
Thai,Tuk Tuk Thai Kitchen,"309 Lancaster Ave Suite A6, Malvern, PA 19355, USA",https://www.tuktukthaimalvern.com/
Thai,Green Elephants Thai Vegan Restaurant,"507 N Franklin St, Watkins Glen, NY 14891, USA",https://www.smorefood.com/order-online/greenelephants-thai-vegan-watkins-glen-14891-9ilb40j4??utm_source=gmb&utm_medium=website
Thai,Khong Thai Cuisine,"260 Winton Rd N, Rochester, NY 14610, USA",http://www.khongthaicuisine.com/
Thai,U Like,"407 S Main St, Athens, PA 18810, USA",http://www.ulikeathens.com/
Thai,D Thai Kitchen,"677 Commerce St, Thornwood, NY 10594, USA",https://www.dthaikitchenthornwoodny.com/
Thai,Wild Ginger,"119 W Market St, Corning, NY 14830, USA",http://www.gafferdistrict.com/businesses/wild-ginger
Thai,Fortune Buffet,"1645 Elmira St, Sayre, PA 18840, USA",
Thai,Chu-Lee Gardens Bradford Chinese Restaurant,"405 E Main St, Bradford, PA 16701, USA",http://www.chuleegardenspa.com/
Tunisian,Togi's Family Restaurant,"412 E Main St, Bradford, PA 16701, USA",https://togisrestaurant.com/
Ukrainian,Golden Boar,"2158 County Line Rd, Huntingdon Valley, PA 19006, USA",
Uruguayan,La Gran Uruguaya Restaurant,"85-02 37th Ave, Jackson Heights, NY 11372, USA",http://lagranuruguaya.com/
Venezuelan,Happy Pappi Arepas Bar,"252 Chenango St, Binghamton, NY 13901, USA",https://m.facebook.com/100063716433787/
Vietnamese,Fin & Pho,"2384 W River Rd #1406, Nichols, NY 13812, USA",https://www.tiogadowns.com/wp-content/uploads/Fin-Pho-Menu.pdf
Yemeni,Bab Al-Yemen,"10 Hegenberger Rd, Oakland, CA 94621, USA",https://babalyemenrestaurant.com/
Zambian,Aunty K's West African Restaurant,"547 Church Ln, Lansdowne, PA 19050, USA",http://auntykwestafricanrestuarant.com/
Zimbabwean,THE MOTHERLAND AFRICAN CUISNE,"721 Long Ln, Upper Darby, PA 19082, USA",http://www.motherlandrestaurant.com/
