Cuisine Type,Name,Address,Website
Mexican,Torero Mexican Restaurant,"2470 Memorial Dr, Waycross, GA 31503, USA",
Mexican,Rodeo Mexican Restaurant,"2020 Memorial Dr, Waycross, GA 31501, USA",http://www.rodeomexican.com/
Mexican,"Surcheros - Waycross, GA","1912 Memorial Dr #200, Waycross, GA 31501, USA",http://www.surcheros.com/
Mexican,Loco Burrito,"3351 US-84, Blackshear, GA 31516, USA",
Mexican,El Santo Coyote Mexican Restaurant Bar and Grill,"1506 Memorial Dr, Waycross, GA 31501, USA",https://elsantocoyotega.com/
Mexican,Los 3 Mariachis,"3861 Main St, Folkston, GA 31537, USA",
Mexican,El Vaquero mexican restaurant,"6270 US-84, Patterson, GA 31557, USA",https://www.vaquerogrill.com/
Mexican,Chipotle Mexican Grill,"1751 Memorial Dr, Waycross, GA 31501, USA",https://locations.chipotle.com/ga/waycross/1751-memorial-dr?utm_source=google&utm_medium=yext&utm_campaign=yext_listings
Mexican,"Surcheros - Blackshear, GA","3577 US-84, Blackshear, GA 31516, USA",https://www.surcheros.com/
Mexican,Taco Bell,"1909 Memorial Dr, Waycross, GA 31501, USA",https://locations.tacobell.com/ga/waycross/1909-memorial-drive.html?utm_source=yext&utm_campaign=googlelistings&utm_medium=referral&utm_term=037351&utm_content=website&y_source=1_Mjg3OTc2MjAtNzE1LWxvY2F0aW9uLndlYnNpdGU%3D
Mexican,Taco Bell,"1911 Memorial Dr, Waycross, GA 31501, USA",
Mexican,Taqueria Pancho Villa: The Mexican Trailer,"105 S Augusta Ave, Waycross, GA 31503, USA",http://taqueriapanchovilla.com/
Mexican,La Orquidea Tienda Mexicana,"226 Hwy Ave, Blackshear, GA 31516, USA",https://www.facebook.com/profile.php?id=100080886850469&mibextid=ZbWKwL
Mexican,Taqueria El Mandilon,"800 Memorial Dr, Waycross, GA 31501, USA",https://www.facebook.com/pg/Taqueria-El-Mandil%C3%B3n-108508348673025/about/
Mexican,Burger King,"13200 W Cleveland St, Nahunta, GA 31553, USA",https://burgerking.com/store-locator/store/restaurant_27690
Mexican,The taco box,"202 Altman St, Blackshear, GA 31516, USA",
Mexican,Los Habaneros Mexican Restaurant,"1417 S 1st St #7701, Jesup, GA 31545, USA",
Mexican,Laredo Mexican Restaurant,"112 Sunset Blvd, Jesup, GA 31545, USA",https://www.laredojesup.com/
Mexican,1800 Mexican restaurant,"5296 New Jesup Hwy, Brunswick, GA 31523, USA",
Mexican,La Casita Mexican Restaurant,"5369 Laurel Island Pkwy, Kingsland, GA 31548, USA",
Italian,Olive Garden Italian Restaurant,"2497 Memorial Dr, Waycross, GA 31501, USA",https://www.olivegarden.com/locations/ga/waycross/waycross-memorial-drive/5814?cmpid=br:og_ag:ie_ch:loc_ca:OGGMB_sn:gmb_gt:waycross-ga-5814_pl:locurl_rd:1830
Spanish,Sal y Pimienta Latin Restaurant,"2040 10th St, Woodbine, GA 31569, USA",
Spanish,Starters Bistro,"104 N Main St, Nahunta, GA 31553, USA",
Spanish,La cuchara restaurant,"1098 cone blvd, Kingsland, GA 31548, USA",
Spanish,La Islita Food Truck,"1508 Boone St, Kingsland, GA 31548, USA",https://www.facebook.com/LaIslitaFoodTruck?mibextid=LQQJ4d
Spanish,Torero Mexican Restaurant,"2470 Memorial Dr, Waycross, GA 31503, USA",
Spanish,El Vaquero mexican restaurant,"6270 US-84, Patterson, GA 31557, USA",https://www.vaquerogrill.com/
Spanish,El Santo Coyote Mexican Restaurant Bar and Grill,"1506 Memorial Dr, Waycross, GA 31501, USA",https://elsantocoyotega.com/
Spanish,"Surcheros - Waycross, GA","1912 Memorial Dr #200, Waycross, GA 31501, USA",http://www.surcheros.com/
Spanish,Los 3 Mariachis,"3861 Main St, Folkston, GA 31537, USA",
Spanish,Rodeo Mexican Restaurant,"2020 Memorial Dr, Waycross, GA 31501, USA",http://www.rodeomexican.com/
Spanish,TEQUILA & SAZÓN,"1301 E King Ave, Kingsland, GA 31548, USA",https://tequilaysazon.com/
Spanish,1800 Mexican restaurant,"5296 New Jesup Hwy, Brunswick, GA 31523, USA",
Spanish,San José Mexican Restaurant,"887 Kings Bay Rd, St Marys, GA 31558, USA",https://sanjosemexicanrestaurant.co/
Spanish,"Surcheros - Blackshear, GA","3577 US-84, Blackshear, GA 31516, USA",https://www.surcheros.com/
Spanish,Loco Burrito,"3351 US-84, Blackshear, GA 31516, USA",
Spanish,Buenos Dias,"2796 Colerain Rd, St Marys, GA 31558, USA",http://buenosdiasrestaurant.com/
Spanish,Laredo Mexican Restaurant,"112 Sunset Blvd, Jesup, GA 31545, USA",https://www.laredojesup.com/
Spanish,Tequila's Mexican Restaurant,"1109 N 1st St, Jesup, GA 31545, USA",https://jesup.tequilasmexicanrest.com/
Spanish,Mi Casa,"745 Kings Bay Rd, St Marys, GA 31558, USA",http://www.micasastmarys.com/
Spanish,"Surcheros - Jesup, GA","480 W Cherry St, Jesup, GA 31545, USA",http://www.surcheros.com/
American,Gold House Restaurant,"135 N Main St, Nahunta, GA 31553, USA",
American,Huddle House,"101 Allen Rd, Nahunta, GA 31553, USA",https://www.huddlehouse.com/
American,Local,"13299 W Cleveland St #13299, Nahunta, GA 31553, USA",https://www.thelocalnahunta.com/?utm_source=google&utm_medium=wix_google_business_profile&utm_campaign=11793697448751942616
American,Jerry J's Nahunta,"125 E Cleveland St, Nahunta, GA 31553, USA",http://jerryjs.com/
American,Starters Bistro,"104 N Main St, Nahunta, GA 31553, USA",
American,Cracker Barrel Old Country Store,"2501 Memorial Dr, Waycross, GA 31503, USA",https://www.crackerbarrel.com/Locations/States/ga/waycross/744/?utm_source=google&utm_medium=maps&utm_campaign=crackerbarrelurl
American,Burger King,"13200 W Cleveland St, Nahunta, GA 31553, USA",https://burgerking.com/store-locator/store/restaurant_27690
American,Huddle House,"1010 Memorial Dr, Waycross, GA 31501, USA",https://huddlehouse.com/locations/ga/waycross/1010-memorial-dr
American,Dairy Queen Grill & Chill,"113 W Cleveland St, Nahunta, GA 31553, USA",https://www.dairyqueen.com/en-us/locations/ga/nahunta/113-w-cleveland-st/3029/?utm_source=organic&utm_campaign=yext%2F&y_source=1_ODk5Nzk0OS03MTUtbG9jYXRpb24ud2Vic2l0ZQ%3D%3D
American,Subway,"13591 W Cleveland St, Nahunta, GA 31553, USA",https://restaurants.subway.com/united-states/ga/nahunta/13591-cleveland-street-west?utm_source=yxt-goog&utm_medium=local&utm_term=acq&utm_content=51234&utm_campaign=evergreen-2020&y_source=1_MTQ5MDY3NzQtNzE1LWxvY2F0aW9uLndlYnNpdGU%3D
American,Country Boy Restaurant,"221 Chicago Ave, Hoboken, GA 31542, USA",
American,Ruby Tuesday,"2263 Memorial Dr, Waycross, GA 31501, USA",https://rubytuesday.com/
American,The Village Snack Bar,"21496 why 82 east, 9003 State Rte 259, Waynesville, GA 31566, USA",https://www.toasttab.com/the-village-snack-bar-21496-us-82/v3/?mode=fulfillment
American,Huddle House,"3428 US-84, Blackshear, GA 31516, USA",https://huddlehouse.com/locations/ga/blackshear/3428-us-84
American,Rockin Bear Cafe,"3725 US-84, Blackshear, GA 31516, USA",https://www.facebook.com/rockinbearcafe/
American,Hwy 55 Burgers Shakes & Fries,"2275 Memorial Dr, Waycross, GA 31501, USA",http://hwy55.com/
American,Applebee's Grill + Bar,"1901 Memorial Dr, Waycross, GA 31501, USA",https://restaurants.applebees.com/en-us/ga/waycross/1901-memorial-drive-89014?utm_source=google&utm_medium=organic&utm_campaign=google_my_business&utm_term=89014&utm_content=website
American,Curly's wings and burgers,"510 Wilkerson St, Waycross, GA 31501, USA",
American,Arby's,"2469 Memorial Dr, Waycross, GA 31503, USA",https://locations.arbys.com/ga/waycross/2469-memorial-dr.html?utm_source=google%20my%20business&utm_medium=organic&utm_campaign=website%20link
American,Jerry J's Plant Avenue Waycross,"1406 Plant Ave, Waycross, GA 31501, USA",http://jerryjs.com/
Scottish,Reedy Creek Steakhouse,"1633 Clifford Jones Rd, Screven, GA 31560, USA",
British,Huddle House,"101 Allen Rd, Nahunta, GA 31553, USA",https://www.huddlehouse.com/
Thai,Thai Spice (formerly Thai Smile),"314 Pendleton St, Waycross, GA 31501, USA",http://www.thaispicewaycross.com/
Thai,ThaiSmile Folkston by OK Group,"3925 Main St, Folkston, GA 31537, USA",https://www.facebook.com/profile.php?id=61550019991475&mibextid=LQQJ4d
Thai,Nakorn Thai Cuisine,"5448 New Jesup Hwy, Brunswick, GA 31525, USA",http://www.nakornthaicuisine.com/
Thai,Tup Tim Thai cuisine,"250 Golden Isles Plaza, Brunswick, GA 31520, USA",https://www.tuptimthaibrunswick.com/
Thai,Nang's Thai Restaurant,"697 W Cherry St, Jesup, GA 31545, USA",https://www.facebook.com/pages/Nangs-Thai-Restaurant/117079341643034
Thai,Thai & Osaka Sushi Bar,"1390 Boone Ave, Kingsland, GA 31548, USA",https://thai-and-osaka-ga.hipierce.com/
Thai,Drunken noodle saint marys Ga,"888 Kings Bay Rd ste E, St Marys, GA 31558, USA",https://www.drunkennoodlestmarys.com/
Thai,Basil Thai and Sushi,"1401 Newcastle St, Brunswick, GA 31520, USA",http://basilthaiandsushi.com/hello-world
Japanese,Kobe Japanese,"2441 Memorial Dr, Waycross, GA 31503, USA",http://kobewaycross.com/
Japanese,Fuji Express,"2201 Memorial Dr, Waycross, GA 31501, USA",
Japanese,Fuji Westside,"1832 S Georgia Pkwy W, Waycross, GA 31503, USA",
Japanese,Fuji,"3332 US-84, Blackshear, GA 31516, USA",
Japanese,Fancy Q Sushi Bar And Grill Waycross,"514 Mary St, Waycross, GA 31501, USA",http://www.fancyqwaycross.com/
Japanese,Kobe Japanese Steak House,"967 S 1st St, Jesup, GA 31545, USA",http://www.kobejesup.com/
Japanese,Wasabi Sushi,"6586 GA-40, Kingsland, GA 31548, USA",http://www.wasabipalace7779.com/?utm_source=gmb&utm_medium=website
Japanese,Oishii Japanese Restaurant,"323 US Hwy 301 S, Jesup, GA 31546, USA",https://www.oishiijesupga.com/
Japanese,Thai Spice (formerly Thai Smile),"314 Pendleton St, Waycross, GA 31501, USA",http://www.thaispicewaycross.com/
Japanese,Kobe Japanese Restaurant,"118 #13, 118 Azalea Rd, Baxley, GA 31513, USA",
Japanese,Kyoto Express,"211 Village At Glynn Pl, Brunswick, GA 31525, USA",
Japanese,New Hong Kong Restaurant,"2306 Memorial Dr, Waycross, GA 31501, USA",
Japanese,TNT Teriyaki Grill,"109 Haddock Rd, Kingsland, GA 31548, USA",https://www.skiplinow.com/shop/LNJtF1UtU/site
Japanese,El Dorado Mexican & Japanese Cuisine,"146 S Macon St, Jesup, GA 31545, USA",http://eldorado.zenfoody.com/
Japanese,Osaka Japanese Steak House & Seafood,"860 Kings Bay Rd, St Marys, GA 31558, USA",https://www.osakastmary.com/
Japanese,ThaiSmile Folkston by OK Group,"3925 Main St, Folkston, GA 31537, USA",https://www.facebook.com/profile.php?id=61550019991475&mibextid=LQQJ4d
Japanese,New Beijing Buffet,"2490 Memorial Dr, Waycross, GA 31503, USA",https://www.facebook.com/pages/New-Beijing-Buffet/114141841951374
Japanese,Thai & Osaka Sushi Bar,"1390 Boone Ave, Kingsland, GA 31548, USA",https://thai-and-osaka-ga.hipierce.com/
Chinese,New Beijing Buffet,"2490 Memorial Dr, Waycross, GA 31503, USA",https://www.facebook.com/pages/New-Beijing-Buffet/114141841951374
Chinese,New Hong Kong Restaurant,"2306 Memorial Dr, Waycross, GA 31501, USA",
Chinese,Kings Wok,"2215 Memorial Dr # 18, Waycross, GA 31501, USA",
Chinese,Asian Kitchen,"279 Oakwood St, Folkston, GA 31537, USA",
Chinese,Gold House Restaurant,"135 N Main St, Nahunta, GA 31553, USA",
Chinese,Panda Chinese Restaurant,"3519 US-84, Blackshear, GA 31516, USA",http://panda-chinese-blackshear.poi.place/
Chinese,Wong's Palace Restaurant,"903 Knight Ave, Waycross, GA 31501, USA",
Chinese,Number 1 Wok,"701 D, Riverside Ave, Waycross, GA 31501, USA",
Chinese,Minh Sun Chinese Restaurant,"5299 New Jesup Hwy, Brunswick, GA 31523, USA",https://minhsun.menubb.com/
Chinese,China King,"1390 Boone Ave #21, Kingsland, GA 31548, USA",http://www.chinakingmenu.com/
Chinese,New Super Buffet,"980 Sunset Blvd, Jesup, GA 31545, USA",https://www.newsuperbuffetjesupga.com/
Chinese,New China Restaurant,"805 E Cherry St, Jesup, GA 31546, USA",https://www.newchinajesup.net/
Chinese,Golden China Restaurant,"139 City Smitty Dr, St Marys, GA 31558, USA",https://www.goldenchinastmarys.com/
Chinese,Asian Taste Lee,"5420 New Jesup Hwy #5, Brunswick, GA 31523, USA",http://www.asiantastelee.com/
Chinese,East Wok Chinese Restaurant,"1175 E Cherry St, Jesup, GA 31546, USA",http://www.eastwokonline.com/
Chinese,China One,"171 Village At Glynn Pl #109, Brunswick, GA 31525, USA",http://china1ga.squarespace.com/
Chinese,China Wok,"1601 GA-40, Kingsland, GA 31548, USA",https://www.doordash.com/store/24643935?utm_source=mx_share
Chinese,Huddle House,"101 Allen Rd, Nahunta, GA 31553, USA",https://www.huddlehouse.com/
Chinese,Fuji Express,"2201 Memorial Dr, Waycross, GA 31501, USA",
Chinese,Pop Bellies Country Buffet,"1159 Ossie Davis Pkwy, Waycross, GA 31501, USA",
Indian,Desi Dhaba Indian Cuisine,"5369 Laurel Island Pkwy, Kingsland, GA 31548, USA",
Canadian,Huddle House,"101 Allen Rd, Nahunta, GA 31553, USA",https://www.huddlehouse.com/
Russian,VERDI,"6275 Spalding Dr e1, Peachtree Corners, GA 30092, USA",https://verdibanquethallatl.com/
Jewish,Gili's Kitchen,"126 W Adams St # 102, Jacksonville, FL 32202, USA",http://www.giliskitchen.com/
Polish,Margo's Gourmet Polish Kitchen,"11 Mountain St #1, Blue Ridge, GA 30513, USA",
German,Bodensee,"64 Munich Strasse, Helen, GA 30545, USA",http://www.bodenseerestaurant.com/
German,Hofbrauhaus Restaurant,"9001 N Main St, Helen, GA 30545, USA",https://www.hofbrauhaushelenga.net/
German,Gasthaus Tirol,"310 Atlanta Rd, Cumming, GA 30040, USA",http://www.gasthaus-cumming.com/
German,Rosenhof German Restaurant & Grocery,"103 Midway St, Hinesville, GA 31313, USA",http://zumrosenhof-speisekammer.com/
German,Reens' Bratzeit & Biergarten,"77 Memorial Dr # A, Dahlonega, GA 30533, USA",
German,Kurt's Euro Bistro,"3305 Peachtree Industrial Blvd #100, Duluth, GA 30096, USA",https://www.kurtsrestaurant.com/
German,Olle's Restaurant (Reservations Requested),"645 Compass Lake Dr, Alford, FL 32420, USA",http://www.ollesrestaurant.com/
German,Muller's Famous Fried Cheese Cafe,"60 Chattahoochee Strasse, Helen, GA 30545, USA",http://www.mullerscafe.com/
German,Alfred's Restaurant,"807 William Hilton Pkwy Suite 1200, Hilton Head Island, SC 29928, USA",https://www.alfredshhi.com/
German,The Bavarian's Wirtshaus,"24 Miracle Strip Pkwy SE, Fort Walton Beach, FL 32548, USA",https://www.facebook.com/bavarians/
German,Schnitzel & More,"4504 E Hwy 20, Niceville, FL 32578, USA",https://www.schnitzelandmore.com/
German,"Prost German Restaurant Aberdeen, MD","102 N Rogers St, Aberdeen, MD 21001, USA",http://www.prostinn.com/
German,Taste of Berlin German Cuisine,"526 Oakfield Dr, Brandon, FL 33511, USA",
German,Wunderbar Euro Bistro,"1166 Church St, Sugar Hill, GA 30518, USA",https://wunderbarbierhaus.com/
German,Outerbanks Sports Bar & Grill,"140 The, Lakes Blvd # H, Kingsland, GA 31548, USA",
German,German Food Gifts And More,"711 13th St, Phenix City, AL 36867, USA",http://germanfoodgiftandmore.com/?utm_source=google&utm_medium=wix_google_business_profile&utm_campaign=12647672041012159779
German,Speisekammer,"103 Midway St, Hinesville, GA 31313, USA",
German,Son's Döner Kebab,"520 Fair Rd Suite 10, Statesboro, GA 30458, USA",https://www.sonsdonerkebab.com/
German,The Village Corner German Restaurant & Bakery,"6655 James B Rivers Memorial Dr, Stone Mountain, GA 30083, USA",http://www.germanrestaurant.com/
French,Starters Bistro,"104 N Main St, Nahunta, GA 31553, USA",
French,Gold House Restaurant,"135 N Main St, Nahunta, GA 31553, USA",
French,Huddle House,"101 Allen Rd, Nahunta, GA 31553, USA",https://www.huddlehouse.com/
French,Local,"13299 W Cleveland St #13299, Nahunta, GA 31553, USA",https://www.thelocalnahunta.com/?utm_source=google&utm_medium=wix_google_business_profile&utm_campaign=11793697448751942616
French,Chester's,"25137 US-82, Waynesville, GA 31566, USA",
French,The Village Snack Bar,"21496 why 82 east, 9003 State Rte 259, Waynesville, GA 31566, USA",https://www.toasttab.com/the-village-snack-bar-21496-us-82/v3/?mode=fulfillment
French,Swampfire Backwoods Bistro,"Ozzie Rowell Lp, Folkston, GA 31537, USA",https://newelllodgeandresort.com/bistro/
French,Jerry J's Nahunta,"125 E Cleveland St, Nahunta, GA 31553, USA",http://jerryjs.com/
French,Burger King,"13200 W Cleveland St, Nahunta, GA 31553, USA",https://burgerking.com/store-locator/store/restaurant_27690
French,Dairy Queen Grill & Chill,"113 W Cleveland St, Nahunta, GA 31553, USA",https://www.dairyqueen.com/en-us/locations/ga/nahunta/113-w-cleveland-st/3029/?utm_source=organic&utm_campaign=yext%2F&y_source=1_ODk5Nzk0OS03MTUtbG9jYXRpb24ud2Vic2l0ZQ%3D%3D
French,Two Gals Simple Eats and Sweet Treats,"4869 W Main St, Hoboken, GA 31542, USA",
French,B-Stro on the bypass,"502 S Georgia Pkwy E, Waycross, GA 31501, USA",
French,Chick-fil-A,"2256 Memorial Dr, Waycross, GA 31501, USA",https://www.chick-fil-a.com/locations/ga/waycross?utm_source=yext&utm_medium=link
French,Scott's BBQ AND Grill,"24743 US-82, Waynesville, GA 31566, USA",
French,Hunt Brothers Pizza,"18599 GA-32, Hortense, GA 31543, USA",https://www.huntbrotherspizza.com/
French,Sweet Southern Silkies,"6998 Central Ave, Waycross, GA 31503, USA",https://www.facebook.com/profile.php?id=100088050516024&mibextid=LQQJ4d
French,New Hong Kong Restaurant,"2306 Memorial Dr, Waycross, GA 31501, USA",
French,Hunt Brothers Pizza,"21828 US-82, Hortense, GA 31543, USA",https://www.huntbrotherspizza.com/
French,Southern Roost Blackshear,"3202 US-84, Blackshear, GA 31516, USA",http://southernroost.com/
French,B-Mac's,"2330 Memorial Dr, Waycross, GA 31503, USA",
Hawaiian,Scott's BBQ AND Grill,"24743 US-82, Waynesville, GA 31566, USA",
Brazilian,Terra Gaucha Brazilian Steakhouse - Jacksonville,"4483 Southside Blvd, Jacksonville, FL 32216, USA",http://terragaucha.com/
Peruvian,La Casita Peruvian Restaurant,"104 Dogwood Ave, Richmond Hill, GA 31324, USA",https://lacasitaperuvianrestaurantrichmondhill.com/
Cuban,Sal y Pimienta Latin Restaurant,"2040 10th St, Woodbine, GA 31569, USA",
Cuban,Toll Cuban Bakery,"1506 Memorial Dr, Waycross, GA 31501, USA",
Cuban,Cuban Sensation,"1840 Osborne Rd A, St Marys, GA 31558, USA",http://www.cubansensation.com/
Cuban,Cuban Island Cafe,"402 GA-247 #300, Bonaire, GA 31005, USA",http://cubanislandcafe.com/
Cuban,La Islita Food Truck,"1508 Boone St, Kingsland, GA 31548, USA",https://www.facebook.com/LaIslitaFoodTruck?mibextid=LQQJ4d
Cuban,Rockin Bear Cafe,"3725 US-84, Blackshear, GA 31516, USA",https://www.facebook.com/rockinbearcafe/
Cuban,Hola Cuban Cafe,"31 S 5th St, Fernandina Beach, FL 32034, USA",http://www.holacubancafe.com/
Cuban,La cuchara restaurant,"1098 cone blvd, Kingsland, GA 31548, USA",
Cuban,Kings Latin Cuisine,"105 N Lee St, Kingsland, GA 31548, USA",https://visitkingsland.com/dining/kings-latin-cuisine/
Tibetan,Himalayan Kitchen,"1651 Roswell St suite c, Smyrna, GA 30080, USA",https://himalayankitchenatl.wordpress.com/menu/
Egyptian,Pharaohs Palace Restaurant & Bar,"11890 Douglas Rd suite 105, Johns Creek, GA 30005, USA",http://www.pharaohspalacerestaurant.com/
Greek,Olive Garden Italian Restaurant,"2497 Memorial Dr, Waycross, GA 31501, USA",https://www.olivegarden.com/locations/ga/waycross/waycross-memorial-drive/5814?cmpid=br:og_ag:ie_ch:loc_ca:OGGMB_sn:gmb_gt:waycross-ga-5814_pl:locurl_rd:1830
Greek,Hometown Pizza,"10198 N Main St, Nahunta, GA 31553, USA",http://hometownpizza.eatontheweb.com/
Greek,K D's Cafe & Catering,"504 Elizabeth St, Waycross, GA 31501, USA",http://www.kdscafe.com/
Greek,Riverside Cafe,"106 St Marys St W STE C, St Marys, GA 31558, USA",
Greek,Papouli's Mediterranean Cafe and Market,"121 Tom Hill Sr Blvd, Macon, GA 31210, USA",http://www.papouliscafe.com/
Greek,Ll Creek Bar And Grill,"421 Memorial Dr, Waycross, GA 31501, USA",https://llcreekbarandgrill.com/
Greek,Gyro City Grill - Hiram,"4109 Jimmy Lee Smith Pkwy, Hiram, GA 30141, USA",https://gyrocitygrill.net/
Greek,OPS Pizza Kitchen & Cafe,"1378 Boone Ave, Kingsland, GA 31548, USA",https://www.opspizza.com/
Greek,Arby's,"2469 Memorial Dr, Waycross, GA 31503, USA",https://locations.arbys.com/ga/waycross/2469-memorial-dr.html?utm_source=google%20my%20business&utm_medium=organic&utm_campaign=website%20link
Greek,Chick-fil-A,"2256 Memorial Dr, Waycross, GA 31501, USA",https://www.chick-fil-a.com/locations/ga/waycross?utm_source=yext&utm_medium=link
Greek,Zoner's Pizza Wings & Waffles,"2505 Plant Ave, Waycross, GA 31501, USA",http://zonerswaycross.com/
Greek,The Gyro Shop,"545 W Oglethorpe Hwy, Hinesville, GA 31313, USA",
Greek,Gooey's Pizza Waycross GA,"910 Memorial Dr, Waycross, GA 31501, USA",https://www.gooeyspizza.com/
Greek,Zaxby's Chicken Fingers & Buffalo Wings,"2316 Memorial Dr, Waycross, GA 31501, USA",https://www.zaxbys.com/locations/ga/waycross/2316-memorial-dr/?utm_source=local&utm_medium=organic&utm_campaign=gmb
Greek,Rockin Bear Cafe,"3725 US-84, Blackshear, GA 31516, USA",https://www.facebook.com/rockinbearcafe/
Greek,Ruby Tuesday,"2263 Memorial Dr, Waycross, GA 31501, USA",https://rubytuesday.com/
Greek,Olive Garden Italian Restaurant,"600 Glynn Isle, Brunswick, GA 31525, USA",https://www.olivegarden.com/locations/ga/brunswick/brunswick/5808?cmpid=br:og_ag:ie_ch:loc_ca:OGGMB_sn:gmb_gt:brunswick-ga-5808_pl:locurl_rd:1829
Greek,Mo's Gyro and Kabob,"4296 Old Suwanee Rd Suite 2, Buford, GA 30518, USA",https://www.mosgyroandkabob.com/
Greek,Baba's Gyro & Kabob,"2310 Ronald Reagan Blvd Suite A, Cumming, GA 30041, USA",http://www.babasgyros.com/
Greek,Olympus Greek Taverna,"4090 Johns Creek Pkwy I, Suwanee, GA 30024, USA",https://olympustaverna.com/
Belgian,Huddle House,"101 Allen Rd, Nahunta, GA 31553, USA",https://www.huddlehouse.com/
Irish,McGarvey's Wee Pub South,"2603 Osborne Road Suite N-P, St Marys, GA 31558, USA",https://weepub.com/
Irish,Finnegan's Pub,"Naval Submarine Base, 1216 USS Daniel Boone Ave bldg 1033, Kings Bay Base, GA 31547, USA",https://www.navymwrkingsbay.com/programs/93dc1e8f-1df8-4098-b3cc-f9a84009b646
Irish,Emerald Goat,"96110 Lofton Square Ct, Fernandina Beach, FL 32034, USA",http://www.emeraldgoat.com/
Irish,Paddy's Irish Pub,"100 Tour De France, Braselton, GA 30517, USA",https://www.chateauelan.com/dining
Irish,Olive Garden Italian Restaurant,"2497 Memorial Dr, Waycross, GA 31501, USA",https://www.olivegarden.com/locations/ga/waycross/waycross-memorial-drive/5814?cmpid=br:og_ag:ie_ch:loc_ca:OGGMB_sn:gmb_gt:waycross-ga-5814_pl:locurl_rd:1830
Portuguese,Porto Brasil Restaurant,"7887 Roswell Rd, Atlanta, GA 30350, USA",http://portobrasilrestaurant.com/
Turkish,Kabob and Kabob Mediterranean Halal Restaurant,"401 Mall Blvd 102 C, Savannah, GA 31406, USA",https://digitalmenu.applova.io/webstore/BIZ_b2x10e60943/menu?session=1668825950510
Haitian,Caribbean Foods Delight,"11768 Hastings Bridge Rd, Hampton, GA 30228, USA",
Tahitian,Tahiti Restaurant,"400 Bowery Ln, Folkston, GA 31537, USA",
Kenyan,MASSA AFRICAN RESTAURANT,"812 Elma G Miles Pkwy, Hinesville, GA 31313, USA",https://order.online/business/massa-african-restaurant-hinesville-11476693
Korean,Hwang Keum Jung Korean Restaurant,"3421-9 Cypress Mill Rd, Brunswick, GA 31520, USA",https://www.facebook.com/profile.php?id=100057597633219
Korean,K-Restaurant,"Hinesville, GA 31313, USA",
Korean,Bewon Korean BBQ Restaurant,"1105 US-80 A, Pooler, GA 31322, USA",https://www.bewonsbbq.com/
Korean,Kim Chi II Korean Restaurant,"149 E Montgomery Cross Rd, Savannah, GA 31406, USA",http://kimchi2.com/
Korean,Zip Bob,"1024 US-80 suite 118, Pooler, GA 31322, USA",http://zipbobkoreanbbq.com/
Korean,Korean BBQ House,"303 E 10th St, West Point, GA 31833, USA",
Korean,KPOP BBQ AND BAR,"1901 Jonesboro Rd, McDonough, GA 30253, USA",http://www.kpopbbqandbar.com/
Korean,Korea House Restaurant,"5507 Veterans Pkwy, Columbus, GA 31904, USA",https://www.facebook.com/YummyBBQKoreaHouse/
Korean,Koreana Restaurant,"Allendale Shopping Center, 5828 Moon Rd, Columbus, GA 31909, USA",
Korean,Keum Soo Kang Korean Restaurant,"1510 Lafayette Pkwy D-1, LaGrange, GA 30241, USA",
Korean,KPOP BBQ & Bar,"1105 Parkside Ln STE 1334, Woodstock, GA 30189, USA",https://www.kpopbbqandbar.com/
Korean,Volcano Korean BBQ & Hot Pot,"5750 Wendy Bagwell Pkwy suite 120, Hiram, GA 30141, USA",http://volcanoatl.com/
Korean,KPOT Korean BBQ & Hot Pot,"5592 Whitesville Rd, Columbus, GA 31904, USA",https://thekpot.com/
Korean,Korean House Restaurant,"489 N Daleville Ave, Daleville, AL 36322, USA",http://www.facebook.com/koreanhouse
Korean,Seoul Garden Restaurant,"2009 S Lumpkin Rd, Columbus, GA 31903, USA",
Korean,Eat More Korean,"Inside NDM Farmers Market, 1940 Mt Zion Rd, Morrow, GA 30260, USA",https://www.eatmorekorean.com/
Korean,Jang Su Jang,"3645 Satellite Blvd, Duluth, GA 30096, USA",
Korean,Itaewon Korean Restaurant,"807 Donnell Blvd, Daleville, AL 36322, USA",
Korean,KBOP,"1891 Chamblee Tucker Rd Suite 4-1, Chamblee, GA 30341, USA",
Korean,Q Korean Steakhouse,"872 Buford Rd, Cumming, GA 30041, USA",https://qkoreanbbq.com/
Algerian,Starters Bistro,"104 N Main St, Nahunta, GA 31553, USA",
Nigerian,MASSA AFRICAN RESTAURANT,"812 Elma G Miles Pkwy, Hinesville, GA 31313, USA",https://order.online/business/massa-african-restaurant-hinesville-11476693
Moroccan,Starters Bistro,"104 N Main St, Nahunta, GA 31553, USA",
Lebanese,Olive Garden Italian Restaurant,"2497 Memorial Dr, Waycross, GA 31501, USA",https://www.olivegarden.com/locations/ga/waycross/waycross-memorial-drive/5814?cmpid=br:og_ag:ie_ch:loc_ca:OGGMB_sn:gmb_gt:waycross-ga-5814_pl:locurl_rd:1830
Vietnamese,JA Pho,"1891 GA-40 Suite 1110, Kingsland, GA 31548, USA",https://www.facebook.com/profile.php?id=100087284240073&mibextid=ZbWKwL
Vietnamese,Saigon Pho,"760 Scranton Rd #100, Brunswick, GA 31525, USA",http://runinout.com/Saigon-Pho-Brunswick-GA
Vietnamese,Phở #1 and Asian Market,"5437 Altama Ave, Brunswick, GA 31525, USA",https://pho1.eat24hour.com/
Vietnamese,Pho Nghia,"790 Veterans Pkwy Ste 109, Hinesville, GA 31313, USA",
Vietnamese,Asian Cuisine & Boba Tea,"111 Longview Plaza Driveway, St Simons Island, GA 31522, USA",https://www.asiancuisinestsimons.com/
Hungarian,Brigitta's Hungarian Restaurant,"202 Hwy 31 East, 202 TX-31, Kilgore, TX 75662, USA",http://www.brigittashungariandelivery.com/
Mediterranean,Starters Bistro,"104 N Main St, Nahunta, GA 31553, USA",
Mediterranean,Olive Garden Italian Restaurant,"2497 Memorial Dr, Waycross, GA 31501, USA",https://www.olivegarden.com/locations/ga/waycross/waycross-memorial-drive/5814?cmpid=br:og_ag:ie_ch:loc_ca:OGGMB_sn:gmb_gt:waycross-ga-5814_pl:locurl_rd:1830
Mediterranean,Elkhatib Mediterranean Sizzle,"901 Mt Vernon Rd, Vidalia, GA 30474, USA",https://www.facebook.com/elkhatibkabobs?mibextid=ZbWKwL
Mediterranean,Gyro City Mediterranean Grill,"116 W Lamar St, Americus, GA 31709, USA",
Mediterranean,OPS Pizza Kitchen & Cafe,"1378 Boone Ave, Kingsland, GA 31548, USA",https://www.opspizza.com/
Mediterranean,Delight Grill Mediterranean Restaurant,"802 Dacula Rd #101, Dacula, GA 30019, USA",https://www.delightgrillmediterranean.com/
Mediterranean,La cuchara restaurant,"1098 cone blvd, Kingsland, GA 31548, USA",
Mediterranean,Arby's,"2469 Memorial Dr, Waycross, GA 31503, USA",https://locations.arbys.com/ga/waycross/2469-memorial-dr.html?utm_source=google%20my%20business&utm_medium=organic&utm_campaign=website%20link
Mediterranean,Olive Garden Italian Restaurant,"600 Glynn Isle, Brunswick, GA 31525, USA",https://www.olivegarden.com/locations/ga/brunswick/brunswick/5808?cmpid=br:og_ag:ie_ch:loc_ca:OGGMB_sn:gmb_gt:brunswick-ga-5808_pl:locurl_rd:1829
Mediterranean,Zaxby's Chicken Fingers & Buffalo Wings,"2316 Memorial Dr, Waycross, GA 31501, USA",https://www.zaxbys.com/locations/ga/waycross/2316-memorial-dr/?utm_source=local&utm_medium=organic&utm_campaign=gmb
Mediterranean,Real Olive,"755 Lawrenceville-Suwanee Rd #1710, Lawrenceville, GA 30043, USA",https://www.orderrealolive.com/
Mediterranean,Pita Corner,"911 Duluth Hwy Suite C1A, Lawrenceville, GA 30043, USA",http://www.pitacorners.com/
Mediterranean,Riverside Cafe,"106 St Marys St W STE C, St Marys, GA 31558, USA",
Mediterranean,PITA Mediterranean Street Food,"720 Dacula Rd, Dacula, GA 30019, USA",
Mediterranean,Ruby Tuesday,"2263 Memorial Dr, Waycross, GA 31501, USA",https://rubytuesday.com/
Mediterranean,Mo's Gyro and Kabob,"4296 Old Suwanee Rd Suite 2, Buford, GA 30518, USA",https://www.mosgyroandkabob.com/
Mediterranean,Baba's Gyro & Kabob,"2310 Ronald Reagan Blvd Suite A, Cumming, GA 30041, USA",http://www.babasgyros.com/
Mediterranean,Taziki's Mediterranean Cafe - Auburn,"339 S College St, Auburn, AL 36830, USA",https://www.tazikis.com/location/auburn
Mediterranean,Hovan Mediterranean Gourmet,"2148 Johnson Ferry Rd NE, Atlanta, GA 30319, USA",http://hovan.com/
Mediterranean,Cafe Sababa - Mediterranean Grill,"4639 N Shallowford Rd, Dunwoody, GA 30338, USA",http://www.cafesababa.info/
Ethiopian,Meskel ethiopian restaurant,"5030 Memorial Dr, Stone Mountain, GA 30083, USA",https://www.meskelethiopianrestaurant.com/
Ethiopian,Bole Ethiopian Restaurant,"1583 Virginia Ave, College Park, GA 30337, USA",http://www.boleethiopianrestaurantatlanta.com/
Ethiopian,Bahel Ethiopian Restaurant,"3125 Briarcliff Rd NE ste c, Atlanta, GA 30329, USA",http://bahelethiopianrestaurant.com/
Ethiopian,Lalibela Cafe,"3096 N Decatur Rd, Scottdale, GA 30079, USA",
Ethiopian,Sebli Ethiopian Restaurant,"4995 Memorial Dr, Stone Mountain, GA 30083, USA",
Ethiopian,Desta Ethiopian Kitchen,"3086 Briarcliff Rd NE, Atlanta, GA 30329, USA",http://www.destaethiopiankitchen.com/
Ethiopian,Embilta Cafe & Restaurant,"2100 Cheshire Bridge Rd NE, Atlanta, GA 30324, USA",https://www.facebook.com/pages/Embilta-Ethiopian-Cafe-Restaurant/439607806093457
Ethiopian,Kategna Ethiopian Cuisine,"2857 Buford Hwy NE, Atlanta, GA 30329, USA",https://www.kategnaethiopiancuisine.com/menus
Ethiopian,Ethiopiques cafe and Restaurant,"11130 State Bridge Rd D103, Johns Creek, GA 30022, USA",http://ethiopiquescafe.com/
Ethiopian,Ledet Ethiopian Restaurant,"4975 Memorial Dr, Stone Mountain, GA 30083, USA",https://www.ledetethiopianrestaurant.com/
Ethiopian,Abyssinia Cafe & Restaurant,"Clarkston Village Shopping Center, 926 Montreal Rd E #3, Clarkston, GA 30021, USA",
Ethiopian,MASSA AFRICAN RESTAURANT,"812 Elma G Miles Pkwy, Hinesville, GA 31313, USA",https://order.online/business/massa-african-restaurant-hinesville-11476693
Ethiopian,Abdullahii tofiq,"Atlanta, GA 30334, USA",
Ethiopian,Maleda Market,"4856 Memorial Dr, Stone Mountain, GA 30083, USA",http://www.maledagebeya.com/
Ethiopian,Deset Ethiopian Restaurant,"6128 Georgia Ave NW, Washington, DC 20011, USA",http://www.desetethiopianrestaurantdc.com/
Ethiopian,Red Sea Ethiopian Mediterranean and Cajun Restaurant,"22 Green Springs Hwy, Birmingham, AL 35209, USA",https://redseabham.com/
Ethiopian,Abol Cafe and Restaurant,"4166 Buford Hwy NE #1120, Atlanta, GA 30345, USA",http://www.abolcafeandrestaurant.com/
Ethiopian,Ghion Ethiopian Restaurant.,"2080 Cheshire Bridge Rd NE, Atlanta, GA 30324, USA",
Caribbean,Jerk Shack 2,"1110 E Cherry St, Jesup, GA 31546, USA",
Caribbean,One Love Island and Soul Food Restaurant,"124 S Macon St, Jesup, GA 31545, USA",
Caribbean,Island Jerk shack LLC,"4420 Altama Ave, Brunswick, GA 31520, USA",https://www.islandjerktogo.com/
Caribbean,Rollin n Flavor,"580 E King Ave, Kingsland, GA 31548, USA",
Caribbean,New Life Caribbean Restaurant & Market,"11768 Hastings Bridge Rd, Hampton, GA 30228, USA",http://www.newliferestaurant.com/
Caribbean,Sal y Pimienta Latin Restaurant,"2040 10th St, Woodbine, GA 31569, USA",
Caribbean,La Islita Food Truck,"1508 Boone St, Kingsland, GA 31548, USA",https://www.facebook.com/LaIslitaFoodTruck?mibextid=LQQJ4d
Caribbean,Rose's Caribbean Restaurant,"2039 Torch Hill Rd #200, Columbus, GA 31903, USA",https://www.facebook.com/rosescaribbeanrest/
Caribbean,Little Jamaican Restaurant,"239 E Oglethorpe Blvd, Albany, GA 31705, USA",https://www.facebook.com/LittleJamaicanRestaurant/
Caribbean,Golden Krust Caribbean Restaurant,"2960 Stonecrest Pass, Stonecrest, GA 30038, USA",https://locations.goldenkrust.com/ll/US/GA/Lithonia/2960-Stonecrest-Pass
Caribbean,Nice Mon Restaurant,"663 S Stone Mt Lithonia # B, Stone Mountain, GA 30083, USA",https://m.facebook.com/pages/Nice-Mon/113967602011916
Caribbean,Chef Mike Jamaican Bar & Grill,"4609 Jonesboro Rd, Forest Park, GA 30297, USA",https://calendly.com/chefmikejbg
Caribbean,JAMMIN CAFE 1,"4921B Carrollton Villa Rica Hwy, Villa Rica, GA 30180, USA",
Caribbean,Golden Krust Caribbean Restaurant,"1521 Hwy 138 SE, Conyers, GA 30013, USA",https://locations.goldenkrust.com/ll/US/GA/Conyers/1521-Highway-138-Southeast
Caribbean,El Caribe Restaurant,"425 W Oglethorpe Blvd, Albany, GA 31701, USA",https://order.online/business/el-caribe-restaurant-483340
Caribbean,Cuban Sensation,"1840 Osborne Rd A, St Marys, GA 31558, USA",http://www.cubansensation.com/
Caribbean,Negril Caribbean Restaurant,"745B Elma G Miles Pkwy, Hinesville, GA 31313, USA",https://www.facebook.com/negril.caribbean.1?mibextid=ZbWKwL
Caribbean,Alabama Breeze Caribbean Bar & Grill,"161 Vfw Pkwy, Jacksons' Gap, AL 36861, USA",
Caribbean,Yaadbak International Eatery,"232 W Fred D Gray Ave, Montgomery, AL 36104, USA",https://www.instagram.com/yaadbak
Caribbean,John's Caribbean Soul Food,"801 Whitesville Rd, LaGrange, GA 30240, USA",https://johnscaribbeansoulfood.com/about-us/the-best-caribbean-soul-food-restaurant-in-lagrange-6469776
Soul,Sweet Southern Silkies,"6998 Central Ave, Waycross, GA 31503, USA",https://www.facebook.com/profile.php?id=100088050516024&mibextid=LQQJ4d
Argentinian,Del Sur Artisan Eats,"321 Mallery St, St Simons Island, GA 31522, USA",https://delsursaintsimons.com/
Chilean,Dairy Queen Grill & Chill,"113 W Cleveland St, Nahunta, GA 31553, USA",https://www.dairyqueen.com/en-us/locations/ga/nahunta/113-w-cleveland-st/3029/?utm_source=organic&utm_campaign=yext%2F&y_source=1_ODk5Nzk0OS03MTUtbG9jYXRpb24ud2Vic2l0ZQ%3D%3D
Colombian,Antojo Latino,"44 Posey St, Savannah, GA 31406, USA",
Costa Rican,El Pegao Restaurant,"2177 Kingsley Ave #13, Orange Park, FL 32073, USA",https://facebook.com/eloegaorestaurant
Czech,Reedy Creek Steakhouse,"1633 Clifford Jones Rd, Screven, GA 31560, USA",
Danish,Southern Roost Blackshear,"3202 US-84, Blackshear, GA 31516, USA",http://southernroost.com/
Dutch,Huddle House,"101 Allen Rd, Nahunta, GA 31553, USA",https://www.huddlehouse.com/
Ecuadorian,Chancho King at Aardwolf,"1461 Hendricks Ave, Jacksonville, FL 32207, USA",http://chanchoking.com/
Ghanaian,MASSA AFRICAN RESTAURANT,"812 Elma G Miles Pkwy, Hinesville, GA 31313, USA",https://order.online/business/massa-african-restaurant-hinesville-11476693
Guatemalan,Restaurante Guatemalteco Eterna Primavera,"5050 Jimmy Carter Blvd #510, Norcross, GA 30093, USA",https://gzdwebserver.sfo2.digitaloceanspaces.com/ETP_menu_finalweb.pdf
Icelandic,Local,"13299 W Cleveland St #13299, Nahunta, GA 31553, USA",https://www.thelocalnahunta.com/?utm_source=google&utm_medium=wix_google_business_profile&utm_campaign=11793697448751942616
Indonesian,WIN - Taste of Bali,"2285 Peachtree Rd UNIT 100, Atlanta, GA 30309, USA",https://www.wintasteofbali.com/
Indonesian,Batavia,"3640 Shallowford Rd, Doraville, GA 30340, USA",https://www.bataviadoraville.com/
Iranian,Yalda Persian & Middle Eastern Restaurant,"6500 Aria Blvd Suite 500, Sandy Springs, GA 30328, USA",http://yaldaatl.com/
Israeli,Yalda Persian & Middle Eastern Restaurant,"6500 Aria Blvd Suite 500, Sandy Springs, GA 30328, USA",http://yaldaatl.com/
Jamaican,Jerk Shack 2,"1110 E Cherry St, Jesup, GA 31546, USA",
Jamaican,Island Jerk shack LLC,"4420 Altama Ave, Brunswick, GA 31520, USA",https://www.islandjerktogo.com/
Jamaican,Rollin n Flavor,"580 E King Ave, Kingsland, GA 31548, USA",
Jamaican,Good to Go Jamaican Restaurant,"1050 E Oglethorpe Hwy, Hinesville, GA 31313, USA",
Jamaican,One Love Island and Soul Food Restaurant,"124 S Macon St, Jesup, GA 31545, USA",
Jamaican,Negril Caribbean Restaurant,"745B Elma G Miles Pkwy, Hinesville, GA 31313, USA",https://www.facebook.com/negril.caribbean.1?mibextid=ZbWKwL
Jamaican,AllStars Kitchen,"1098 Cone Blvd, Kingsland, GA 31548, USA",
Jamaican,Sweet Spice Restaurant,"5515 Waters Ave, Savannah, GA 31404, USA",http://www.sweetspicesavannah.net/
Jamaican,Little Jamaican Restaurant,"239 E Oglethorpe Blvd, Albany, GA 31705, USA",https://www.facebook.com/LittleJamaicanRestaurant/
Jamaican,Mo'Bay Island Cuisine,"107 US Highway 80 SE, Pooler, GA 31322, USA",
Jamaican,Patty Galore N More,"1234 Later, Kingsland, GA 31548, USA",
Malaysian,Penang Malaysian Cuisine,"2491 George Busbee Pkwy NW, Kennesaw, GA 30144, USA",
Mongolian,Gold House Restaurant,"135 N Main St, Nahunta, GA 31553, USA",
Nepalese,Kathmandu Kitchen & Grill,"Clarkston Village Shopping Center, 926 Montreal Rd E, Clarkston, GA 30021, USA",http://ktmkitchen.com/
Nicaraguan,Mi Linda Managua Restaurant,"5530 Buford Hwy NE Suite 302, Norcross, GA 30071, USA",
Pakistani,Naan N Curry,"3083 Breckinridge Blvd #210, Duluth, GA 30096, USA",http://naanncurryatl.com/
Pakistani,Shahi Grill,"851 Oak Rd SW #6, Lawrenceville, GA 30044, USA",https://www.shahigrillga.com/
Pakistani,Pakwan Indian Cuisine,"7102 Abercorn St, Savannah, GA 31406, USA",http://www.pakwanus.com/
Pakistani,Shalimar Kabab House,"4760 Lawrenceville Hwy, Lilburn, GA 30047, USA",https://www.shalimarkababhouse.com/
Pakistani,NaaN Appetit,"1 N Godley Station Blvd Unit C 105, Pooler, GA 31322, USA",http://www.naanappetit.com/
Pakistani,Al Madinneh Halal Meat & Grocery,"7064 Hodgson Memorial Dr, Savannah, GA 31406, USA",https://al-madinneh-halal-meat-grocery.business.site/
Pakistani,Nakorn Thai Cuisine,"5448 New Jesup Hwy, Brunswick, GA 31525, USA",http://www.nakornthaicuisine.com/
Pakistani,Ma'am Saab - Pakistani Restaurant,"251 Meeting St, Charleston, SC 29401, USA",http://maamsaabchs.com/
Pakistani,Sabri Kabab House,"6075 Singleton Rd, Norcross, GA 30093, USA",
Pakistani,Krystal,"65 Tourist Dr, Brunswick, GA 31520, USA",https://locations.krystal.com/ga/brunswick/65-tourist-dr?y_source=1_MjkzNjQ5NC01NTktbG9jYXRpb24ud2Vic2l0ZQ%3D%3D
Pakistani,Al-Amin Supermarket & Restaurant,"5466 Buford Hwy NE, Doraville, GA 30340, USA",https://www.alaminhalal.com/
Pakistani,Zouq (Duluth),"1500 Pleasant Hill Rd Ste 102, Duluth, GA 30096, USA",https://zouqpakistaniga.kwickmenu.com/
Pakistani,"Malika Canteen - Mt. Pleasant, SC / Pakistani & Indian Restaurant","1333 Theater Dr, Mt Pleasant, SC 29464, USA",https://malikacanteen.com/
Pakistani,Kabob-Licious,"1841 Montgomery Hwy Suite 105, Hoover, AL 35244, USA",http://kaboblicious.com/
Peruvian,La Casita Peruvian Restaurant,"104 Dogwood Ave, Richmond Hill, GA 31324, USA",https://lacasitaperuvianrestaurantrichmondhill.com/
Philippine,Adobo Queens Filipino Restaurant,"6110 Altama Ave, Brunswick, GA 31525, USA",https://adoboqueens.menufy.com/
Polish,Margo's Gourmet Polish Kitchen,"11 Mountain St #1, Blue Ridge, GA 30513, USA",
Puerto Rican,La Islita Food Truck,"1508 Boone St, Kingsland, GA 31548, USA",https://www.facebook.com/LaIslitaFoodTruck?mibextid=LQQJ4d
Romanian,Crêpes Café,"740 E General Stewart Way, Hinesville, GA 31313, USA",
Singaporean,Wong's Palace Restaurant,"903 Knight Ave, Waycross, GA 31501, USA",
Slovak,Bodensee,"64 Munich Strasse, Helen, GA 30545, USA",http://www.bodenseerestaurant.com/
Somali,MASSA AFRICAN RESTAURANT,"812 Elma G Miles Pkwy, Hinesville, GA 31313, USA",https://order.online/business/massa-african-restaurant-hinesville-11476693
South African,MASSA AFRICAN RESTAURANT,"812 Elma G Miles Pkwy, Hinesville, GA 31313, USA",https://order.online/business/massa-african-restaurant-hinesville-11476693
Swiss,Starters Bistro,"104 N Main St, Nahunta, GA 31553, USA",
Syrian,Yalda Persian & Middle Eastern Restaurant,"6500 Aria Blvd Suite 500, Sandy Springs, GA 30328, USA",http://yaldaatl.com/
Taiwanese,Taiwan Restaurant,"3896 Pio Nono Ave, Macon, GA 31206, USA",
Tanzanian,MASSA AFRICAN RESTAURANT,"812 Elma G Miles Pkwy, Hinesville, GA 31313, USA",https://order.online/business/massa-african-restaurant-hinesville-11476693
Thai,Thai Spice (formerly Thai Smile),"314 Pendleton St, Waycross, GA 31501, USA",http://www.thaispicewaycross.com/
Thai,ThaiSmile Folkston by OK Group,"3925 Main St, Folkston, GA 31537, USA",https://www.facebook.com/profile.php?id=61550019991475&mibextid=LQQJ4d
Thai,Nakorn Thai Cuisine,"5448 New Jesup Hwy, Brunswick, GA 31525, USA",http://www.nakornthaicuisine.com/
Thai,Tup Tim Thai cuisine,"250 Golden Isles Plaza, Brunswick, GA 31520, USA",https://www.tuptimthaibrunswick.com/
Thai,Nang's Thai Restaurant,"697 W Cherry St, Jesup, GA 31545, USA",https://www.facebook.com/pages/Nangs-Thai-Restaurant/117079341643034
Thai,Thai & Osaka Sushi Bar,"1390 Boone Ave, Kingsland, GA 31548, USA",https://thai-and-osaka-ga.hipierce.com/
Thai,Drunken noodle saint marys Ga,"888 Kings Bay Rd ste E, St Marys, GA 31558, USA",https://www.drunkennoodlestmarys.com/
Thai,Basil Thai and Sushi,"1401 Newcastle St, Brunswick, GA 31520, USA",http://basilthaiandsushi.com/hello-world
Tunisian,Starters Bistro,"104 N Main St, Nahunta, GA 31553, USA",
Ukrainian,European Dumplings Cafe,"2211 NW Military Hwy Suite 131b, Castle Hills, TX 78213, USA",https://europeandumplings.com/
Venezuelan,ZUAREPA Lawrenceville,"1956 Duluth Hwy Ste B-101, Lawrenceville, GA 30043, USA",https://www.zuarepatogo.com/
Vietnamese,JA Pho,"1891 GA-40 Suite 1110, Kingsland, GA 31548, USA",https://www.facebook.com/profile.php?id=100087284240073&mibextid=ZbWKwL
Vietnamese,Saigon Pho,"760 Scranton Rd #100, Brunswick, GA 31525, USA",http://runinout.com/Saigon-Pho-Brunswick-GA
Vietnamese,Phở #1 and Asian Market,"5437 Altama Ave, Brunswick, GA 31525, USA",https://pho1.eat24hour.com/
Vietnamese,Pho Nghia,"790 Veterans Pkwy Ste 109, Hinesville, GA 31313, USA",
Vietnamese,Asian Cuisine & Boba Tea,"111 Longview Plaza Driveway, St Simons Island, GA 31522, USA",https://www.asiancuisinestsimons.com/
Zambian,MASSA AFRICAN RESTAURANT,"812 Elma G Miles Pkwy, Hinesville, GA 31313, USA",https://order.online/business/massa-african-restaurant-hinesville-11476693
Zimbabwean,MASSA AFRICAN RESTAURANT,"812 Elma G Miles Pkwy, Hinesville, GA 31313, USA",https://order.online/business/massa-african-restaurant-hinesville-11476693
