Cuisine Type,Name,Address,Website
Mexican,Little Mexico Cantina,"3131 Chatham St #150, Richmond, BC V7E 2Y4, Canada",https://www.littlemexicocantina.ca/
Italian,Arminio's Italian Corner,"236 Main St, Chatham Township, NJ 07928, USA",https://arminios.com/
Italian,D'oro,"219 Main St, Chatham, NJ 07928, USA",http://www.dororistorante.com/
Italian,Mamma Maria's Ristorante,"231 King St W, Chatham, ON N7M 1E6, Canada",http://mammamariasristorante.ca/
Italian,Elizabeth's Pizza & Italian Restaurant,"160 Hillsboro St, Pittsboro, NC 27312, USA",https://www.elizabethspizzapittsboro.com/
Italian,Lagonias Bistro,"15 Hudson Ave, Chatham, NY 12037, USA",http://lagonias.com/
Italian,Scalini Fedeli,"63 Main St, Chatham, NJ 07928, USA",http://www.scalinifedeli.com/
Italian,Gregorio's Mediterranean Restaurant,"255 Main St A, Chatham, NJ 07928, USA",http://restaurantgregorios.com/
Italian,Corleone's,"44 Martin Luther King Jr Blvd, Savannah, GA 31401, USA",http://www.corleones.com/
Italian,Chianti Pizzeria Chatham,"249 Main St, Chatham, NJ 07928, USA",https://www.chiantipizzeriamenu.com/?utm_source=gbp
Spanish,Como Taperia,"201 E 7th Ave, Vancouver, BC V5T 0B4, Canada",https://www.comotaperia.com/
American,Wild Goose Tavern,"512 Main St, Chatham, MA 02633, USA",http://www.wildgoosetavern.com/
Scottish,The Sycamore at Chatham Mills,"480 Hillsboro St #500, Pittsboro, NC 27312, USA",https://www.thesycamoreatchathammills.com/
British,The Crown and Anchor Pub,"1215 US-80 Suite 200, Pooler, GA 31322, USA",http://www.thebritishpiecompany.com/
Thai,Thai Chef Eatery,"3355 North Rd, Burnaby, BC V3J 1M3, Canada",https://thaichefeatery.com/
Thai,Chada Thai Fine Cuisine,"2991 Lougheed Hwy. #107, Coquitlam, BC V3B 6J6, Canada",http://www.chadathai.ca/
Thai,Patsara Thai,"528 Carnarvon St, New Westminster, BC V3L 1C4, Canada",https://www.patsara.ca/
Japanese,Hanamori Sushi,"511 Rochester Ave, Coquitlam, BC V3K 0A2, Canada",http://www.sushihanamori.com/
Chinese,Grand Chinese Restaurant,"4461 Lougheed Hwy. #1, Burnaby, BC V5C 3Z2, Canada",https://grandrestaurant.zomi.menu/
Indian,Indian Bombay Bistro,"7558 6th St, Burnaby, BC V3N 3M3, Canada",https://www.indianbombaybistro.com/
Indian,Royal Tandoori,"83 6th St, New Westminster, BC V3L 2Z8, Canada",https://royaltandoorirestaurant.com/?utm_source=google&utm_medium=maps&utm_campaign=website
Indian,Desi Turka Indian Cuisine | Burnaby,"7807 6th St, Burnaby, BC V3N 4S3, Canada",https://desiturka.ca/
Indian,Indian Courtyard Restaurant,"Indian courtyard restaurant, 609 12th St, New Westminster, BC V3M 4J3, Canada",https://courtyardindianrestaurant.com/
Indian,Tahn Door Indian Eatery,"228 Schoolhouse St #1, Coquitlam, BC V3K 6V7, Canada",https://www.tahndoor.com/
Indian,Spice Cart Indian Cuisine,"1475 Prairie Ave B104, Port Coquitlam, BC V3B 1T3, Canada",https://spicecartrestaurant.ca/
Indian,Manjal South Indian Kitchen,"7613 Edmonds St, Burnaby, BC V3N 1B6, Canada",http://manjalrestaurant.ca/
Indian,Biryani Maxx Indian Cuisine,"590 E Chatham St STE 102, Cary, NC 27511, USA",https://biryanimaxx.com/
Indian,Udupi Cafe,"590 E Chatham St 112 & 114, Cary, NC 27511, USA",https://udupicafenc.com/
Indian,Dana Pani Indian Cuisine,"805 Boyd St J120, New Westminster, BC V3M 5X2, Canada",http://www.danapaniindian.com/
Indian,Chimney Indian Kitchen + Bar,"D, 306 W Franklin St F STE, Chapel Hill, NC 27516, USA",http://www.chimneyindiankitchen.com/
Indian,CholaNad Restaurant & Bar,"310 W Franklin St, Chapel Hill, NC 27516, USA",http://www.cholanad.com/
Indian,Vimala's Curryblossom Cafe,"431 W Franklin St #415, Chapel Hill, NC 27516, USA",https://curryblossom.com/?y_source=1_MjU3NzI5NjYtNzE1LWxvY2F0aW9uLndlYnNpdGU%3D
Indian,Sitar Indian Cuisine,"3630 Durham-Chapel Hill Blvd, Durham, NC 27707, USA",http://www.sitar-indiancuisine.com/
Indian,Vaishno Bhog,"810 E Chatham St, Cary, NC 27511, USA",
Indian,Saffron Indian Cuisine,"2048 Kildaire Farm Rd, Cary, NC 27518, USA",https://saffroncary.com/
Indian,Nukkad Indian Street Food,"1710 High House Rd, Cary, NC 27513, USA",http://www.nukkadusa.com/
Indian,Anjappar Chettinad Indian Restaurant,"101 Ledgestone Way, Cary, NC 27519, USA",https://anjapparcaryonline.com/
Indian,Pakwan Indian Cuisine,"7102 Abercorn St, Savannah, GA 31406, USA",http://www.pakwanus.com/
Indian,Sonny's Indian Kitchen,"225 Main St, Chatham, NJ 07928, USA",http://sonnysindiankitchen.com/
Canadian,Chilled Cork,"22 William St S, Chatham, ON N7M 4S1, Canada",http://www.chilledcork.ca/
Jewish,Sabra Kosher Bakery & Restaurant Ltd,"3844 Oak St, Vancouver, BC V6H 2M6, Canada",http://www.sabrakosher.com/
German,The Old Bavaria Haus Restaurant,"233 6th St, New Westminster, BC V3L 3A5, Canada",http://www.oldbavariahaus.com/
German,Deutsches Haus (Vancouver Alpen Club),"4875 Victoria Dr, Vancouver, BC V5N 4P3, Canada",https://www.vacbc.ca/
French,French Table,"3916 Main St, Vancouver, BC V5V 3P2, Canada",http://thefrenchtable.ca/
Hawaiian,Aloha Hawaiian Grill,"3900 Bayview St #110, Richmond, BC V7E 4R7, Canada",https://www.alohahawaiiangrill.ca/
Brazilian,Rio Brazilian Steak House Coquitlam,"2729 Barnet Hwy, Coquitlam, BC V3E 1K9, Canada",https://riobraziliansteakhouse.ca/
Peruvian,SUYO Modern Peruvian,"3475 Main St, Vancouver, BC V5V 3M9, Canada",http://www.suyo.ca/
Peruvian,Silvestre Deli & Bistro,"317 Water St, Vancouver, BC V6B 1B8, Canada",http://www.silvestregustolatino.com/
Salvadorian,Rinconcito Salvadoreno,"2062 Commercial Dr, Vancouver, BC V5N 4A9, Canada",
Cuban,Rancho Alegre Cuban Restaurant,"402 Martin Luther King Jr Blvd, Savannah, GA 31401, USA",https://ranchoalegrecuban.getbento.com/online-ordering/rancho-alegre-cuban/menu
Tibetan,Tibetan Kitchen Cafe,"680 Broughton St, Victoria, BC V8W 2C1, Canada",https://tibetankitchencafe.com/
Egyptian,Koshari Zooba,"2519 St Johns St, Port Moody, BC V3H 2B3, Canada",https://order.online/business/koshari-zooba-11732068
Greek,Yiannis Greek Taverna,"543 6th St, New Westminster, BC V3L 3B5, Canada",http://www.yiannisnewwest.com/
Greek,My Greek Taverna,"946 Brunette Ave, Coquitlam, BC V3K 1C9, Canada",http://mygreektaverna.com/
Greek,Nammos Estiatorio,"3980 Fraser St, Vancouver, BC V5V 4E4, Canada",http://nammos.ca/
Greek,Ramie's Greek Restaurant,"4287 Kingsway, Burnaby, BC V5H 1Z5, Canada",http://www.ramiesgreekrestaurant.com/
Greek,Taverna Greka,"326 Columbia St, New Westminster, BC V3L 1A6, Canada",http://www.taverna.ca/
Greek,Sfinaki Greek Taverna,"4061 Hastings St, Burnaby, BC V5C 2J1, Canada",http://www.sfinaki.ca/
Greek,Pallas Athena Greek Kousina,"1250 Dominion Ave, Port Coquitlam, BC V3B 8G7, Canada",http://www.pallasathena.org/
Greek,Vassilis Souvlaki Greek Taverna,"6558 Kingsway, Burnaby, BC V5E 1C5, Canada",http://vassilissouvlakigreektaverna.ca/
Greek,Greek Kouzina,"367 Freedom Pkwy #100, Pittsboro, NC 27312, USA",https://greekkouzinanc.com/
Greek,Minoas Greek Taverna,"3823 Kingsway, Burnaby, BC V5H 1Y5, Canada",https://minoastaverna.com/
Belgian,Belga Cafe,"514 8th St SE, Washington, DC 20003, USA",http://belgacafe.com/
Irish,The Irish Heather Shebeen,"248 E Georgia St, Vancouver, BC V6A 1Z7, Canada",https://www.irishheather.com/
Welsh,Prince Of Wales Chatham,"1-3 Railway St, Chatham ME4 4HU, UK",https://www.greatukpubs.co.uk/prince-of-wales-chatham?utm_source=gmb&utm_medium=organic&utm_campaign=homepage
Cajun,Crab Du Jour Cajun Seafood Restaurant & Bar - Savannah Oglethorpe Mall,"7804 Abercorn St Unit 70A, Savannah, GA 31406, USA",https://www.crabdujourcajunsavannah.com/
Portuguese,Portuguese Club Of Vancouver,"1144 Commercial Dr, Vancouver, BC V5L 3X2, Canada",https://thepcov.ca/
Turkish,Saray Turkish Cuisine,"6633 Hastings St, Burnaby, BC V5B 1S1, Canada",https://sarayturkish.com/
Turkish,Turkish Donair,"4066 Hastings St, Burnaby, BC V5C 2J3, Canada",https://order.online/store/TurkishDonair-1519392/en-US/?hideModal=true&pickup=true
Turkish,Anatolia's Gate Restaurant,"7084 Kingsway, Burnaby, BC V5E 1E7, Canada",http://www.anatoliasgaterestaurant.com/
Turkish,Taze Restaurant,"294, 296 High St, Chatham ME4 4NR, UK",http://tazemezemangal.com/
Turkish,Selale,"78 High St, Chatham ME4 4DS, UK",https://selaleturkishkitchen.com/
Haitian,Haitian cooking depot LLC,"5627 N Henry Blvd, Stockbridge, GA 30281, USA",https://haitianrestaurantstockbridge.com/
Kenyan,Zamnig,"Zamnig, 13a Church St, Chatham ME4 4BS, UK",http://www.zamnig.com/
Korean,Gawon Express Korean Cuisine,"8968 University High St, Burnaby, BC V5A 4Y6, Canada",https://gawon.webflow.io/
Korean,South Castle Korean Restaurant,"1126 Austin Ave, Coquitlam, BC V3K 3P5, Canada",https://southcastleaustin.com/
Korean,Onggi Korean Cuisine 옹기 밴쿠버,"4501 North Rd Unit 103, Burnaby, BC V3N 4R7, Canada",https://www.theonggi.ca/
Korean,Wang Ga Ma,"329 North Rd, Coquitlam, BC V3K 3V8, Canada",https://wanggama.webflow.io/
Korean,Sol Lee's Korean Restaurant,"329 North Rd Unit 550, Coquitlam, BC V3K 3V8, Canada",
Korean,Bbong Korean Restaurant,"329 North Rd #260, Coquitlam, BC V3K 3V8, Canada",https://www.bbong.ca/
Korean,Koreana Korean Restaurant,"1001 Austin Ave #101, Coquitlam, BC V3K 3N9, Canada",http://www.koreanaeats.com/
Korean,Hongdae Korean Restaurant,"403 North Rd #101, Coquitlam, BC V3K 3V9, Canada",http://hongdaebuljok.ca/
Korean,ARISU Authentic Korean BBQ,"4501 North Rd #203, Burnaby, BC V3N 4R7, Canada",http://arisubbq.com/
Korean,Bukchigo Jangguchigo,"341 North Rd, Coquitlam, BC V3K 3V8, Canada",https://www.bukjang.com/
Korean,Nadri - Korean Cuisine & Fried Chicken (나드리),"4501 North Rd Unit 111F, Burnaby, BC V3N 4R7, Canada",https://www.nadri.ca/
Korean,Toe Dam Korean Fusion BBQ,"329 North Rd #250, Coquitlam, BC V3K 3V8, Canada",
Korean,Gaya Korean Restaurant,"5240 Rumble St, Burnaby, BC V5J 2B6, Canada",http://gayakoreanrestaurant.ca/
Korean,Tâ Bom Korean Cuisine,"1046 Austin Ave C, Coquitlam, BC V3K 3P3, Canada",http://www.tabom.ca/
Korean,Oh! Zzhu Sam Korean Restaurant,"7506 Edmonds St, Burnaby, BC V3N 1B4, Canada",http://www.ohzzhusam.com/
Korean,House of Tofu Soup,"4563 North Rd #1, Burnaby, BC V3N 4J5, Canada",https://houseoftofusoup.webflow.io/
Korean,Shilla Korean Restaurant,"1031 Kingsway, Vancouver, BC V5V 3C7, Canada",http://shillakorean.ca/
Korean,Insadong Korean BBQ Restaurant,"403 North Rd #301, Coquitlam, BC V3K 3V9, Canada",http://insadongbbq.ca/
Korean,Busan Daeji Gukbap Korean Restaurant,"4501 North Rd #201, Burnaby, BC V3N 4R7, Canada",
Korean,Secret Garden Korean Buffet,"9628 Cameron St, Burnaby, BC V3J 7N3, Canada",http://www.secretgardenbuffet.com/
Nigerian,Alebi African Cuisine,"10694 135a St, Surrey, BC V3T 4E2, Canada",http://alebiafricanrestaurant.com/
Nigerian,Taste of Africa,"10663 King George Blvd, Surrey, BC V3T 2X6, Canada",
Nigerian,massawa restaurant,"418 6th St, New Westminster, BC V3L 3B2, Canada",
Nigerian,Simba's Grill,"3300 Boundary Rd, Burnaby, BC V5M 4A4, Canada",http://www.simbasgrill.com/
Moroccan,Moltaqa Moroccan Restaurant Mainland Street Yaletown,"1002 Mainland St, Vancouver, BC V6B 6J8, Canada",https://www.moltaqarestaurant.ca/
Lebanese,Tamam: Fine Palestinian Cuisine,"2616 E Hastings St, Vancouver, BC V5K 1Z6, Canada",http://www.tamam.ca/
Lebanese,Ayam Zaman Restaurant,"1090 Lougheed Hwy. #116, Coquitlam, BC V3K 6G9, Canada",
Vietnamese,Pho d'lite,"2-4415 Skyline Dr, Burnaby, BC V5C 5Y1, Canada",http://phodlite.restaurant/
Vietnamese,Phở Hồng Vietnamese Restaurant,"5975 Kingsway, Burnaby, BC V5J 1H1, Canada",https://drive.google.com/file/d/115uJr6nepSR1ReTJkaxy_DnbqvIZFOPZ/view?usp=drivesdk
Vietnamese,Pho Angkor noodle house,"78 10th St #106, New Westminster, BC V3M 3X3, Canada",https://phoangkornoodlehouse.com/?
Vietnamese,Pho Net Viet,"942 Westwood St, Coquitlam, BC V3C 3L3, Canada",
Vietnamese,I Am Pho Coquitlam,"100 Schoolhouse St Unit # 110, Coquitlam, BC V3K 6V9, Canada",https://iampho.ca/
Vietnamese,Saigon Ivy Restaurant,"520 6th St, New Westminster, BC V3L 3B4, Canada",http://www.saigonivy.com/
Vietnamese,The Viet Noodle Guy,"1902 Rosser Ave, Burnaby, BC V5C 3Z2, Canada",http://www.thevietnoodleguy.ca/
Vietnamese,Pho Capital,"341 North Rd Unit F, Coquitlam, BC V3K 3V8, Canada",https://phocapitalrestaurantcoquitlam.com/
Vietnamese,White Lotus Cafe,"5901 Broadway, Burnaby, BC V5B 2Y1, Canada",http://www.whitelotuscafe.ca/
Vietnamese,Pho Century Fine Vietnamese Cuisine,"6701 Kingsway, Burnaby, BC V5E 1E4, Canada",https://phocentury.ca/
Vietnamese,Tina Vietnamese Cuisine (V-Cafe),"789 Carnarvon St, New Westminster, BC V3M 1E6, Canada",https://www.clover.com/online-ordering/tina-vietnamese-cuisine-new-westminster
Vietnamese,Ivy's Kitchen Vietnamese Restaurant,"4598 Main St, Vancouver, BC V5V 3R5, Canada",
Vietnamese,Kim Son Vietnamese Food,"555 W 12th Ave #030, Vancouver, BC V5Z 3X7, Canada",
Hungarian,Budapest Bistro,"12926 Mukilteo Speedway, Lynnwood, WA 98037, USA",
Mediterranean,Troy Mediterranean Cuisine,"10510 Abercorn St STE D, Savannah, GA 31419, USA",http://troymediterraneancuisine.com/
Mediterranean,Gregorio's Mediterranean Restaurant,"255 Main St A, Chatham, NJ 07928, USA",http://restaurantgregorios.com/
Mediterranean,Greek Kouzina,"367 Freedom Pkwy #100, Pittsboro, NC 27312, USA",https://greekkouzinanc.com/
Mediterranean,PITA Mediterranean Street Food,"240 Tanger Outlets Blvd STE 110, Pooler, GA 31322, USA",
Mediterranean,Al Salaam Deli,"2311 Habersham St, Savannah, GA 31401, USA",http://www.alsalaamdeli.com/
Mediterranean,Kabob Castle,"33133 Gratiot Ave, Clinton Twp, MI 48035, USA",https://kabobcastle.net/
Mediterranean,Chef Mediterranean,"38 Union Ave, Cresskill, NJ 07626, USA",https://chefmediterranean.com/
Mediterranean,Hollywood Mediterranean Cuisine,"17810 E Thirteen Mile Rd, Roseville, MI 48066, USA",https://hollywoodmediterraneancuisine.com/
Mediterranean,Grillera Mediterranean Cuisine,"91 Park Ave, Madison, NJ 07940, USA",http://www.grillera.com/
Mediterranean,Yia Yia's Kitchen & Marketplace,"3113 Habersham St, Savannah, GA 31405, USA",http://yiayiasav.com/
Mediterranean,Mediterra Restaurant & Taverna,"29 Hulfish St, Princeton, NJ 08542, USA",https://www.mediterrarestaurant.com/
Mediterranean,Biladi Grill,"77 Main St, Madison, NJ 07940, USA",https://www.biladigrilltogo.com/
Mediterranean,Shuk,"1313 Habersham St, Savannah, GA 31401, USA",http://www.shuksavannah.com/
Mediterranean,Kabob Town,"47127 Gratiot Ave, New Baltimore, MI 48051, USA",https://www.kabobtownmi.com/
Mediterranean,Mediterranean Grill and Pizza,"119 Morris St, Morristown, NJ 07960, USA",http://mediterraneangrillmotown.com/
Mediterranean,Persepolis Lounge and Grill,"41 Whitaker St, Savannah, GA 31410, USA",https://www.facebook.com/savannahpersepolis/
Ethiopian,Harambe Ethiopian Restaurant,"2149 Commercial Dr, Vancouver, BC V5N 4B3, Canada",
Ethiopian,Axum Restaurant,"1279 E Hastings St, Vancouver, BC V6A 1S4, Canada",http://www.axumrestaurant.ca/
Ethiopian,Gojo Café Ethiopia I Ethiopian Cuisine,"2838 Commercial Dr, Vancouver, BC V5N 4C6, Canada",http://www.gojocafe.com/
Ethiopian,Fassil Restaurant,"736 E Broadway, Vancouver, BC V5T 1X9, Canada",http://www.fassil.ca/
Ethiopian,massawa restaurant,"418 6th St, New Westminster, BC V3L 3B2, Canada",
Caribbean,JaLove Caribbean Cuisine,"4 High St, Chatham ME4 4EP, UK",
Argentinian,Puerto La Boca,"2060 India St, San Diego, CA 92101, USA",https://www.puertolaboca.com/
Chilean,Al Chile,"1340 Davie St, Vancouver, BC V6E 1N6, Canada",https://instagram.com/alchilevan?igshid=MzRlODBiNWFlZA==
Colombian,Antojo Latino,"44 Posey St, Savannah, GA 31406, USA",
Costa Rican,Costa Rica Restaurant,"6421, 6421, 2500 W Lincoln Ave, Anaheim, CA 92801, USA",
Danish,Taste of Denmark,"142 University Ave, San Diego, CA 92103, USA",http://www.truetasteofdenmark.com/
Ecuadorian,BOCADITO CUENCANO,"5122 John F. Kennedy Blvd, West New York, NJ 07093, USA",https://bocaditocuencanonj.com/
Ghanaian,Taste of Africa,"10663 King George Blvd, Surrey, BC V3T 2X6, Canada",
Guatemalan,Guatemala Grill Bar & Music,"68100 Ramon Rd c6, Cathedral City, CA 92234, USA",
Honduran,Rincon Hondureño,"1654 W Adams Blvd, Los Angeles, CA 90007, USA",http://elrinconhondureno.com/
Icelandic,Icelandic Street Food,"Lækjargata 8, 101 Reykjavík, Iceland",http://www.icelandicfoods.com/
Indonesian,Peranakan Kitchen (P'Kay),"1122 5th Ave, New Westminster, BC V3M 1Y6, Canada",https://perkit.ca/
Indonesian,Bali Thai,"88 W Pender St, Vancouver, BC V6B 1R3, Canada",https://www.balithaivancouver.com/
Iranian,Suren Persian cuisine,"4624 Hastings St, Burnaby, BC V5C 2K5, Canada",https://linktr.ee/surenrestaurant
Iranian,SadraRestaurantرستوران صدراونكوور,"SADRA Persian Restaurant, 1615 Lonsdale Ave, North Vancouver, BC V7M 2J5, Canada",http://sadrarestaurant.ca/
Iranian,Cazba Persian Grill Express,"9855 Austin Ave #106, Burnaby, BC V3J 1N4, Canada",https://cazbarestaurant.com/
Iranian,Mehman Restaurant,"1451 Lonsdale Ave, North Vancouver, BC V7M 2H9, Canada",http://www.mehmanrestaurant.ca/
Iranian,Khaghan Restaurant North Shore,"935 Marine Dr Unit 66, North Vancouver, BC V7P 1S3, Canada",https://linktr.ee/khaghan
Iranian,Pasargad Restaurant,"2565 Barnet Hwy #22, Coquitlam, BC V3H 4E2, Canada",http://pasargadrestaurant.ca/
Iranian,Cazba Restaurant,"132 16th St W, North Vancouver, BC V7M 1T4, Canada",http://cazbarestaurant.com/
Iranian,Farsi Food,"1480 Pemberton Ave, North Vancouver, BC V7P 2S1, Canada",http://www.farsifood.ca/
Iranian,Zeitoon Restaurant,"1795 Pendrell St, Vancouver, BC V6G 1T2, Canada",https://zeitoon.cloudwaitress.com/
Iranian,Cazba persian grill,"4567 Lougheed Hwy., Burnaby, BC V5C 3Z6, Canada",
Iranian,Khaghan Restaurant,"851 Denman St, Vancouver, BC V6G 2L9, Canada",
Iranian,Sahel Market & Restaurant,"3207 W Broadway, Vancouver, BC V6K 2H5, Canada",https://sahelpersianrestaurant.com/
Iranian,The Kebob House Restaurant,"2865 Shaughnessy St, Port Coquitlam, BC V3C 3H1, Canada",http://www.thekebobhouse.com/
Iranian,Grab and Go Persian Restaurant,"1805 Lonsdale Ave, North Vancouver, BC V7M 2J8, Canada",https://grabandgopersian.ca/
Iranian,Gillaneh GrillHouse - Downtown,"1072 Denman St, Vancouver, BC V6G 2M8, Canada",https://gilane.ca/
Iranian,Anar,"12051 Third Ave, Richmond, BC V7E 3T1, Canada",https://www.anargrill.com/
Iranian,TiTi Home Made Food,"1196 Pinetree Wy #102, Coquitlam, BC V3B 0L8, Canada",https://titifood.com/
Iranian,Urban Gate,"1158 The High St #104, Coquitlam, BC V3B 0C6, Canada",https://urbangate.ca/
Iranian,Celeshmet Restaurant | Authentic Persian Halal Restaurant,"6956 Victoria Dr, Vancouver, BC V5P 3Y8, Canada",http://celeshmet.com/?utm_source=gmb&utm_medium=referral
Israeli,Troy Mediterranean Cuisine,"10510 Abercorn St STE D, Savannah, GA 31419, USA",http://troymediterraneancuisine.com/
Jamaican,Kingston 99 Kitchen,"192B Lorax Ln, Pittsboro, NC 27312, USA",https://jamaicanfoodpittsboro.com/
Malaysian,Penang Bistro Fine Malaysian Cuisine(10% OFF for Orders from Our Website!),"3932 Fraser St, Vancouver, BC V5V 4E4, Canada",https://penangbistro.zomi.menu/
Malaysian,Green & Oak Malaysian Restaurant,"3760 Hastings St, Burnaby, BC V5C 2H5, Canada",https://www.greenandoak.com/
Malaysian,Malaysian Hut,"14727 108 Ave, Surrey, BC V3R 1V9, Canada",http://www.malaysianhutrestaurant.com/
Malaysian,Kopitiam Malaysia,"3885 Rupert St, Vancouver, BC V5R 2G7, Canada",https://kopitiammalaysia.ca/
Malaysian,Tropika,"2975 Cambie St, Vancouver, BC V5Z 2V7, Canada",http://www.tropikavancouver.ca/
Malaysian,Ipoh Malay Cuisine,"1316 W 73rd Ave, Vancouver, BC V6P 4M9, Canada",https://www.ipohmalaycuisine.ca/
Malaysian,John 3:16 Malaysian Delights,"6832 &, 6838 No. 3 Rd, Richmond, BC V6Y 2C4, Canada",https://john316mydelights.com/
Malaysian,Nyonya House - Malaysian Restaurant - Please try to Order from Website,"3866 Bayview St #110, Richmond, BC V7E 3B6, Canada",http://nyonya.richmondpos.com/
Malaysian,Laksa King,"2546 E Hastings St, Vancouver, BC V5K 1Z3, Canada",https://laksaking.ca/
Malaysian,Mamalee - Broadway,"3144 W Broadway, Vancouver, BC V6K 2H3, Canada",http://www.mamalee.ca/
Malaysian,IPOH Malaysian Cuisine,"2127-4500 Kingsway, Burnaby, BC V5H 2A9, Canada",https://www.facebook.com/ipohmalaysiancuisine/
Malaysian,Malaysia St (10% OFF for Orders from our website!),"3471 No. 3 Rd, Richmond, BC V6X 2B8, Canada",https://malaysiastrmd.zomi.menu/
Malaysian,Malay Satay Hut,"5540, 15230 NE 24th St, Redmond, WA 98052, USA",https://www.malaysatay.com/
Malaysian,Kedai Makan,"1449 E Pine St, Seattle, WA 98122, USA",http://www.kedaimakansea.com/
Malaysian,Prata-Man Singapore Cuisine,"9060 Capstan Wy, Richmond, BC V6X 3N6, Canada",https://prata-man-richmond.business.site/
Mongolian,Mongo Bongo Mongolian Grill,"512 6th Ave. B, New Westminster, BC V3L 1V3, Canada",http://mongobongo.ca/
Nepalese,Gurkha Himalayan Kitchen Restaurant,"1141 Davie St, Vancouver, BC V6E 1N2, Canada",https://www.gurkha.ca/
Nepalese,Spice of Nepal Restaurant,"13486 72 Ave, Surrey, BC V3W 2N8, Canada",https://spiceofnepal.ca/
Nepalese,Royal Nepalese Momo Palace - #1 Place for Momos + Sugarcane Juice,"3490 Kingsway, Vancouver, BC V5R 5L7, Canada",https://www.royalmomopalace.com/
Nicaraguan,Sabor Nicaragüense Restaurant,"1927 S Western Ave, Los Angeles, CA 90018, USA",http://sabornicaraguenserestaurant.com/
Pakistani,Lahori Restaurant,"12877 80 Ave #109, Surrey, BC V3W 4E9, Canada",https://order.tbdine.com/pickup/44405
Pakistani,Dewan-E-Khass,"5750 Fraser St, Vancouver, BC V5W 2Z5, Canada",http://dewanekhass.ca/dishes/
Pakistani,Karakoram Restaurant,"6990 Victoria Dr, Vancouver, BC V5P 3Y8, Canada",https://www.karakoramrestaurant.com/our-menu
Peruvian,SUYO Modern Peruvian,"3475 Main St, Vancouver, BC V5V 3M9, Canada",http://www.suyo.ca/
Peruvian,Silvestre Deli & Bistro,"317 Water St, Vancouver, BC V6B 1B8, Canada",http://www.silvestregustolatino.com/
Philippine,Kulinarya Filipino Eatery,"1134 Commercial Dr, Vancouver, BC V5L 3X2, Canada",http://www.kulinarya.ca/
Philippine,PLATO FILIPINO,"5175 Joyce St, Vancouver, BC V5R 4G8, Canada",
Philippine,Hapag Ihaw-Ihaw Restaurant,"5432 Victoria Dr, Vancouver, BC V5P 3V7, Canada",http://hapagrestaurant.com/
Philippine,Pampanga’s Cuisine Home of the Original Sisig,"5179 Joyce St, Vancouver, BC V5R 4G8, Canada",http://pampangascuisine.ca/
Philippine,Pin Pin Restaurant,"6113 Fraser St, Vancouver, BC V5W 2Z9, Canada",http://www.pinpinrestaurant.com/
Philippine,The Filipino Noodle Joint,"180 Keefer Street Unit 111 - China Town Plaza, Vancouver, BC V6A 4E9, Canada",http://www.thefilipinonoodlejoint.com/
Philippine,Kulinarya Filipino Eatery,"2922 Glen Dr, Coquitlam, BC V3B 2P5, Canada",http://www.kulinarya.ca/
Puerto Rican,Chazito's Latin Cuisine,"217 US-80, Pooler, GA 31322, USA",http://www.chazitos.com/
Romanian,European Taste,"10604 Patterson Ave, Richmond, VA 23238, USA",http://europeantasterva.com/
Singaporean,Singapore Hawker Burnaby,"7150 Sperling Ave, Burnaby, BC V5E 2W5, Canada",http://www.singaporehawker.ca/
Singaporean,Singapore Hawker,"1169 Pacific St #120, Coquitlam, BC V3B 0J1, Canada",http://www.singaporehawker.ca/
Singaporean,Shiok Singaporean Cuisine,"1716 Kingsway, Vancouver, BC V5N 2S4, Canada",http://shiok.ca/
Singaporean,Shiok Express,"9855 Austin Ave #907, Burnaby, BC V3J 1N4, Canada",https://shiok.ca/lougheed
Singaporean,Prata-Man Singapore Cuisine,"9060 Capstan Wy, Richmond, BC V6X 3N6, Canada",https://prata-man-richmond.business.site/
Singaporean,Green & Oak Malaysian Restaurant,"3760 Hastings St, Burnaby, BC V5C 2H5, Canada",https://www.greenandoak.com/
Singaporean,Laksa King,"2546 E Hastings St, Vancouver, BC V5K 1Z3, Canada",https://laksaking.ca/
Singaporean,Singapore Express,"2775 Laurel St Room 4145, Vancouver, BC V5Z 1M9, Canada",https://www.qooway.com/OLO/m-en?SingExpOnLaurel
Singaporean,Penang Bistro Fine Malaysian Cuisine(10% OFF for Orders from Our Website!),"3932 Fraser St, Vancouver, BC V5V 4E4, Canada",https://penangbistro.zomi.menu/
Singaporean,Tropika,"2975 Cambie St, Vancouver, BC V5Z 2V7, Canada",http://www.tropikavancouver.ca/
Singaporean,Singapore Express,"12855 Clarke Pl, Richmond, BC V6V 2H9, Canada",
Singaporean,IPOH Malaysian Cuisine,"2127-4500 Kingsway, Burnaby, BC V5H 2A9, Canada",https://www.facebook.com/ipohmalaysiancuisine/
South African,massawa restaurant,"418 6th St, New Westminster, BC V3L 3B2, Canada",
Sri Lankan,J.R Taste Of Ceylon,"3929 Knight St, Vancouver, BC V5N 3L8, Canada",http://j-r-taste-of-ceylon.jany.io/
Syrian,Yasma,"550 Denman St, Vancouver, BC V6G 3H1, Canada",http://www.yasma.ca/
Syrian,Ayam Zaman Restaurant,"1090 Lougheed Hwy. #116, Coquitlam, BC V3K 6G9, Canada",
Syrian,Tamam: Fine Palestinian Cuisine,"2616 E Hastings St, Vancouver, BC V5K 1Z6, Canada",http://www.tamam.ca/
Taiwanese,Chef Hung Taiwanese Beef Noodle,"9055 University High St #109, Burnaby, BC V5A 0A7, Canada",https://www.chefhungnoodle.com/
Taiwanese,台風 Typhoon Bubble Tea Taiwanese Cuisine,"11700 Cambie Rd. #175, Richmond, BC V6X 1L5, Canada",https://typhoonbbt.ca/
Taiwanese,Bubble 88,"10209 King George Blvd #102, Surrey, BC V3T 2W6, Canada",https://bubble88.business.site/
Taiwanese,Wang's Taiwan Beef Noodle House,"8390 Granville St, Vancouver, BC V6P 4Z7, Canada",https://wangstaiwanhouse.com/
Taiwanese,Joys Taiwanese Food,"4380 No. 3 Rd, Richmond, BC V6X 3V7, Canada",
Taiwanese,CHJ Bistro,"12240 Second Ave #240, Richmond, BC V7E 3L8, Canada",https://www.chj-bistro.com/
Taiwanese,Chef Liu Kitchen,"8260 Westminster Hwy, Richmond, BC V6X 1A7, Canada",
Taiwanese,Ding Hao Noodle House,"2773 Barnet Hwy #4, Coquitlam, BC V3B 1C2, Canada",http://www.dinghaonoodlehouse.com/
Taiwanese,Chef Hung Taiwanese Beef Noodle,"3313 Shrum Lane #102, Vancouver, BC V6S 0C8, Canada",http://www.chefhungnoodle.com/
Taiwanese,Chef Hung Taiwanese Beef Noodle,"4151 Hazelbridge Wy #2800, Richmond, BC V6X 4J7, Canada",http://www.chefhungnoodle.com/
Taiwanese,Chuan Siang Kitchen,"8260 Westminster Hwy #2360, Richmond, BC V6X 3Y2, Canada",https://potelicious.ca/
Taiwanese,Kuai Wei Jia,"1163 Pinetree Wy #2102, Coquitlam, BC V3B 8A6, Canada",
Taiwanese,Luroufan Tasty,"4000 No. 3 Rd #3335, Richmond, BC V6X 0J8, Canada",https://luroufantasty.wixsite.com/luroufan-tasty
Taiwanese,Yung Ho Soy Drink,"8181 Cambie Rd., Richmond, BC V6X 3X9, Canada",http://www.yunghosoydrink.com/
Tanzanian,massawa restaurant,"418 6th St, New Westminster, BC V3L 3B2, Canada",
Thai,Thai Chef Eatery,"3355 North Rd, Burnaby, BC V3J 1M3, Canada",https://thaichefeatery.com/
Thai,Chada Thai Fine Cuisine,"2991 Lougheed Hwy. #107, Coquitlam, BC V3B 6J6, Canada",http://www.chadathai.ca/
Thai,Patsara Thai,"528 Carnarvon St, New Westminster, BC V3L 1C4, Canada",https://www.patsara.ca/
Tunisian,Carthage Cafe,"1851 Commercial Dr, Vancouver, BC V5N 4A6, Canada",https://www.carthage.cafe/
Ukrainian,Ukrainian Village,"815 Denman St, Vancouver, BC V6G 2L7, Canada",https://ukrainianvillage.wixsite.com/canada
Uruguayan,La Gran Uruguaya Restaurant,"85-02 37th Ave, Jackson Heights, NY 11372, USA",http://lagranuruguaya.com/
Venezuelan,Paparepas Venezuelan Food,"21224 84th Ave S, Kent, WA 98031, USA",https://www.paparepas.com/
Vietnamese,Pho d'lite,"2-4415 Skyline Dr, Burnaby, BC V5C 5Y1, Canada",http://phodlite.restaurant/
Vietnamese,Phở Hồng Vietnamese Restaurant,"5975 Kingsway, Burnaby, BC V5J 1H1, Canada",https://drive.google.com/file/d/115uJr6nepSR1ReTJkaxy_DnbqvIZFOPZ/view?usp=drivesdk
Vietnamese,Pho Angkor noodle house,"78 10th St #106, New Westminster, BC V3M 3X3, Canada",https://phoangkornoodlehouse.com/?
Vietnamese,Pho Net Viet,"942 Westwood St, Coquitlam, BC V3C 3L3, Canada",
Vietnamese,I Am Pho Coquitlam,"100 Schoolhouse St Unit # 110, Coquitlam, BC V3K 6V9, Canada",https://iampho.ca/
Vietnamese,Saigon Ivy Restaurant,"520 6th St, New Westminster, BC V3L 3B4, Canada",http://www.saigonivy.com/
Vietnamese,The Viet Noodle Guy,"1902 Rosser Ave, Burnaby, BC V5C 3Z2, Canada",http://www.thevietnoodleguy.ca/
Vietnamese,Pho Capital,"341 North Rd Unit F, Coquitlam, BC V3K 3V8, Canada",https://phocapitalrestaurantcoquitlam.com/
Vietnamese,White Lotus Cafe,"5901 Broadway, Burnaby, BC V5B 2Y1, Canada",http://www.whitelotuscafe.ca/
Vietnamese,Pho Century Fine Vietnamese Cuisine,"6701 Kingsway, Burnaby, BC V5E 1E4, Canada",https://phocentury.ca/
Vietnamese,Tina Vietnamese Cuisine (V-Cafe),"789 Carnarvon St, New Westminster, BC V3M 1E6, Canada",https://www.clover.com/online-ordering/tina-vietnamese-cuisine-new-westminster
Vietnamese,Ivy's Kitchen Vietnamese Restaurant,"4598 Main St, Vancouver, BC V5V 3R5, Canada",
Vietnamese,Kim Son Vietnamese Food,"555 W 12th Ave #030, Vancouver, BC V5Z 3X7, Canada",
Yemeni,Saba Yemeni Restaurant,"2881 Granville St, Vancouver, BC V6H 3J4, Canada",http://www.sabafoods.ca/
Zimbabwean,Zamnig,"Zamnig, 13a Church St, Chatham ME4 4BS, UK",http://www.zamnig.com/
