Cuisine Type,Name,Address,Website
Mexican,Taquerí­a La Oaxaqueña,"605 Mt Zion Rd, Jonesboro, GA 30236, USA",http://www.taquerialaoaxaquena.com/
Mexican,Los Girasoles Mexican Restaurant,"335 Upper Riverdale Rd A5, Jonesboro, GA 30236, USA",https://losgirasolesmexicanrestaurantga.com/
Mexican,Maxy’s Mexican Restaurant,"192 Jonesboro Rd, Jonesboro, GA 30236, USA",https://www.maxysmexicanrestaurant.com/
Mexican,El Ranchero Mexican Restaurant,"7919 Tara Blvd, Jonesboro, GA 30236, USA",
Mexican,El Rio Grande Restaurant,"4035 Jonesboro Rd, Forest Park, GA 30297, USA",https://forest.elriograndemexrest.com/
Mexican,Guanajuato Mexican Grill,"6738 Tara Blvd, Jonesboro, GA 30236, USA",https://guanajuatomexicangrillga.com/
Mexican,Los Michoacanos Restaurant,"7170 Tara Blvd suit F, Jonesboro, GA 30236, USA",https://losmichoacanosrestaurantga.com/
Mexican,Las Trojas Cantina Mexican Restaurant,"1869 Mt Zion Rd, Morrow, GA 30260, USA",http://www.lastrojas.com/
Mexican,La Feria de Michoacán Mexican Food and Ice Cream,"10257 Tara Blvd, Jonesboro, GA 30236, USA",https://la-feria-de-michoacan.square.site/
Mexican,Los Broncos Mexican Restaurant,"4510 Jonesboro Rd, Forest Park, GA 30297, USA",http://orderlosbroncosmexicanrestaurant.com/
Mexican,Huarache Veloz JONESBORO,"4140 Jonesboro Rd # A6, Forest Park, GA 30297, USA",
Mexican,Las Lupitas,"1544 Tara Rd, Jonesboro, GA 30238, USA",
Mexican,Taqueria Gino's,"10159 Tara Blvd #A, Jonesboro, GA 30236, USA",http://www.tginos.com/
Mexican,El Primo Mexican Restaurant,"532 Flint River Rd, Jonesboro, GA 30238, USA",
Mexican,Ranchero,"11175 Tara Blvd, Hampton, GA 30228, USA",
Mexican,El Arroyito,"1131 Forest Pkwy, Forest Park, GA 30297, USA",
Mexican,Monterrey Mexican Restaurant,"6590 Tara Blvd, Jonesboro, GA 30236, USA",
Mexican,Rose's Taco Grill,"7978 GA-85, Riverdale, GA 30274, USA",https://rosestacogrillga.com/
Mexican,Mi Mexico Lindo Tienda Y Taqueria,"6777 Mt Zion Blvd, Morrow, GA 30260, USA",
Mexican,La Consentida,"2423 Lake Harbin Rd # E, Morrow, GA 30260, USA",
Swedish,The Hush Cuban kitchen & bar,"173 N Main St, Clayton, GA 30525, USA",https://www.hushcubancafe.com/menu
Latvian,Moreau’s Famous Macaroni,"10237 Tara Blvd, Jonesboro, GA 30236, USA",https://www.moreausfamousmacaroni.com/
Italian,Olive Garden Italian Restaurant,"1176 Mt Zion Rd, Morrow, GA 30260, USA",https://www.olivegarden.com/locations/ga/morrow/morrow-southlake-mall/1045?cmpid=br:og_ag:ie_ch:loc_ca:OGGMB_sn:gmb_gt:morrow-ga-1045_pl:locurl_rd:1023
Italian,Carrabba's Italian Grill,"1887 Mt Zion Rd, Morrow, GA 30260, USA",https://locations.carrabbas.com/georgia/morrow/1887-mt-zion-road?y_source=1_MTU1MDMxMDYtNzE1LWxvY2F0aW9uLndlYnNpdGU%3D
Italian,Atlanta Philly Italian Pasta & Subs,"1510 Southlake Pkwy Suite 1e, Morrow, GA 30260, USA",http://atlphillyitalian.com/
Italian,ANTHONYS PIZZA & SPORTS BAR,"6518 GA-85, Riverdale, GA 30274, USA",http://anthonyspizzaandpasta.online/
Italian,Marco's Pizza,"10359 Tara Blvd Suite 9B, Jonesboro, GA 30236, USA",https://www.marcos.com/
Italian,Serafino's Italian Bistro,"909 Eagles Landing Pkwy Suite 120, Stockbridge, GA 30281, USA",https://www.serafinositalianrestaurant.com/
Italian,Moreau’s Famous Macaroni,"10237 Tara Blvd, Jonesboro, GA 30236, USA",https://www.moreausfamousmacaroni.com/
Italian,Olive Garden Italian Restaurant,"1380 GA-85, Fayetteville, GA 30214, USA",https://www.olivegarden.com/locations/ga/fayetteville/fayetteville-ga-hwy-85/4404?cmpid=br:og_ag:ie_ch:loc_ca:OGGMB_sn:gmb_gt:fayetteville-ga-4404_pl:locurl_rd:1748
Italian,Carrabba's Italian Grill - Airport,"6000 N Terminal Pkwy, 3 Suite TS3, Atlanta, GA 30320, USA",https://locations.carrabbas.com/georgia/atlanta/6000-n-terminal-pkwy?y_source=1_MjU4OTcyNTMtNzE1LWxvY2F0aW9uLndlYnNpdGU%3D
Italian,Olive Garden Italian Restaurant,"1961 Jonesboro Rd, McDonough, GA 30253, USA",https://www.olivegarden.com/locations/ga/mcdonough/mcdonough/1744?cmpid=br:og_ag:ie_ch:loc_ca:OGGMB_sn:gmb_gt:mcdonough-ga-1744_pl:locurl_rd:1592
Italian,Villa Fresh Italian Kitchen,"Concourse E, 12700 Spine Rd, Atlanta, GA 30320, USA",https://locations.villaitaliankitchen.com/en-us/ga/atlanta/12700-spine-rd-concourse-e-f6/
Italian,Sbarro,"1000 Southlake Cir, Morrow, GA 30260, USA",https://sbarro.com/
Italian,Tony's at Brentwood,"1005 Brentwood Pkwy #113, Stockbridge, GA 30281, USA",http://www.tonysatbrentwood.com/
Italian,The Italian Oven,"938 Eagles Landing Pkwy, Stockbridge, GA 30281, USA",http://theitalianoven.com/
Italian,Johnny's New York Style Pizza,"834 Virginia Ave, Hapeville, GA 30354, USA",https://www.johnnyspizza.com/location/hapeville/
Italian,Dominican Restaurant and International Food,"847 GA-138 Spur, Jonesboro, GA 30236, USA",
Italian,Ecco Airport,"6000 N Terminal Pkwy, Atlanta, GA 30320, USA",https://airport.ecco-atlanta.com/
Italian,Snappers Fish & Chicken & Romeos pizza,"27 Lee St Unit A, Jonesboro, GA 30236, USA",https://www.snappersfishchickenmenu.com/
Italian,Taste Of Chi*Town,"6525 Tara Blvd F10, Jonesboro, GA 30236, USA",https://www.tasteofchi-town.com/
Italian,K. Bueno latin cafe,"847 GA-138, Jonesboro, GA 30236, USA",http://kbuenolatincafe.com/
Spanish,K. Bueno latin cafe,"847 GA-138, Jonesboro, GA 30236, USA",http://kbuenolatincafe.com/
Spanish,Los Amigos Latin Bar & Grill,"541 Forest Pkwy #1, Forest Park, GA 30297, USA",http://www.losamigosatl.com/
Spanish,Los Amigos Latin Bar & Grill,"286 GA-138 Suite I-J, Riverdale, GA 30274, USA",https://www.losamigosatl.com/
Spanish,La Feria de Michoacán Mexican Food and Ice Cream,"10257 Tara Blvd, Jonesboro, GA 30236, USA",https://la-feria-de-michoacan.square.site/
Spanish,Los Girasoles Mexican Restaurant,"335 Upper Riverdale Rd A5, Jonesboro, GA 30236, USA",https://losgirasolesmexicanrestaurantga.com/
Spanish,El Rio Grande Restaurant,"4035 Jonesboro Rd, Forest Park, GA 30297, USA",https://forest.elriograndemexrest.com/
Spanish,Guanajuato Mexican Grill,"6738 Tara Blvd, Jonesboro, GA 30236, USA",https://guanajuatomexicangrillga.com/
Spanish,Esco Restaurant & Tapas Southside,"1140 Mt Zion Rd, Morrow, GA 30260, USA",http://www.escobaratlanta.com/
Spanish,El Primo Mexican Restaurant,"532 Flint River Rd, Jonesboro, GA 30238, USA",
Spanish,Maxy’s Mexican Restaurant,"192 Jonesboro Rd, Jonesboro, GA 30236, USA",https://www.maxysmexicanrestaurant.com/
Spanish,Los Michoacanos Restaurant,"7170 Tara Blvd suit F, Jonesboro, GA 30236, USA",https://losmichoacanosrestaurantga.com/
Spanish,Taquerí­a La Oaxaqueña,"605 Mt Zion Rd, Jonesboro, GA 30236, USA",http://www.taquerialaoaxaquena.com/
Spanish,El Ranchero Mexican Restaurant,"7919 Tara Blvd, Jonesboro, GA 30236, USA",
Spanish,El Pulgarcito de Centro América,"6600 GA-85, Riverdale, GA 30274, USA",https://www.elpulgarcitoderiverdale.com/
Spanish,Los Broncos Mexican Restaurant,"4510 Jonesboro Rd, Forest Park, GA 30297, USA",http://orderlosbroncosmexicanrestaurant.com/
Spanish,Las Lupitas,"1544 Tara Rd, Jonesboro, GA 30238, USA",
Spanish,El Arroyito,"1131 Forest Pkwy, Forest Park, GA 30297, USA",
Spanish,La Potosina Supermarket,"10231 Tara Blvd, Jonesboro, GA 30236, USA",
Spanish,Las Delicias de la Tia Mexican Food,"7056 GA-85 Suite C, Riverdale, GA 30274, USA",
Spanish,Huarache Veloz JONESBORO,"4140 Jonesboro Rd # A6, Forest Park, GA 30297, USA",
American,THAT Burger Spot! #2,"10249 Tara Blvd, Jonesboro, GA 30236, USA",https://www.thatburgerspot.com/
American,Cracker Barrel Old Country Store,"1458 Southlake Plaza Dr, Morrow, GA 30260, USA",https://www.crackerbarrel.com/Locations/States/ga/morrow/38/?utm_source=google&utm_medium=maps&utm_campaign=crackerbarrelurl
American,Clayton State Dining Services,"2000 Clayton State Blvd, Morrow, GA 30260, USA",
American,Lewis's Little This Little That,"788 GA-138, Jonesboro, GA 30236, USA",
American,Applebee's Grill + Bar,"6727 Tara Blvd, Jonesboro, GA 30236, USA",https://restaurants.applebees.com/en-us/ga/jonesboro/6727-tara-blvd-98092?utm_source=google&utm_medium=organic&utm_campaign=google_my_business&utm_term=98092&utm_content=website
American,Wings & Seafood Jonesboro,"188 Upper Riverdale Rd Suite A, Jonesboro, GA 30236, USA",http://www.wingsandseafoodga.com/
American,Esco Restaurant & Tapas Southside,"1140 Mt Zion Rd, Morrow, GA 30260, USA",http://www.escobaratlanta.com/
American,Southern Fusion Bistro,"1820 Noahs Ark Rd Ste. 101, Jonesboro, GA 30236, USA",https://www.southernfusionbistro.com/
American,THAT Burger Spot! #1,"723C GA-138, Riverdale, GA 30274, USA",https://www.thatburgerspot.com/
American,New York Buffalo Wings,"4645 Jonesboro Rd A, Forest Park, GA 30297, USA",
American,American Deli,"5656 Jonesboro Rd Ste 108, Morrow, GA 30260, USA",https://americandeli.com/
American,THAT Burger Spot! #3,"7420A Southlake Pkwy, Jonesboro, GA 30236, USA",https://www.thatburgerspot.com/
American,Nouveau at Broad Street,"103 W Mill St, Jonesboro, GA 30236, USA",https://barjonesboro.com/
American,Cook Out,"6273 Jonesboro Rd, Morrow, GA 30260, USA",http://cookout.com/
American,American Deli,"8033 Tara Blvd, Jonesboro, GA 30236, USA",https://americandeli.com/
American,Old Tyme Grill & Buffet,"8465 Tara Blvd, Jonesboro, GA 30236, USA",
American,Hooters,"6785 Tara Blvd, Jonesboro, GA 30236, USA",https://www.hooters.com/locations/1023-tara-blvd?utm_medium=organic&utm_source=google&utm_campaign=gmb-georgia-south&utm_content=jonesboro&utm_term=website-cta
American,American Wings & Hibachi,"1296 GA-138 #102, Riverdale, GA 30296, USA",
American,American Deli,"6441 Tara Blvd, Jonesboro, GA 30236, USA",https://americandeli.com/
American,Waffle House,"6375 Jonesboro Rd, Morrow, GA 30260, USA",https://locations.wafflehouse.com/morrow-ga-425
Scottish,Pub + Grill,"6459 GA-42 Suite 10, Rex, GA 30273, USA",http://toasttab.com/irish-pub-grill
Scottish,The Manchester Arms,"1705 Virginia Ave, Atlanta, GA 30337, USA",http://themanchesterarmsatl.com/
Scottish,1942 Social,"7240 Davidson Pkwy N, Stockbridge, GA 30281, USA",http://www.1942social.com/
Scottish,Clayton State Dining Services,"2000 Clayton State Blvd, Morrow, GA 30260, USA",
Scottish,"Scottish Inns Jonesboro, GA","599 Battle Creek Rd, Jonesboro, GA 30236, USA",https://www.stayhihotels.com/property/scottish-inns-jonesboro-ga/?utm_source=Google&utm_medium=referral&utm_campaign=MyBusiness
Scottish,Urban Pub,"6459 GA-42 Suite 10, Rex, GA 30273, USA",https://urbanpubrex.com/
Scottish,AJ Fish And Wings,"8053 Tara Blvd, Jonesboro, GA 30236, USA",
Scottish,Pope and Land - Glenridge,"100 Glenridge Point Pkwy, Atlanta, GA 30342, USA",
Scottish,Atlanta Philly Italian Pasta & Subs,"1510 Southlake Pkwy Suite 1e, Morrow, GA 30260, USA",http://atlphillyitalian.com/
Scottish,Bay Breeze Seafood Restaurant,"11440 Tara Blvd, Hampton, GA 30228, USA",http://www.baybreezeseafoodrestaurants.com/
Scottish,Hungry Cherub,"993 Johnson Ferry Rd NE # C135, Atlanta, GA 30342, USA",
British,The Manchester Arms,"1705 Virginia Ave, Atlanta, GA 30337, USA",http://themanchesterarmsatl.com/
Thai,Taste of Thailand,"121 Jonesboro Rd, Jonesboro, GA 30326, USA",
Thai,Fusion House Restaurant,"6497 GA-85, Riverdale, GA 30274, USA",http://www.fusionhousega.com/?utm_source=gmb&utm_medium=website
Thai,Hot Cafe,"5286 Riverdale Rd, Atlanta, GA 30349, USA",
Thai,Zab-E-Lee,"4837 Old National Hwy, College Park, GA 30337, USA",http://zabeleeatlanta.com/
Thai,Thai Heaven,"623 N Central Ave, Atlanta, GA 30354, USA",https://www.thaiheavenhapeville.com/
Thai,Mama Sidas Flavors of Thai Cuisine,"1395 Southlake Pkwy, Morrow, GA 30260, USA",
Thai,Inseethai asian cuisine,"622 Eagles Landing Pkwy, Stockbridge, GA 30281, USA",https://inseethaistockbridge.com/
Thai,Thai Garden,"2675 GA-42, McDonough, GA 30253, USA",https://www.smorefood.com/order-online/thai-garden-mcdonough-30253-vhe1vbl3??utm_source=gmb&utm_medium=website
Thai,Paper Plane,"816 S Central Ave, Hapeville, GA 30354, USA",http://www.paperplanerestaurant.com/
Thai,Thai Jasmine,"955 GA-54, Fayetteville, GA 30214, USA",https://m.facebook.com/pages/Thai-Jasmine/113595788674764
Japanese,Oasis International Cuisine,"6987 Jonesboro Rd, Morrow, GA 30260, USA",
Japanese,Tokyo,"1940 McDonough Rd suite c, Hampton, GA 30228, USA",
Japanese,Amazing Teriyaki Japanese Grill Express,"7965 Tara Blvd Ste 280, Jonesboro, GA 30236, USA",http://amazingteriyakiga.kwickmenu.com/index.php
Japanese,Sushi China Cafe,"1500 Mt Zion Rd, Morrow, GA 30260, USA",https://sushichinacafe.kwickmenu.com/index.php
Japanese,Golden Buddha Restaurant,"6987 Jonesboro Rd, Morrow, GA 30260, USA",
Japanese,Kiku Japanese Steak & Seafood House,"190 Pavilion Pkwy, Fayetteville, GA 30214, USA",http://www.kikujapanese.com/
Japanese,UMI Japanese Steak House,"550 Eagles Landing Pkwy, Stockbridge, GA 30281, USA",http://www.umisteakhouse.com/
Japanese,KAMADO Grill & Ramen Stockbridge,"3519 Hwy 138 SE, Stockbridge, GA 30281, USA",http://www.thekamados.com/
Japanese,Kawa 18 Ramen,"4035 Jonesboro Rd Suite 250, Forest Park, GA 30297, USA",https://www.kawa18ramenga.com/
Japanese,Ninja Japan,"4720 Jonesboro Rd, Union City, GA 30291, USA",
Japanese,Rico's Hibachi & Wings,"6655 Tara Blvd suite 401, Jonesboro, GA 30236, USA",https://www.ricoshibachiandwings.com/
Japanese,Umaizushi,"Concourse C, N Terminal Pkwy, Atlanta, GA 30337, USA",
Japanese,New City Buffet and Cajun Seafood,"7165 GA-85 Suite B, Riverdale, GA 30274, USA",
Japanese,Yuki Japanese & Korean BBQ Restaurant,"35 Mill Rd, McDonough, GA 30253, USA",http://www.welcometoyuki.com/
Japanese,Yumi Japanese Steakhouse,"5 E Main St N, Hampton, GA 30228, USA",http://www.yumisteakhouse.com/
Japanese,Rock N Roll Sushi,"1580 Hudson Bridge Rd Suite D, Stockbridge, GA 30281, USA",https://rocknrollsushi.com/locations/stockbridge-ga/
Japanese,Tokyo Hibachi & Sushi,"111 banks station, Fayetteville, GA 30214, USA",https://www.tokyohibachisushiga.com/
Japanese,One Flew South,"6000 N Terminal Pkwy, Atlanta, GA 30320, USA",http://www.oneflewsouthatl.com/
Japanese,Cajun Hibachi & Seafood at Riverdale,"6335 GA-85, Riverdale, GA 30274, USA",
Japanese,Fuji Express,"1465 Hudson Bridge Rd #105, Stockbridge, GA 30281, USA",https://www.fujiexpressstockbridge.com/order-online
Chinese,Hong Kong City Chinese Restaurant,"Pointe South Shopping Center, 8480 GA-85, Jonesboro, GA 30238, USA",
Chinese,Golden Gate Chinese Restaurant,"4353 Jonesboro Rd, Forest Park, GA 30297, USA",http://www.goldengatemenu.com/
Chinese,LIN’S GARDEN,"1544 Tara Rd suite a, Jonesboro, GA 30238, USA",https://order.online/business/lins-garden-236483
Chinese,No.1 Chinese Restaurant,"6681 Jonesboro Rd suite 114, Morrow, GA 30260, USA",http://www.numberonemorrow.com/
Chinese,Wong Wong BBQ,"5208 Jonesboro Rd, Lake City, GA 30260, USA",
Chinese,China King,"2031 Mt Zion Rd, Morrow, GA 30260, USA",http://www.chinakingmorrow.com/?utm_source=gmb&utm_medium=website
Chinese,Sushi China Cafe,"1500 Mt Zion Rd, Morrow, GA 30260, USA",https://sushichinacafe.kwickmenu.com/index.php
Chinese,New China Wings,"1174 Forest Pkwy A, Morrow, GA 30260, USA",
Chinese,China Kitchen,"11179 Tara Blvd #1672, Hampton, GA 30228, USA",http://www.chinakitchenhampton.com/?utm_source=gmb&utm_medium=website
Chinese,China Wang,"7020 GA-85, Riverdale, GA 30274, USA",
Chinese,Hong Kong Express,"13-045A-00A-0003, 4568 Old Dixie Hwy, Forest Park, GA 30297, USA",
Chinese,China Kong,"6080 GA-42, Rex, GA 30273, USA",
Chinese,China Cafe 7,"5436 Riverdale Rd, Atlanta, GA 30349, USA",https://www.chinacafe7collegepark.com/
Chinese,Dragon Garden,"877 GA-138 W, Stockbridge, GA 30281, USA",https://www.dragongardenga.com/
Chinese,Panda Express,"2008 Mt Zion Rd, Morrow, GA 30260, USA",https://www.pandaexpress.com/locations/ga/morrow/1443
Chinese,Golden Crown Chinese Restaurant,"5658 Riverdale Rd D, Atlanta, GA 30349, USA",https://goldencrowntogo.com/
Chinese,Golden Buddha Restaurant,"6987 Jonesboro Rd, Morrow, GA 30260, USA",
Chinese,China A,"8049 Tara Blvd, Jonesboro, GA 30236, USA",https://tapthru.com/store/china-a-jonesboro-11049
Chinese,Hong Kong City,"5656 Jonesboro Rd, Morrow, GA 30260, USA",
Chinese,China Wok,"10393 Tara Blvd, Jonesboro, GA 30236, USA",http://www.chinawokjonesboro.com/
Indian,Best Pizza & Indian Food,"5294 Riverdale Rd, Atlanta, GA 30349, USA",https://www.bestpizzariverdale.com/?utm_source=gbp
Indian,Indo Pak Grocery,"6989 GA-85, Riverdale, GA 30274, USA",https://indopakgrocery.us/
Indian,Temple Canteen,"5851 GA-85, Riverdale, GA 30274, USA",
Indian,Bombay Bites,"1873 Jonesboro Rd #11, McDonough, GA 30253, USA",https://bombaybitesga.com/?utm_source=google
Indian,Star Of India,"256 Commerce Dr, Peachtree City, GA 30269, USA",http://www.starofindiaptc.com/
Indian,Exquisite Caribbean Cuisine,"47 GA-138, Riverdale, GA 30274, USA",https://www.exquisitecaribbeanrestaurant.com/
Indian,Desi Spice Indian Cuisine,"Promenade, 931 Monroe Dr NE 2nd fl suit c202, Atlanta, GA 30308, USA",https://desispiceindianatlanta.com/
Indian,Masala Cottage,"931 GA-155 S, McDonough, GA 30253, USA",https://www.masalacottage.com/
Indian,planet Bombay Indian Cuisine,"619 Edgewood Ave SE #102, Atlanta, GA 30312, USA",http://www.planetbombay.com/
Indian,Murray's In A Hurry,"455 Glynn St S Suite 103, Fayetteville, GA 30214, USA",https://pizzafayetteville.com/
Indian,Ramia Island Taste,"1544 Southlake Pkwy Suite 9C, Morrow, GA 30260, USA",https://order.online/business/ramias-island-taste-11327207
Indian,Mint Leaf Indian Cuisine,"2350 Spring Rd SE #800, Smyrna, GA 30080, USA",https://www.mintleafindiancuisine.com/?utm_source=gmb&utm_medium=website
Indian,Di-Vine Plant Based Cuisine,"4595 Jonesboro Rd, Forest Park, GA 30297, USA",https://www.di-vineplantbasedcuisine.com/
Indian,Curry Up Now,"915 Memorial Dr SE Suite 210, Atlanta, GA 30316, USA",https://www.curryupnow.com/
Indian,Blue India,"933 Peachtree St NE, Atlanta, GA 30309, USA",http://blueindiaatlanta.com/
Indian,Deshi Masala Grill,"3263 Donald Lee Hollowell Pkwy NW, Atlanta, GA 30331, USA",https://deshimasalaatlanta.kwickmenu.com/
Indian,Raduni Indian Cuisine,"2566 Shallowford Rd #112, Atlanta, GA 30345, USA",http://raduniatl.com/
Indian,Cafe Bombay,"2615 Briarcliff Rd NE, Atlanta, GA 30329, USA",http://www.cafebombayatlanta.com/
Indian,Aamar Indian Cuisine,"100 Luckie St NW, Atlanta, GA 30303, USA",https://aamarindiancuisine.com/
Indian,Biryani N Grill,"2590 Spring Rd SE, Smyrna, GA 30080, USA",https://biryaningrill.freshbytes.io/
Canadian,Clayton State Dining Services,"2000 Clayton State Blvd, Morrow, GA 30260, USA",
Russian,VERDI,"6275 Spalding Dr e1, Peachtree Corners, GA 30092, USA",https://verdibanquethallatl.com/
Jewish,Nur Kosher Kitchen,"7130 Buford Hwy NE Suite C-100, Atlanta, GA 30340, USA",https://ordernurkitchen.com/nurkosherkitchen
Jewish,Toco Grill,"1658 Lavista Rd NE, Atlanta, GA 30329, USA",http://www.tocogrill.com/
Jewish,EB Catering Co. | Kosher Catering | Atlanta GA,"1280 Holly Ln NE, Atlanta, GA 30329, USA",https://ebghostkitchen.com/
Jewish,Formaggio Mio,"2157 Briarcliff Rd NE, Atlanta, GA 30329, USA",http://formaggiomio.com/
Jewish,Crazy Moustache Hummus,"3777 Peachtree Rd NE #1326, Atlanta, GA 30319, USA",
Jewish,K.A.B Gourmet Kitchen,"777 Oak St SW, Atlanta, GA 30310, USA",
Jewish,EB Catering Co. | Kosher Catering | Atlanta GA,"5065 High Point Rd NE, Atlanta, GA 30342, USA",http://www.ebcateringco.com/
Jewish,Kosher Atlanta Shawarma & Sandwiches,"2211 Savoy Dr Suit B, Atlanta, GA 30341, USA",http://www.atlantashawarma.com/
Jewish,Kosher Kreations,"4276 Chamblee Dunwoody Rd, Chamblee, GA 30341, USA",
Jewish,FuegoMundo,"5600 Roswell Rd H120, Sandy Springs, GA 30342, USA",http://www.fuegomundo.com/
Jewish,Goldbergs Fine Foods - Airport Terminal A,"6000 N Terminal Pkwy Concourse T, Atlanta, GA 30320, USA",http://goldbergsfinefoods.com/
Jewish,The Kosher Gourmet,"2153 Briarcliff Rd NE, Atlanta, GA 30329, USA",http://www.kgatl.com/
Jewish,Chai Peking Chinese Restaurant,"inside Kroger at, 2205 Lavista Rd, Atlanta, GA 30329, USA",http://www.toasttab.com/chaipeking?utm_source=google&utm_medium=organic&utm_campaign=gmb-oo-web
Jewish,The General Muir,"1540 Avenue Pl B-230, Atlanta, GA 30329, USA",http://www.thegeneralmuir.com/
Jewish,Goldberg’s Bagel Company & Deli,"Concourse A, 6000 N Terminal Pkwy, Atlanta, GA 30320, USA",https://www.goldbergbagel.com/
Jewish,Goldbergs Fine Foods - Toco Hills,"3003 N Druid Hills Rd, Atlanta, GA 30329, USA",https://www.goldbergsfinefoods.com/
Jewish,Tip Top Kosher Market Atlanta,"2211 Savoy Dr, Atlanta, GA 30341, USA",https://www.tiptopmarkets.com/
Jewish,The Spicy Peach,"2887 N Druid Hills Rd, Atlanta, GA 30329, USA",http://www.thespicypeach.com/
Jewish,Gruby's New York Deli,"860 Johnson Ferry Rd NE, Atlanta, GA 30342, USA",http://www.grubysnydeli.com/
Polish,Baltic Deli,"1530 Old Alabama Rd # 190, Roswell, GA 30076, USA",
German,Hofbrauhaus Restaurant,"9001 N Main St, Helen, GA 30545, USA",https://www.hofbrauhaushelenga.net/
French,DA FRY GUY ATL,"6681 Jonesboro Rd, Morrow, GA 30260, USA",
French,Southern Fusion Bistro,"1820 Noahs Ark Rd Ste. 101, Jonesboro, GA 30236, USA",https://www.southernfusionbistro.com/
French,Petite Violette,"2948 Clairmont Rd, Atlanta, GA 30329, USA",http://www.petitevioletterestaurant.com/
French,Abidjan Caviar Restaurant & Lounge,"6380 GA-85, Riverdale, GA 30274, USA",http://www.abidjancaviarlounge.com/
French,Bistro Niko,"3344 Peachtree Rd NE, Atlanta, GA 30326, USA",https://buckheadrestaurants.com/restaurant/bistro-niko/
French,VN Pho,"6363 Jonesboro Rd, Morrow, GA 30260, USA",https://www.vnphoatlanta.com/
French,Tiny Lou's,"789 Ponce De Leon Ave NE, Atlanta, GA 30306, USA",https://www.tinylous.com/
French,Petit Chou,"662 Memorial Dr SE, Atlanta, GA 30312, USA",http://petitchouatl.com/
French,Five Miles South,"6957 Church St, Riverdale, GA 30274, USA",
French,Cafe Alsace,"121 E Ponce de Leon Ave, Decatur, GA 30030, USA",http://www.cafealsace.net
French,Nouveau at Broad Street,"103 W Mill St, Jonesboro, GA 30236, USA",https://barjonesboro.com/
French,Poet's Restaurant,"7972 N Main St, Jonesboro, GA 30236, USA",
French,Esco Restaurant & Tapas Southside,"1140 Mt Zion Rd, Morrow, GA 30260, USA",http://www.escobaratlanta.com/
French,Fin & Feathers Restaurants,"6340 GA-85, Riverdale, GA 30274, USA",http://finandfeathersrestaurants.com/
French,Annie Laura's Kitchen,"6814 GA-85, Riverdale, GA 30274, USA",
French,Bojangles,"7340 Jonesboro Rd, Morrow, GA 30260, USA",https://locations.bojangles.com/ga/morrow/7340-jonesboro-road.html
French,Oasis International Cuisine,"6987 Jonesboro Rd, Morrow, GA 30260, USA",
French,Lewis's Little This Little That,"788 GA-138, Jonesboro, GA 30236, USA",
French,Status lounge restaurant and bar,"707 GA-138, Riverdale, GA 30274, USA",https://statusloungeatl.com/
French,"Fishers of Men, Seafood Restaurant","1500 Mt Zion Rd #202, Morrow, GA 30260, USA",
Hawaiian,L&L Hawaiian Barbecue,"224 Peachtree East Shopping Center, Peachtree City, GA 30269, USA",https://www.hawaiianbarbecue.com/
Brazilian,Porto Brasil Restaurant,"7887 Roswell Rd, Atlanta, GA 30350, USA",http://portobrasilrestaurant.com/
Peruvian,PFA Restaurant and Foods,"6407 GA-85, Riverdale, GA 30274, USA",
Peruvian,Contigo Peru,"3567 Chamblee Dunwoody Rd, Chamblee, GA 30341, USA",
Peruvian,Las Brasas,"614 Church St, Decatur, GA 30030, USA",http://lasbrasasdecatur.com/
Peruvian,Tio Lucho's,"675 North Highland Avenue Northeast Suite 6000, Atlanta, GA 30306, USA",http://www.tioluchos.com/
Peruvian,Machu Picchu Restaurant,"2863 Buford Hwy NE, Atlanta, GA 30329, USA",
Peruvian,Pollo De El Rey,"4763 Buford Hwy NE # 106, Atlanta, GA 30341, USA",https://www.elpollodelrey.com/
Peruvian,Sabor Inka,"960 Pleasant Hill Rd, Lawrenceville, GA 30044, USA",http://www.saborinka.com/
Peruvian,Rico sabor peruano,"1560 Indian Trail Lilburn Rd NW, Norcross, GA 30093, USA",https://ricosaborperuanoga.com/
Peruvian,Costa Verde Restaurant,"6200 Buford Hwy, Norcross, GA 30071, USA",
Peruvian,La Brasa Rustica,"4175 Pleasant Hill Rd, Duluth, GA 30096, USA",http://www.lasbrasarustica.com/
Peruvian,The Freakin Incan,"4651 Woodstock Rd Suite 305, Roswell, GA 30075, USA",https://www.thefreakinincan.com/
Peruvian,Los Amigos Latin Bar & Grill,"286 GA-138 Suite I-J, Riverdale, GA 30274, USA",https://www.losamigosatl.com/
Peruvian,MACHU PICCHU Peruvian Cuisine,"Franklin St, Avondale Estates, GA 30002, USA",
Peruvian,Quechuas Peru Restaurant,"4825 Sugarloaf Pkwy STE G, Lawrenceville, GA 30044, USA",https://quechuasrestaurant.com/
Peruvian,Los Amigos Latin Bar & Grill,"541 Forest Pkwy #1, Forest Park, GA 30297, USA",http://www.losamigosatl.com/
Peruvian,Viva Chicken Kennesaw,"1131 Ernest W Barrett Pkwy NW Bldg. 100, Ste 108, Kennesaw, GA 30144, USA",http://www.vivachicken.com/
Peruvian,Pisco Latin Kitchen,"5975 Roswell Rd Ste. E-353, Sandy Springs, GA 30328, USA",https://piscolk.com/
Peruvian,Rocko Pollo,"720 Mt Zion Rd, Jonesboro, GA 30236, USA",https://instagram.com/rockopollorestaurant?utm_medium=copy_link
Salvadorian,El Pulgarcito de Centro América,"6600 GA-85, Riverdale, GA 30274, USA",https://www.elpulgarcitoderiverdale.com/
Cuban,Mami's La Cubana,"579 N Central Ave, Atlanta, GA 30354, USA",https://mamislacubana.wixsite.com/mamislacubana
Cuban,K. Bueno latin cafe,"847 GA-138, Jonesboro, GA 30236, USA",http://kbuenolatincafe.com/
Cuban,Papi’s,"Domestic Terminal, 6000 N Terminal Pkwy, Atlanta, GA 30320, USA",http://www.papisgrill.com/
Cuban,Papi's Cuban & Caribbean Grill,"1375 Rock Quarry Rd, Stockbridge, GA 30281, USA",https://papisgrill.com/
Cuban,The Hush Cuban kitchen & bar,"173 N Main St, Clayton, GA 30525, USA",https://www.hushcubancafe.com/menu
Cuban,Kilimanjaro Caribbean Restaurant,"2051 Godby Rd, Atlanta, GA 30349, USA",
Cuban,Havana Sandwich Shop,"2905 Buford Hwy NE, Atlanta, GA 30329, USA",https://www.havanaatlanta.com/
Cuban,D'Cuban Cafe,"3665 Chamblee Dunwoody Rd, Chamblee, GA 30341, USA",https://dcubancafe.com/chamblee/
Cuban,Papi's Cuban & Caribbean Grill,"216 Ponce De Leon Ave NE, Atlanta, GA 30308, USA",https://papisgrill.com/
Cuban,Papi’s Cuban Cuisine,"99 Krog St NE, Atlanta, GA 30307, USA",
Cuban,Los Amigos Latin Bar & Grill,"286 GA-138 Suite I-J, Riverdale, GA 30274, USA",https://www.losamigosatl.com/
Cuban,Dominican,"Unnamed Road, Fayetteville, GA 30214, USA",
Cuban,Crazy Cuban,"290 14th St NW, Atlanta, GA 30318, USA",http://www.crazycuban.com/
Cuban,Los Amigos Latin Bar & Grill,"541 Forest Pkwy #1, Forest Park, GA 30297, USA",http://www.losamigosatl.com/
Cuban,La Fonda Latina,"1639 McLendon Ave NE, Atlanta, GA 30307, USA",http://lafondaatlanta.com/
Cuban,Beni's Cubano,"Northeast FC, 231 Peachtree St #15, Atlanta, GA 30303, USA",http://www.benicubano.com/
Cuban,Bohio Restaurant,"1395 Southlake Pkwy, Morrow, GA 30260, USA",
Tibetan,Spicy Hill Restaurant,"1544 Tara Rd Suite C, Jonesboro, GA 30238, USA",https://www.spicyhillrestaurant.com/
Tibetan,Jamaican Taste,"10219 Tara Blvd, Jonesboro, GA 30236, USA",http://ilovejamaicantaste.com/
Tibetan,Kathmandu Kitchen & Grill,"Clarkston Village Shopping Center, 926 Montreal Rd E, Clarkston, GA 30021, USA",http://ktmkitchen.com/
Tibetan,"Lazy Crab, Next to Applebee's on Tara Blvd","6703 Tara Blvd, Jonesboro, GA 30236, USA",http://lazycrabga.com/
Tibetan,Kajun Seafood & Wings,"6221 Jonesboro Rd, Morrow, GA 30260, USA",
Tibetan,New Orleans Bay Seafood,"6892 Tara Blvd, Jonesboro, GA 30236, USA",
Tibetan,Annie Laura's Kitchen,"6814 GA-85, Riverdale, GA 30274, USA",
Tibetan,RedEye Southern Kitchen,"1031 Virginia Ave, Hapeville, GA 30354, USA",https://redeyesouthernkitchen.com/
Tibetan,Bentleys Steakhouse,"4711 Best Rd, Atlanta, GA 30337, USA",https://www.marriott.com/en-us/hotels/atlap-atlanta-airport-marriott/dining/
Tibetan,Himalayan Kitchen,"1651 Roswell St suite c, Smyrna, GA 30080, USA",https://himalayankitchenatl.wordpress.com/menu/
Tibetan,Mando’s Bistro,"623 Pointe S Pkwy Suite 110, Jonesboro, GA 30238, USA",
Tibetan,Himalayan Spice Nepali and Indian Cuisine,"3145 Briarcliff Rd NE, Atlanta, GA 30329, USA",http://himalayanspiceatlanta.com/
Egyptian,La Shish Kabab,"1155 Virginia Ave Suite E, Hapeville, GA 30354, USA",https://lashishkabab.com/
Egyptian,Pharaohs Palace Restaurant & Bar,"11890 Douglas Rd suite 105, Johns Creek, GA 30005, USA",http://www.pharaohspalacerestaurant.com/
Egyptian,Ameer's Mediterranean Grill & Catering,"2168 Briarcliff Rd NE, Atlanta, GA 30329, USA",http://www.ameersmediterranean.com/
Greek,Grecian Gyro Forest Park,"4542 Old Dixie Hwy #104, Forest Park, GA 30297, USA",https://www.greciangyro.com/
Greek,Grecian Gyro Hapeville,"855 Virginia Ave, Hapeville, GA 30354, USA",https://www.greciangyro.com/
Greek,La Shish Kabab,"1155 Virginia Ave Suite E, Hapeville, GA 30354, USA",https://lashishkabab.com/
Greek,Garbanzo Mediterranean Fresh,"Hartsfield-Jackson Atlanta International Airport, Concourse D, N Terminal Pkwy, Atlanta, GA 30337, USA",https://restaurants.eatgarbanzo.com/ga/atlanta/hartsfield-jackson-international-airport?utm_source=google&utm_medium=yext_listing&y_source=1_Mjc1NzQ3NjktNzE1LWxvY2F0aW9uLndlYnNpdGU%3D
Greek,angle fish restaurant,"Morrow, GA 30260, USA",
Greek,PITA Mediterranean Street Food,"36 Mill Rd B, McDonough, GA 30253, USA",
Greek,Olive Garden Italian Restaurant,"1176 Mt Zion Rd, Morrow, GA 30260, USA",https://www.olivegarden.com/locations/ga/morrow/morrow-southlake-mall/1045?cmpid=br:og_ag:ie_ch:loc_ca:OGGMB_sn:gmb_gt:morrow-ga-1045_pl:locurl_rd:1023
Greek,Taste of Greece,"715 Peachtree St NE, Atlanta, GA 30308, USA",
Greek,Pita Mediterranean Street Food,"1240 Highway 54 W, Unit 600, Fayetteville, GA 30214, USA",
Greek,PITA Mediterranean Street Food,"316 Crosstown Drive, Peachtree City, GA 30269, USA",http://pitastreetfood.com/
Greek,My big fat Greek taverna,"777 Oak St SW, Atlanta, GA 30310, USA",http://bigfatgreektaverna.com/
Greek,Mediterranean Grill,"985 Monroe Dr NE, Atlanta, GA 30308, USA",https://mediterraneangrill.com/
Greek,Fresh Smoothie Cafe,"1287 GA-138 #1, Jonesboro, GA 30236, USA",http://freshsmoothiecafe.com/
Greek,Franks @ the Old Mill Mediterranean Grill & Bar,"1095 HWY 54 West, 1095 GA-54, Fayetteville, GA 30214, USA",http://franksattheoldmill.com/
Greek,Grecian Gyro Midtown,"1700 Northside Dr NW B6, Atlanta, GA 30318, USA",https://www.greciangyro.com/
Greek,Karv Kitchen - Fast Casual Greek,"Chattahooche Food Works, 1235 Chattahoochee Ave NW Suite 130, Atlanta, GA 30318, USA",
Greek,Marco's Pizza,"10359 Tara Blvd Suite 9B, Jonesboro, GA 30236, USA",https://www.marcos.com/
Greek,Nick's Food To Go,"240 M.L.K. Jr Dr SE, Atlanta, GA 30312, USA",http://nicksfood.com/
Greek,"The Great Greek Mediterranean Grill - Atlanta, GA (Cumberland)","3155 Cobb Pkwy #140, Atlanta, GA 30339, USA",https://www.thegreatgreekgrill.com/atlanta-ga-cumberland
Greek,Taziki's Mediterranean Cafe - Toco Hills,"3027 N Druid Hills Rd, Atlanta, GA 30329, USA",https://www.tazikis.com/location/tocohills/
Belgian,Belgian Beer Cafe 'Transit',"1262-, 1392 Cargo Service Rd, Atlanta, GA 30337, USA",
Irish,Irish Bred Pub Hapeville,"1155 Virginia Ave Suite A, Hapeville, GA 30354, USA",http://www.irishbredpubhapeville.com/
Irish,Pub + Grill,"6459 GA-42 Suite 10, Rex, GA 30273, USA",http://toasttab.com/irish-pub-grill
Irish,The Manchester Arms,"1705 Virginia Ave, Atlanta, GA 30337, USA",http://themanchesterarmsatl.com/
Irish,Fadó Irish Pub,"933 Peachtree St NE, Atlanta, GA 30309, USA",https://fadoirishpub.com/atlanta-midtown/?utm_source=gmb&utm_medium=yext
Irish,Maguire's,"42 Main St, Senoia, GA 30276, USA",http://www.maguiresirishpub.com/
Irish,Meehan's Public House Downtown,"200 Peachtree St, Atlanta, GA 30303, USA",https://downtown.meehanspublichouse.com/
Irish,Limerick Junction Pub,"822 North Highland Avenue Northeast, Atlanta, GA 30306, USA",https://www.limerickjunction.com/
Irish,Marlay House Irish Pub,"426 W Ponce de Leon Ave, Decatur, GA 30030, USA",https://www.themarlayhouse.com/
Irish,O'Sullivans Irish Pub,"111 Sycamore St, Decatur, GA 30030, USA",http://osullivanspub.com/
Irish,Mac McGee,"950 Battery Ave SE Suite 1204, Atlanta, GA 30339, USA",https://macmcgeepubs.com/
Irish,Fadó Irish Pub,"273 Buckhead Ave NE, Atlanta, GA 30305, USA",https://fadoirishpub.com/atlanta/?utm_source=gmb&utm_medium=yext
Irish,Myxers Bar and Grill,"2745 Mt Zion Rd, Jonesboro, GA 30236, USA",
Irish,Urban Pub,"6459 GA-42 Suite 10, Rex, GA 30273, USA",https://urbanpubrex.com/
Irish,Thos. O'Reilly's Public House,"227 Sandy Springs Pl NE Suite 416, Sandy Springs, GA 30328, USA",http://www.oreillyspublichouse.com/
Irish,Keegan's Public House,"1625 Ridenour Blvd #301, Kennesaw, GA 30152, USA",http://keegansirishpub.net/
Irish,TGI Fridays,"1881 Mt Zion Rd, Morrow, GA 30260, USA",https://locations.tgifridays.com/ga/morrow/1881-mount-zion-road.html
Irish,Ruby Tuesday,"1925 Sullivan Rd, College Park, GA 30337, USA",https://rubytuesday.com/
Irish,Meehan's Public House @ Vinings,"2810 New Paces Ferry Rd NW, Atlanta, GA 30339, USA",http://vinings.meehanspublichouse.com/
Welsh,Sunday Diner,"36 Stave Mill St, Clayton, GA 30525, USA",http://sundaydinerclayton.com/
Cajun,Kajun Seafood & Wings,"6221 Jonesboro Rd, Morrow, GA 30260, USA",
Cajun,Mr Krabs Hut - Cajun seafood,"2015 Mt Zion Rd, Morrow, GA 30260, USA",http://mrkrabshutmorrow.com/
Cajun,New City Buffet and Cajun Seafood,"7165 GA-85 Suite B, Riverdale, GA 30274, USA",
Cajun,Cajun Hibachi & Seafood at Riverdale,"6335 GA-85, Riverdale, GA 30274, USA",
Cajun,Cajun Bones,"4803 Old National Hwy, Atlanta, GA 30337, USA",http://www.cajunbones.com/
Cajun,New Orleans Bay Seafood,"6892 Tara Blvd, Jonesboro, GA 30236, USA",
Cajun,King Claw - Juicy Seafood & Bar,"1965 Mt Zion Rd, Morrow, GA 30260, USA",https://www.thekingclaw.com/?olonwp=JjBtp_vMLk25gkYh_bnoiQ
Cajun,Louisiana Bistreaux Seafood Kitchen East Point,"1375 Virginia Ave, East Point, GA 30344, USA",https://www.louisianabistreaux.com/
Cajun,Louisiana Crawfish,"5370 Jonesboro Rd STE B, Lake City, GA 30260, USA",
Cajun,"Lazy Crab, Next to Applebee's on Tara Blvd","6703 Tara Blvd, Jonesboro, GA 30236, USA",http://lazycrabga.com/
Cajun,Cajun Cooks,"4731 Jonesboro Rd, Union City, GA 30291, USA",https://www.4731cajuncooks.com/
Cajun,Cajun Cocina,"5222 N Henry Blvd C, Stockbridge, GA 30281, USA",http://cajuncocina.com/
Cajun,Shrimpee’s New Orleans Style Seaood,"7490 Old National Hwy #1100, Riverdale, GA 30296, USA",
Cajun,The Juicy Crab Jonesboro,"6608 Tara Blvd Ste A-1, Jonesboro, GA 30236, USA",https://www.thejuicycrab.com/?utm_source=google&utm_medium=Yext
Cajun,Juicy Crawfish - Riverdale (inside Walmart Shopping Center),"7038 GA-85, Riverdale, GA 30274, USA",http://thejuicycrawfishs.com/
Cajun,Popeyes Louisiana Kitchen,"6553 Tara Blvd, Jonesboro, GA 30236, USA",https://www.popeyes.com/store-locator/store/restaurant_82816?utm_source=yext&utm_medium=referral&utm_campaign=organic-local-listings
Cajun,HOT CRAB JUICY SEAFOOD & WINGS,"8107 Tara Blvd, Jonesboro, GA 30236, USA",https://hotcrabjonesboro.kwickmenu.com/
Cajun,Juicy Crawfish - Stockbridge (inside Kroger Center),"3584 GA-138, Stockbridge, GA 30281, USA",https://thejuicycrawfishs.com/
Cajun,MR KRABS HUT,"11347 Tara Blvd, Hampton, GA 30228, USA",https://mrkrabshuthampton.kwickmenu.com/
Cajun,Steven's Fine Food & Seafood Market,"7210 GA-85, Riverdale, GA 30274, USA",http://stevensfinefoodseafood.com/
Portuguese,Tatso Peri Peri Grilled Chicken,"2440 Piedmont Rd NE, Atlanta, GA 30344, USA",
Portuguese,Atlanta Philly Italian Pasta & Subs,"1510 Southlake Pkwy Suite 1e, Morrow, GA 30260, USA",http://atlphillyitalian.com/
Portuguese,AJ Fish And Wings,"8053 Tara Blvd, Jonesboro, GA 30236, USA",
Portuguese,Bay Breeze Seafood Restaurant,"11440 Tara Blvd, Hampton, GA 30228, USA",http://www.baybreezeseafoodrestaurants.com/
Portuguese,Las cuatro milpas atlanta,"7056 GA-85 Suite C, Riverdale, GA 30274, USA",http://lascuatromilpasatlanta.square.site/
Portuguese,Annie Laura's Kitchen,"6814 GA-85, Riverdale, GA 30274, USA",
Portuguese,The Peri Peri Grill - Downtown Atlanta,"280 Luckie St NW Suite C, Atlanta, GA 30313, USA",http://www.theperiperigrill.com/
Portuguese,Mando’s Bistro,"623 Pointe S Pkwy Suite 110, Jonesboro, GA 30238, USA",
Turkish,La Shish Kabab,"1155 Virginia Ave Suite E, Hapeville, GA 30354, USA",https://lashishkabab.com/
Turkish,Truva - Virginia Highland,"842 North Highland Avenue Northeast, Atlanta, GA 30306, USA",https://www.truvahighland.com/
Turkish,Ali Baba Mediterranean,"10998 Euclid Ave NE, Atlanta, GA 30303, USA",
Turkish,Kabob Land,"3137 Piedmont Rd NE, Atlanta, GA 30305, USA",http://www.kaboblandatl.com/
Turkish,Agora Midtown,"92 Peachtree Pl NE, Atlanta, GA 30309, USA",http://www.agoracuisine.com/
Turkish,Truva Turkish Kitchen,"60 Andrew Young International Blvd NE, Atlanta, GA 30303, USA",http://www.truvahighland.com/
Turkish,Doner King,"4022 Buford Hwy NE, Atlanta, GA 30345, USA",
Turkish,Anatolia Cafe & Hookah Lounge,"Peachtree St, Atlanta, GA 30303, USA",http://anatoliacafeofficial.com/
Turkish,PITA Mediterranean Street Food,"8030 Senoia Rd #100, Fairburn, GA 30213, USA",http://pitastreetfood.com/
Turkish,Ali Baba Mediterranean,"60 Broad St NW, Atlanta, GA 30303, USA",
Turkish,VN Pho,"6363 Jonesboro Rd, Morrow, GA 30260, USA",https://www.vnphoatlanta.com/
Turkish,Lavash Mediterranean Grill,"345 Pharr Rd NE, Atlanta, GA 30305, USA",https://www.lavashbuckheadatl.com/
Turkish,Ameer's Mediterranean Grill & Catering,"2168 Briarcliff Rd NE, Atlanta, GA 30329, USA",http://www.ameersmediterranean.com/
Turkish,Cafe Agora,"318 East Paces Ferry Rd NE, Atlanta, GA 30305, USA",https://www.cafeagora.com/
Turkish,Baba`s Kitchen,"2184 Cheshire Bridge Rd NE, Atlanta, GA 30324, USA",https://order.online/business/babas-kitchen-11621800
Turkish,Mandolin Kitchen & Shisha Bar,"6152 Roswell Rd NE, Atlanta, GA 30328, USA",http://www.mandolinkitchenatl.com/
Turkish,Mediterranean Grill,"985 Monroe Dr NE, Atlanta, GA 30308, USA",https://mediterraneangrill.com/
Turkish,The BeiRut,"1025 N Peachtree Pkwy, Peachtree City, GA 30269, USA",http://www.beirutptc.com/
Turkish,Divan Restaurant & Bar,"87 15th St NE, Atlanta, GA 30309, USA",http://www.divanatlanta.com/
Turkish,Aviva by Kameel Midtown,"756 W Peachtree St NW suite G, Atlanta, GA 30332, USA",https://www.avivabykameel.com/
Haitian,Caribbean Foods Delight,"11768 Hastings Bridge Rd, Hampton, GA 30228, USA",
Haitian,Haitian cooking depot LLC,"5627 N Henry Blvd, Stockbridge, GA 30281, USA",https://haitianrestaurantstockbridge.com/
Haitian,Chez Mamie Marante,"5637 Rex Ridge Loop, Rex, GA 30273, USA",
Haitian,ATL Haitian Restaurant/Gourmet Creole,"840 McDonough Blvd SE Suite B, Atlanta, GA 30315, USA",
Haitian,Exquisite Caribbean Cuisine,"47 GA-138, Riverdale, GA 30274, USA",https://www.exquisitecaribbeanrestaurant.com/
Haitian,Tropical Isles Caribean Resturant,"riverdale shopping center, suite, 678, Riverdale, GA 30274, USA",
Haitian,Fireside Jamaican Restaurant,"8293 Tara Blvd, Jonesboro, GA 30236, USA",
Haitian,Everything Irie Jamaican Restaurant,"5592 Old Dixie Hwy, Forest Park, GA 30297, USA",http://everythingiriejamaicanrestaurant.com/?utm_source=gmb&utm_medium=referral
Haitian,GT's Tasties,"King George Way, Morrow, GA 30260, USA",https://tinyurl.com/te65ybes
Haitian,Jerk Palace Caribbean Cuisine,"487 GA-138 #101, Riverdale, GA 30274, USA",http://jerkpalace.com/
Haitian,Y Pree Caribbean Cuisines & Catering Service,"5100 Welcome All Rd, Atlanta, GA 30349, USA",
Haitian,Naomi's Caribbean Cuisine,"5851 Buffington Rd, Atlanta, GA 30349, USA",
Haitian,Cutter's Jamaican Restaurant,"555 GA-138 ste g, Riverdale, GA 30274, USA",
Haitian,Tropical Cuisine,"4899 Old National Hwy, College Park, GA 30337, USA",http://www.tropicalcuisineatlanta.com/
Haitian,Conch Heaven- Riverdale,"6552 GA-85, Riverdale, GA 30274, USA",http://facebook.com/ConchHeavenRiverdale
Haitian,C'est Si Bon Bakery & Restaurant,"560 Windy Hill Rd SE, Smyrna, GA 30080, USA",
Haitian,CALIXTE Haitian American Products,"308 McKibben Dr, Locust Grove, GA 30248, USA",
Tahitian,The Hush Cuban kitchen & bar,"173 N Main St, Clayton, GA 30525, USA",https://www.hushcubancafe.com/menu
Kenyan,Boniks African Cuisine - Nigerian Restaurant,"4452-4454 Jonesboro Rd, Forest Park, GA 30297, USA",
Kenyan,Tropicana African Restaurant,"2055 Flat Shoals Rd, Riverdale, GA 30296, USA",
Kenyan,West African Dishes,"6597 Church St, Riverdale, GA 30274, USA",
Kenyan,Saint-Louis Cuisine,"5658 Riverdale Rd, Atlanta, GA 30349, USA",http://saintlouisafricanfood.com/
Kenyan,Broni Home Taste / Africana / Old Brothers Restaurant,"4841 Old National Hwy, College Park, GA 30337, USA",
Kenyan,Buka 2 Restaurant,"5436 Riverdale Rd, Atlanta, GA 30349, USA",
Kenyan,Sunshine Cuisine,"6372 GA-85, Riverdale, GA 30274, USA",
Kenyan,Africa Restaurant and Lounge,"6380 GA-85, Riverdale, GA 30274, USA",http://africarestaurantandlounge.com/
Kenyan,"MAKAY AFRICAN RESTAURANT. Pre-Order Food in 1/2 Pan, Full Pan & Big Bowl Only. We ship to all other states. Call Before","5599 Rock Shoals Way, Atlanta, GA 30349, USA",http://makayafricanrestaurantfoodin12panfullpanbigbowlonlyweshiptoallo.com/
Kenyan,Moyo & Grill,"5116 GA-85, Forest Park, GA 30297, USA",https://qmenu.us/#/moyo-grill-forest-park
Kenyan,"MAKAY AFRICAN FOOD CATERING. Pre-Order Food in 1/2 Pan, Full Pan & Big Bowl Only. We ship to all other states. Call Before","2297 Pineview Trail, Ellenwood, GA 30294, USA",
Kenyan,Mama Put Restaurant,"101 Kenwood Rd #28, Fayetteville, GA 30214, USA",
Kenyan,Manding Cafe,"5145 Old National Hwy, Atlanta, GA 30349, USA",
Kenyan,Nations Cafe,"3293 Dogwood Dr, Hapeville, GA 30354, USA",
Kenyan,"MAKAY AFRICAN KITCHEN CATERING . PRE ORDER IN 1/2 PAN, FULL PAN & BIG BOWLS ONLY","4457 Cavitt Mill Ct, Ellenwood, GA 30294, USA",
Kenyan,Jiteskitchen (Foster delicious soul food),"501 GA-138 APT 7, Riverdale, GA 30274, USA",https://www.jiteskitchen.com/
Kenyan,Ayo African Restaurant bar and lounge,"5150 Austell Rd, Austell, GA 30106, USA",http://ayoafricanarestaurant.com/?utm_source=gmb&utm_medium=referral
Kenyan,Olyzubby's Kitchen,"4813 Old National Hwy, College Park, GA 30337, USA",
Kenyan,Queen Vees African Cuisine,"2532 S Hairston Rd Suite I, Decatur, GA 30035, USA",https://www.queenveesafrican.com/
Kenyan,"Fly Chef Restaurant (Nigerian /American food)Breakfast/Brunch,Lunch/Dinner","6470 Spalding Dr suite b, Peachtree Corners, GA 30092, USA",http://www.flychefatl.com/
Korean,KPOP BBQ AND BAR,"1901 Jonesboro Rd, McDonough, GA 30253, USA",http://www.kpopbbqandbar.com/
Korean,Eat More Korean,"Inside NDM Farmers Market, 1940 Mt Zion Rd, Morrow, GA 30260, USA",https://www.eatmorekorean.com/
Korean,Kokiri Cafe Korean Cuisine.,"6335 GA-85 #108, Riverdale, GA 30274, USA",
Korean,Bonchon Fayetteville,"120 Pavilion Pkwy Suite C, Fayetteville, GA 30214, USA",https://locations.bonchon.com/ll/US/GA/Fayetteville/120-Suite-C-Pavilion-Pkwy
Korean,Mr. Cow,"1940 Mt Zion Rd, Morrow, GA 30260, USA",https://mrcowcorndog.com/
Korean,KPOT Korean BBQ & Hot Pot,"1715 Howell Mill Rd D23, Atlanta, GA 30318, USA",https://thekpot.com/
Korean,TOP KOREAN BBQ & HOT POT,"6340 Peachtree Dunwoody Rd, Sandy Springs, GA 30328, USA",https://topkoreanbbq.com/
Korean,D92 Korean BBQ,"225 E Trinity Pl, Decatur, GA 30030, USA",http://d92kbbq.com/
Korean,Yuki Japanese & Korean BBQ Restaurant,"35 Mill Rd, McDonough, GA 30253, USA",http://www.welcometoyuki.com/
Korean,Top Korean BBQ & Hot Pot Coming Soon,"6319 Jonesboro Rd c, Morrow, GA 30260, USA",https://www.topkoreanbbq.com/
Korean,Gaja Korean Bar,"491 Flat Shoals Ave SE A, Atlanta, GA 30316, USA",http://www.gajaeav.com/
Korean,KPOP BBQ AND BAR,"5211 Buford Hwy NE STE D, Doraville, GA 30340, USA",http://www.kpopbbqandbar.com/
Korean,Mukja Korean Fried Chicken,"933 Peachtree St NE Suite 951, Atlanta, GA 30309, USA",https://www.mukjaatl.com/
Korean,Park 27 Korean BBQ and Bar,"950 W Peachtree St NW Suite 255, Atlanta, GA 30309, USA",http://www.park27bbq.com/
Korean,KBOP,"1891 Chamblee Tucker Rd Suite 4-1, Chamblee, GA 30341, USA",
Korean,KPOT Korean BBQ & Hot Pot,"2955 Cobb Pkwy SE Suite 830, Atlanta, GA 30339, USA",https://thekpot.com/
Korean,Miss Gogi,"6035 Peachtree Rd Ste C115, Doraville, GA 30360, USA",https://www.missgogibbq.com/
Korean,Dish Korean Cuisine,"5000 Buford Hwy NE, Chamblee, GA 30341, USA",https://www.dishkoreancuisine.com/
Korean,Iron Age Korean Steakhouse - Druid Hills,"2947 N Druid Hills Rd NE, Atlanta, GA 30329, USA",https://ironagekoreansteakhouse.com/
Korean,"Riverdale, GA Restaurant","6853 Cedar Dr, Riverdale, GA 30296, USA",
Algerian,Southern Fusion Bistro,"1820 Noahs Ark Rd Ste. 101, Jonesboro, GA 30236, USA",https://www.southernfusionbistro.com/
Nigerian,Boniks African Cuisine - Nigerian Restaurant,"4452-4454 Jonesboro Rd, Forest Park, GA 30297, USA",
Libyan,Zakia Modern Lebanese Restaurant,"3699 Lenox Rd NE Ste 3, Atlanta, GA 30305, USA",http://www.zakiarestaurant.com/
Moroccan,Imperial Fez Mediterranean Restaurant & Lounge,"4790 Peachtree Industrial Blvd Ste 204, Berkeley Lake, GA 30071, USA",https://imperialfezrestaurant.com/
Moroccan,Marrakech Express,"477 Flat Shoals Ave SE, Atlanta, GA 30316, USA",https://marrakechexpressrestaurant.com/
Lebanese,La Shish Kabab,"1155 Virginia Ave Suite E, Hapeville, GA 30354, USA",https://lashishkabab.com/
Lebanese,Garbanzo Mediterranean Fresh,"Hartsfield-Jackson Atlanta International Airport, Concourse D, N Terminal Pkwy, Atlanta, GA 30337, USA",https://restaurants.eatgarbanzo.com/ga/atlanta/hartsfield-jackson-international-airport?utm_source=google&utm_medium=yext_listing&y_source=1_Mjc1NzQ3NjktNzE1LWxvY2F0aW9uLndlYnNpdGU%3D
Lebanese,The BeiRut,"1025 N Peachtree Pkwy, Peachtree City, GA 30269, USA",http://www.beirutptc.com/
Lebanese,Zakia Modern Lebanese Restaurant,"3699 Lenox Rd NE Ste 3, Atlanta, GA 30305, USA",http://www.zakiarestaurant.com/
Lebanese,Ameer's Mediterranean Grill & Catering,"2168 Briarcliff Rd NE, Atlanta, GA 30329, USA",http://www.ameersmediterranean.com/
Lebanese,Shawarma Non-Stop,"1937 Peachtree Rd NW Suite A, Atlanta, GA 30309, USA",http://shawarmanonstop.com/
Lebanese,Baraka Shawarma Mediterranean Grill,"68 Walton St NW, Atlanta, GA 30303, USA",https://www.barakashawarmaatl.com/
Lebanese,Pita Mediterranean Street Food,"1240 Highway 54 W, Unit 600, Fayetteville, GA 30214, USA",
Lebanese,PITA Mediterranean Street Food,"36 Mill Rd B, McDonough, GA 30253, USA",
Lebanese,PITA Mediterranean Street Food,"8030 Senoia Rd #100, Fairburn, GA 30213, USA",http://pitastreetfood.com/
Lebanese,Olive Garden Italian Restaurant,"1176 Mt Zion Rd, Morrow, GA 30260, USA",https://www.olivegarden.com/locations/ga/morrow/morrow-southlake-mall/1045?cmpid=br:og_ag:ie_ch:loc_ca:OGGMB_sn:gmb_gt:morrow-ga-1045_pl:locurl_rd:1023
Lebanese,Grecian Gyro Forest Park,"4542 Old Dixie Hwy #104, Forest Park, GA 30297, USA",https://www.greciangyro.com/
Lebanese,Tannour Mediterranean Grill,"398 14th St NW Unit C, Atlanta, GA 30318, USA",http://www.tannourmediterraneangrill.com/
Lebanese,Ali Baba Mediterranean,"10998 Euclid Ave NE, Atlanta, GA 30303, USA",
Lebanese,Mamoun's Falafel,"1269 Northside Dr NW Suite #720, Atlanta, GA 30318, USA",https://mamouns.com/
Lebanese,Falafel King,"1405 Oxford Rd NE, Atlanta, GA 30307, USA",
Lebanese,PITA Mediterranean Street Food,"316 Crosstown Drive, Peachtree City, GA 30269, USA",http://pitastreetfood.com/
Lebanese,Yalda Persian & Middle Eastern Restaurant,"6500 Aria Blvd Suite 500, Sandy Springs, GA 30328, USA",http://yaldaatl.com/
Lebanese,Lavash Mediterranean Grill,"345 Pharr Rd NE, Atlanta, GA 30305, USA",https://www.lavashbuckheadatl.com/
Lebanese,Mediterranean Grill,"985 Monroe Dr NE, Atlanta, GA 30308, USA",https://mediterraneangrill.com/
Vietnamese,VN Pho,"6363 Jonesboro Rd, Morrow, GA 30260, USA",https://www.vnphoatlanta.com/
Vietnamese,Pho Ngon So 1,"5372 Jonesboro Rd, Lake City, GA 30260, USA",
Vietnamese,Pho Dai Loi,"4061 Jonesboro Rd, Forest Park, GA 30297, USA",
Vietnamese,Thanh Thanh Restaurant,"4446 Jonesboro Rd, Forest Park, GA 30297, USA",
Vietnamese,Hue Cafe and Deli,"5370 Jonesboro Rd STE B, Lake City, GA 30260, USA",http://fb.com/huecafedeli
Vietnamese,Dua Hapeville,"760 S Central Ave, Atlanta, GA 30354, USA",https://hapeville.duafishtank.com/
Vietnamese,Viet Deli,"5392 Jonesboro Rd, Lake City, GA 30260, USA",
Vietnamese,Pho Town,"1917 Jonesboro Rd, McDonough, GA 30253, USA",https://www.photownrestaurant.com/
Vietnamese,DUA Vietnamese Restaurant,"805 W Lanier Ave, Fayetteville, GA 30214, USA",
Hungarian,Palacsinta,"1404 McLendon Ave NE, Atlanta, GA 30307, USA",https://www.facebook.com/palacsintallc/
Mediterranean,La Shish Kabab,"1155 Virginia Ave Suite E, Hapeville, GA 30354, USA",https://lashishkabab.com/
Mediterranean,Garbanzo Mediterranean Fresh,"Hartsfield-Jackson Atlanta International Airport, Concourse D, N Terminal Pkwy, Atlanta, GA 30337, USA",https://restaurants.eatgarbanzo.com/ga/atlanta/hartsfield-jackson-international-airport?utm_source=google&utm_medium=yext_listing&y_source=1_Mjc1NzQ3NjktNzE1LWxvY2F0aW9uLndlYnNpdGU%3D
Mediterranean,Grecian Gyro Forest Park,"4542 Old Dixie Hwy #104, Forest Park, GA 30297, USA",https://www.greciangyro.com/
Mediterranean,Olive Garden Italian Restaurant,"1176 Mt Zion Rd, Morrow, GA 30260, USA",https://www.olivegarden.com/locations/ga/morrow/morrow-southlake-mall/1045?cmpid=br:og_ag:ie_ch:loc_ca:OGGMB_sn:gmb_gt:morrow-ga-1045_pl:locurl_rd:1023
Mediterranean,Pita Mediterranean Street Food,"1240 Highway 54 W, Unit 600, Fayetteville, GA 30214, USA",
Mediterranean,PITA Mediterranean Street Food,"36 Mill Rd B, McDonough, GA 30253, USA",
Mediterranean,Grecian Gyro Hapeville,"855 Virginia Ave, Hapeville, GA 30354, USA",https://www.greciangyro.com/
Mediterranean,PITA Mediterranean Street Food,"8030 Senoia Rd #100, Fairburn, GA 30213, USA",http://pitastreetfood.com/
Mediterranean,PITA Mediterranean Street Food,"316 Crosstown Drive, Peachtree City, GA 30269, USA",http://pitastreetfood.com/
Mediterranean,PITA Mediterranean Street Food,"1000 Tanger Dr #217b, Locust Grove, GA 30248, USA",http://order.pitastreetfood.com/
Mediterranean,Mediterranean Grill,"985 Monroe Dr NE, Atlanta, GA 30308, USA",https://mediterraneangrill.com/
Mediterranean,The BeiRut,"1025 N Peachtree Pkwy, Peachtree City, GA 30269, USA",http://www.beirutptc.com/
Mediterranean,CAVA,"2777 GA-54 ste 101, Peachtree City, GA 30269, USA",https://cava.com/locations/peachtree-city-ga
Mediterranean,XENiA Mediterranean Kitchen,"800 Forrest St NW, Atlanta, GA 30318, USA",https://www.eatxenia.com/
Mediterranean,Franks @ the Old Mill Mediterranean Grill & Bar,"1095 HWY 54 West, 1095 GA-54, Fayetteville, GA 30214, USA",http://franksattheoldmill.com/
Mediterranean,Angelos Mediterranean Restaurant,"102 N Hill St, Griffin, GA 30223, USA",
Mediterranean,Tannour Mediterranean Grill,"398 14th St NW Unit C, Atlanta, GA 30318, USA",http://www.tannourmediterraneangrill.com/
Mediterranean,Ali Baba Mediterranean,"10998 Euclid Ave NE, Atlanta, GA 30303, USA",
Mediterranean,Ameer's Mediterranean Grill & Catering,"2168 Briarcliff Rd NE, Atlanta, GA 30329, USA",http://www.ameersmediterranean.com/
Mediterranean,Fresh 4 U,"1937 Peachtree Rd, Atlanta, GA 30309, USA",
Ethiopian,Bole Ethiopian Restaurant,"1583 Virginia Ave, College Park, GA 30337, USA",http://www.boleethiopianrestaurantatlanta.com/
Ethiopian,Desta Ethiopian Kitchen,"3086 Briarcliff Rd NE, Atlanta, GA 30329, USA",http://www.destaethiopiankitchen.com/
Ethiopian,Bahel Ethiopian Restaurant,"3125 Briarcliff Rd NE ste c, Atlanta, GA 30329, USA",http://bahelethiopianrestaurant.com/
Ethiopian,Embilta Cafe & Restaurant,"2100 Cheshire Bridge Rd NE, Atlanta, GA 30324, USA",https://www.facebook.com/pages/Embilta-Ethiopian-Cafe-Restaurant/439607806093457
Ethiopian,Kategna Ethiopian Cuisine,"2857 Buford Hwy NE, Atlanta, GA 30329, USA",https://www.kategnaethiopiancuisine.com/menus
Ethiopian,Wehemia Ethiopian Restaurant,"3675 Clairmont Rd, Chamblee, GA 30341, USA",
Ethiopian,Desta Ethiopian Kitchen Westside,"2250 Marietta Blvd NW Suite 206, Atlanta, GA 30318, USA",https://destaethiopiankitchen.com/
Ethiopian,Broni Home Taste / Africana / Old Brothers Restaurant,"4841 Old National Hwy, College Park, GA 30337, USA",
Ethiopian,Nations Cafe,"3293 Dogwood Dr, Hapeville, GA 30354, USA",
Ethiopian,Ledet Ethiopian Restaurant,"4975 Memorial Dr, Stone Mountain, GA 30083, USA",https://www.ledetethiopianrestaurant.com/
Ethiopian,Ruki’s Kitchen,"316 Church St, Decatur, GA 30030, USA",https://www.rukiskitchen.com/
Ethiopian,Tropicana African Restaurant,"2055 Flat Shoals Rd, Riverdale, GA 30296, USA",
Ethiopian,Sebli Ethiopian Restaurant,"4995 Memorial Dr, Stone Mountain, GA 30083, USA",
Ethiopian,Meskel ethiopian restaurant,"5030 Memorial Dr, Stone Mountain, GA 30083, USA",https://www.meskelethiopianrestaurant.com/
Ethiopian,Piassa Restaurant & Mart,"3096 N Decatur Rd, Scottdale, GA 30079, USA",https://www.piassarestaurantatl.com/
Ethiopian,JIKSSA VEGAN ETHIOPIAN CUISINE,"209 Edgewood Ave SE Suit # 117, Atlanta, GA 30303, USA",http://www.jikssacatering.com/
Ethiopian,Mama Put Restaurant,"101 Kenwood Rd #28, Fayetteville, GA 30214, USA",
Ethiopian,Queen Vees African Cuisine,"2532 S Hairston Rd Suite I, Decatur, GA 30035, USA",https://www.queenveesafrican.com/
Ethiopian,Sheba Lounge,"1594 Woodcliff Dr NE, Atlanta, GA 30329, USA",
Caribbean,Fireside Jamaican Restaurant,"8293 Tara Blvd, Jonesboro, GA 30236, USA",
Caribbean,Jamaican Taste,"10219 Tara Blvd, Jonesboro, GA 30236, USA",http://ilovejamaicantaste.com/
Caribbean,Tropical Isles Caribbean Restaurant,"678 GA-138, Riverdale, GA 30274, USA",
Caribbean,K & S Enterprise The Caribbean Store,"7420 Southlake Pkwy Suite C, Jonesboro, GA 30236, USA",
Caribbean,Jerk Palace Caribbean Cuisine,"487 GA-138 #101, Riverdale, GA 30274, USA",http://jerkpalace.com/
Caribbean,New Life Caribbean Restaurant & Market,"11768 Hastings Bridge Rd, Hampton, GA 30228, USA",http://www.newliferestaurant.com/
Caribbean,Kingston Grill,"1105 Main St Suite 701, Forest Park, GA 30297, USA",http://www.kingstongrillatl.com/
Caribbean,Exquisite Caribbean Cuisine,"47 GA-138, Riverdale, GA 30274, USA",https://www.exquisitecaribbeanrestaurant.com/
Caribbean,Golden Krust Caribbean Restaurant,"11274 Tara Blvd, Hampton, GA 30228, USA",https://locations.goldenkrust.com/ll/US/GA/Hampton/11274-Tara-Blvd
Caribbean,Caribbean Foods Delight,"11768 Hastings Bridge Rd, Hampton, GA 30228, USA",
Caribbean,Everything Irie Jamaican Restaurant,"5592 Old Dixie Hwy, Forest Park, GA 30297, USA",http://everythingiriejamaicanrestaurant.com/?utm_source=gmb&utm_medium=referral
Caribbean,Golden Krust Caribbean Restaurant,"2047 Mt Zion Rd, Morrow, GA 30260, USA",https://locations.goldenkrust.com/ll/US/GA/Morrow/2047-Mount-Zion-Road
Caribbean,Chef Mike Jamaican Bar & Grill,"4609 Jonesboro Rd, Forest Park, GA 30297, USA",https://calendly.com/chefmikejbg
Caribbean,Tropical Isles Caribean Resturant,"riverdale shopping center, suite, 678, Riverdale, GA 30274, USA",
Caribbean,Cutter's Jamaican Restaurant,"555 GA-138 ste g, Riverdale, GA 30274, USA",
Caribbean,My Youth,"6631 GA-42, Rex, GA 30273, USA",https://myyouthjamaicanrestaurant.my.canva.site/
Caribbean,Spicy Hill Restaurant,"1544 Tara Rd Suite C, Jonesboro, GA 30238, USA",https://www.spicyhillrestaurant.com/
Caribbean,Jamrock Flavor & Spice,"6523 GA-85, Riverdale, GA 30274, USA",https://www.jamrockga.com/
Caribbean,Mr. Time Jamaican Food,"6520 Church St, Riverdale, GA 30274, USA",
Caribbean,Jerkin' Johnny's Restaurant,"555 GA-138, Riverdale, GA 30274, USA",
Soul,Lil Peach Cobblers Soul Food Cafe,"6777 Mt Zion Blvd Suite 300, Morrow, GA 30260, USA",
Soul,The Original Big Daddy's Dish,"5595 Old National Hwy, Atlanta, GA 30349, USA",http://originalbigdaddys.com/
Soul,Lewis's Little This Little That,"7929 N Main St, Jonesboro, GA 30236, USA",
Soul,NVS Soul Food,"1489 Mundys Mill Rd #800, Jonesboro, GA 30238, USA",
Soul,Annie Laura's Kitchen,"6814 GA-85, Riverdale, GA 30274, USA",
Soul,Mommadede’s Southern Cooking Soulfood & BBQ Cafe,"11350 Tara Blvd # B, Hampton, GA 30228, USA",http://mommadedes.com/
Soul,Soul Temptation Restaurant,"2830 E Atlanta Rd, Ellenwood, GA 30294, USA",
Soul,Rays Southern Foods,"4150 Jonesboro Rd NE Building B #800, Forest Park, GA 30297, USA",http://www.rayssouthernfoods.com/
Soul,Ms Movale's Eatery Soul Food,"1250 GA-138, Riverdale, GA 30296, USA",
Soul,Brown's Soul Food & Catering,"6733 Springdale Dr suite d, Riverdale, GA 30274, USA",
Soul,Old Tyme Grill & Buffet,"8465 Tara Blvd, Jonesboro, GA 30236, USA",
Soul,GOOD EATS BY NICELY,"258 S Main St STE A, Jonesboro, GA 30236, USA",http://goodeatsbynicely.com/
Soul,Ms V's Kitchen,"Flint River Rd SW @, Thomas Rd, Riverdale, GA 30274, USA",
Soul,This Is It! Southern Kitchen & Bar-B-Q,"6560 GA-85, Riverdale, GA 30274, USA",https://thisisitbbq.com/locations/riverdale
Soul,John's Fine Food,"4161 Jonesboro Rd, Forest Park, GA 30297, USA",http://johnsfinefood.com/
Soul,Blockers Soul Food Restaurant LLC,"571 Garden Walk Blvd, College Park, GA 30349, USA",https://www.facebook.com/blockers30014
Soul,Papa James Country Cooking,"253 N Main St SUITE D, Jonesboro, GA 30236, USA",
Soul,Lickety Split Southern Kitchen & Bar,"1155 Virginia Ave Suite F, Hapeville, GA 30354, USA",https://licketysplitdining.com/
Argentinian,Sabores Del Plata,"6200 Buford Hwy NE #1g, Norcross, GA 30071, USA",https://saboresatlanta.com/
Argentinian,Mommies Empanadas,"320 Dividend Dr, Peachtree City, GA 30269, USA",http://mommiesempanadas.com/
Argentinian,Belen de la Cruz - Empanadas & Pastries - Johns Creek,"11730 Jones Bridge Rd Suite F, Johns Creek, GA 30005, USA",https://belendelacruz.com/
Argentinian,Don Arepacho,"5964 S Norcross Tucker Rd, Norcross, GA 30093, USA",https://donarepachoga.com/
Argentinian,ENZO Steakhouse & Bar,"300 Trilith Pkwy Suite 230, Fayetteville, GA 30214, USA",http://enzo-itl.com/
Argentinian,Belen de la Cruz Empanadas & Pastries - Senoia,"30 Main St, Senoia, GA 30276, USA",https://belendelacruz.com/
Argentinian,Belen de la Cruz - Empanadas & Pastries - Marietta,"1050 E Piedmont Rd, Marietta, GA 30062, USA",https://belendelacruz.com/
Chilean,La Feria de Michoacán Mexican Food and Ice Cream,"10257 Tara Blvd, Jonesboro, GA 30236, USA",https://la-feria-de-michoacan.square.site/
Chilean,Taquerí­a La Oaxaqueña,"605 Mt Zion Rd, Jonesboro, GA 30236, USA",http://www.taquerialaoaxaquena.com/
Chilean,Annie Laura's Kitchen,"6814 GA-85, Riverdale, GA 30274, USA",
Chilean,Guanajuato Mexican Grill,"6738 Tara Blvd, Jonesboro, GA 30236, USA",https://guanajuatomexicangrillga.com/
Chilean,Maxy’s Mexican Restaurant,"192 Jonesboro Rd, Jonesboro, GA 30236, USA",https://www.maxysmexicanrestaurant.com/
Chilean,Los Michoacanos Restaurant,"7170 Tara Blvd suit F, Jonesboro, GA 30236, USA",https://losmichoacanosrestaurantga.com/
Chilean,Chili's Grill & Bar,"2230 Mt Zion Pkwy, Morrow, GA 30260, USA",https://www.chilis.com/locations/us/georgia/morrow/mt-zion?utm_source=google&utm_medium=local&utm_campaign=Chilis
Chilean,El Rio Grande Restaurant,"4035 Jonesboro Rd, Forest Park, GA 30297, USA",https://forest.elriograndemexrest.com/
Chilean,Los Girasoles Mexican Restaurant,"335 Upper Riverdale Rd A5, Jonesboro, GA 30236, USA",https://losgirasolesmexicanrestaurantga.com/
Chilean,El Sabor De Eli #2,"5540 Jonesboro Rd, Lake City, GA 30260, USA",
Chilean,Los Amigos Latin Bar & Grill,"541 Forest Pkwy #1, Forest Park, GA 30297, USA",http://www.losamigosatl.com/
Chilean,Huarache Veloz JONESBORO,"4140 Jonesboro Rd # A6, Forest Park, GA 30297, USA",
Chilean,Monterrey Mexican Restaurant,"6590 Tara Blvd, Jonesboro, GA 30236, USA",
Chilean,La Consentida,"2423 Lake Harbin Rd # E, Morrow, GA 30260, USA",
Chilean,Las Lupitas,"1544 Tara Rd, Jonesboro, GA 30238, USA",
Chilean,El Pulgarcito de Centro América,"6600 GA-85, Riverdale, GA 30274, USA",https://www.elpulgarcitoderiverdale.com/
Chilean,Las Delicias de la Tia Mexican Food,"7056 GA-85 Suite C, Riverdale, GA 30274, USA",
Chilean,Las Tortas Calientes LLC,"6125 Old Dixie Hwy, Forest Park, GA 30297, USA",
Chilean,El Sabor De Eli (Mexican Food),"5959 Ash St, Forest Park, GA 30297, USA",
Chilean,Taqueria Gino's,"10159 Tara Blvd #A, Jonesboro, GA 30236, USA",http://www.tginos.com/
Colombian,Las Delicias De La Abuela,"5600 Buford Hwy NE Suite #E, Doraville, GA 30340, USA",https://laabuela.co/
Colombian,La Casona Colombian Restaurant,"3820 Stewart Rd, Doraville, GA 30340, USA",
Colombian,Casa Vieja,"3652 Shallowford Rd, Doraville, GA 30340, USA",
Colombian,Los Amigos Latin Bar & Grill,"541 Forest Pkwy #1, Forest Park, GA 30297, USA",http://www.losamigosatl.com/
Colombian,K. Bueno latin cafe,"847 GA-138, Jonesboro, GA 30236, USA",http://kbuenolatincafe.com/
Colombian,La Ruana Colombian Restaurant,"4015 Holcomb Bridge Rd, Norcross, GA 30071, USA",
Colombian,Los Recuerdos Colombian Restaurant,"1455 Pleasant Hill Rd #807b, Lawrenceville, GA 30044, USA",http://restaurantecolombianorecuerdos.com/
Colombian,Trigos Colombian Restaurant,"860 Duluth Hwy Suite 190, Lawrenceville, GA 30043, USA",
Colombian,Los Amigos Latin Bar & Grill,"286 GA-138 Suite I-J, Riverdale, GA 30274, USA",https://www.losamigosatl.com/
Colombian,Las Americas Cafeteria,"3652 Shallowford Rd Suite C, Atlanta, GA 30340, USA",
Colombian,Mr. Elo - Colombian Cuisine,"2628 Piedmont Rd NE, Atlanta, GA 30324, USA",https://www.mrelo.us/
Colombian,Komaos Venezuelan and Latin Food,"6342 Roswell Rd NE, Sandy Springs, GA 30328, USA",
Colombian,Las Delicias de la Tia Mexican Food,"7056 GA-85 Suite C, Riverdale, GA 30274, USA",
Colombian,RIKO POLLO By La Abuela,"1630 Pleasant Hill Rd Suite 240, Duluth, GA 30096, USA",https://rikopolloga.com/
Colombian,Pimenton Parrilla & Bar,"1570 Buford Hwy NE, Buford, GA 30518, USA",
Colombian,Rocko Pollo,"720 Mt Zion Rd, Jonesboro, GA 30236, USA",https://instagram.com/rockopollorestaurant?utm_medium=copy_link
Costa Rican,K. Bueno latin cafe,"847 GA-138, Jonesboro, GA 30236, USA",http://kbuenolatincafe.com/
Costa Rican,Bohio Restaurant,"1395 Southlake Pkwy, Morrow, GA 30260, USA",
Czech,Southern Fusion Bistro,"1820 Noahs Ark Rd Ste. 101, Jonesboro, GA 30236, USA",https://www.southernfusionbistro.com/
Danish,Southern Fusion Bistro,"1820 Noahs Ark Rd Ste. 101, Jonesboro, GA 30236, USA",https://www.southernfusionbistro.com/
Dutch,The Dutch Pot Caribbean & American Flavors,"3580 GA-138 Space 13, Stockbridge, GA 30281, USA",https://www.facebook.com/TheDutchPotStockbridge/
Ecuadorian,Los Amigos Latin Bar & Grill,"286 GA-138 Suite I-J, Riverdale, GA 30274, USA",https://www.losamigosatl.com/
Finnish,Clayton State Dining Services,"2000 Clayton State Blvd, Morrow, GA 30260, USA",
Ghanaian,Boniks African Cuisine - Nigerian Restaurant,"4452-4454 Jonesboro Rd, Forest Park, GA 30297, USA",
Ghanaian,West African Dishes,"6597 Church St, Riverdale, GA 30274, USA",
Ghanaian,Africa Restaurant and Lounge,"6380 GA-85, Riverdale, GA 30274, USA",http://africarestaurantandlounge.com/
Ghanaian,Tropicana African Restaurant,"2055 Flat Shoals Rd, Riverdale, GA 30296, USA",
Ghanaian,Buka 2 Restaurant,"5436 Riverdale Rd, Atlanta, GA 30349, USA",
Ghanaian,Broni Home Taste / Africana / Old Brothers Restaurant,"4841 Old National Hwy, College Park, GA 30337, USA",
Ghanaian,"MAKAY AFRICAN FOOD CATERING. Pre-Order Food in 1/2 Pan, Full Pan & Big Bowl Only. We ship to all other states. Call Before","2297 Pineview Trail, Ellenwood, GA 30294, USA",
Ghanaian,Saint-Louis Cuisine,"5658 Riverdale Rd, Atlanta, GA 30349, USA",http://saintlouisafricanfood.com/
Ghanaian,Mama Put Restaurant,"101 Kenwood Rd #28, Fayetteville, GA 30214, USA",
Ghanaian,Sunshine Cuisine,"6372 GA-85, Riverdale, GA 30274, USA",
Ghanaian,Jiteskitchen (Foster delicious soul food),"501 GA-138 APT 7, Riverdale, GA 30274, USA",https://www.jiteskitchen.com/
Ghanaian,Abidjan Caviar Restaurant & Lounge,"6380 GA-85, Riverdale, GA 30274, USA",http://www.abidjancaviarlounge.com/
Ghanaian,EJ'S Restaurant,"5121 Old National Hwy, College Park, GA 30349, USA",
Ghanaian,Nations Cafe,"3293 Dogwood Dr, Hapeville, GA 30354, USA",
Ghanaian,Manding Cafe,"5145 Old National Hwy, Atlanta, GA 30349, USA",
Ghanaian,Moyo & Grill,"5116 GA-85, Forest Park, GA 30297, USA",https://qmenu.us/#/moyo-grill-forest-park
Ghanaian,"MAKAY AFRICAN RESTAURANT. Pre-Order Food in 1/2 Pan, Full Pan & Big Bowl Only. We ship to all other states. Call Before","5599 Rock Shoals Way, Atlanta, GA 30349, USA",http://makayafricanrestaurantfoodin12panfullpanbigbowlonlyweshiptoallo.com/
Ghanaian,Olyzubby's Kitchen,"4813 Old National Hwy, College Park, GA 30337, USA",
Ghanaian,Prime African Restaurant,"7643 GA-85, Riverdale, GA 30274, USA",
Ghanaian,"MAKAY AFRICAN KITCHEN CATERING . PRE ORDER IN 1/2 PAN, FULL PAN & BIG BOWLS ONLY","4457 Cavitt Mill Ct, Ellenwood, GA 30294, USA",
Guatemalan,Restaurante Guatemalteco Eterna Primavera,"5050 Jimmy Carter Blvd #510, Norcross, GA 30093, USA",https://gzdwebserver.sfo2.digitaloceanspaces.com/ETP_menu_finalweb.pdf
Guatemalan,Restaurante el Quetzal,"5522 New Peachtree Rd #115, Chamblee, GA 30341, USA",http://orderelquetzal.com/
Guatemalan,Belen Panaderia y Restaurante Guatemalteco,"3245 Chamblee Dunwoody Rd Suite 103, Chamblee, GA 30341, USA",
Guatemalan,JIREH #2 restaurante GUATEMALTECO,"5805 Buford Hwy NE, Doraville, GA 30340, USA",http://jireh-2-e-guatemalteco.jany.io/
Guatemalan,Panadería Mi Bella Guatemala,"5895 Jimmy Carter Blvd, Norcross, GA 30071, USA",
Guatemalan,La Monja Blanca Restaurante & Panaderia Guatemalteca,"3662 Shallowford Rd, Doraville, GA 30340, USA",
Guatemalan,Panaderia Mix Guatemala,"3907 Burns Rd NW, Lilburn, GA 30047, USA",
Guatemalan,Xela Pan Cafe,"5268 Buford Hwy NE C, Doraville, GA 30340, USA",
Guatemalan,Vilmas Quesadillas,"6819 Peachtree Industrial Blvd, Atlanta, GA 30360, USA",
Guatemalan,Mi Tienda Y Comedor Guatemalteco,"Unnamed Road, 2512 Chamblee Tucker Rd, Chamblee, GA 30341, USA",
Guatemalan,Xela Pan Market,"3301 Chamblee Dunwoody Rd, Chamblee, GA 30341, USA",
Guatemalan,Restaurante Tierra Maya,"100 Hurricane Shoals Rd NW SUITE K L M, Lawrenceville, GA 30046, USA",
Guatemalan,Guatemala Grill,"415 Atlanta Hwy, Gainesville, GA 30501, USA",
Guatemalan,Xela pan #2,"3375 Holcomb Bridge Rd A, Norcross, GA 30092, USA",
Honduran,Hondumex Restaurant,"5863 Old Dixie Hwy, Forest Park, GA 30297, USA",
Icelandic,Dominican Restaurant and International Food,"847 GA-138 Spur, Jonesboro, GA 30236, USA",
Indonesian,Indo Cafe,"13754 Aurora Ave N Suite D, Seattle, WA 98133, USA",http://www.myindocafe.com/
Iranian,Celeshmet Restaurant | Authentic Persian Halal Restaurant,"6956 Victoria Dr, Vancouver, BC V5P 3Y8, Canada",http://celeshmet.com/?utm_source=gmb&utm_medium=referral
Iraqi,La Shish Kabab,"1155 Virginia Ave Suite E, Hapeville, GA 30354, USA",https://lashishkabab.com/
Israeli,Toco Grill,"1658 Lavista Rd NE, Atlanta, GA 30329, USA",http://www.tocogrill.com/
Israeli,Ameer's Mediterranean Grill & Catering,"2168 Briarcliff Rd NE, Atlanta, GA 30329, USA",http://www.ameersmediterranean.com/
Israeli,Crazy Moustache Hummus,"3777 Peachtree Rd NE #1326, Atlanta, GA 30319, USA",
Israeli,Nur Kosher Kitchen,"7130 Buford Hwy NE Suite C-100, Atlanta, GA 30340, USA",https://ordernurkitchen.com/nurkosherkitchen
Israeli,The BeiRut,"1025 N Peachtree Pkwy, Peachtree City, GA 30269, USA",http://www.beirutptc.com/
Israeli,Cafe Sababa - Mediterranean Grill,"4639 N Shallowford Rd, Dunwoody, GA 30338, USA",http://www.cafesababa.info/
Israeli,Yalla,"Krog Street Market, 99 Krog St NE, Atlanta, GA 30307, USA",http://www.yallaatl.com/
Israeli,Aviva by Kameel Midtown,"756 W Peachtree St NW suite G, Atlanta, GA 30332, USA",https://www.avivabykameel.com/
Israeli,Falafel King,"1405 Oxford Rd NE, Atlanta, GA 30307, USA",
Israeli,Southern Fusion Bistro,"1820 Noahs Ark Rd Ste. 101, Jonesboro, GA 30236, USA",https://www.southernfusionbistro.com/
Israeli,Yalda Persian & Middle Eastern Restaurant,"6500 Aria Blvd Suite 500, Sandy Springs, GA 30328, USA",http://yaldaatl.com/
Israeli,Delbar Middle Eastern - Inman Park,"870 Inman Vlg Pkwy NE Suite 1, Atlanta, GA 30307, USA",http://delbaratl.com/
Israeli,Fresh 4 U,"1937 Peachtree Rd, Atlanta, GA 30309, USA",
Israeli,Mamoun's Falafel,"1269 Northside Dr NW Suite #720, Atlanta, GA 30318, USA",https://mamouns.com/
Israeli,Mediterranea Restaurant & Bakery,"332 Ormond St SE ste 101, Atlanta, GA 30315, USA",http://www.mediterraneaatl.com/
Israeli,Bezoria - Duluth,"2131 Pleasant Hill Rd Suite 153, Duluth, GA 30096, USA",http://www.bezoria.com/
Israeli,Lavash Mediterranean Grill,"345 Pharr Rd NE, Atlanta, GA 30305, USA",https://www.lavashbuckheadatl.com/
Israeli,Bezoria - Cumberland,"2860 Cumberland Mall #1101, Atlanta, GA 30339, USA",https://www.bezoria.com/
Israeli,Layaly Mediterranean Restaurant,"3711 Clairmont Rd, Chamblee, GA 30341, USA",http://layaly.co/
Israeli,Jerusalem Bakery & Grill,"1175 Franklin Gateway SE, Marietta, GA 30067, USA",https://marietta.jerusalembg.com/
Jamaican,Fireside Jamaican Restaurant,"8293 Tara Blvd, Jonesboro, GA 30236, USA",
Jamaican,Jamaican Taste,"10219 Tara Blvd, Jonesboro, GA 30236, USA",http://ilovejamaicantaste.com/
Jamaican,K & S Enterprise The Caribbean Store,"7420 Southlake Pkwy Suite C, Jonesboro, GA 30236, USA",
Jamaican,Kingston Grill,"1105 Main St Suite 701, Forest Park, GA 30297, USA",http://www.kingstongrillatl.com/
Jamaican,Tropical Isles Caribbean Restaurant,"678 GA-138, Riverdale, GA 30274, USA",
Jamaican,Jerk Palace Caribbean Cuisine,"487 GA-138 #101, Riverdale, GA 30274, USA",http://jerkpalace.com/
Jamaican,Exquisite Caribbean Cuisine,"47 GA-138, Riverdale, GA 30274, USA",https://www.exquisitecaribbeanrestaurant.com/
Jamaican,Jamrock Flavor & Spice,"6523 GA-85, Riverdale, GA 30274, USA",https://www.jamrockga.com/
Jamaican,My Youth,"6631 GA-42, Rex, GA 30273, USA",https://myyouthjamaicanrestaurant.my.canva.site/
Jamaican,Golden Krust Caribbean Restaurant,"11274 Tara Blvd, Hampton, GA 30228, USA",https://locations.goldenkrust.com/ll/US/GA/Hampton/11274-Tara-Blvd
Jamaican,Everything Irie Jamaican Restaurant,"5592 Old Dixie Hwy, Forest Park, GA 30297, USA",http://everythingiriejamaicanrestaurant.com/?utm_source=gmb&utm_medium=referral
Jamaican,Mr. Time Jamaican Food,"6520 Church St, Riverdale, GA 30274, USA",
Jamaican,Chef Mike Jamaican Bar & Grill,"4609 Jonesboro Rd, Forest Park, GA 30297, USA",https://calendly.com/chefmikejbg
Jamaican,Cutter's Jamaican Restaurant,"555 GA-138 ste g, Riverdale, GA 30274, USA",
Jamaican,Spicy Hill Restaurant,"1544 Tara Rd Suite C, Jonesboro, GA 30238, USA",https://www.spicyhillrestaurant.com/
Jamaican,Golden Krust Caribbean Restaurant,"2047 Mt Zion Rd, Morrow, GA 30260, USA",https://locations.goldenkrust.com/ll/US/GA/Morrow/2047-Mount-Zion-Road
Jamaican,Jimma's Jamaican restaurant,"2678 Godby Rd, College Park, GA 30349, USA",
Jamaican,Jerkin' Johnny's Restaurant,"555 GA-138, Riverdale, GA 30274, USA",
Jamaican,Ruth's Jamaican Diner,"5046 N Henry Blvd, Stockbridge, GA 30281, USA",http://www.ruthsjamaicandiner.com/
Jamaican,Myxers Bar and Grill,"2745 Mt Zion Rd, Jonesboro, GA 30236, USA",
Laotian,Hot Cafe,"5286 Riverdale Rd, Atlanta, GA 30349, USA",
Laotian,Taste of Thailand,"121 Jonesboro Rd, Jonesboro, GA 30326, USA",
Laotian,So So Fed,"Located at OK Yaki, 714 Moreland Ave SE Suite D, Atlanta, GA 30316, USA",https://www.sosofed.com/
Laotian,Fusion House Restaurant,"6497 GA-85, Riverdale, GA 30274, USA",http://www.fusionhousega.com/?utm_source=gmb&utm_medium=website
Laotian,Pho Dai Loi,"4061 Jonesboro Rd, Forest Park, GA 30297, USA",
Laotian,Snackboxe Bistro,"6035 Peachtree Rd Suite C-114, Doraville, GA 30360, USA",https://doraville.snackboxebistroga.com/
Laotian,Zab-E-Lee,"4837 Old National Hwy, College Park, GA 30337, USA",http://zabeleeatlanta.com/
Laotian,Thai Heaven,"623 N Central Ave, Atlanta, GA 30354, USA",https://www.thaiheavenhapeville.com/
Laotian,Thanh Thanh Restaurant,"4446 Jonesboro Rd, Forest Park, GA 30297, USA",
Lithuanian,The Hush Cuban kitchen & bar,"173 N Main St, Clayton, GA 30525, USA",https://www.hushcubancafe.com/menu
Malaysian,Malaysian Hut,"14727 108 Ave, Surrey, BC V3R 1V9, Canada",http://www.malaysianhutrestaurant.com/
Malaysian,Laksa King,"2546 E Hastings St, Vancouver, BC V5K 1Z3, Canada",https://laksaking.ca/
Mongolian,Golden Buddha Restaurant,"6987 Jonesboro Rd, Morrow, GA 30260, USA",
Mongolian,Golden Gate Chinese Restaurant,"4353 Jonesboro Rd, Forest Park, GA 30297, USA",http://www.goldengatemenu.com/
Mongolian,GREAT CHOW,"1302 Mt Zion Rd, Morrow, GA 30260, USA",
Mongolian,Hot Cafe,"5286 Riverdale Rd, Atlanta, GA 30349, USA",
Mongolian,Wong Wong BBQ,"5208 Jonesboro Rd, Lake City, GA 30260, USA",
Mongolian,Oasis International Cuisine,"6987 Jonesboro Rd, Morrow, GA 30260, USA",
Mongolian,Hong Kong City Chinese Restaurant,"Pointe South Shopping Center, 8480 GA-85, Jonesboro, GA 30238, USA",
Mongolian,LIN’S GARDEN,"1544 Tara Rd suite a, Jonesboro, GA 30238, USA",https://order.online/business/lins-garden-236483
Mongolian,Hong Kong City,"5656 Jonesboro Rd, Morrow, GA 30260, USA",
Mongolian,Great Wall Restaurant,"2262 Lake Harbin Rd #D, Morrow, GA 30260, USA",http://www.greatwallmorrow.com/
Mongolian,China Garden,"4720 Jonesboro Rd STE 17, Union City, GA 30291, USA",https://chinagardenunioncity.com/
Mongolian,No.1 Chinese Restaurant,"6681 Jonesboro Rd suite 114, Morrow, GA 30260, USA",http://www.numberonemorrow.com/
Mongolian,Great Wall,"3600A Hwy 138 SE, Stockbridge, GA 30281, USA",https://www.greatwallstockbridgega.com/
Mongolian,China A,"8049 Tara Blvd, Jonesboro, GA 30236, USA",https://tapthru.com/store/china-a-jonesboro-11049
Mongolian,Royal Stix Asian Restaurant,"805 Glynn St S #141, Fayetteville, GA 30215, USA",https://www.royalstixorder.com/
Mongolian,Magnolia BBQ & Fish Food Truck,"503 Forest Pkwy, Forest Park, GA 30297, USA",
Mongolian,New City Buffet and Cajun Seafood,"7165 GA-85 Suite B, Riverdale, GA 30274, USA",
Mongolian,New China Wings,"1174 Forest Pkwy A, Morrow, GA 30260, USA",
Mongolian,Old Tyme Grill & Buffet,"8465 Tara Blvd, Jonesboro, GA 30236, USA",
Mongolian,China King,"2031 Mt Zion Rd, Morrow, GA 30260, USA",http://www.chinakingmorrow.com/?utm_source=gmb&utm_medium=website
Nepalese,Spice of Nepal Restaurant,"13486 72 Ave, Surrey, BC V3W 2N8, Canada",https://spiceofnepal.ca/
Nicaraguan,Mi Linda Managua Restaurant,"5530 Buford Hwy NE Suite 302, Norcross, GA 30071, USA",
Nicaraguan,Sabores De Mi Tierra,"3210 Tucker Norcross Rd, Tucker, GA 30084, USA",https://www.facebook.com/pages/Sabores-de-mi-Tierra/1576534755913286?sk=info&tab=overview
Norwegian,Clayton State Dining Services,"2000 Clayton State Blvd, Morrow, GA 30260, USA",
Norwegian,Southern Fusion Bistro,"1820 Noahs Ark Rd Ste. 101, Jonesboro, GA 30236, USA",https://www.southernfusionbistro.com/
Norwegian,Oasis International Cuisine,"6987 Jonesboro Rd, Morrow, GA 30260, USA",
Pakistani,Taste of Lahore restaurant,"9526 120 St, Surrey, BC V3V 4C1, Canada",http://tasteoflahore.ca/
Pakistani,Lahori Restaurant,"12877 80 Ave #109, Surrey, BC V3W 4E9, Canada",https://order.tbdine.com/pickup/44405
Paraguayan,Atlanta Philly Italian Pasta & Subs,"1510 Southlake Pkwy Suite 1e, Morrow, GA 30260, USA",http://atlphillyitalian.com/
Peruvian,PFA Restaurant and Foods,"6407 GA-85, Riverdale, GA 30274, USA",
Peruvian,Contigo Peru,"3567 Chamblee Dunwoody Rd, Chamblee, GA 30341, USA",
Peruvian,Las Brasas,"614 Church St, Decatur, GA 30030, USA",http://lasbrasasdecatur.com/
Peruvian,Tio Lucho's,"675 North Highland Avenue Northeast Suite 6000, Atlanta, GA 30306, USA",http://www.tioluchos.com/
Peruvian,Machu Picchu Restaurant,"2863 Buford Hwy NE, Atlanta, GA 30329, USA",
Peruvian,Pollo De El Rey,"4763 Buford Hwy NE # 106, Atlanta, GA 30341, USA",https://www.elpollodelrey.com/
Peruvian,Sabor Inka,"960 Pleasant Hill Rd, Lawrenceville, GA 30044, USA",http://www.saborinka.com/
Peruvian,Rico sabor peruano,"1560 Indian Trail Lilburn Rd NW, Norcross, GA 30093, USA",https://ricosaborperuanoga.com/
Peruvian,Costa Verde Restaurant,"6200 Buford Hwy, Norcross, GA 30071, USA",
Peruvian,La Brasa Rustica,"4175 Pleasant Hill Rd, Duluth, GA 30096, USA",http://www.lasbrasarustica.com/
Peruvian,The Freakin Incan,"4651 Woodstock Rd Suite 305, Roswell, GA 30075, USA",https://www.thefreakinincan.com/
Peruvian,Los Amigos Latin Bar & Grill,"286 GA-138 Suite I-J, Riverdale, GA 30274, USA",https://www.losamigosatl.com/
Peruvian,MACHU PICCHU Peruvian Cuisine,"Franklin St, Avondale Estates, GA 30002, USA",
Peruvian,Quechuas Peru Restaurant,"4825 Sugarloaf Pkwy STE G, Lawrenceville, GA 30044, USA",https://quechuasrestaurant.com/
Peruvian,Los Amigos Latin Bar & Grill,"541 Forest Pkwy #1, Forest Park, GA 30297, USA",http://www.losamigosatl.com/
Peruvian,Viva Chicken Kennesaw,"1131 Ernest W Barrett Pkwy NW Bldg. 100, Ste 108, Kennesaw, GA 30144, USA",http://www.vivachicken.com/
Peruvian,Pisco Latin Kitchen,"5975 Roswell Rd Ste. E-353, Sandy Springs, GA 30328, USA",https://piscolk.com/
Peruvian,Rocko Pollo,"720 Mt Zion Rd, Jonesboro, GA 30236, USA",https://instagram.com/rockopollorestaurant?utm_medium=copy_link
Philippine,Estrellita,"580 Woodward Ave SE, Atlanta, GA 30312, USA",https://www.estrellitafilipino.com/
Philippine,Zarate at Dailies,"225 Rogers St NE, Atlanta, GA 30317, USA",https://www.zaratekitchen.com/
Philippine,Kamayan ATL - Filipino Restaurant,"5150 Buford Hwy NE A230, Doraville, GA 30340, USA",http://www.kamayanatl.com/
Philippine,Kuya's Food Express,"City Farmers Market, 1630 Pleasant Hill Rd, Duluth, GA 30096, USA",http://www.kuyaatl.com/
Philippine,Adobo,"4086 Covington Hwy #600, Decatur, GA 30032, USA",http://www.adoboatl.com/
Polish,Baltic Deli,"1530 Old Alabama Rd # 190, Roswell, GA 30076, USA",
Puerto Rican,K. Bueno latin cafe,"847 GA-138, Jonesboro, GA 30236, USA",http://kbuenolatincafe.com/
Puerto Rican,El principe dominican and puerto rican food truck,"7322 GA-85, Riverdale, GA 30274, USA",https://www.elprincipefoodtruck.com/
Puerto Rican,Tropical Isles Caribean Resturant,"riverdale shopping center, suite, 678, Riverdale, GA 30274, USA",
Puerto Rican,Kilimanjaro Caribbean Restaurant,"2051 Godby Rd, Atlanta, GA 30349, USA",
Puerto Rican,Papi's Cuban & Caribbean Grill,"1375 Rock Quarry Rd, Stockbridge, GA 30281, USA",https://papisgrill.com/
Puerto Rican,El Sartén Latino,"1115 McDonough Pl, McDonough, GA 30253, USA",
Puerto Rican,Bohio Restaurant,"1395 Southlake Pkwy, Morrow, GA 30260, USA",
Puerto Rican,Mi Casita Boricua Restaurant,"550 Pleasant Hill Rd Suite A205, Lilburn, GA 30047, USA",
Romanian,barka resturant,"425 Forest Pkwy, Forest Park, GA 30297, USA",
Saudi Arabian,Dijla Cafe & Lounge,"3711 N Decatur Rd #116, Decatur, GA 30032, USA",http://www.dijlacafe.com/
Singaporean,Prata-Man Singapore Cuisine,"9060 Capstan Wy, Richmond, BC V6X 3N6, Canada",https://prata-man-richmond.business.site/
Slovak,Southern Fusion Bistro,"1820 Noahs Ark Rd Ste. 101, Jonesboro, GA 30236, USA",https://www.southernfusionbistro.com/
Slovenian,Southern Fusion Bistro,"1820 Noahs Ark Rd Ste. 101, Jonesboro, GA 30236, USA",https://www.southernfusionbistro.com/
Somali,Africa Restaurant and Lounge,"6380 GA-85, Riverdale, GA 30274, USA",http://africarestaurantandlounge.com/
Somali,Sunshine Cuisine,"6372 GA-85, Riverdale, GA 30274, USA",
Somali,Nations Cafe,"3293 Dogwood Dr, Hapeville, GA 30354, USA",
Somali,Moyo & Grill,"5116 GA-85, Forest Park, GA 30297, USA",https://qmenu.us/#/moyo-grill-forest-park
Somali,"MAKAY AFRICAN RESTAURANT. Pre-Order Food in 1/2 Pan, Full Pan & Big Bowl Only. We ship to all other states. Call Before","5599 Rock Shoals Way, Atlanta, GA 30349, USA",http://makayafricanrestaurantfoodin12panfullpanbigbowlonlyweshiptoallo.com/
Somali,Broni Home Taste / Africana / Old Brothers Restaurant,"4841 Old National Hwy, College Park, GA 30337, USA",
Somali,Somali,"5065 Memorial Dr, Stone Mountain, GA 30083, USA",
Somali,Olyzubby's Kitchen,"4813 Old National Hwy, College Park, GA 30337, USA",
Somali,Daallo Restaurant and Lounge,"5047 Memorial Dr, Stone Mountain, GA 30083, USA",https://www.facebook.com/DaalloRestaurant/
Somali,SS EXPRESS ALL AFRICAN & HALAL FOOD,"1153 Powder Springs St SW, Marietta, GA 30064, USA",https://orderssexpress.com/
Somali,Hamdi Restaurant,"440 N Indian Creek Dr B, Clarkston, GA 30021, USA",
Somali,Bamba Cuisine,"3700 Campbellton Rd SW suite1, Atlanta, GA 30311, USA",https://bambacuisine.com/
Somali,Somli youth cafe,"5047 Memorial Dr suite b, Stone Mountain, GA 30083, USA",
Somali,Bole Ethiopian Restaurant,"1583 Virginia Ave, College Park, GA 30337, USA",http://www.boleethiopianrestaurantatlanta.com/
Somali,Ayo African Restaurant bar and lounge,"5150 Austell Rd, Austell, GA 30106, USA",http://ayoafricanarestaurant.com/?utm_source=gmb&utm_medium=referral
Somali,FAD African Fine Dining Nigerian Restaurant,"6065 Mableton Pkwy SW, Mableton, GA 30126, USA",http://fadfinedining.com/
Somali,African Delights restaurant,"185 Veterans Memorial Hwy SE, Mableton, GA 30126, USA",
Somali,Nema Kitchen,"2905 Campbellton Rd SW suite c, Atlanta, GA 30311, USA",http://www.nemakitchen.com/
Somali,African Soulfood,"585 Franklin Gateway SE, Marietta, GA 30067, USA",http://theafricansoulfood.com/
South African,Boniks African Cuisine - Nigerian Restaurant,"4452-4454 Jonesboro Rd, Forest Park, GA 30297, USA",
South African,Saint-Louis Cuisine,"5658 Riverdale Rd, Atlanta, GA 30349, USA",http://saintlouisafricanfood.com/
South African,Buka 2 Restaurant,"5436 Riverdale Rd, Atlanta, GA 30349, USA",
South African,Tropicana African Restaurant,"2055 Flat Shoals Rd, Riverdale, GA 30296, USA",
South African,Sunshine Cuisine,"6372 GA-85, Riverdale, GA 30274, USA",
South African,Broni Home Taste / Africana / Old Brothers Restaurant,"4841 Old National Hwy, College Park, GA 30337, USA",
South African,Nations Cafe,"3293 Dogwood Dr, Hapeville, GA 30354, USA",
South African,Abidjan Caviar Restaurant & Lounge,"6380 GA-85, Riverdale, GA 30274, USA",http://www.abidjancaviarlounge.com/
South African,Mama Put Restaurant,"101 Kenwood Rd #28, Fayetteville, GA 30214, USA",
South African,West African Dishes,"6597 Church St, Riverdale, GA 30274, USA",
South African,Moyo & Grill,"5116 GA-85, Forest Park, GA 30297, USA",https://qmenu.us/#/moyo-grill-forest-park
South African,"MAKAY AFRICAN RESTAURANT. Pre-Order Food in 1/2 Pan, Full Pan & Big Bowl Only. We ship to all other states. Call Before","5599 Rock Shoals Way, Atlanta, GA 30349, USA",http://makayafricanrestaurantfoodin12panfullpanbigbowlonlyweshiptoallo.com/
South African,Jiteskitchen (Foster delicious soul food),"501 GA-138 APT 7, Riverdale, GA 30274, USA",https://www.jiteskitchen.com/
South African,Prime African Restaurant,"7643 GA-85, Riverdale, GA 30274, USA",
South African,Touray Kunda Cafe,"5134 Old National Hwy, College Park, GA 30349, USA",https://www.instagram.com/touraykundacafe/?hl=en
Swiss,Clayton State Dining Services,"2000 Clayton State Blvd, Morrow, GA 30260, USA",
Swiss,envegan,"1626 Lake Harbin Rd, Morrow, GA 30260, USA",http://envegan.com/
Swiss,Southern Fusion Bistro,"1820 Noahs Ark Rd Ste. 101, Jonesboro, GA 30236, USA",https://www.southernfusionbistro.com/
Swiss,Atlanta Philly Italian Pasta & Subs,"1510 Southlake Pkwy Suite 1e, Morrow, GA 30260, USA",http://atlphillyitalian.com/
Swiss,Steak 'n Shake,"2118 Mt Zion Pkwy, Morrow, GA 30260, USA",https://www.steaknshake.com/locations/ga-morrow-mt-zion-parkway/
Swiss,Schlotzsky's,"861 Virginia Ave, Hapeville, GA 30354, USA",https://locations.schlotzskys.com/ga/hapeville/861-virginia-ave?utm_source=google&utm_medium=organic&utm_campaign=locations_partner
Swiss,BGR Grille,"1603 White Way, East Point, GA 30344, USA",http://www.thebgrgrille.com/
Swiss,Old Tyme Grill & Buffet,"8465 Tara Blvd, Jonesboro, GA 30236, USA",
Swiss,Virtual Food Court,"7681 Southlake Pkwy, Jonesboro, GA 30236, USA",https://order.virtualfoodcourt.io/
Swiss,Chili's Grill & Bar,"2230 Mt Zion Pkwy, Morrow, GA 30260, USA",https://www.chilis.com/locations/us/georgia/morrow/mt-zion?utm_source=google&utm_medium=local&utm_campaign=Chilis
Swiss,WNB Factory - Wings & Burger,"11345 Tara Blvd Suite #2, Hampton, GA 30228, USA",http://www.wnbfactory.com/
Swiss,Grand Stand Bar & Grill,"11346 Tara Blvd, Hampton, GA 30228, USA",
Swiss,ANTHONYS PIZZA & SPORTS BAR,"6518 GA-85, Riverdale, GA 30274, USA",http://anthonyspizzaandpasta.online/
Swiss,Checkers,"4948 Jonesboro Rd, Forest Park, GA 30297, USA",https://locations.checkers.com/ga/forest-park/4948-jonesboro-rd?y_source=1_MzI0OTA4Ny03MTUtbG9jYXRpb24ud2Vic2l0ZQ%3D%3D
Swiss,IHOP,"1474 Southlake Plaza Dr, Morrow, GA 30260, USA",https://restaurants.ihop.com/en-us/ga/morrow/breakfast-1474-southlake-plaza-dr-2050?utm_source=google&utm_medium=organic&utm_campaign=google_my_business&utm_term=2050&utm_content=website
Swiss,Mad Mac's Gourmet Sandwich Shop,"1105 Main St #101, Forest Park, GA 30297, USA",https://eatatmacs.com/
Swiss,Krystal,"5235 Old National Hwy, South Fulton, GA 30349, USA",https://locations.krystal.com/ga/college-park/5235-old-national-hwy
Swiss,Bay Breeze Seafood Restaurant,"11440 Tara Blvd, Hampton, GA 30228, USA",http://www.baybreezeseafoodrestaurants.com/
Swiss,Checkers,"6339 Tara Blvd, Jonesboro, GA 30236, USA",https://locations.checkers.com/ga/jonesboro/6339-tara-blvd.?y_source=1_MzI0OTE3My03MTUtbG9jYXRpb24ud2Vic2l0ZQ%3D%3D
Swiss,Silver's Delight Caribbean Restaurant,"2879 E Point St #2, East Point, GA 30344, USA",https://silversdelightrestaurant.com/
Syrian,La Shish Kabab,"1155 Virginia Ave Suite E, Hapeville, GA 30354, USA",https://lashishkabab.com/
Syrian,The BeiRut,"1025 N Peachtree Pkwy, Peachtree City, GA 30269, USA",http://www.beirutptc.com/
Syrian,Ameer's Mediterranean Grill & Catering,"2168 Briarcliff Rd NE, Atlanta, GA 30329, USA",http://www.ameersmediterranean.com/
Syrian,Shawarma Non-Stop,"1937 Peachtree Rd NW Suite A, Atlanta, GA 30309, USA",http://shawarmanonstop.com/
Syrian,Baraka Shawarma Mediterranean Grill,"68 Walton St NW, Atlanta, GA 30303, USA",https://www.barakashawarmaatl.com/
Syrian,Yalda Persian & Middle Eastern Restaurant,"6500 Aria Blvd Suite 500, Sandy Springs, GA 30328, USA",http://yaldaatl.com/
Syrian,Falafel King,"1405 Oxford Rd NE, Atlanta, GA 30307, USA",
Syrian,Rozana Restaurant and Hookah Lounge,"4800 Lawrenceville Hwy Ste A1, Lilburn, GA 30047, USA",
Syrian,Zakia Modern Lebanese Restaurant,"3699 Lenox Rd NE Ste 3, Atlanta, GA 30305, USA",http://www.zakiarestaurant.com/
Syrian,Yalda Persian & Middle Eastern Restaurant,"980 Howell Mill Rd Suite 4, Atlanta, GA 30318, USA",http://yaldaatl.com/
Syrian,Garbanzo Mediterranean Fresh,"Hartsfield-Jackson Atlanta International Airport, Concourse D, N Terminal Pkwy, Atlanta, GA 30337, USA",https://restaurants.eatgarbanzo.com/ga/atlanta/hartsfield-jackson-international-airport?utm_source=google&utm_medium=yext_listing&y_source=1_Mjc1NzQ3NjktNzE1LWxvY2F0aW9uLndlYnNpdGU%3D
Syrian,Yalla,"Krog Street Market, 99 Krog St NE, Atlanta, GA 30307, USA",http://www.yallaatl.com/
Syrian,Dijla Cafe & Lounge,"3711 N Decatur Rd #116, Decatur, GA 30032, USA",http://www.dijlacafe.com/
Syrian,PITA Mediterranean Street Food,"36 Mill Rd B, McDonough, GA 30253, USA",
Syrian,Delbar Middle Eastern - Inman Park,"870 Inman Vlg Pkwy NE Suite 1, Atlanta, GA 30307, USA",http://delbaratl.com/
Syrian,Pizza Wali,"797 Morrow Rd, Forest Park, GA 30297, USA",http://www.pizzawali.com/
Syrian,Ali Baba Mediterranean,"60 Broad St NW, Atlanta, GA 30303, USA",
Syrian,Cafe Sababa - Mediterranean Grill,"4639 N Shallowford Rd, Dunwoody, GA 30338, USA",http://www.cafesababa.info/
Syrian,Bezoria - Cumberland,"2860 Cumberland Mall #1101, Atlanta, GA 30339, USA",https://www.bezoria.com/
Syrian,Ali Baba Mediterranean,"10998 Euclid Ave NE, Atlanta, GA 30303, USA",
Taiwanese,La Mei Zi Doraville,"5150 Buford Hwy NE #C-310, Doraville, GA 30340, USA",https://lameizibistro.com/
Taiwanese,Mama's Kitchen Taiwanese Food,"10820 Abbotts Bridge Rd, Duluth, GA 30097, USA",https://mamaskitchengatogo.com/
Taiwanese,Bento Cafe,"5495 Jimmy Carter Blvd STE A4, Norcross, GA 30093, USA",http://www.bentocafe.com/
Taiwanese,Yes Formosa,"3875 Venture Dr unit A9, Duluth, GA 30096, USA",
Taiwanese,NEW ASIAN STYLE,"800 Forrest St NW, Atlanta, GA 30318, USA",https://www.newasianstyleatlanta.com/
Taiwanese,Pho Ngon So 1,"5372 Jonesboro Rd, Lake City, GA 30260, USA",
Taiwanese,湘園 Hunan Garden,"10450 Medlock Bridge Rd Suite 102, Johns Creek, GA 30097, USA",https://qmenu.us/#/hunan-garden-johns-creek
Taiwanese,Dagu Rice Noodle (大鼓米线&奶茶.甜品）,"5090 Buford Hwy NE STE 110-111, Doraville, GA 30340, USA",http://www.daguusa.com/
Taiwanese,Tea Station Rice Bowl & wraps & Snacks,"1200 Ernest W Barrett Pkwy NW # 132, Kennesaw, GA 30144, USA",https://teastationkennesaw.kwickmenu.com/
Taiwanese,Zab-E-Lee,"4837 Old National Hwy, College Park, GA 30337, USA",http://zabeleeatlanta.com/
Taiwanese,Ping's Place,"2300 Pleasant Hill Rd, Duluth, GA 30096, USA",
Tanzanian,Boniks African Cuisine - Nigerian Restaurant,"4452-4454 Jonesboro Rd, Forest Park, GA 30297, USA",
Tanzanian,Africa Restaurant and Lounge,"6380 GA-85, Riverdale, GA 30274, USA",http://africarestaurantandlounge.com/
Tanzanian,West African Dishes,"6597 Church St, Riverdale, GA 30274, USA",
Tanzanian,Tropicana African Restaurant,"2055 Flat Shoals Rd, Riverdale, GA 30296, USA",
Tanzanian,Saint-Louis Cuisine,"5658 Riverdale Rd, Atlanta, GA 30349, USA",http://saintlouisafricanfood.com/
Tanzanian,Buka 2 Restaurant,"5436 Riverdale Rd, Atlanta, GA 30349, USA",
Tanzanian,Sunshine Cuisine,"6372 GA-85, Riverdale, GA 30274, USA",
Tanzanian,Broni Home Taste / Africana / Old Brothers Restaurant,"4841 Old National Hwy, College Park, GA 30337, USA",
Tanzanian,Mama Put Restaurant,"101 Kenwood Rd #28, Fayetteville, GA 30214, USA",
Tanzanian,Jiteskitchen (Foster delicious soul food),"501 GA-138 APT 7, Riverdale, GA 30274, USA",https://www.jiteskitchen.com/
Tanzanian,Abidjan Caviar Restaurant & Lounge,"6380 GA-85, Riverdale, GA 30274, USA",http://www.abidjancaviarlounge.com/
Tanzanian,Nations Cafe,"3293 Dogwood Dr, Hapeville, GA 30354, USA",
Tanzanian,Moyo & Grill,"5116 GA-85, Forest Park, GA 30297, USA",https://qmenu.us/#/moyo-grill-forest-park
Tanzanian,"MAKAY AFRICAN FOOD CATERING. Pre-Order Food in 1/2 Pan, Full Pan & Big Bowl Only. We ship to all other states. Call Before","2297 Pineview Trail, Ellenwood, GA 30294, USA",
Tanzanian,Manding Cafe,"5145 Old National Hwy, Atlanta, GA 30349, USA",
Tanzanian,"MAKAY AFRICAN RESTAURANT. Pre-Order Food in 1/2 Pan, Full Pan & Big Bowl Only. We ship to all other states. Call Before","5599 Rock Shoals Way, Atlanta, GA 30349, USA",http://makayafricanrestaurantfoodin12panfullpanbigbowlonlyweshiptoallo.com/
Tanzanian,Olyzubby's Kitchen,"4813 Old National Hwy, College Park, GA 30337, USA",
Tanzanian,EJ'S Restaurant,"5121 Old National Hwy, College Park, GA 30349, USA",
Tanzanian,"MAKAY AFRICAN KITCHEN CATERING . PRE ORDER IN 1/2 PAN, FULL PAN & BIG BOWLS ONLY","4457 Cavitt Mill Ct, Ellenwood, GA 30294, USA",
Tanzanian,Prime African Restaurant,"7643 GA-85, Riverdale, GA 30274, USA",
Thai,Taste of Thailand,"121 Jonesboro Rd, Jonesboro, GA 30326, USA",
Thai,Fusion House Restaurant,"6497 GA-85, Riverdale, GA 30274, USA",http://www.fusionhousega.com/?utm_source=gmb&utm_medium=website
Thai,Hot Cafe,"5286 Riverdale Rd, Atlanta, GA 30349, USA",
Thai,Zab-E-Lee,"4837 Old National Hwy, College Park, GA 30337, USA",http://zabeleeatlanta.com/
Thai,Thai Heaven,"623 N Central Ave, Atlanta, GA 30354, USA",https://www.thaiheavenhapeville.com/
Thai,Mama Sidas Flavors of Thai Cuisine,"1395 Southlake Pkwy, Morrow, GA 30260, USA",
Thai,Inseethai asian cuisine,"622 Eagles Landing Pkwy, Stockbridge, GA 30281, USA",https://inseethaistockbridge.com/
Thai,Thai Garden,"2675 GA-42, McDonough, GA 30253, USA",https://www.smorefood.com/order-online/thai-garden-mcdonough-30253-vhe1vbl3??utm_source=gmb&utm_medium=website
Thai,Paper Plane,"816 S Central Ave, Hapeville, GA 30354, USA",http://www.paperplanerestaurant.com/
Thai,Thai Jasmine,"955 GA-54, Fayetteville, GA 30214, USA",https://m.facebook.com/pages/Thai-Jasmine/113595788674764
Tunisian,Southern Fusion Bistro,"1820 Noahs Ark Rd Ste. 101, Jonesboro, GA 30236, USA",https://www.southernfusionbistro.com/
Ukrainian,Ukrainian Village,"815 Denman St, Vancouver, BC V6G 2L7, Canada",https://ukrainianvillage.wixsite.com/canada
Uruguayan,Panaderia Criolla -Café Bakery,"2785 Cruse Rd NW # 8, Lawrenceville, GA 30044, USA",https://panaderiacriollaoficial.com/
Venezuelan,Arepa Grill plaza Fiesta,"Inside of Plaza Fiesta, 4166 Buford Hwy NE Suite N-4, Atlanta, GA 30345, USA",https://arepagrillga.com/
Venezuelan,La Sabrosita Restaurant & Catering,"733 Pleasant Hill Rd, Lilburn, GA 30047, USA",https://www.facebook.com/lasabrositarestaurant/
Venezuelan,Don Arepacho,"5964 S Norcross Tucker Rd, Norcross, GA 30093, USA",https://donarepachoga.com/
Venezuelan,Celidas Café Inc .,"733 Pleasant Hill Rd suite 1112, Lilburn, GA 30047, USA",https://celidascafe.net/
Venezuelan,Komaos Venezuelan and Latin Food,"6342 Roswell Rd NE, Sandy Springs, GA 30328, USA",
Venezuelan,Arepa Grill Doraville,"5302 Buford Hwy NE suite A2, Doraville, GA 30340, USA",https://arepagrillga.com/
Venezuelan,Mango Latino Grill,"3870 Lawrenceville Hwy c114, Lawrenceville, GA 30044, USA",http://mangolatinogrill.com/
Venezuelan,ZUAREPA Lawrenceville,"1956 Duluth Hwy Ste B-101, Lawrenceville, GA 30043, USA",https://www.zuarepatogo.com/
Venezuelan,Arepa Mia,"10 N Clarendon Ave suite a, Avondale Estates, GA 30002, USA",http://www.arepamiaatlanta.com/
Venezuelan,Natarica Grill Restaurant,"5730 Buford Hwy NE Ste K, Norcross, GA 30071, USA",
Venezuelan,Caracas Burger,"6367 Jimmy Carter Blvd, Norcross, GA 30071, USA",
Venezuelan,EPA! COME AREPA!,"2870 Peachtree Industrial Blvd STE F, Duluth, GA 30097, USA",https://www.epacomearepa.com/
Venezuelan,Pico e' Gallo,"1585 Holcomb Bridge Rd Suite 200, Roswell, GA 30076, USA",
Venezuelan,Cylantros Venezuelan Cuisine Roswell,"1570 Holcomb Bridge Rd #365, Roswell, GA 30076, USA",https://www.cylantros.net/
Venezuelan,Deli Bakery Atl,"2771 Cruse Rd NW Suite 8, Lawrenceville, GA 30044, USA",https://instagram.com/delibakeryatl?utm_medium=copy_link
Venezuelan,Los Maracuchos Food,"Inside the Hotel Wyndham Garden, 1948 Day Dr NW, Duluth, GA 30096, USA",http://www.losmaracuchosfood.com/
Venezuelan,Las Arepas De Julia,"4044 Lawrenceville Hwy, Lilburn, GA 30047, USA",https://www.lasarepasdejuliarestaurant.com/
Venezuelan,La Chama Bistro LLC,"181 Liberty Ln Apt 101, Clayton, GA 30525, USA",
Venezuelan,Sabor Venezolano Atlanta,"270 St Claire Dr Ste 101, Alpharetta, GA 30004, USA",https://saborvenezolano.com/
Vietnamese,VN Pho,"6363 Jonesboro Rd, Morrow, GA 30260, USA",https://www.vnphoatlanta.com/
Vietnamese,Pho Ngon So 1,"5372 Jonesboro Rd, Lake City, GA 30260, USA",
Vietnamese,Pho Dai Loi,"4061 Jonesboro Rd, Forest Park, GA 30297, USA",
Vietnamese,Thanh Thanh Restaurant,"4446 Jonesboro Rd, Forest Park, GA 30297, USA",
Vietnamese,Hue Cafe and Deli,"5370 Jonesboro Rd STE B, Lake City, GA 30260, USA",http://fb.com/huecafedeli
Vietnamese,Dua Hapeville,"760 S Central Ave, Atlanta, GA 30354, USA",https://hapeville.duafishtank.com/
Vietnamese,Viet Deli,"5392 Jonesboro Rd, Lake City, GA 30260, USA",
Vietnamese,Pho Town,"1917 Jonesboro Rd, McDonough, GA 30253, USA",https://www.photownrestaurant.com/
Vietnamese,DUA Vietnamese Restaurant,"805 W Lanier Ave, Fayetteville, GA 30214, USA",
Yemeni,Ameer's Mediterranean Grill & Catering,"2168 Briarcliff Rd NE, Atlanta, GA 30329, USA",http://www.ameersmediterranean.com/
Zambian,Boniks African Cuisine - Nigerian Restaurant,"4452-4454 Jonesboro Rd, Forest Park, GA 30297, USA",
Zambian,West African Dishes,"6597 Church St, Riverdale, GA 30274, USA",
Zambian,Saint-Louis Cuisine,"5658 Riverdale Rd, Atlanta, GA 30349, USA",http://saintlouisafricanfood.com/
Zambian,Tropicana African Restaurant,"2055 Flat Shoals Rd, Riverdale, GA 30296, USA",
Zambian,Broni Home Taste / Africana / Old Brothers Restaurant,"4841 Old National Hwy, College Park, GA 30337, USA",
Zambian,Africa Restaurant and Lounge,"6380 GA-85, Riverdale, GA 30274, USA",http://africarestaurantandlounge.com/
Zambian,Sunshine Cuisine,"6372 GA-85, Riverdale, GA 30274, USA",
Zambian,Buka 2 Restaurant,"5436 Riverdale Rd, Atlanta, GA 30349, USA",
Zambian,Mama Put Restaurant,"101 Kenwood Rd #28, Fayetteville, GA 30214, USA",
Zambian,Nations Cafe,"3293 Dogwood Dr, Hapeville, GA 30354, USA",
Zambian,Jiteskitchen (Foster delicious soul food),"501 GA-138 APT 7, Riverdale, GA 30274, USA",https://www.jiteskitchen.com/
Zambian,"Fly Chef Restaurant (Nigerian /American food)Breakfast/Brunch,Lunch/Dinner","6470 Spalding Dr suite b, Peachtree Corners, GA 30092, USA",http://www.flychefatl.com/
Zambian,Abidjan Caviar Restaurant & Lounge,"6380 GA-85, Riverdale, GA 30274, USA",http://www.abidjancaviarlounge.com/
Zambian,Touray Kunda Cafe,"5134 Old National Hwy, College Park, GA 30349, USA",https://www.instagram.com/touraykundacafe/?hl=en
Zimbabwean,Boniks African Cuisine - Nigerian Restaurant,"4452-4454 Jonesboro Rd, Forest Park, GA 30297, USA",
Zimbabwean,Saint-Louis Cuisine,"5658 Riverdale Rd, Atlanta, GA 30349, USA",http://saintlouisafricanfood.com/
Zimbabwean,West African Dishes,"6597 Church St, Riverdale, GA 30274, USA",
Zimbabwean,Africa Restaurant and Lounge,"6380 GA-85, Riverdale, GA 30274, USA",http://africarestaurantandlounge.com/
Zimbabwean,Buka 2 Restaurant,"5436 Riverdale Rd, Atlanta, GA 30349, USA",
Zimbabwean,Sunshine Cuisine,"6372 GA-85, Riverdale, GA 30274, USA",
Zimbabwean,Tropicana African Restaurant,"2055 Flat Shoals Rd, Riverdale, GA 30296, USA",
Zimbabwean,Broni Home Taste / Africana / Old Brothers Restaurant,"4841 Old National Hwy, College Park, GA 30337, USA",
Zimbabwean,Jiteskitchen (Foster delicious soul food),"501 GA-138 APT 7, Riverdale, GA 30274, USA",https://www.jiteskitchen.com/
Zimbabwean,Mama Put Restaurant,"101 Kenwood Rd #28, Fayetteville, GA 30214, USA",
Zimbabwean,Abidjan Caviar Restaurant & Lounge,"6380 GA-85, Riverdale, GA 30274, USA",http://www.abidjancaviarlounge.com/
Zimbabwean,Nations Cafe,"3293 Dogwood Dr, Hapeville, GA 30354, USA",
Zimbabwean,EJ'S Restaurant,"5121 Old National Hwy, College Park, GA 30349, USA",
Zimbabwean,"MAKAY AFRICAN RESTAURANT. Pre-Order Food in 1/2 Pan, Full Pan & Big Bowl Only. We ship to all other states. Call Before","5599 Rock Shoals Way, Atlanta, GA 30349, USA",http://makayafricanrestaurantfoodin12panfullpanbigbowlonlyweshiptoallo.com/
Zimbabwean,Prime African Restaurant,"7643 GA-85, Riverdale, GA 30274, USA",
Zimbabwean,Bamba Cuisine,"3700 Campbellton Rd SW suite1, Atlanta, GA 30311, USA",https://bambacuisine.com/
Zimbabwean,FAD African Fine Dining Nigerian Restaurant,"6065 Mableton Pkwy SW, Mableton, GA 30126, USA",http://fadfinedining.com/
Zimbabwean,Touray Kunda Cafe,"5134 Old National Hwy, College Park, GA 30349, USA",https://www.instagram.com/touraykundacafe/?hl=en
