Cuisine Type,Name,Address,Website
Mexican,La Casita Mexican Restaurant,"20 N Orange Ave, Green Cove Springs, FL 32043, USA",https://lacasitamexicanfl.com/
Mexican,La Nopalera,"1571 County Rd 220, Fleming Island, FL 32003, USA",https://www.eatatlanopalera.com/
Mexican,Mariachi’s Mexican Restaurant & Bar,"1301 N Orange Ave, Green Cove Springs, FL 32043, USA",http://mariachismexicanrestaurantandbar.com/
Mexican,Salsas of 220,"2574 County Rd 220, Middleburg, FL 32068, USA",https://salsasof220.com/
Mexican,Salsas Cocina Blanding | Middleburg,"1803 Blanding Blvd, Middleburg, FL 32068, USA",http://salsascocinamexicana.com/
Mexican,"La Catrina Tacos & Tequila Bar, Middleburg","2710 Blanding Blvd #16, Middleburg, FL 32068, USA",http://www.lacatrinalovers.com/
Mexican,La Sabrosa Grocery & Restaurant Middleburg,"2590 County Rd 220, Middleburg, FL 32068, USA",http://lasabrosarestaurant.com/
Mexican,Tijuana Flats,"1647 County Rd 220 #103, Fleming Island, FL 32003, USA",https://www.tijuanaflats.com/locations/fleming-island?utm_source=google&utm_medium=organic&utm_campaign=local-business-listing
Mexican,La Nopalera Mexican Restaurant,"2024 Kingsley Ave, Orange Park, FL 32073, USA",https://www.lanopalerakingsley.com/
Mexican,TEQUILA & ACORDEON MEXICAN RESTAURANT,"1635 Wells Rd, Orange Park, FL 32073, USA",https://www.tequilacordeon.com/?utm_source=google&utm_medium=wix_google_business_profile&utm_campaign=16392622539082048707
Mexican,Pepper's Cocina Mexicana,"1560 Business Center Dr # 14, Fleming Island, FL 32003, USA",
Mexican,Moe's Southwest Grill,"1544 County Rd 220, Orange Park, FL 32003, USA",https://locations.moes.com/fl/orange-park/1544-county-rd-220?utm_source=google&utm_medium=organic&utm_campaign=locations_partner
Mexican,Chipotle Mexican Grill,"1607 County Rd 220, Orange Park, FL 32003, USA",https://locations.chipotle.com/fl/orange-park/1607-county-road-220?utm_source=google&utm_medium=yext&utm_campaign=yext_listings
Mexican,Mr. Gordo's Tacos and Cantina,"3535 Hwy 17 #8, Fleming Island, FL 32003, USA",https://mrgordostacosandcantina.com/
Mexican,La Nopalera Julington Creek,"111 Bartram Oaks Walk, Fruit Cove, FL 32259, USA",https://www.eatatlanopalera.com/
Mexican,La Nopalera,"9734 Crosshill Blvd, Jacksonville, FL 32222, USA",https://www.eatatlanopalera.com/
Mexican,No Manches Wey,"174 Blanding Blvd, Orange Park, FL 32073, USA",https://nomanchesmexicanrestaurant.com/
Mexican,Don Juan's Restaurant,"12373 San Jose Blvd, Jacksonville, FL 32223, USA",http://www.donjuansjax.com/
Mexican,Moe's Southwest Grill,"445 State Rd 13 N, Jacksonville, FL 32259, USA",https://locations.moes.com/fl/jacksonville/445-state-road-13?utm_source=google&utm_medium=organic&utm_campaign=locations_partner
Mexican,Salsas Mex Collins Rd,"7083 Collins Rd, Jacksonville, FL 32244, USA",http://www.salsasmexrestaurants.com/
Swedish,Broder Söder,"8800 SW Oleson Rd, Portland, OR 97223, USA",https://www.broderpdx.com/
Italian,Benitos Italian Restaurant & Pizzeria,"2219 County Rd 220 Ste 317, Middleburg, FL 32068, USA",http://benitos220.com/
Italian,Carrabba's Italian Grill,"8406 Blanding Blvd, Jacksonville, FL 32073, USA",https://locations.carrabbas.com/florida/jacksonville/8406-blanding-blvd?y_source=1_MTU1MDI5NzQtNzE1LWxvY2F0aW9uLndlYnNpdGU%3D
Italian,Vino's Pizza & Italian Cuisine (Fruit Cove),"605 State Rd 13 N, Jacksonville, FL 32259, USA",https://www.vinospizzajax.com/
Italian,Santioni's Italian Restaurant,"3535 Hwy 17, Fleming Island, FL 32003, USA",http://santionis.com/?utm_source=google&utm_medium=wix_google_business_profile&utm_campaign=13652486858438764999
Italian,Olive Garden Italian Restaurant,"6050 Youngerman Circle Orange Park, Jacksonville, FL 32244, USA",https://www.olivegarden.com/locations/fl/jacksonville/jacksonville-orange-park/1191?cmpid=br:og_ag:ie_ch:loc_ca:OGGMB_sn:gmb_gt:jacksonville-fl-1191_pl:locurl_rd:1141
Italian,Luca's Italian Restaurant (orange park),"1339 Blanding Blvd Suite 8, Orange Park, FL 32065, USA",
Italian,Aspendos Italian Cuisine and Pizza,"9542 Argyle Forest Blvd C19, Jacksonville, FL 32222, USA",https://www.aspendositaliancuisine.com/
Italian,Sorbellos Authentic Sicilian Food,"195 Blanding Blvd, Orange Park, FL 32073, USA",https://www.sorbellosrestaurantmenu.com/?utm_source=gbp
Italian,Valentina's Italian Bistro,"330 College Dr, Orange Park, FL 32065, USA",http://www.valentinasitalianbistro.com/
Italian,Vito's Pizzeria,"1101 Blanding Blvd # 112, Orange Park, FL 32065, USA",http://vitosorangepark.com/
Italian,Mandola's Italian Kitchen,"11112 San Jose Blvd, Jacksonville, FL 32223, USA",http://mandolas.com/
Italian,Vino’s Pizza and Italian Cuisine,"4268 Oldfield Crossing Dr Suite 101, Jacksonville, FL 32223, USA",https://vinosjax.com/
Italian,D'Fontana,"324 Ferris St, Green Cove Springs, FL 32043, USA",https://www.dfontanapizza.com/
Italian,Mellow Mushroom Fleming Island,"1800 Town Center Blvd, Fleming Island, FL 32003, USA",https://mellowmushroom.com/location/fl-fleming-island-1800-town-center-blvd-32003/?utm_source=gmb&utm_medium=organic&utm_campaign=FlemingIsland-FL&utm_content=41
Italian,Brick Oven Pizzeria & Gastropub,"1811 Town Center Blvd, Fleming Island, FL 32003, USA",http://www.brickovengastropub.com/
Italian,Bella Vista Italian Restaurant,"540 State Rd 13 N, Fruit Cove, FL 32259, USA",https://www.bellavistaitalian.com/
Italian,Vito's Italian Restaurant,"116 Bartram Oaks Walk, St Johns, FL 32259, USA",http://www.vitosoriginalitalian.com/
Italian,Renna's Pizza,"6001 Argyle Forest Blvd #16, Jacksonville, FL 32244, USA",http://www.rennaspizza.com/
Italian,Your Pie Pizza,"1545 County Rd 220 Ste. 125, Fleming Island, FL 32003, USA",https://yourpie.com/locations/fleming-island
Italian,Moon Dog Pie House,"116 Bartram Oaks Walk, Fruit Cove, FL 32259, USA",https://moondogpiehouse.com/
Spanish,Puerto Plata Restaurant,"2045 Bayview Rd, Jacksonville, FL 32210, USA",http://www.puertoplatarestaurant.com/
American,Cracker Barrel Old Country Store,"4272 Eldridge Loop, Orange Park, FL 32073, USA",https://www.crackerbarrel.com/Locations/States/fl/orange-park/157/?utm_source=google&utm_medium=maps&utm_campaign=crackerbarrelurl
American,Ruby Tuesday,"1521 County Rd 220, Orange Park, FL 32003, USA",https://rubytuesday.com/
American,Huddle House,"4094 Co Rd 218, Middleburg, FL 32068, USA",https://huddlehouse.com/locations/fl/middleburg/4094-county-road-218
American,Talons Clubhouse Restaurant,"2217 Eagle Harbor Pkwy, Fleming Island, FL 32003, USA",https://www.eagleharborgc.com/talon-s-restaurant
American,Hurricane Grill & Wings-Fleming Island,"1810-1 Town Center Blvd, Fleming Island, FL 32003, USA",https://locations.hurricanewings.com/ll/US/FL/Fleming-Island/1810~1-Town-Center-Blvd_
American,The Loop Restaurant,"1960 E West Pkwy Ste 110, Fleming Island, FL 32003, USA",https://www.thelooprestaurant.com/
American,Country Cabin Restaurant,"4434 Blanding Blvd, Jacksonville, FL 32210, USA",http://countrycabinonline.com/
American,Ted's Montana Grill,"8635 Blanding Blvd, Jacksonville, FL 32244, USA",https://www.tedsmontanagrill.com/tmg034.html
American,LongHorn Steakhouse,"1605 County Rd 220, Fleming Island, FL 32003, USA",https://www.longhornsteakhouse.com/locations/fl/fleming-island/fleming-island/5188?cmpid=br:lh_ag:ie_ch:loc_ca:LHGMB_sn:gmb_gt:fleming-island-fl-5188_pl:locurl_rd:1144
American,Roger That Wings & Things,"232 Walnut St, Green Cove Springs, FL 32043, USA",http://rogerthatgcs.com/
American,The Loop Restaurant,"State Rd 13 N Space 101, Jacksonville, FL 32259, USA",http://www.thelooprestaurant.com/
American,Dalton's Sports Grill,"2808 Henley Rd, Green Cove Springs, FL 32043, USA",https://www.daltonssportsgrill.com/
American,Nicole's On The River,"1101 Blanding Blvd #117, Orange Park, FL 32065, USA",https://www.facebook.com/pg/Nicoles-on-the-River-Cafe-Catering-143621989070024/about/?ref=page_internal
American,Waffle House,"704 Blanding Blvd, Orange Park, FL 32065, USA",https://locations.wafflehouse.com/orangepark-fl-2063
American,Texas Roadhouse,"550 Blanding Blvd, Orange Park, FL 32073, USA",https://www.texasroadhouse.com/locations/florida/orange-park?utm_source=listing&utm_medium=search
American,Corky Bell's Seafood & Steaks,"1049 Floyd St, Fleming Island, FL 32003, USA",http://www.corkybellsseafood.com/
American,Gator's Dockside Oakleaf,"8316 Merchants Way, Jacksonville, FL 32222, USA",http://www.gatorsdockside.com/
American,Thrilled Cheese,"315 Blanding Blvd, Orange Park, FL 32073, USA",
American,Culver’s,"1767 Blanding Blvd, Middleburg, FL 32068, USA",http://www.culvers.com/restaurants/middleburg-fl-blanding-blvd?utm_source=Google&utm_medium=Maps&utm_campaign=Google+Places
American,Metro Diner,"2034 Kingsley Ave, Orange Park, FL 32073, USA",https://metrodiner.com/locations/florida/orange-park/?utm_source=gmb-listing-map&utm_medium=organic&utm_campaign=google-my-business
Scottish,Hibernia Pub,"2260 Town Center Blvd, Fleming Island, FL 32003, USA",https://www.flemingislandgolfclub.com/hibernia-pub
Scottish,Corky Bell's Seafood & Steaks,"1049 Floyd St, Fleming Island, FL 32003, USA",http://www.corkybellsseafood.com/
Scottish,Corks & Barrels,"1824 Town Center Blvd Suite 101, Fleming Island, FL 32003, USA",https://www.facebook.com/CorksBarrels
Scottish,Roger That Wings & Things,"232 Walnut St, Green Cove Springs, FL 32043, USA",http://rogerthatgcs.com/
Scottish,"Mojo Smokehouse, BBQ & Blues","1810 Town Center Blvd, Fleming Island, FL 32003, USA",https://www.mojobbq.com/
Scottish,Santioni's Italian Restaurant,"3535 Hwy 17, Fleming Island, FL 32003, USA",http://santionis.com/?utm_source=google&utm_medium=wix_google_business_profile&utm_campaign=13652486858438764999
Scottish,Mellow Mushroom Fleming Island,"1800 Town Center Blvd, Fleming Island, FL 32003, USA",https://mellowmushroom.com/location/fl-fleming-island-1800-town-center-blvd-32003/?utm_source=gmb&utm_medium=organic&utm_campaign=FlemingIsland-FL&utm_content=41
Scottish,Irie Diner Caribbean Restaurant,"1177 Park Ave, Orange Park, FL 32073, USA",https://www.iriediner.com/
Scottish,Culhane's Irish Pub & Restaurant,"9720 Deer Lake Ct, Jacksonville, FL 32246, USA",https://www.culhanesirishpub.com/
Scottish,The Hilltop Restaurant,"2030 Wells Rd, Orange Park, FL 32073, USA",http://www.hilltop-club.com/
Scottish,The Turmeric Kitchen,"3075 Hwy 17, Green Cove Springs, FL 32043, USA",http://www.clayturmeric.com/
Scottish,The Sunset Tiki Bar,"3108 Hwy 17, Fleming Island, FL 32003, USA",
Scottish,Chef X,"1600 Idlewild Ave, Green Cove Springs, FL 32043, USA",
Scottish,Yianni’s Kitchen,"1831 Golden Eagle Way Suite 29, Fleming Island, FL 32003, USA",
British,Hibernia Pub,"2260 Town Center Blvd, Fleming Island, FL 32003, USA",https://www.flemingislandgolfclub.com/hibernia-pub
British,The Pub @ Magnolia Point GCC,"3670 Clubhouse Dr, Green Cove Springs, FL 32043, USA",http://www.magnoliapointgolfclub.com/
British,Kings Head British Pub,"6460 US-1, St. Augustine, FL 32095, USA",https://www.facebook.com/staugustinebritishpub
British,Corky Bell's Seafood & Steaks,"1049 Floyd St, Fleming Island, FL 32003, USA",http://www.corkybellsseafood.com/
British,Santioni's Italian Restaurant,"3535 Hwy 17, Fleming Island, FL 32003, USA",http://santionis.com/?utm_source=google&utm_medium=wix_google_business_profile&utm_campaign=13652486858438764999
Thai,Lanna Thai,"1605 County Rd 220 #180, Fleming Island, FL 32003, USA",https://www.lannathaifleming.com/
Thai,Siam Sushi & Thai,"1803 Blanding Blvd Ste 105, Middleburg, FL 32068, USA",https://www.siamsushithai.com/
Thai,Lamai Thai Restaurant at Oakleaf,"C, 9542 Argyle Forest Blvd #18, Jacksonville, FL 32222, USA",http://www.lamaithaijax.com/
Thai,Bowl Thai & Sushi Restaurant,"10 Blanding Blvd #B, Orange Park, FL 32073, USA",https://www.bowlthaisushijax.com/
Thai,Lum Thai Restaurant,"6251 Argyle Forest Blvd UNIT 102, Jacksonville, FL 32244, USA",https://www.lumthairestaurant.com/
Thai,Thai Cafe ( new management since May 2023),"1177 Park Ave, Orange Park, FL 32073, USA",http://thaicafeorangepark.com/
Thai,Thai Basil,"1075 Oakleaf Plantation Pkwy #305, Orange Park, FL 32065, USA",http://www.thaibasilorangeparkfl.com/
Thai,Ruby Thai Kitchen,"1910 Wells Rd #6771, Orange Park, FL 32073, USA",http://www.rubythaikitchenfl.com/
Thai,Tuptim Thai and sushi Restaurant,"5907 Roosevelt Blvd #700, Jacksonville, FL 32244, USA",https://www.tuptimthaisushijacksonville.com/
Thai,（Orange Park)Green Papaya Thai & Sushi Cuisine,"8635 Blanding Blvd #101, Jacksonville, FL 32244, USA",http://greenpapayaus.com/
Thai,Thai Cuisine & Noodle House,"11701 San Jose Blvd #28, Jacksonville, FL 32223, USA",https://www.orderthaicuisinefl.com/
Thai,Pan Asian Cuisine Sushi Bar & Grill,"1305 N Orange Ave, Green Cove Springs, FL 32043, USA",https://www.panasiangcs.com/
Thai,Bounxou Thai Restaurant,"9825 San Jose Blvd, Jacksonville, FL 32257, USA",https://www.bounxouthaifood.com/
Thai,Tip Thai Cuisine,"127 E Call St, Starke, FL 32091, USA",http://tipthaicuisine.com/
Japanese,Fushimi Sushi Japanese Restaurant,"1786 Blanding Blvd #13, Middleburg, FL 32068, USA",http://www.fushimimiddleburg.com/
Japanese,Kyodai Sushi Rock,"210 Orange Park Northway, Orange Park, FL 32073, USA",https://www.facebook.com/KyodaiSushiRock/
Japanese,Domo Japanese Steakhouse & Sushi Bar,"2009 E West Pkwy, Fleming Island, FL 32003, USA",https://www.facebook.com/pages/Domo-Japanese-Steakhouse-Sushi-Bar/818969018178207?sk=timeline
Japanese,Akaya Grill & Sushi Restaurant,"1075 Oakleaf Plantation Pkwy, Orange Park, FL 32065, USA",http://www.akayaonline.com/
Japanese,Midori Sushi & Grill,"2151 Loch Rane Blvd, Orange Park, FL 32073, USA",http://www.midoriorangepark.com/
Japanese,Yume Fusion Sushi & Grill,"2640 Blanding Blvd #204, Middleburg, FL 32068, USA",http://www.yumefusionmiddleburg.com/
Japanese,Pan Asian Cuisine Sushi Bar & Grill,"1305 N Orange Ave, Green Cove Springs, FL 32043, USA",https://www.panasiangcs.com/
Japanese,Sushi Cafe,"5000 Hwy 17, Fleming Island, FL 32003, USA",http://www.sushicafefl.com/
Japanese,Kaze Poke & Hibachi,"445 State Rd 13 N #7, Jacksonville, FL 32259, USA",http://www.pokehibachifl.com/
Japanese,Wakame Japanese Restaurant,"104 Bartram Oaks Walk, Fruit Cove, FL 32259, USA",http://wakamefl.com/
Japanese,Osaka Japanese Steak House,"9651 Crosshill Blvd #102, Jacksonville, FL 32222, USA",
Japanese,Sushiya,"1615 County Rd 220, Fleming Island, FL 32003, USA",
Japanese,Oishi Sushi,"950 Blanding Blvd STE 8, Orange Park, FL 32065, USA",http://www.oishisushiop.com/
Japanese,Fancy Sushi Oakleaf,"8324 Merchants Way Ste 1, Jacksonville, FL 32222, USA",http://fancysushiasianfusion.com/
Japanese,Yama Sushi & Bento,"201 2569 County Rd 220, Middleburg, FL 32068, USA",
Japanese,Sarku Japan,"1910 Wells Rd Space VC-16, Orange Park, FL 32073, USA",https://www.sarkujapan.com/
Japanese,Bowl Thai & Sushi Restaurant,"10 Blanding Blvd #B, Orange Park, FL 32073, USA",https://www.bowlthaisushijax.com/
Japanese,Sushi Yee,"7628 103rd St #3, Jacksonville, FL 32210, USA",https://www.sushiyeefl.com/
Japanese,Fuji Sushi 3 (Mandarin),"11362 San Jose Blvd, Jacksonville, FL 32223, USA",http://www.fujimandarin3.com/
Japanese,Siam Sushi & Thai,"1803 Blanding Blvd Ste 105, Middleburg, FL 32068, USA",https://www.siamsushithai.com/
Chinese,Asian House,"2349 Village Square Pkwy, Fleming Island, FL 32003, USA",http://www.asianhouseflemingisl.com/
Chinese,China Wok,"1305 N Orange Ave, Green Cove Springs, FL 32043, USA",http://chinawok88greencovesprings.com/
Chinese,Hunan Wok,"868 Blanding Blvd #125, Orange Park, FL 32065, USA",https://www.hunanwokop.com/
Chinese,China Wok,"2640 Blanding Blvd #209, Middleburg, FL 32068, USA",http://www.chinawokmiddleburg.com/
Chinese,Hot Wok,"2151 Loch Rane Blvd, Orange Park, FL 32073, USA",http://www.hotwokorangeparkfl.com/
Chinese,Fire Wok,"1330 Blanding Blvd #145, Orange Park, FL 32065, USA",http://firewokjax.com/
Chinese,Panda Express,"901 Blanding Blvd, Orange Park, FL 32065, USA",https://www.pandaexpress.com/locations/fl/orange-park/1734
Chinese,No.1 China,"305 Blanding Blvd, Orange Park, FL 32073, USA",http://www.no1chinafl.com/
Chinese,China Cafe,"1545 Branan Field Rd, Middleburg, FL 32068, USA",https://tapthru.com/store/china-cafe-middleburg-10470
Chinese,China Kitchen,"7091 Collins Rd #201, Jacksonville, FL 32244, USA",https://www.chinakitchenjacksonvillefl.com/
Chinese,Hot Wok,"1615 County Rd 220 #155, Fleming Island, FL 32003, USA",https://onlineorder.heroonlineorders.com/#/pages/menu/menu?urlparam=Hot-Wok-+Fleming-Island-32003
Chinese,Asian Paradise,"2223 County Rd 220 Ste 201, Middleburg, FL 32068, USA",
Chinese,Orange Buffet,"475 Blanding Blvd, Orange Park, FL 32073, USA",
Chinese,New China,"6625 Argyle Forest Blvd # 9, Jacksonville, FL 32244, USA",http://www.newchina6625.com/
Chinese,Fast Wok,"8415 Cheswick Oak Ave # 5, Jacksonville, FL 32244, USA",http://www.fastwokjacksonville.com/
Chinese,Pan Asian Cuisine Sushi Bar & Grill,"1305 N Orange Ave, Green Cove Springs, FL 32043, USA",https://www.panasiangcs.com/
Chinese,First Wok,"2574-1, 2574 County Rd 220, Middleburg, FL 32068, USA",https://fristwokfl.com/
Chinese,Hop Shing,"5000 Hwy 17, Fleming Island, FL 32003, USA",http://www.hopshingflemingisland.com/
Chinese,Foo Wong Garden,"1206 Park Ave, Orange Park, FL 32073, USA",https://www.facebook.com/pages/Foo-Wong-Garden/174379349288678
Chinese,Thai Basil,"1075 Oakleaf Plantation Pkwy #305, Orange Park, FL 32065, USA",http://www.thaibasilorangeparkfl.com/
Indian,The Turmeric Kitchen,"3075 Hwy 17, Green Cove Springs, FL 32043, USA",http://www.clayturmeric.com/
Indian,Masala Indian Cuisine,"9825 San Jose Blvd #6, Jacksonville, FL 32257, USA",http://www.jaxmasala.com/?utm_source=gmb&utm_medium=website
Indian,Spice Grill Indian Cuisine,"12709 Bartram Park Blvd #3, Jacksonville, FL 32258, USA",https://www.spicegrilljax.com/
Indian,5th Element Taste of India,"9551 Baymeadows Rd Unit 10 & 11, Jacksonville, FL 32256, USA",https://my5thelement.com/jacksonville/
Indian,Maa Kitchen,"8206 Philips Hwy st 25, Jacksonville, FL 32256, USA",https://www.maakitchen.com/
Indian,Persis Indian Grill,"8490 Baymeadows Rd, Jacksonville, FL 32256, USA",https://www.persisjacksonville.com/
Indian,Minerva Indian Restaurant Jacksonville,"8661 Baymeadows Rd, Jacksonville, FL 32256, USA",https://minervajax.com/
Indian,APNA Restaurant,"11173 Beach Blvd, Jacksonville, FL 32246, USA",
Indian,Taste of India,"155 Hampton Point Dr Suite 6, St. Augustine, FL 32092, USA",https://tasteofindiaflorida.com/
Indian,JaxSpice,"150 Fountains Way, St Johns, FL 32259, USA",https://www.jaxspice.com/location/jaxspice-st-johns/
Indian,Tikka Bowls And Tacos,"4820 W Deer Lake Dr #13, Jacksonville, FL 32246, USA",http://www.tikkabowlsandtacos.com/
Indian,mesa,"4260 Herschel St, Jacksonville, FL 32210, USA",http://mesajax.com/
Indian,Aha Curry Point,"9551 Baymeadows Rd Suite 10, 11, Jacksonville, FL 32256, USA",http://ahacurrypoint.com/
Indian,5th Element Indian Restaurant,"10208 Buckhead Branch Dr, Jacksonville, FL 32246, USA",http://www.my5thelement.com/
Canadian,McKim Wonton Mein Saga,"2780 Kingsway, Vancouver, BC V5R 5H6, Canada",
Russian,Eury's Market & Restaurant,"1177 Park Ave #7, Orange Park, FL 32073, USA",http://www.eurysmarket.com/
Russian,Odessa Slava Ukrainian Cafe,"3901 813 Lomax St, Riverside, FL 32204, USA",http://odessaslava.com/
Russian,Yianni’s Kitchen,"1831 Golden Eagle Way Suite 29, Fleming Island, FL 32003, USA",
Jewish,Beth Beyer Bakery & Kosher Catering,"2950 Starshire Cove, Jacksonville, FL 32257, USA",https://www.beyersbakery.com/
Jewish,Gili's Kitchen,"126 W Adams St # 102, Jacksonville, FL 32202, USA",http://www.giliskitchen.com/
Jewish,Ahava Cafe,"11271 Alumni Way, Jacksonville, FL 32246, USA",http://ahava.cafe/
Jewish,San Jose Deli & Grill,"9735 Old St Augustine Rd, Jacksonville, FL 32257, USA",
Jewish,Margo's Catering,"3662 Crown Point Rd #5955, Jacksonville, FL 32257, USA",http://www.margoscatering.com/
Jewish,Chabad of Clay County,"1831 Golden Eagle Way Unit 31, Fleming Island, FL 32003, USA",http://www.jewishclaycounty.com/
Jewish,MochaRita's Deli,"9446 Philips Hwy #5b, Jacksonville, FL 32256, USA",
Polish,Anna's Polish Restaurant,"3586 Aloma Ave #7, Winter Park, FL 32792, USA",
German,Schoolhaus Brewhaus,"525 Bigham Knoll Dr, Jacksonville, OR 97530, USA",
French,Le Petit Paris Cafe Mandarin,"9965 San Jose Blvd Suite 46, Jacksonville, FL 32257, USA",http://www.lepetitparisjax.com/
Hawaiian,L&L Hawaiian Grill,"6001 Argyle Forest Blvd #60, Jacksonville, FL 32244, USA",https://www.hawaiianbarbecue.com/locations/jacksonville/
Hawaiian,Pokemoto Baymeadows,"8060 Philips Hwy Suite 207, Jacksonville, FL 32256, USA",https://www.pokemoto.com/
Hawaiian,Hapa Li,"206 Park Ave, Orange Park, FL 32073, USA",https://www.hapalijax.com/
Hawaiian,Kai Island Grill,"137 Benchmark Rd Suite E, Avon, CO 81620, USA",https://www.kaiislandgrill.com/
Hawaiian,Yummy Hawaiian BBQ,"5435 Clayton Rd, Clayton, CA 94517, USA",https://www.yummyhawaiianbbqorder.com/
Hawaiian,Poke Cafe,"14866 Old St Augustine Rd #102, Jacksonville, FL 32258, USA",
Hawaiian,L & L Hawaiian Grill,"8380 Baymeadows Rd #4, Jacksonville, FL 32256, USA",
Hawaiian,Pokemoto,"700 Blanding Blvd #10, Orange Park, FL 32065, USA",https://www.pokemoto.com/
Brazilian,Terra Gaucha Brazilian Steakhouse - Jacksonville,"4483 Southside Blvd, Jacksonville, FL 32216, USA",http://terragaucha.com/
Peruvian,Sabor Mix Restaurant,"11757 Beach Blvd #1, Jacksonville, FL 32246, USA",
Salvadorian,La PUPUSA Gordita ( Where Premium Ingredients Equals Premium Taste),"Inside The Exon Mobil Gas Station, 21411 Clay Rd B, Katy, TX 77449, USA",
Cuban,Sol De Cuba Cafe,"195 Blanding Blvd Suite 6, Orange Park, FL 32073, USA",https://cubanfoodorangepark.com/
Cuban,Cuca la pina Cuban food,"6010 Blanding Blvd, Jacksonville, FL 32244, USA",
Cuban,Mambos Cuban Express Mandarin,"11105 San Jose Blvd #2, Jacksonville, FL 32223, USA",http://mamboscubanexpress.com/mandarin
Cuban,1928 Cuban Bistro - Roosevelt Blvd,"6331 Roosevelt Blvd STE 6, Jacksonville, FL 32244, USA",http://www.1928bistro.com/
Cuban,El Mofongo,"6011 103rd St #11, Jacksonville, FL 32210, USA",https://elmofongojacksonville.com/
Cuban,The Cuban Place Restaurant,"9850 San Jose Blvd Suite 1, Jacksonville, FL 32257, USA",https://fromtherestaurant.com/the-cuban-place-restaurant
Cuban,90 Miles from Cuba Authentic Cuban Restaurant,"9938 Beach Blvd, Jacksonville, FL 32246, USA",http://90milefromcuba.com/
Cuban,La Bodega Original,"4541 Shirley Ave, Jacksonville, FL 32210, USA",http://www.labodegajax.com/
Cuban,Havana Jax Cafe,"2578 Atlantic Blvd, Jacksonville, FL 32207, USA",https://havanajax.com/
Cuban,1928 Cuban Bistro - St. Johns,"160 Shops Blvd, St Johns, FL 32259, USA",http://www.1928bistro.com/
Cuban,Papi Sazon,"5753 Blanding Blvd, Jacksonville, FL 32244, USA",https://order.online/business/papi-sazon-food-truck-11548944
Cuban,1928 Cuban Bistro - Baymeadows Rd,"3928 Baymeadows Rd #9, Jacksonville, FL 32217, USA",http://1928bistro.com/
Tibetan,Tibet Nepal House Restaurant,"36 E Holly St, Pasadena, CA 91103, USA",https://tibetnepalhousepasadena.com/
Egyptian,Casbah Cafe,"3628 St Johns Ave, Jacksonville, FL 32205, USA",http://www.thecasbahcafe.com/
Greek,Yianni’s Kitchen,"1831 Golden Eagle Way Suite 29, Fleming Island, FL 32003, USA",
Belgian,Magic Waffle,"11362 San Jose Blvd # 15, Jacksonville, FL 32223, USA",https://magicwaffle.us/
Irish,Hibernia Pub,"2260 Town Center Blvd, Fleming Island, FL 32003, USA",https://www.flemingislandgolfclub.com/hibernia-pub
Irish,Stone's Irish Pub,"323 NE Commercial Cir, Keystone Heights, FL 32656, USA",
Irish,The Pub @ Magnolia Point GCC,"3670 Clubhouse Dr, Green Cove Springs, FL 32043, USA",http://www.magnoliapointgolfclub.com/
Irish,Culhane's Irish Pub & Restaurant,"9720 Deer Lake Ct, Jacksonville, FL 32246, USA",https://www.culhanesirishpub.com/
Irish,Corks & Barrels,"1824 Town Center Blvd Suite 101, Fleming Island, FL 32003, USA",https://www.facebook.com/CorksBarrels
Irish,Mickie's Irish Pub,"1012 King St, Jacksonville, FL 32204, USA",https://www.mickiesirishpub.com/
Irish,The Stout Snug,"1190 Edgewood Ave S, Jacksonville, FL 32205, USA",https://www.thestoutsnug.com/
Irish,Whitey's Fish Camp,"2032 County Rd 220, Fleming Island, FL 32003, USA",http://www.whiteysfishcamp.com/
Irish,Donovan's Irish Pub,"7440 US-1, St. Augustine, FL 32095, USA",http://www.donovansirishpub.org/
Irish,Culhane's Irish Pub & Restaurant,"967 Atlantic Blvd, Atlantic Beach, FL 32233, USA",https://www.culhanesirishpub.com/
Irish,Lynch's Irish Pub,"514 1st St N, Jacksonville Beach, FL 32250, USA",http://lynchsirishpub.com/
Irish,Corky Bell's Seafood & Steaks,"1049 Floyd St, Fleming Island, FL 32003, USA",http://www.corkybellsseafood.com/
Irish,Fionn MacCool's Irish Pub & Restaurant,"145 Hilden Rd, Ponte Vedra Beach, FL 32081, USA",https://fionnmacs.com/
Welsh,Mellow Mushroom Fleming Island,"1800 Town Center Blvd, Fleming Island, FL 32003, USA",https://mellowmushroom.com/location/fl-fleming-island-1800-town-center-blvd-32003/?utm_source=gmb&utm_medium=organic&utm_campaign=FlemingIsland-FL&utm_content=41
Cajun,Mackey's Munchies,"868 Blanding Blvd, Orange Park, FL 32065, USA",https://www.mackeysmunchies.com/
Cajun,Crafty Crab,"950 Blanding Blvd #1, Orange Park, FL 32065, USA",https://www.craftycrabop.com/
Cajun,Corky Bell's Seafood & Steaks,"1049 Floyd St, Fleming Island, FL 32003, USA",http://www.corkybellsseafood.com/
Cajun,Rocking Crab,"8635 Blanding Blvd #201, Jacksonville, FL 32244, USA",http://rockingcrab.com/
Cajun,J.L.Trent's Seafood & Grill,"4553 120th St, Jacksonville, FL 32244, USA",http://www.jltrents.com/
Cajun,Julington Creek Fish Camp,"12760 San Jose Blvd, Jacksonville, FL 32223, USA",http://julingtoncreekfishcamp.com/
Cajun,The Juicy Crab - Westside,"8106 Blanding Blvd, Jacksonville, FL 32244, USA",http://www.thejuicycrabjax.com/
Cajun,Popeyes Louisiana Kitchen,"2496 Blanding Blvd, Middleburg, FL 32068, USA",https://www.popeyes.com/store-locator/store/restaurant_86573?utm_source=yext&utm_medium=referral&utm_campaign=organic-local-listings
Cajun,OP Fish House and Oyster Bar,"636 Kingsley Ave, Orange Park, FL 32073, USA",http://www.opfishhouse.com/
Cajun,Popeyes Louisiana Kitchen,"430 Blanding Blvd, Orange Park, FL 32073, USA",https://www.popeyes.com/store-locator/store/restaurant_81992?utm_source=yext&utm_medium=referral&utm_campaign=organic-local-listings
Cajun,Crafty Crab,"6733 103rd St #28, Jacksonville, FL 32210, USA",http://www.craftycrabrestaurant.com/
Cajun,Copeland's of New Orleans,"4310 Southside Blvd, Jacksonville, FL 32216, USA",https://copelandsjax.com/?utm_campaign=gmb
Cajun,Popeyes Louisiana Kitchen,"7762 Argyle Forest Blvd, Jacksonville, FL 32244, USA",https://www.popeyes.com/store-locator/store/restaurant_87986?utm_source=yext&utm_medium=referral&utm_campaign=organic-local-listings
Cajun,Roger That Wings & Things,"232 Walnut St, Green Cove Springs, FL 32043, USA",http://rogerthatgcs.com/
Cajun,Gator's Dockside Oakleaf,"8316 Merchants Way, Jacksonville, FL 32222, USA",http://www.gatorsdockside.com/
Cajun,Cajun Crab Juicy Seafood & Bar,"410 Commerce Center Dr, Jacksonville, FL 32225, USA",https://www.cajuncrabjax.com/
Cajun,Red Lobster,"Across From Orange Park Mall, 32 Blanding Blvd, Orange Park, FL 32073, USA",https://www.redlobster.com/seafood-restaurants/locations/fl/orange-park/32-blanding-blvd
Cajun,Captain D's,"318 Blanding Blvd, Orange Park, FL 32073, USA",https://locations.captainds.com/ll/US/FL/Orange-Park/318-Blanding-Blvd
Cajun,Popeyes Louisiana Kitchen,"6310 103rd St, Jacksonville, FL 32210, USA",https://www.popeyes.com/store-locator/store/restaurant_81683?utm_source=yext&utm_medium=referral&utm_campaign=organic-local-listings
Cajun,Gator's Dockside St. Johns,"485 FL-13, Fruit Cove, FL 32259, USA",http://www.gatorsdockside.com/
Portuguese,Bacalhau Grill - Portuguese Restaurant & Market,"1555 Alum Rock Ave, San Jose, CA 95116, USA",https://www.bacalhaugrillsj.com/
Turkish,Istanbul Grill and Bakery,"11173 Beach Blvd #108, Jacksonville, FL 32246, USA",https://www.istanbuljax.com/
Haitian,Beignets Caribbean Cafe,"4770 Barnes Rd S # 1, Jacksonville, FL 32207, USA",https://www.beignetscaribbeanrestaurant.com/
Kenyan,African Super Store and Restaurant,"5262 Beach Blvd, Jacksonville, FL 32207, USA",
Korean,Shilla Korean Restaurant,"1031 Kingsway, Vancouver, BC V5V 3C7, Canada",http://shillakorean.ca/
Nigerian,Mabins Jollof and Fufu Bowls,"6860 Arlington Expressway Service Rd, Jacksonville, FL 32211, USA",https://www.order.store/store/mabins-jollof-bowls/D-nukB70Sd6568se5UxzMQ?ps=1&fbclid=PAAabiLx1cVpMQDA6NVz1BQBnfddeUt7M3FQ1b3gK8p5mdyDKw0K2LWf3Ju5U_aem_AWGXvaiCZL36qfP9wzrcAZJjbitIoUSmCzYAQt7Syk2t6D3u-yHteTxD-1hJzXxGZuo
Moroccan,Casbah Cafe,"3628 St Johns Ave, Jacksonville, FL 32205, USA",http://www.thecasbahcafe.com/
Lebanese,DUNYA fresh halal food,"319 Blanding Blvd, Orange Park, FL 32073, USA",https://www.facebook.com/Dunya-fresh-halal-food-FL-2216691758444631/
Lebanese,Samira's Café,"119 Bartram Oaks Walk suite 101, Fruit Cove, FL 32259, USA",https://www.clover.com/online-ordering/samiras-cafe-fruit-cove
Lebanese,Taziki's Mediterranean Cafe - Jacksonville - Mandarin,"11700 San Jose Blvd Ste 25, Jacksonville, FL 32223, USA",https://www.tazikis.com/location/jacksonville-mandarin/
Lebanese,Beirut Restaurant,"3928 Baymeadows Rd, Jacksonville, FL 32217, USA",http://beirutatjax.com/
Lebanese,Karam’s Gourmet,"1910 Wells Rd, Orange Park, FL 32073, USA",
Lebanese,Bodrum Mediterranean Kitchen,"5907 Roosevelt Blvd UNIT 200, Jacksonville, FL 32244, USA",https://bodrumjax.com/
Lebanese,Nara Restaurant & Lounge,"8650 Baymeadows Rd, Jacksonville, FL 32256, USA",
Lebanese,Mandaloun Mediterranean Cuisine,"9862 Old Baymeadows Rd, Jacksonville, FL 32256, USA",https://www.mandalounjax.com/
Lebanese,The Olive Tree Mediterranean Grille,"1705 Hendricks Ave, Jacksonville, FL 32207, USA",http://www.theolivetreemediterraneangrille.com/
Lebanese,Noura Cafe - .Lakewood University Blvd W,"1533 University Blvd W, Jacksonville, FL 32217, USA",http://www.nouracafe.com/
Lebanese,AL SHAMI,"8600 Baymeadows Rd Suite 22-23, Jacksonville, FL 32256, USA",http://qrco.de/bdTcgm?trackSharing=1
Lebanese,King Kabab,"562 Kingsley Ave, Orange Park, FL 32073, USA",https://www.eatkingkabab.com/
Lebanese,Tabouleh Cafe,"7645 Merrill Rd # 201, Jacksonville, FL 32277, USA",https://taboulehcafe.com/
Lebanese,Yafa grill,"3625 St Johns Bluff Rd S, Jacksonville, FL 32224, USA",https://yafagrill.menufy.com/
Lebanese,Hovan Gourmet Mediterranean,"2005 Park St, Jacksonville, FL 32204, USA",https://www.hovan5points.com/
Lebanese,Halas Mideast Market and Eatery Shad Rd,"5285 Shad Rd, Jacksonville, FL 32257, USA",http://facebook.com/halafoodsjax
Lebanese,Ruz Bukhari - Halal Cuisine,"Suite 180 (Ruz Bukhari, 9041 Southside Blvd, Jacksonville, FL 32256, USA",https://www.doordash.com/store/ruz-bukhari-afghan-cuisine-(southside-blvd)-jacksonville-2902711/?event_type=autocomplete&pickup=false
Lebanese,MBistro A Latin Mix Grill,"Shoppes of Baymeadows, 5230-10, Baymeadows Rd, Jacksonville, FL 32217, USA",
Lebanese,Choban Grill,"9475 Philips Hwy, Jacksonville, FL 32256, USA",http://www.chobangrill.net/
Lebanese,Damaskino Mediterranean Food,"8840 Atlantic Blvd #6, Jacksonville, FL 32211, USA",https://www.damaskinojax.com/
Vietnamese,Saigon Wok,"1810-5 Town Center Blvd, Fleming Island, FL 32003, USA",http://saigonwokfleming.com/
Vietnamese,Viet Nam Palace,"1910 Wells Rd C02C, Orange Park, FL 32073, USA",https://www.facebook.com/TasteOfVietnamop/
Vietnamese,Little Saigon Café,"1975 Wells Rd, Orange Park, FL 32073, USA",https://www.littlesaigoncafeop.com/
Vietnamese,Pho 99 Vietnamese Grill Jacksonville,"1921 Lane Ave S, Jacksonville, FL 32210, USA",http://pho99vietgrill.com/
Vietnamese,Nudo Vietnamese Cuisine,"10111-9, San Jose Blvd, Jacksonville, FL 32257, USA",http://www.nudoinjax.com/
Vietnamese,Bowl of Pho,"9902 Old Baymeadows Rd, Jacksonville, FL 32256, USA",https://facebook.com/Bowl-of-Pho-373624159250/
Vietnamese,Pan Asian Cuisine Sushi Bar & Grill,"1305 N Orange Ave, Green Cove Springs, FL 32043, USA",https://www.panasiangcs.com/
Vietnamese,Lanna Thai,"1605 County Rd 220 #180, Fleming Island, FL 32003, USA",https://www.lannathaifleming.com/
Vietnamese,Phở Today,"9700 Deer Lake Ct #5a, Jacksonville, FL 32246, USA",https://www.facebook.com/photodayjax/
Vietnamese,Urban Vietnamese,"10618 Deerwood Park Blvd #3, Jacksonville, FL 32256, USA",https://www.uvkitchen.com/
Vietnamese,Bánh Mì n’ Phở Express,"3515 St Johns Bluff Rd S, Jacksonville, FL 32224, USA",https://banhmiphoexpress.com/
Vietnamese,Banana Leaf Asian Bistro,"622 Cassat Ave, Jacksonville, FL 32205, USA",
Vietnamese,A Bit of Saigon,"3503 Kernan Blvd S, Jacksonville, FL 32224, USA",
Vietnamese,Lum Thai Restaurant,"6251 Argyle Forest Blvd UNIT 102, Jacksonville, FL 32244, USA",https://www.lumthairestaurant.com/
Vietnamese,Bowl Thai & Sushi Restaurant,"10 Blanding Blvd #B, Orange Park, FL 32073, USA",https://www.bowlthaisushijax.com/
Vietnamese,Pho Viet Inc,"1447 Mayport Rd #5, Atlantic Beach, FL 32233, USA",
Vietnamese,Lamai Thai Restaurant at Oakleaf,"C, 9542 Argyle Forest Blvd #18, Jacksonville, FL 32222, USA",http://www.lamaithaijax.com/
Vietnamese,Thai Cuisine & Noodle House,"11701 San Jose Blvd #28, Jacksonville, FL 32223, USA",https://www.orderthaicuisinefl.com/
Vietnamese,Q-Cup Boba Tea,"11380 Beach Blvd, Jacksonville, FL 32246, USA",http://www.q-cupbobatea.com/
Hungarian,Barbara’s Hungarian Food,"1400 Parkway Ave, Ewing Township, NJ 08628, USA",
Mediterranean,DUNYA fresh halal food,"319 Blanding Blvd, Orange Park, FL 32073, USA",https://www.facebook.com/Dunya-fresh-halal-food-FL-2216691758444631/
Mediterranean,Taziki's Mediterranean Cafe - Jacksonville - Mandarin,"11700 San Jose Blvd Ste 25, Jacksonville, FL 32223, USA",https://www.tazikis.com/location/jacksonville-mandarin/
Mediterranean,Samira's Café,"119 Bartram Oaks Walk suite 101, Fruit Cove, FL 32259, USA",https://www.clover.com/online-ordering/samiras-cafe-fruit-cove
Mediterranean,Bodrum Mediterranean Kitchen,"5907 Roosevelt Blvd UNIT 200, Jacksonville, FL 32244, USA",https://bodrumjax.com/
Mediterranean,Karam’s Gourmet,"1910 Wells Rd, Orange Park, FL 32073, USA",
Mediterranean,The Olive Tree Mediterranean Grille,"1705 Hendricks Ave, Jacksonville, FL 32207, USA",http://www.theolivetreemediterraneangrille.com/
Mediterranean,CAVA,"10422 San Jose Blvd, Jacksonville, FL 32257, USA",http://cava.com/
Mediterranean,King Kabab,"562 Kingsley Ave, Orange Park, FL 32073, USA",https://www.eatkingkabab.com/
Mediterranean,Noura Cafe - .Lakewood University Blvd W,"1533 University Blvd W, Jacksonville, FL 32217, USA",http://www.nouracafe.com/
Mediterranean,Hovan Gourmet Mediterranean,"2005 Park St, Jacksonville, FL 32204, USA",https://www.hovan5points.com/
Mediterranean,CAVA,"13920 Old St Augustine Rd, Jacksonville, FL 10183, USA",http://cava.com/
Mediterranean,Nara Restaurant & Lounge,"8650 Baymeadows Rd, Jacksonville, FL 32256, USA",
Mediterranean,MBistro A Latin Mix Grill,"Shoppes of Baymeadows, 5230-10, Baymeadows Rd, Jacksonville, FL 32217, USA",
Mediterranean,Gyro 365,"11101-1 Old St Augustine Rd, Jacksonville, FL 32257, USA",http://www.gyro365.net/
Mediterranean,Choban Grill,"9475 Philips Hwy, Jacksonville, FL 32256, USA",http://www.chobangrill.net/
Mediterranean,"The Great Greek Mediterranean Grill - St. Johns, FL","St. John's, 60 Shops Blvd Suite 50, St Johns, FL 32259, USA",https://www.thegreatgreekgrill.com/st-johns
Mediterranean,Yianni’s Kitchen,"1831 Golden Eagle Way Suite 29, Fleming Island, FL 32003, USA",
Mediterranean,Casbah Cafe,"3628 St Johns Ave, Jacksonville, FL 32205, USA",http://www.thecasbahcafe.com/
Mediterranean,Beirut Restaurant,"3928 Baymeadows Rd, Jacksonville, FL 32217, USA",http://beirutatjax.com/
Mediterranean,Olive Garden Italian Restaurant,"6050 Youngerman Circle Orange Park, Jacksonville, FL 32244, USA",https://www.olivegarden.com/locations/fl/jacksonville/jacksonville-orange-park/1191?cmpid=br:og_ag:ie_ch:loc_ca:OGGMB_sn:gmb_gt:jacksonville-fl-1191_pl:locurl_rd:1141
Ethiopian,Axum Restaurant,"1279 E Hastings St, Vancouver, BC V6A 1S4, Canada",http://www.axumrestaurant.ca/
Ethiopian,Gojo Café Ethiopia I Ethiopian Cuisine,"2838 Commercial Dr, Vancouver, BC V5N 4C6, Canada",http://www.gojocafe.com/
Caribbean,Irie Diner Caribbean Restaurant,"1177 Park Ave, Orange Park, FL 32073, USA",https://www.iriediner.com/
Caribbean,Yummy Yummy Caribbean Food,"195 Blanding Blvd #3A, Orange Park, FL 32073, USA",https://www.yummyyummycaribbean.com/?utm_source=gbp
Caribbean,Star’s Caribbean Restaurant LLC,"1901 Blanding Blvd, Jacksonville, FL 32210, USA",https://starscaribbeanjax.com/
Caribbean,Buccaneers Jamaican Street Jerk,"196 Arora Blvd, Orange Park, FL 32073, USA",
Caribbean,Ideal Caribbean restaurant,"104 College Dr STE 8, Orange Park, FL 32065, USA",
Caribbean,Jamrock Caribbean American Cuisine,"8943 Lem Turner Rd, Jacksonville, FL 32208, USA",
Caribbean,Balla's Caribbean Restaurant,"1410 Palmdale St, Jacksonville, FL 32208, USA",https://m.facebook.com/Ballascaribbeanrestaurant/
Caribbean,Bahama Breeze,"10205 Rivercoast Dr, Jacksonville, FL 32246, USA",https://www.bahamabreeze.com/locations/fl/jacksonville/jacksonville-st-johns-town-center/3044?cmpid=br:bb_ag:ie_ch:loc_ca:BBGMB_sn:gmb_gt:jacksonville-fl-3044_pl:locurl_rd:1023
Caribbean,Beignets Caribbean Cafe,"4770 Barnes Rd S # 1, Jacksonville, FL 32207, USA",https://www.beignetscaribbeanrestaurant.com/
Caribbean,Spices Caribbean Restaurant,"1319 Rogero Rd, Jacksonville, FL 32211, USA",https://www.spicesjax.com/
Caribbean,Mad O Caribbean and Seafood,"9735 Old St Augustine Rd #13, Jacksonville, FL 32257, USA",http://www.madoseafoodgrille.com/
Caribbean,Yah Suh Nice Jamaican Cuisine,"5111 Baymeadows Rd Suite 2, Jacksonville, FL 32217, USA",https://www.yahsuhnicefl.com/
Caribbean,Caribbean 450,"102 Phillips Dairy Rd #8018, Palatka, FL 32177, USA",
Caribbean,Island Tropics Restaurant,"2527 N Main St, Jacksonville, FL 32206, USA",https://www.facebook.com/Island-Tropics-Restaurant-Lounge-157246037639218/
Caribbean,Caribbean Paradise,"900 Dunn Ave Suite 14, Jacksonville, FL 32218, USA",https://caribbeanparadisejax.com/menu/
Caribbean,Jam Bros Caribbean Cuisine,"3794 Blanding Blvd, Jacksonville, FL 32210, USA",
Caribbean,Famous Jamaican Jerk Seafood,"7945 103rd St, Jacksonville, FL 32210, USA",https://www.facebook.com/pages/Famous-Jamaican-Jerk-Seafood/167584396595061
Caribbean,Sunrise Caribbean Gourmet,"1415 Edgewood Ave N, Jacksonville, FL 32254, USA",https://www.facebook.com/pages/category/Jamaican-Restaurant/Sunrise-Caribbean-Gourmet-Restaurant-160162077360566/
Caribbean,Randevou Caribbean Bar & Grill,"7403 103rd St, Jacksonville, FL 32210, USA",
Caribbean,ISLAND VYBZ CUISINE,"3144 Spring Park Rd, Jacksonville, FL 32207, USA",https://www.facebook.com/island.vybz.cuisine.2023
Argentinian,Villa Del Sol Argentinian Restaurant,"423 Grand Ave, South San Francisco, CA 94080, USA",
Chilean,Al Chile,"1340 Davie St, Vancouver, BC V6E 1N6, Canada",https://instagram.com/alchilevan?igshid=MzRlODBiNWFlZA==
Colombian,Delicias Colombianas Jax,"10771 Beach Blvd #107, Jacksonville, FL 32246, USA",http://deliciascolombianasjax.com/
Czech,Old Prague Restaurant,"5586 Liberty Ave, Vermilion, OH 44089, USA",http://oldpragueohio.com/
Dutch,Cracker Barrel Old Country Store,"4272 Eldridge Loop, Orange Park, FL 32073, USA",https://www.crackerbarrel.com/Locations/States/fl/orange-park/157/?utm_source=google&utm_medium=maps&utm_campaign=crackerbarrelurl
Dutch,Huddle House,"4094 Co Rd 218, Middleburg, FL 32068, USA",https://huddlehouse.com/locations/fl/middleburg/4094-county-road-218
Dutch,Irie Diner Caribbean Restaurant,"1177 Park Ave, Orange Park, FL 32073, USA",https://www.iriediner.com/
Dutch,"Mojo Smokehouse, BBQ & Blues","1810 Town Center Blvd, Fleming Island, FL 32003, USA",https://www.mojobbq.com/
Dutch,Dutch Bros,"5733 Roosevelt Blvd, Jacksonville, FL 32244, USA",https://locations.dutchbros.com/dutch-bros-coffee-12ad06adc93e?_ga=2.41398562.187428886.1710851304-1799919270.1710851304
Dutch,Corky Bell's Seafood & Steaks,"1049 Floyd St, Fleming Island, FL 32003, USA",http://www.corkybellsseafood.com/
Dutch,Mellow Mushroom Fleming Island,"1800 Town Center Blvd, Fleming Island, FL 32003, USA",https://mellowmushroom.com/location/fl-fleming-island-1800-town-center-blvd-32003/?utm_source=gmb&utm_medium=organic&utm_campaign=FlemingIsland-FL&utm_content=41
Dutch,Burger King,"4319 Hwy 17, Orange Park, FL 32003, USA",https://burgerking.com/store-locator/store/restaurant_11437
Dutch,Dutch Bros Coffee,"5733 Roosevelt Blvd, Jacksonville, FL 32244, USA",https://locations.dutchbros.com/dutch-bros-coffee-12ad06adc93e?y_source=1_MTAxOTAzMjczNS03MTUtbG9jYXRpb24ud2Vic2l0ZQ%3D%3D
Ecuadorian,Ecuadorian Food,"41-20 34th Ave, Astoria, NY 11101, USA",https://ecuadorianfood1.wixsite.com/mysite
Ghanaian,Dijah's Kitchen - African Restaurant,"16108 Ash Way #103, Lynnwood, WA 98087, USA",http://www.dijahskitchen.com/
Guatemalan,Restaurante Guatemex,"9965 San Jose Blvd suite 39, Jacksonville, FL 32257, USA",https://www.guatemexjax.com/
Honduran,Tipicos Antojitos Hondureños,"5912 University Blvd W, Jacksonville, FL 32216, USA",
Icelandic,Irie Diner Caribbean Restaurant,"1177 Park Ave, Orange Park, FL 32073, USA",https://www.iriediner.com/
Indonesian,Awang Kitchen,"8405 Queens Blvd Ste 1C, Queens, NY 11373, USA",https://awangkitchen.com/
Iranian,Persepolis Cafe,"6082 St Augustine Rd, Jacksonville, FL 32217, USA",https://www.persepoliscafe.com/
Iraqi,King Tut Mediterranean Restaurant,"13510 Aurora Ave N, Seattle, WA 98133, USA",
Israeli,Yafa grill,"3625 St Johns Bluff Rd S, Jacksonville, FL 32224, USA",https://yafagrill.menufy.com/
Jamaican,Irie Diner Caribbean Restaurant,"1177 Park Ave, Orange Park, FL 32073, USA",https://www.iriediner.com/
Jamaican,Buccaneers Jamaican Street Jerk,"196 Arora Blvd, Orange Park, FL 32073, USA",
Jamaican,Yummy Yummy Caribbean Food,"195 Blanding Blvd #3A, Orange Park, FL 32073, USA",https://www.yummyyummycaribbean.com/?utm_source=gbp
Jamaican,Ideal Caribbean restaurant,"104 College Dr STE 8, Orange Park, FL 32065, USA",
Jamaican,Famous Jamaican Jerk Seafood,"7945 103rd St, Jacksonville, FL 32210, USA",https://www.facebook.com/pages/Famous-Jamaican-Jerk-Seafood/167584396595061
Jamaican,Star’s Caribbean Restaurant LLC,"1901 Blanding Blvd, Jacksonville, FL 32210, USA",https://starscaribbeanjax.com/
Jamaican,Randevou Caribbean Bar & Grill,"7403 103rd St, Jacksonville, FL 32210, USA",
Jamaican,Jam Bros Caribbean Cuisine,"3794 Blanding Blvd, Jacksonville, FL 32210, USA",
Jamaican,Yah Suh Nice Jamaican Cuisine,"5111 Baymeadows Rd Suite 2, Jacksonville, FL 32217, USA",https://www.yahsuhnicefl.com/
Jamaican,AJ&BJ Fresh Market,"3412 Crane Hill Ct, Orange Park, FL 32065, USA",https://ajandbjfreshmarket.com/
Jamaican,Mad O Caribbean and Seafood,"9735 Old St Augustine Rd #13, Jacksonville, FL 32257, USA",http://www.madoseafoodgrille.com/
Jamaican,Taste of Jamaica,"5711 Bowden Rd #6, Jacksonville, FL 32216, USA",
Jamaican,ISLAND VYBZ CUISINE,"3144 Spring Park Rd, Jacksonville, FL 32207, USA",https://www.facebook.com/island.vybz.cuisine.2023
Jamaican,Island Tropics Restaurant,"2527 N Main St, Jacksonville, FL 32206, USA",https://www.facebook.com/Island-Tropics-Restaurant-Lounge-157246037639218/
Jamaican,Balla's Caribbean Restaurant,"1410 Palmdale St, Jacksonville, FL 32208, USA",https://m.facebook.com/Ballascaribbeanrestaurant/
Jamaican,Royale Cafe,"1166 State St W, Jacksonville, FL 32204, USA",
Jamaican,Spices Caribbean Restaurant,"1319 Rogero Rd, Jacksonville, FL 32211, USA",https://www.spicesjax.com/
Jamaican,Pepper Pot Restaurant,"4233 Brentwood Ave, Jacksonville, FL 32206, USA",https://www.facebook.com/pepperpotrestaurantinc/
Jamaican,Jamrock Caribbean American Cuisine,"8943 Lem Turner Rd, Jacksonville, FL 32208, USA",
Jamaican,Sunrise Caribbean Gourmet,"1415 Edgewood Ave N, Jacksonville, FL 32254, USA",https://www.facebook.com/pages/category/Jamaican-Restaurant/Sunrise-Caribbean-Gourmet-Restaurant-160162077360566/
Jordanian,DUNYA fresh halal food,"319 Blanding Blvd, Orange Park, FL 32073, USA",https://www.facebook.com/Dunya-fresh-halal-food-FL-2216691758444631/
Laotian,Savanh Of Laos,"5667 Seminole Blvd, Seminole, FL 33772, USA",https://www.savanhoflaos.com/
Lithuanian,Old Vilnius Cafe Deli,"2601 75th St, Darien, IL 60561, USA",http://www.oldvilniuscafe.com/
Malaysian,Penang Malaysian Cuisine,"2491 George Busbee Pkwy NW, Kennesaw, GA 30144, USA",
Mongolian,The Great Mongolian BBQ,"British Columbia, Lougheed Hwy. #460 Maple Ridge, BC V2X 2V5, Canada",http://www.thegreatmongolianbbq.com/
Nepalese,Royal Nepalese Momo Palace - #1 Place for Momos + Sugarcane Juice,"3490 Kingsway, Vancouver, BC V5R 5L7, Canada",https://www.royalmomopalace.com/
Nicaraguan,Al Fin Restaurant,"7398 Mission St, Daly City, CA 94014, USA",https://www.alfinrestaurant.com/
Pakistani,APNA Restaurant,"11173 Beach Blvd, Jacksonville, FL 32246, USA",
Panamanian,Salomas Panamanian Cuisine,"1810 Town Center Blvd Suite 13, Fleming Island, FL 32003, USA",
Paraguayan,I Love Paraguay Restaurant,"4316 Greenpoint Ave, Queens, NY 11104, USA",http://www.ilovepy.com/
Peruvian,Sabor Mix Restaurant,"11757 Beach Blvd #1, Jacksonville, FL 32246, USA",
Philippine,Lola's Filipino Cafe & Mini Store,"1241-21 Blanding Blvd, Orange Park, FL 32065, USA",
Polish,Anna's Polish Restaurant,"3586 Aloma Ave #7, Winter Park, FL 32792, USA",
Puerto Rican,El Pegao Restaurant,"2177 Kingsley Ave #13, Orange Park, FL 32073, USA",https://facebook.com/eloegaorestaurant
Romanian,Balkan Cafe,"8595 Beach Blvd APT 305, Jacksonville, FL 32216, USA",http://www.facebook.com/balkancafeflorida
Singaporean,Shiok Singaporean Cuisine,"1716 Kingsway, Vancouver, BC V5N 2S4, Canada",http://shiok.ca/
Singaporean,Prata-Man Singapore Cuisine,"9060 Capstan Wy, Richmond, BC V6X 3N6, Canada",https://prata-man-richmond.business.site/
South African,Mabins Jollof and Fufu Bowls,"6860 Arlington Expressway Service Rd, Jacksonville, FL 32211, USA",https://www.order.store/store/mabins-jollof-bowls/D-nukB70Sd6568se5UxzMQ?ps=1&fbclid=PAAabiLx1cVpMQDA6NVz1BQBnfddeUt7M3FQ1b3gK8p5mdyDKw0K2LWf3Ju5U_aem_AWGXvaiCZL36qfP9wzrcAZJjbitIoUSmCzYAQt7Syk2t6D3u-yHteTxD-1hJzXxGZuo
Sri Lankan,New Asha Sri Lanka Restaurant,"322 Victory Blvd, Staten Island, NY 10301, USA",
Syrian,Yafa grill,"3625 St Johns Bluff Rd S, Jacksonville, FL 32224, USA",https://yafagrill.menufy.com/
Taiwanese,台風 Typhoon Bubble Tea Taiwanese Cuisine,"11700 Cambie Rd. #175, Richmond, BC V6X 1L5, Canada",https://typhoonbbt.ca/
Taiwanese,Wang's Taiwan Beef Noodle House,"8390 Granville St, Vancouver, BC V6P 4Z7, Canada",https://wangstaiwanhouse.com/
Taiwanese,Joys Taiwanese Food,"4380 No. 3 Rd, Richmond, BC V6X 3V7, Canada",
Taiwanese,Chef Hung Taiwanese Beef Noodle,"4151 Hazelbridge Wy #2800, Richmond, BC V6X 4J7, Canada",http://www.chefhungnoodle.com/
Taiwanese,Chef Hung Taiwanese Beef Noodle,"3313 Shrum Lane #102, Vancouver, BC V6S 0C8, Canada",http://www.chefhungnoodle.com/
Thai,Lanna Thai,"1605 County Rd 220 #180, Fleming Island, FL 32003, USA",https://www.lannathaifleming.com/
Thai,Siam Sushi & Thai,"1803 Blanding Blvd Ste 105, Middleburg, FL 32068, USA",https://www.siamsushithai.com/
Thai,Lamai Thai Restaurant at Oakleaf,"C, 9542 Argyle Forest Blvd #18, Jacksonville, FL 32222, USA",http://www.lamaithaijax.com/
Thai,Bowl Thai & Sushi Restaurant,"10 Blanding Blvd #B, Orange Park, FL 32073, USA",https://www.bowlthaisushijax.com/
Thai,Lum Thai Restaurant,"6251 Argyle Forest Blvd UNIT 102, Jacksonville, FL 32244, USA",https://www.lumthairestaurant.com/
Thai,Thai Cafe ( new management since May 2023),"1177 Park Ave, Orange Park, FL 32073, USA",http://thaicafeorangepark.com/
Thai,Thai Basil,"1075 Oakleaf Plantation Pkwy #305, Orange Park, FL 32065, USA",http://www.thaibasilorangeparkfl.com/
Thai,Ruby Thai Kitchen,"1910 Wells Rd #6771, Orange Park, FL 32073, USA",http://www.rubythaikitchenfl.com/
Thai,Tuptim Thai and sushi Restaurant,"5907 Roosevelt Blvd #700, Jacksonville, FL 32244, USA",https://www.tuptimthaisushijacksonville.com/
Thai,（Orange Park)Green Papaya Thai & Sushi Cuisine,"8635 Blanding Blvd #101, Jacksonville, FL 32244, USA",http://greenpapayaus.com/
Thai,Thai Cuisine & Noodle House,"11701 San Jose Blvd #28, Jacksonville, FL 32223, USA",https://www.orderthaicuisinefl.com/
Thai,Pan Asian Cuisine Sushi Bar & Grill,"1305 N Orange Ave, Green Cove Springs, FL 32043, USA",https://www.panasiangcs.com/
Thai,Bounxou Thai Restaurant,"9825 San Jose Blvd, Jacksonville, FL 32257, USA",https://www.bounxouthaifood.com/
Thai,Tip Thai Cuisine,"127 E Call St, Starke, FL 32091, USA",http://tipthaicuisine.com/
Tunisian,Tunis Fresh 'N Fast,"5201 Baymeadows Rd, Jacksonville, FL 32217, USA",https://www.tunisfreshnfast.com/
Ukrainian,Odessa Slava Ukrainian Cafe,"3901 813 Lomax St, Riverside, FL 32204, USA",http://odessaslava.com/
Venezuelan,Pa'que Ronald,"6 Blanding Blvd, Orange Park, FL 32073, USA",
Vietnamese,Saigon Wok,"1810-5 Town Center Blvd, Fleming Island, FL 32003, USA",http://saigonwokfleming.com/
Vietnamese,Viet Nam Palace,"1910 Wells Rd C02C, Orange Park, FL 32073, USA",https://www.facebook.com/TasteOfVietnamop/
Vietnamese,Little Saigon Café,"1975 Wells Rd, Orange Park, FL 32073, USA",https://www.littlesaigoncafeop.com/
Vietnamese,Pho 99 Vietnamese Grill Jacksonville,"1921 Lane Ave S, Jacksonville, FL 32210, USA",http://pho99vietgrill.com/
Vietnamese,Nudo Vietnamese Cuisine,"10111-9, San Jose Blvd, Jacksonville, FL 32257, USA",http://www.nudoinjax.com/
Vietnamese,Bowl of Pho,"9902 Old Baymeadows Rd, Jacksonville, FL 32256, USA",https://facebook.com/Bowl-of-Pho-373624159250/
Vietnamese,Pan Asian Cuisine Sushi Bar & Grill,"1305 N Orange Ave, Green Cove Springs, FL 32043, USA",https://www.panasiangcs.com/
Vietnamese,Lanna Thai,"1605 County Rd 220 #180, Fleming Island, FL 32003, USA",https://www.lannathaifleming.com/
Vietnamese,Phở Today,"9700 Deer Lake Ct #5a, Jacksonville, FL 32246, USA",https://www.facebook.com/photodayjax/
Vietnamese,Urban Vietnamese,"10618 Deerwood Park Blvd #3, Jacksonville, FL 32256, USA",https://www.uvkitchen.com/
Vietnamese,Bánh Mì n’ Phở Express,"3515 St Johns Bluff Rd S, Jacksonville, FL 32224, USA",https://banhmiphoexpress.com/
Vietnamese,Banana Leaf Asian Bistro,"622 Cassat Ave, Jacksonville, FL 32205, USA",
Vietnamese,A Bit of Saigon,"3503 Kernan Blvd S, Jacksonville, FL 32224, USA",
Vietnamese,Lum Thai Restaurant,"6251 Argyle Forest Blvd UNIT 102, Jacksonville, FL 32244, USA",https://www.lumthairestaurant.com/
Vietnamese,Bowl Thai & Sushi Restaurant,"10 Blanding Blvd #B, Orange Park, FL 32073, USA",https://www.bowlthaisushijax.com/
Vietnamese,Pho Viet Inc,"1447 Mayport Rd #5, Atlantic Beach, FL 32233, USA",
Vietnamese,Lamai Thai Restaurant at Oakleaf,"C, 9542 Argyle Forest Blvd #18, Jacksonville, FL 32222, USA",http://www.lamaithaijax.com/
Vietnamese,Thai Cuisine & Noodle House,"11701 San Jose Blvd #28, Jacksonville, FL 32223, USA",https://www.orderthaicuisinefl.com/
Vietnamese,Q-Cup Boba Tea,"11380 Beach Blvd, Jacksonville, FL 32246, USA",http://www.q-cupbobatea.com/
Yemeni,SHEEBA RESTAURANT,"3933 Western Blvd, Raleigh, NC 27606, USA",http://www.sheebarestaurant.com/
