Cuisine Type,Name,Address,Website
Mexican,Dos Hermanas Mexican/American Steakhouse,"435 Main St, Antonito, CO 81120, USA",http://doshermanas-steakhouse.com/
Mexican,Lindo Jalisco,"1019 6th St, Alamosa, CO 81101, USA",https://cyrusramsey.com/places/lindo-jalisco/
Mexican,Val's Place,"501 Main St, Manassa, CO 81141, USA",https://www.facebook.com/valsplacemanassa
Mexican,Dutch Mill Cafe,"401 Main St, Antonito, CO 81120, USA",https://m.facebook.com/pages/Dutch-Mill-Restaurant/108079019233283
Mexican,Casita de Rivera,"501 Main St, Manassa, CO 81141, USA",https://www.facebook.com/profile.php?id=61550561740628&mibextid=D4KYlr
Mexican,Vallecitos,"404 E Main St, La Jara, CO 81140, USA",
Mexican,Nino's Del Sol LLC,"326 Main St, Alamosa, CO 81101, USA",http://www.ninosdelsolrestaurant.com/
Mexican,Eduardo Mexican grill,"2830 US-160, Monte Vista, CO 81144, USA",
Mexican,Juanito's Mexican Kitchen,"2069 First St, Alamosa, CO 81101, USA",https://juanitosmexicankitchen.com/
Mexican,Emma's Authentic Food Of The Southwest,"924 Main St, Alamosa, CO 81101, USA",https://www.facebook.com/emmasfoodofthesw
Mexican,Calvillo's Mexican Restaurant,"400 Main St, Alamosa, CO 81101, USA",https://calvillosmexicanrestaurant.wordpress.com/menu/
Mexican,The Rubi Slipper LLC,"506 State Ave, Alamosa, CO 81101, USA",
Mexican,Ramon's Mexican Restaurant,"31519 US-160, South Fork, CO 81154, USA",http://www.ramonssouthfork.com/
Mexican,El Super Taco,"415 Main St, Alamosa, CO 81101, USA",https://elsupertaco.net/alamosa/?utm_source=google-gmb-maps&utm_medium=gmb-website-button&utm_campaign=locl.io&utm_content=a20697c6-fe20-49fa-b1c1-8193f8728a4e
Mexican,Chavolos Mexican Restaurant,"582 Grand Ave, Del Norte, CO 81132, USA",https://loschavalosrestaurants.com/
Mexican,Oscar's Mexican Restaurant,"520 Main St, Alamosa, CO 81101, USA",http://oscarsslv.com/
Mexican,Taqueria y Antojitos Los Lopez,"1042 Park Ave, Monte Vista, CO 81144, USA",
Mexican,Santy's Taco Shop,"2414 US-84, Chama, NM 87520, USA",https://santystacoshopnm.com/
Mexican,Ramon's Mexican Restaurant,"56 Talisman Dr # 1, Pagosa Springs, CO 81147, USA",http://www.ramonspagosa.com/
Mexican,La Cueva Cafe,"135 Paseo Del Pueblo Sur, Taos, NM 87571, USA",http://www.lacuevacafe.com/
Swedish,Dutch Mill Cafe,"401 Main St, Antonito, CO 81120, USA",https://m.facebook.com/pages/Dutch-Mill-Restaurant/108079019233283
Italian,The Friar's Fork & Sanctuary,"607 Fourth St, Alamosa, CO 81101, USA",https://www.friarsfork.com/
Italian,My Brothers Place,"613 Main St, Alamosa, CO 81101, USA",
Italian,The Purple Pig Pizzeria & Pub,"624 Main St, Alamosa, CO 81101, USA",https://purplepigpizzeria.com/
Italian,Felicianos Homerun Pizza,"1201 NM-17, Chama, NM 87520, USA",https://www.facebook.com/FelicianosAndHomeRunPizza
Italian,216 Ferraro's,"216 F St, Salida, CO 81201, USA",
Italian,All-Gon Restaurant & Pizzeria,"319 Beaubien Ave, Fort Garland, CO 81133, USA",http://allgonrestaurant.com/
Italian,Nino's Del Sol LLC,"326 Main St, Alamosa, CO 81101, USA",http://www.ninosdelsolrestaurant.com/
Italian,Sbarro,"102 US-160, Alamosa, CO 81101, USA",https://sbarro.com/
Italian,Subway,"506 Spruce St, La Jara, CO 81140, USA",https://restaurants.subway.com/united-states/co/la-jara/506-spruce-street?utm_source=yxt-goog&utm_medium=local&utm_term=acq&utm_content=64809&utm_campaign=evergreen-2020&y_source=1_MTQ4OTc2MDYtNzE1LWxvY2F0aW9uLndlYnNpdGU%3D
Italian,Little Caesars Pizza,"2431 Main St, Alamosa, CO 81101, USA",https://littlecaesars.com/en-us/store/10276
Italian,Domino's Pizza,"1109 6th St, Alamosa, CO 81101, USA",https://www.dominos.com/en/?utm_source=google&utm_medium=loclist&utm_campaign=localmaps
Italian,Pizza Hut,"814 Main St, Alamosa, CO 81101, USA",https://locations.pizzahut.com/co/alamosa/814-main-st?utm_medium=organic&utm_source=local&utm_campaign=googlelistings&utm_content=website&utm_term=294164
Italian,It's Just Wings,"3231 Main St, Alamosa, CO 81101, USA",https://locations.itsjustwings.com/co/alamosa/alamosa-its-just-wings?utm_source=google&utm_medium=local&utm_campaign=IJW
Italian,Chili's Grill & Bar,"3231 Main St, Alamosa, CO 81101, USA",https://www.chilis.com/locations/us/colorado/alamosa/alamosa?utm_source=google&utm_medium=local&utm_campaign=Chilis
Italian,Bella Vino,"220 S Lena St, Ridgway, CO 81432, USA",https://bellavinorestaurant.com/
Italian,Conejos County Clerk & Recorder DMV,"6683 Co Rd 13, Conejos, CO 81129, USA",
Italian,Stella's Italian Restaurant,"112 Cam De La Placita, Taos, NM 87571, USA",https://www.facebook.com/StellasItalianRestaurant/
Italian,Mondo Italiano Taos,"832 Paseo Del Pueblo Sur, Taos, NM 87571, USA",http://mondoitalianotaos.com/
Spanish,Dutch Mill Cafe,"401 Main St, Antonito, CO 81120, USA",https://m.facebook.com/pages/Dutch-Mill-Restaurant/108079019233283
Spanish,Dos Hermanas Mexican/American Steakhouse,"435 Main St, Antonito, CO 81120, USA",http://doshermanas-steakhouse.com/
Spanish,Vallecitos,"404 E Main St, La Jara, CO 81140, USA",
Spanish,Casita de Rivera,"501 Main St, Manassa, CO 81141, USA",https://www.facebook.com/profile.php?id=61550561740628&mibextid=D4KYlr
Spanish,Val's Place,"501 Main St, Manassa, CO 81141, USA",https://www.facebook.com/valsplacemanassa
Spanish,Lindo Jalisco,"1019 6th St, Alamosa, CO 81101, USA",https://cyrusramsey.com/places/lindo-jalisco/
Spanish,Wagon Wheel Restaurant,"20245 US Hwy 285, La Jara, CO 81140, USA",
Spanish,Nino's Del Sol LLC,"326 Main St, Alamosa, CO 81101, USA",http://www.ninosdelsolrestaurant.com/
Spanish,Juanito's Mexican Kitchen,"2069 First St, Alamosa, CO 81101, USA",https://juanitosmexicankitchen.com/
Spanish,Eduardo Mexican grill,"2830 US-160, Monte Vista, CO 81144, USA",
Spanish,El Super Taco,"415 Main St, Alamosa, CO 81101, USA",https://elsupertaco.net/alamosa/?utm_source=google-gmb-maps&utm_medium=gmb-website-button&utm_campaign=locl.io&utm_content=a20697c6-fe20-49fa-b1c1-8193f8728a4e
Spanish,Calvillo's Mexican Restaurant,"400 Main St, Alamosa, CO 81101, USA",https://calvillosmexicanrestaurant.wordpress.com/menu/
Spanish,Emma's Authentic Food Of The Southwest,"924 Main St, Alamosa, CO 81101, USA",https://www.facebook.com/emmasfoodofthesw
Spanish,Chavolos Mexican Restaurant,"582 Grand Ave, Del Norte, CO 81132, USA",https://loschavalosrestaurants.com/
Spanish,Oscar's Mexican Restaurant,"520 Main St, Alamosa, CO 81101, USA",http://oscarsslv.com/
Spanish,Mi Taquito,"400 Main St, Alamosa, CO 81101, USA",https://m.facebook.com/pages/Mi-Taquito/222336111159308
Spanish,Ramon's Mexican Restaurant,"31519 US-160, South Fork, CO 81154, USA",http://www.ramonssouthfork.com/
Spanish,Thai House,"525 Main St, Alamosa, CO 81101, USA",https://alamosathaihouse.wixsite.com/thaihouse
Spanish,Chili's Grill & Bar,"3231 Main St, Alamosa, CO 81101, USA",https://www.chilis.com/locations/us/colorado/alamosa/alamosa?utm_source=google&utm_medium=local&utm_campaign=Chilis
Spanish,Lu's Main Street Cafe,"609 Main St, Blanca, CO 81123, USA",
American,Dos Hermanas Mexican/American Steakhouse,"435 Main St, Antonito, CO 81120, USA",http://doshermanas-steakhouse.com/
American,Wagon Wheel Restaurant,"20245 US Hwy 285, La Jara, CO 81140, USA",
American,Dutch Mill Cafe,"401 Main St, Antonito, CO 81120, USA",https://m.facebook.com/pages/Dutch-Mill-Restaurant/108079019233283
American,Mom and Pop's Country Kitchen,"111 Spruce St, La Jara, CO 81140, USA",https://momandpopscountrykitchen.com/
American,Knee Knockers Bar & Grill,"500 Cottonwood Dr, Alamosa, CO 81101, USA",https://www.kneeknockersbg.com/
American,Val's Place,"501 Main St, Manassa, CO 81141, USA",https://www.facebook.com/valsplacemanassa
American,Lu's Main Street Cafe,"609 Main St, Blanca, CO 81123, USA",
American,Vallecitos,"404 E Main St, La Jara, CO 81140, USA",
American,Subway,"506 Spruce St, La Jara, CO 81140, USA",https://restaurants.subway.com/united-states/co/la-jara/506-spruce-street?utm_source=yxt-goog&utm_medium=local&utm_term=acq&utm_content=64809&utm_campaign=evergreen-2020&y_source=1_MTQ4OTc2MDYtNzE1LWxvY2F0aW9uLndlYnNpdGU%3D
American,4th Street Grille,"408 Fourth St, Alamosa, CO 81101, USA",https://www.alamosaeats4thstreet.com/
American,The Rubi Slipper LLC,"506 State Ave, Alamosa, CO 81101, USA",
American,Foster’s Restaurant,"395 Terrace Ave, Chama, NM 87520, USA",https://fosters1881.com/
American,Dels Diner,"19568 US-160, Fort Garland, CO 81133, USA",
American,Campus Café,"435 Poncha Ave, Alamosa, CO 81101, USA",
American,Mountain View Diner,"403 Miranda Ave, Fort Garland, CO 81133, USA",https://www.mountainviewdinerco.com/
American,Chili's Grill & Bar,"3231 Main St, Alamosa, CO 81101, USA",https://www.chilis.com/locations/us/colorado/alamosa/alamosa?utm_source=google&utm_medium=local&utm_campaign=Chilis
American,IHOP,"2025 Main St, Alamosa, CO 81101, USA",https://restaurants.ihop.com/en-us/co/alamosa/breakfast-2025-main-st.-2136?utm_source=google&utm_medium=organic&utm_campaign=google_my_business&utm_term=2136&utm_content=website
American,Boogies Restaurant,"410 Grand Ave, Del Norte, CO 81132, USA",http://www.boogiesdelnorte.com/
American,Wendy's,"3338 Clark St, Alamosa, CO 81101, USA",https://locations.wendys.com/united-states/co/alamosa/3338-clark-st?utm_source=Yext&utm_medium=Google_My_Business&utm_campaign=Local_Search&utm_content=EN_US
American,Colorado Grille & Tap House,"590 Grand Ave, Del Norte, CO 81132, USA",https://www.coloradogrille.com/
Scottish,Knee Knockers Bar & Grill,"500 Cottonwood Dr, Alamosa, CO 81101, USA",https://www.kneeknockersbg.com/
British,The Brit,"5905 Corporate Dr, Colorado Springs, CO 80919, USA",https://www.greatbritish.net/?utm_source=gmb&utm_medium=organic
Thai,Thai Hut,"718 Main St, Alamosa, CO 81101, USA",
Thai,Thai House,"525 Main St, Alamosa, CO 81101, USA",https://alamosathaihouse.wixsite.com/thaihouse
Thai,Siam Cuisine Alamosa Thai & Sushi,"916 Main St, Alamosa, CO 81101, USA",https://siam-cuisine-alamosa.business.site/?utm_source=gmb&utm_medium=referral
Japanese,Siam Cuisine Alamosa Thai & Sushi,"916 Main St, Alamosa, CO 81101, USA",https://siam-cuisine-alamosa.business.site/?utm_source=gmb&utm_medium=referral
Japanese,Hunan,"419 Main St, Alamosa, CO 81101, USA",http://www.ehunans.com/
Japanese,Thai House,"525 Main St, Alamosa, CO 81101, USA",https://alamosathaihouse.wixsite.com/thaihouse
Japanese,Thai Hut,"718 Main St, Alamosa, CO 81101, USA",
Japanese,Sushi A La Hattori,"1405 Paseo Del Pueblo Norte, Taos, NM 87571, USA",
Japanese,Mt Fuji Hibachi & Sushi,"18260 Lincoln Ave, Parker, CO 80134, USA",http://www.mtfujiparker.com/?utm_source=gmb&utm_medium=website
Japanese,Lucky Bamboo,"507 State Ave, Alamosa, CO 81101, USA",
Japanese,Kenichi Snowmass,"110 Carriage Way Apt 3101, Snowmass Village, CO 81615, USA",http://kenichiaspen.com/
Japanese,Juanito's Mexican Kitchen,"2069 First St, Alamosa, CO 81101, USA",https://juanitosmexicankitchen.com/
Japanese,Kura Japanese Restaurant,"3478 B, Research Pkwy, Colorado Springs, CO 80920, USA",http://kura-cos.com/
Japanese,Sushi Siam Taos,"106 Paseo Del Pueblo Norte, Taos, NM 87571, USA",http://www.sushisiamtaos.com/
Chinese,China Garden Chinese Restaurant,"819 1st Ave, Monte Vista, CO 81144, USA",
Chinese,Lucky Bamboo,"507 State Ave, Alamosa, CO 81101, USA",
Chinese,Hunan,"419 Main St, Alamosa, CO 81101, USA",http://www.ehunans.com/
Chinese,Thai House,"525 Main St, Alamosa, CO 81101, USA",https://alamosathaihouse.wixsite.com/thaihouse
Chinese,Siam Cuisine Alamosa Thai & Sushi,"916 Main St, Alamosa, CO 81101, USA",https://siam-cuisine-alamosa.business.site/?utm_source=gmb&utm_medium=referral
Chinese,Mrs Rios,"124 Main St, San Luis, CO 81152, USA",
Chinese,Thai Hut,"718 Main St, Alamosa, CO 81101, USA",
Chinese,Wonderful House | Chinese Restaurant,"415 University St, Trinidad, CO 81082, USA",https://wonderfulhousetrinidad.com/
Chinese,Hunan,"1023 Paseo Del Pueblo Sur, Taos, NM 87571, USA",https://www.hunantaos.com/
Chinese,Hunan Chinese Restaurant,"2561 E Main St, Cortez, CO 81321, USA",
Chinese,Panda Garden,"13728 US-64, El Prado, NM 87528, USA",
Chinese,Song's Restaurant,"703 Paseo Del Pueblo Sur, Taos, NM 87571, USA",http://www.songsasianrestaurant.net/
Chinese,Golden Pine Chinese,"67348 US Highway #A, 67348 US Hwy 285, Pine, CO 80470, USA",http://goldenpinechinese.com/
Chinese,Hong Kong Chinese restaurant,"332 W Main St, Cortez, CO 81321, USA",
Chinese,China Kitchen,"1150 Elm Ave, Rocky Ford, CO 81067, USA",
Chinese,China Moon,"1016 Constitution Rd, Pueblo, CO 81001, USA",https://www.facebook.com/pages/China-Moon/121952387818381
Chinese,Gourmet China,"212 Chambers Ave, Eagle, CO 81631, USA",
Chinese,China Szechuan,"842 N Summit Blvd # 27, Frisco, CO 80443, USA",https://order.mealkeyway.com/customer/release/index?mid=33764d4650744f6e2b706166764e484348645a4f34413d3d#/main
Chinese,Ocean Pearl Chinese Restaurant,"300 E Main St, Cortez, CO 81321, USA",https://oceanpearlco.com/
Chinese,Golden Stix,"25567 Conifer Rd #105, Conifer, CO 80433, USA",http://www.goldenstixco.com/
Indian,Zaika Indian Cuisine,"151 W Mineral Ave #109, Littleton, CO 80120, USA",https://www.zaikalittleton.com/
Indian,India’s Kitchen III,"16270 E Arapahoe Rd #202, Foxfield, CO 80016, USA",https://www.indiaskitchen3.com/
Indian,Smoky Hill Indian Cuisine,"22942 E Smoky Hill Rd Unit A, Aurora, CO 80016, USA",http://www.smokyhillindian.com/
Indian,Highlands Indian Cuisine,"9344 Dorchester St Ste#101, Highlands Ranch, CO 80129, USA",https://highlandscuisine.com/
Indian,Monsoon Cuisine Of India,"24107 E Commons Ave, Aurora, CO 80016, USA",http://www.monsoonsouthlands.com/
Indian,Haveli Indian Cuisine,"301 E County Line Rd, Littleton, CO 80122, USA",https://www.clover.com/online-ordering/haveli-indian-cusine-littleton
Indian,Little India Restaurant & Bar Highlands,"3496 W 32nd Ave, Denver, CO 80211, USA",https://www.littleindiaofdenver.com/locations/3496-w-32nd-ave/
Indian,Little India Restaurant and Bar,"425 S Teller St, Lakewood, CO 80226, USA",https://www.littleindiadenvercolorado.com/
Indian,India's Kitchen-Parker,"18701 Mainstreet, Parker, CO 80134, USA",https://www.indiaskitchen1.com/
Indian,India's Kitchen II-Centennial,"8236 S Holly St, Centennial, CO 80122, USA",http://www.indiaskitchen2.com/
Indian,Himalayan Spice Indian Cuisine - Denver,"4279 Tennyson St, Denver, CO 80212, USA",https://himalayanspicedenver.com/
Indian,Himalayan Kitchen,"992 Main Ave, Durango, CO 81301, USA",https://himalayankitchendurango.com/
Indian,Gurkhas Kitchen Indian Restaurant & Bar,"5644 N Academy Blvd, Colorado Springs, CO 80918, USA",https://gurkhaskitchenco.com/
Indian,Tandoori Flames Indian Scratch Kitchen,"556 Village Square Ln Suite 200, Castle Pines, CO 80108, USA",http://tandooriflamesrestaurant.com/
Indian,Annapurna Nepali & Indian Cuisine,"250 S Frontage Rd W, Vail, CO 81657, USA",http://www.annapurnavail.com/
Indian,Spice Kitchen Parker,"19751 Mainstreet, Parker, CO 80138, USA",http://www.spicekitchenparker.com/
Indian,"INDIA'S Restaurant, Denver","8921 E Hampden Ave, Denver, CO 80231, USA",http://indiasrestaurant.com/
Indian,Himalayan Cuisine,"842 Summit Blvd, Frisco, CO 80443, USA",https://www.himalayancuisinefriscoco.com/
Indian,Durbar Nepalese and Indian Bistro,"11903 W 6th Ave Frontage Rd, Lakewood, CO 80401, USA",http://durbarbistro.com/
Indian,Urban Village Grill,"8505 Park Meadows Center Dr #2184, Lone Tree, CO 80124, USA",https://urbanvillagegrill.com/
Russian,Restaurant National,"909 S Oneida St Ste 1b, Denver, CO 80224, USA",
Russian,Masha and the Bear Russian Cafe,"12101 E Iliff Ave, Aurora, CO 80014, USA",http://www.mbrussiancafe.com/
Jewish,East Side Kosher Deli,"499 S Elm St, Glendale, CO 80246, USA",http://www.eastsidekosherdeli.com/
Polish,Cracovia Polish-American Restaurant & Bar,"8121 W 94th Ave, Westminster, CO 80021, USA",http://www.cracoviarestaurant.com/
German,Edelweiss German Restaurant,"34 E Ramona Ave, Colorado Springs, CO 80905, USA",https://www.edelweissrest.com/
German,The Bavarian Restaurant,"100 Kachina Rd, Taos Ski Valley, NM 87525, USA",https://www.skitaos.com/dining-winter
German,Uwe's German Restaurant,"31 Iowa Ave #5913, Colorado Springs, CO 80909, USA",http://www.uwesgermanrestaurant.com/
German,Ein Prosit,"313 Main St, Frisco, CO 80443, USA",https://www.pullmandistillery.com/
German,Helga's Haus & Bier Garden: German Restaurant & Bier Garden & Deli,"14197 E Exposition Ave, Aurora, CO 80012, USA",https://www.helgashaus.com/
German,Rhein Haus Denver,"1415 Market St, Denver, CO 80202, USA",https://www.rheinhausdenver.com/
German,Gabys German Eatery - with reservation please,"245 S Harlan St, Lakewood, CO 80226, USA",http://gabysgermaneatery.com/
German,Wienerstube Restaurant,"351 Market St, Basalt, CO 81621, USA",https://www.wienerstuberestaurant.com/
German,Alpenrose Vail,"100 E Meadow Dr STE 25, Vail, CO 81657, USA",http://www.alpenrose-vail.com/
German,Der Garten,"Taos Ski Valley, NM 87525, USA",https://www.brownellchalet.com/der-garten/
German,The Rubi Slipper LLC,"506 State Ave, Alamosa, CO 81101, USA",
German,Thai Hut,"718 Main St, Alamosa, CO 81101, USA",
German,Bohemian Biergarten,"2017 13th St, Boulder, CO 80302, USA",http://bohemianbiergarten.com/
German,1874 Food Truck,"635 Grand Ave, Del Norte, CO 81132, USA",https://www.1874foodtruck.com/?utm_source=google&utm_medium=organic&utm_campaign=gmb&utm_content=primary
German,Almresi Vail,"333 Bridge St, Vail, CO 81657, USA",http://www.almresi-vail.com/
German,Colorado Grille & Tap House,"590 Grand Ave, Del Norte, CO 81132, USA",https://www.coloradogrille.com/
German,4th Street Grille,"408 Fourth St, Alamosa, CO 81101, USA",https://www.alamosaeats4thstreet.com/
German,Country Kitchen - Alamosa,"333 Santa Fe Ave, Alamosa, CO 81101, USA",http://www.countrykitchenrestaurants.com/
French,French Alpine Bistro - Crêperie du Village,"400 E Hopkins Ave, Aspen, CO 81611, USA",http://www.frenchalpinebistro.com/
French,Le French - 9+CO,"846 Albion St, Denver, CO 80220, USA",http://www.lefrenchdenver.com/
French,Mom and Pop's Country Kitchen,"111 Spruce St, La Jara, CO 81140, USA",https://momandpopscountrykitchen.com/
French,The Friar's Fork & Sanctuary,"607 Fourth St, Alamosa, CO 81101, USA",https://www.friarsfork.com/
French,Mirabelle Restaurant,"55 Village Rd, Avon, CO 81620, USA",https://mirabelle1.com/
French,Bistro Vendôme,"2267 Kearney St, Denver, CO 80207, USA",http://www.bistrovendome.com/
French,Brasserie Brixton,"3701 N Williams St, Denver, CO 80205, USA",http://www.brasseriebrixton.com/
French,La Merise French Bistro,"2700 E 3rd Ave North, Denver, CO 80206, USA",http://lamerisedenver.com/
French,Dutch Mill Cafe,"401 Main St, Antonito, CO 81120, USA",https://m.facebook.com/pages/Dutch-Mill-Restaurant/108079019233283
French,Le Bilboquet Denver,"299 St Paul St, Denver, CO 80206, USA",http://lebilboquetdenver.com/
French,Noisette Restaurant & Bakery,"3254 Navajo St, Denver, CO 80211, USA",http://www.noisettedenver.com/
French,Mountain View Diner,"403 Miranda Ave, Fort Garland, CO 81133, USA",https://www.mountainviewdinerco.com/
French,Cafe de France,"2730 S Colorado Blvd, Denver, CO 80222, USA",http://www.cafedefrancedtc.com/
French,Left Bank Restaurant,"183 Gore Creek Dr, Vail, CO 81657, USA",http://www.leftbankvail.com/
French,Le French DTC Belleview Station,"4901 S Newport St, Denver, CO 80237, USA",http://lefrenchdenver.com/
French,Lu's Main Street Cafe,"609 Main St, Blanca, CO 81123, USA",
French,Val's Place,"501 Main St, Manassa, CO 81141, USA",https://www.facebook.com/valsplacemanassa
French,Wagon Wheel Restaurant,"20245 US Hwy 285, La Jara, CO 81140, USA",
French,Dos Hermanas Mexican/American Steakhouse,"435 Main St, Antonito, CO 81120, USA",http://doshermanas-steakhouse.com/
French,Les Délices de France,"531 E Lionshead Cir #6, Vail, CO 81657, USA",
Hawaiian,Kona Hawaiian BBQ —Arvada,"5324 Wadsworth Blvd Ste A, Arvada, CO 80002, USA",http://konahawaiianbbq.com/
Hawaiian,Hot Stuff Pizza,"320 Spruce St, La Jara, CO 81140, USA",
Hawaiian,Haole Hawaiian Grindz,"514 S Tejon St Suite 120b, Colorado Springs, CO 80903, USA",https://www.toasttab.com/coati-pod-4-518-s-tejon
Hawaiian,No-Ka-Oi,"605 Main St, Cañon City, CO 81212, USA",https://nko-bistro.com/?fbclid=IwAR0NqahII8O501WJIEcnlGIUEEr13Hqc4WWRj7-SwRX5jWpZNY1c3CN4ACI
Hawaiian,Kai Island Grill,"137 Benchmark Rd Suite E, Avon, CO 81620, USA",https://www.kaiislandgrill.com/
Hawaiian,Woody's Q Shack,"703 Main St, Alamosa, CO 81101, USA",http://www.woodysqshack.com/
Hawaiian,Thai Hut,"718 Main St, Alamosa, CO 81101, USA",
Hawaiian,Ohana Island Kitchen,"2563 15th St Ste. 105, Denver, CO 80211, USA",http://ohanadenver.com/
Hawaiian,No Ke Aloha,"854 S Buckley Rd, Aurora, CO 80017, USA",http://www.nokealoha.com/
Hawaiian,Kona Hawaiian BBQ-- (Peoria ) DENVER,"4505 Peoria St #101, Denver, CO 80239, USA",http://konahawaiianbbq.com/
Hawaiian,Sbarro,"102 US-160, Alamosa, CO 81101, USA",https://sbarro.com/
Hawaiian,The Rubi Slipper LLC,"506 State Ave, Alamosa, CO 81101, USA",
Hawaiian,Iwayama Sushi,"5500 S Simms St, Littleton, CO 80127, USA",http://www.iwayamasushi.com/
Hawaiian,L&L Hawaiian Barbecue,"575 Lincoln St Unit C, Denver, CO 80203, USA",https://www.hawaiianbarbecue.com/
Hawaiian,Calvillo's Mexican Restaurant,"400 Main St, Alamosa, CO 81101, USA",https://calvillosmexicanrestaurant.wordpress.com/menu/
Hawaiian,Little Caesars Pizza,"2431 Main St, Alamosa, CO 81101, USA",https://littlecaesars.com/en-us/store/10276
Hawaiian,Tropix Hawaiian BBQ,"2740 US-50, Grand Junction, CO 81503, USA",
Hawaiian,The Friar's Fork & Sanctuary,"607 Fourth St, Alamosa, CO 81101, USA",https://www.friarsfork.com/
Hawaiian,Hot Stuff Pizza,"1601 Main St, Alamosa, CO 81101, USA",
Hawaiian,Eduardo Mexican grill,"2830 US-160, Monte Vista, CO 81144, USA",
Brazilian,Tucanos Brazilian Grill,"3294 Cinema Point, Colorado Springs, CO 80922, USA",http://www.tucanos.com/
Brazilian,Dos Hermanas Mexican/American Steakhouse,"435 Main St, Antonito, CO 81120, USA",http://doshermanas-steakhouse.com/
Brazilian,Aroma do Brazil,"10722 E Iliff Ave, Aurora, CO 80014, USA",http://www.aromaofbrazil.com/
Brazilian,Fogo de Chão Brazilian Steakhouse,"1513 Wynkoop St, Denver, CO 80202, USA",https://fogodechao.com/location/denver/
Brazilian,Taste of Brasil,"773 Garden of the Gods Rd, Colorado Springs, CO 80907, USA",http://www.thetasteofbrasil.com/
Brazilian,Rodizio Grill Brazilian Steakhouse Denver,"1801 Wynkoop St, Denver, CO 80202, USA",https://www.rodiziogrill.com/denver/
Brazilian,Little Brazil Restaurant,"7333 W 38th Ave, Wheat Ridge, CO 80033, USA",http://www.littlebrazilco.com/
Brazilian,Texas de Brazil - Denver,"8390 Northfield Blvd Ste 1800, Denver, CO 80238, USA",https://texasdebrazil.com/locations/denver/?utm_source=gmb&utm_medium=yext&y_source=1_NDg4MzA3NDEtNzE1LWxvY2F0aW9uLndlYnNpdGU%3D
Brazilian,Fogo de Chão Brazilian Steakhouse,"8419 Park Meadows Center Dr, Lone Tree, CO 80124, USA",https://fogodechao.com/location/lone-tree/
Brazilian,Rodizio Grill Brazilian Steakhouse Fort Collins,"200 Jefferson St, Fort Collins, CO 80524, USA",https://www.rodiziogrill.com/fort-collins/
Brazilian,Cafe Brazil,"4408 Lowell Blvd, Denver, CO 80211, USA",http://www.cafebrazildenver.com/
Brazilian,Calvillo's Mexican Restaurant,"400 Main St, Alamosa, CO 81101, USA",https://calvillosmexicanrestaurant.wordpress.com/menu/
Peruvian,Aji Restaurant,"309 Paseo Del Pueblo Sur, Taos, NM 87571, USA",https://m.facebook.com/ajirestaurant.Taos/
Peruvian,Pisco Sour Restaurant & Lounge,"14050 E Evans Ave, Aurora, CO 80014, USA",
Peruvian,Dos Hermanas Mexican/American Steakhouse,"435 Main St, Antonito, CO 81120, USA",http://doshermanas-steakhouse.com/
Peruvian,Mikuna Grill,"48 N Angel Fire Rd, Angel Fire, NM 87710, USA",https://mikunagrill.com/
Peruvian,Rosario's Peruvian Restaurant,"625 Ken Pratt Blvd, Longmont, CO 80501, USA",http://www.rosariosperuvianrestaurant.com/
Peruvian,Rotisserie Chicken Taytacha Peruvian,"2385 N Academy Blvd, Colorado Springs, CO 80909, USA",https://taytacha.com/
Peruvian,Pollo Lima,"9614 E Arapahoe Rd, Greenwood Village, CO 80112, USA",https://pollolima.com/
Peruvian,The Red Llama,"8331 Willow St B, Lone Tree, CO 80124, USA",https://www.redllamaco.com/
Peruvian,Yunza Peruvian cuisine,"7595 US-50, Salida, CO 81201, USA",https://www.toasttab.com/yunza-peruvian-cuisine-7595-west-highway-50/v3/
Peruvian,Los Cabos Puro Peru,"1525 Champa St, Denver, CO 80202, USA",https://www.loscabosii.com/
Salvadorian,Dos Hermanas Mexican/American Steakhouse,"435 Main St, Antonito, CO 81120, USA",http://doshermanas-steakhouse.com/
Salvadorian,Casita de Rivera,"501 Main St, Manassa, CO 81141, USA",https://www.facebook.com/profile.php?id=61550561740628&mibextid=D4KYlr
Cuban,Dos Hermanas Mexican/American Steakhouse,"435 Main St, Antonito, CO 81120, USA",http://doshermanas-steakhouse.com/
Cuban,El Bohio Cuban Cuisine,"2080 Youngfield St, Lakewood, CO 80215, USA",https://www.elbohiocuban.com/
Cuban,Cuba Cuba Castle Rock,"6375 Promenade Pkwy, Castle Rock, CO 80108, USA",http://cubacubacafe.com/
Cuban,Arelita Authentic Cuban Food,"2306 E Platte Ave, Colorado Springs, CO 80909, USA",
Cuban,Isla Verde,"19757 Pikes Peak Avenue, Parker, CO 80138, USA",https://www.islaverderestaurant.com/
Cuban,Cuba Bakery & Café,"15028 E Mississippi Ave, Aurora, CO 80012, USA",https://cubabakeryandcafe.com/
Cuban,Bale Bale Rumba,"4737 N Academy Blvd, Colorado Springs, CO 80918, USA",
Cuban,Cuba Cuba Cafe & Bar,"1173 Delaware St, Denver, CO 80204, USA",http://www.cubacubarestaurants.com/
Cuban,Buchi Cafe Cubano,"401 Harrison Ave, Leadville, CO 80461, USA",http://www.buchicafecubano.com/
Cuban,Cuba Cuba DTC,"5322 DTC Blvd, Greenwood Village, CO 80111, USA",http://cubacubarestaurants.com/
Cuban,Babalu's Cuban Cafe,"140 W Oak St, Fort Collins, CO 80524, USA",
Cuban,Calvillo's Mexican Restaurant,"400 Main St, Alamosa, CO 81101, USA",https://calvillosmexicanrestaurant.wordpress.com/menu/
Cuban,Conejos County,"Conejos County, CO, USA",
Cuban,Conejos,"Conejos, CO 81120, USA",
Tibetan,Little Tibet,"4479 Broadway, Boulder, CO 80304, USA",http://www.littletibetrestaurant.com/
Tibetan,Tibet's Restaurant & Bar,"321 McCaslin Blvd A, Louisville, CO 80027, USA",https://www.tibetsrestaurant.com/
Tibetan,Tibet Kitchen,"2359 Arapahoe Ave, Boulder, CO 80303, USA",https://ordertibetkitchenllc.com/
Tibetan,Norbu’s Himalayan Hut,"915 Manitou Ave, Manitou Springs, CO 80829, USA",http://norbuskitchen.com/
Tibetan,Himalayan Kitchen,"992 Main Ave, Durango, CO 81301, USA",https://himalayankitchendurango.com/
Tibetan,Sherpa House Restaurant and Culture Center,"1518 Washington Ave, Golden, CO 80401, USA",http://sherpa.house/
Greek,Acropolis Greek Restaurant,"916 Main St, Alamosa, CO 81101, USA",
Belgian,Dutch Mill Cafe,"401 Main St, Antonito, CO 81120, USA",https://m.facebook.com/pages/Dutch-Mill-Restaurant/108079019233283
Irish,St Ives A Pub & Eatery,"719 Main St, Alamosa, CO 81101, USA",
Cajun,The Rubi Slipper LLC,"506 State Ave, Alamosa, CO 81101, USA",
Turkish,Bosphorus,"3493 S Downing St, Englewood, CO 80113, USA",
Tahitian,Haole Hawaiian Grindz,"514 S Tejon St Suite 120b, Colorado Springs, CO 80903, USA",https://www.toasttab.com/coati-pod-4-518-s-tejon
Kenyan,Akwaba Restaurant,"16251 E Colfax Ave, Aurora, CO 80011, USA",
Korean,Sura Korean Restaurant,"1683 Jet Wing Dr, Colorado Springs, CO 80916, USA",https://m.facebook.com/officialsurakoreanrestaurant/
Korean,Yong's Korean Kitchen,"1712 S Circle Dr, Colorado Springs, CO 80910, USA",
Korean,Seoul K-B.B.Q.& HotPot,"2080 S Havana St, Aurora, CO 80014, USA",http://seoulkoreanbbq.com/
Korean,DAE GEE KOREAN BBQ,"7570 Sheridan Boulevard, Arvada, CO 80003, USA",http://www.daegee.com/
Korean,Siam Cuisine Alamosa Thai & Sushi,"916 Main St, Alamosa, CO 81101, USA",https://siam-cuisine-alamosa.business.site/?utm_source=gmb&utm_medium=referral
Korean,Mr. Kim Korean BBQ Restaurant,"12201 E Mississippi Ave Ste113, Aurora, CO 80012, USA",http://www.mrkimbbq.com/
Korean,KoBa • All You Can Eat Korean BBQ,"1225 S Federal Blvd, Denver, CO 80219, USA",http://www.aycekoba.com/
Korean,Bop & Gogi,"10639 E Briarwood Ave, Centennial, CO 80112, USA",http://www.bopngogi.com/
Korean,Yong gung,"2040 S Havana St, Aurora, CO 80014, USA",https://ygaurora.com/
Korean,DAE GEE KOREAN BBQ,"827 Colorado Blvd, Denver, CO 80206, USA",http://www.daegee.com/
Korean,Moobongri Soondae Denver 무봉리 순대,"2787 S Parker Rd, Aurora, CO 80014, USA",https://moobongriusa.com/
Korean,Thai Hut,"718 Main St, Alamosa, CO 81101, USA",
Korean,Bonchon Colorado Springs - Cross Peak View,"11010 Cross Peak View Suite 110, Colorado Springs, CO 80921, USA",https://locations.bonchon.com/ll/US/CO/Colorado-Springs/11010-Cross-Peak-View
Korean,Coark Collective Food Hall,"15775 E Arapahoe Rd, Centennial, CO 80016, USA",https://www.coarkcollective.com/
Korean,Silla Restaurant,"3005 S Peoria St F, Aurora, CO 80014, USA",http://sillabbq.com/
Korean,Dagiya,"5612 S Parker Rd, Aurora, CO 80015, USA",
Korean,Funny Plus,"2779 S Parker Rd, Aurora, CO 80014, USA",
Korean,Woo Ri Korean Restaurant,"2648 S Parker Rd UNIT 9, Aurora, CO 80014, USA",
Korean,K Pocha - Korean Pub,"2648 S Parker Rd Unit 11, Aurora, CO 80014, USA",https://kpochaco.com/
Korean,4th Street Grille,"408 Fourth St, Alamosa, CO 81101, USA",https://www.alamosaeats4thstreet.com/
Nigerian,Akwaba Restaurant,"16251 E Colfax Ave, Aurora, CO 80011, USA",
Libyan,Conejos,"Conejos, CO 81120, USA",
Moroccan,Casablanca Restaurant,"270 S Downing St, Denver, CO 80209, USA",https://www.meccagrilldenver.com/?utm_source=gmb&utm_medium=website
Lebanese,Byblos Express Greek and Lebanese,"400 N Corona St, Denver, CO 80218, USA",https://www.byblos-cafe.com/
Vietnamese,Siam Cuisine Alamosa Thai & Sushi,"916 Main St, Alamosa, CO 81101, USA",https://siam-cuisine-alamosa.business.site/?utm_source=gmb&utm_medium=referral
Mediterranean,The Friar's Fork & Sanctuary,"607 Fourth St, Alamosa, CO 81101, USA",https://www.friarsfork.com/
Ethiopian,Mama Africa Cafe Restaurant and Bar,"6603 Leetsdale Dr F, Denver, CO 80224, USA",https://www.mamaafricacafe.com/
Ethiopian,Ras Kassa's Ethiopian Restaurant,"802 S Public Rd, Lafayette, CO 80026, USA",http://www.raskassas.com/
Ethiopian,Megenagna,"306 S Ironton St Unit C, Aurora, CO 80012, USA",https://megenagnaethiopianrestaurant.com/
Ethiopian,Konjo Ethiopian Food,"inside the Edgewater Public Market, 5505 W 20th Ave Suite #106, Edgewater, CO 80214, USA",http://www.konjoethiopianfood.com/
Ethiopian,Geez Habesha Bar & Restaurant,"262 Havana St, Aurora, CO 80010, USA",
Ethiopian,Langano Ethiopian Restaurant,"10180 E Colfax Ave Ste 116, Aurora, CO 80010, USA",https://langano-restaurant.com/
Ethiopian,Taste of Ethiopia Restaurant & Coffee Shop,"3680 Citadel Dr N, Colorado Springs, CO 80909, USA",https://www.tasteofethiopiacolorado.com/
Ethiopian,Eatopia: Eat Ethiopian,"1030 Havana St B, Aurora, CO 80010, USA",
Ethiopian,Abyssinia Ethiopian Restaurant and Bar,"5707 E Colfax Ave, Denver, CO 80220, USA",
Ethiopian,Nile Ethiopian Restaurant,"1951 S Havana St, Aurora, CO 80014, USA",
Ethiopian,Africana Restaurant & Cafe,"5091 E Colfax Ave, Denver, CO 80220, USA",
Ethiopian,Addis Ababa Ethiopian Restaurant,"2222 S Havana St unit B, Aurora, CO 80014, USA",
Ethiopian,The Ethiopian Restaurant,"2816 E Colfax Ave, Denver, CO 80206, USA",https://m.facebook.com/The-Ethiopian-Restaurant-105937256138469/
Ethiopian,Mesob Ethiopian Restaurant,"1422 Poplar St, Denver, CO 80220, USA",https://www.mesobethiopianrestaurant.com/
Ethiopian,Uchenna Ethiopian Restaurant,"2501 W Colorado Ave # 105, Colorado Springs, CO 80904, USA",https://uchennaalive.com/
Ethiopian,Queen of Sheba Ethiopian Restaurant,"7225 E Colfax Ave, Denver, CO 80220, USA",
Ethiopian,Lucy Ethiopian Restaurant,"7401 E Colfax Ave, Denver, CO 80220, USA",https://lucyrestaurant.net/
Ethiopian,Golf 1st Ethiopian Restaurant,"10 S Havana St Ste 110, Aurora, CO 80012, USA",
Ethiopian,African Grill and Bar - Lakewood Colorado,"955 S Kipling Pkwy, Lakewood, CO 80226, USA",http://www.africangrilllakewood.com/
Caribbean,J's Jamaican Flava,"3016 S Academy Blvd, Colorado Springs, CO 80916, USA",http://www.js-jamaican-flava.com/
Caribbean,High Grade Foods Jamaican Restaurant and Bar,"1020 S Tejon St, Colorado Springs, CO 80903, USA",https://highgradefoods.com/
Caribbean,One Love Island Grill Take Out,"1107 S Nevada Ave, Colorado Springs, CO 80903, USA",https://www.oneloveislandgrill.com/
Caribbean,Chili's Grill & Bar,"3231 Main St, Alamosa, CO 81101, USA",https://www.chilis.com/locations/us/colorado/alamosa/alamosa?utm_source=google&utm_medium=local&utm_campaign=Chilis
Caribbean,Just Kool,"E. Ohio Drive and, E Alameda Pkwy, Aurora, CO 80017, USA",http://www.justkooljerk.com/
Caribbean,One Love Rum Kitchen,"928 Grand Ave, Grand Lake, CO 80447, USA",http://oneloverumkitchen.com/
Caribbean,Conejos River Anglers,"34591 CO-17, Antonito, CO 81120, USA",http://www.conejosriveranglers.com/
Caribbean,Dainty's Kitchen,"302 E Platte Ave, Colorado Springs, CO 80903, USA",https://daintyjamaicankitchen.blizzfull.com/
Caribbean,Dos Medinas Food Trailer,"870 1st Street, Firestone, CO 80520, USA",https://www.facebook.com/profile.php?id=100087993866700&mibextid=LQQJ4d
Caribbean,Rasta Pasta,"405 N Tejon St, Colorado Springs, CO 80903, USA",https://realrastapasta.com/
Caribbean,Rae's & Kay's Authentic Puerto Rican and Soul Food,"4920 D, Pearl St, Boulder, CO 80301, USA",
Soul,Mom and Pop's Country Kitchen,"111 Spruce St, La Jara, CO 81140, USA",https://momandpopscountrykitchen.com/
Argentinian,Dos Hermanas Mexican/American Steakhouse,"435 Main St, Antonito, CO 81120, USA",http://doshermanas-steakhouse.com/
Chilean,Dos Hermanas Mexican/American Steakhouse,"435 Main St, Antonito, CO 81120, USA",http://doshermanas-steakhouse.com/
Colombian,Los Parceros Colombian Restaurant,"15473 E Hampden Ave A, Aurora, CO 80013, USA",
Colombian,Dos Hermanas Mexican/American Steakhouse,"435 Main St, Antonito, CO 81120, USA",http://doshermanas-steakhouse.com/
Colombian,La Chiva Colombian Cuisine,"1446 S Broadway, Denver, CO 80210, USA",https://www.lachivacolombian.com/
Colombian,Yellow Crunch,"234 N College Ave Unit B-1, Fort Collins, CO 80524, USA",https://yellowcrunch.com/
Costa Rican,Dos Hermanas Mexican/American Steakhouse,"435 Main St, Antonito, CO 81120, USA",http://doshermanas-steakhouse.com/
Danish,Dutch Mill Cafe,"401 Main St, Antonito, CO 81120, USA",https://m.facebook.com/pages/Dutch-Mill-Restaurant/108079019233283
Dutch,Dutch Mill Cafe,"401 Main St, Antonito, CO 81120, USA",https://m.facebook.com/pages/Dutch-Mill-Restaurant/108079019233283
Ecuadorian,Dos Hermanas Mexican/American Steakhouse,"435 Main St, Antonito, CO 81120, USA",http://doshermanas-steakhouse.com/
Ghanaian,Akwaba Restaurant,"16251 E Colfax Ave, Aurora, CO 80011, USA",
Guatemalan,Dos Hermanas Mexican/American Steakhouse,"435 Main St, Antonito, CO 81120, USA",http://doshermanas-steakhouse.com/
Honduran,Dos Hermanas Mexican/American Steakhouse,"435 Main St, Antonito, CO 81120, USA",http://doshermanas-steakhouse.com/
Indonesian,Innova Bar & Grill,"214 Carson Ave, Alamosa, CO 81101, USA",
Iranian,Babajoon's Kabobs & More...,"1005 W 120th Ave #250, Westminster, CO 80234, USA",http://babajoonskabobs.com/
Israeli,Jaffa Middle Eastern Kitchen,"400 E Valley Rd, Carbondale, CO 81623, USA",http://www.jaffakitchen.com/
Jamaican,Dutch Mill Cafe,"401 Main St, Antonito, CO 81120, USA",https://m.facebook.com/pages/Dutch-Mill-Restaurant/108079019233283
Kuwaiti,Conejos County,"Conejos County, CO, USA",
Laotian,Thai House,"525 Main St, Alamosa, CO 81101, USA",https://alamosathaihouse.wixsite.com/thaihouse
Malaysian,Mrs Rios,"124 Main St, San Luis, CO 81152, USA",
Mongolian,Mongolian Grill,"1135 S Camino Del Rio, Durango, CO 81303, USA",https://mongoliangrill.uorder.io/
Mongolian,Mongolian Grill,"164 W 29th St, Pueblo, CO 81008, USA",
Mongolian,HuHot Mongolian Grill,"5843 Constitution Ave, Colorado Springs, CO 80915, USA",https://www.huhot.com/location/colorado-springs-constitution-co/
Mongolian,Yuan Palace Mongolian BBQ,"7555 E Arapahoe Rd Ste.G, Centennial, CO 80112, USA",https://yuanpalacemongolianbbq.com/
Mongolian,Thai House,"525 Main St, Alamosa, CO 81101, USA",https://alamosathaihouse.wixsite.com/thaihouse
Mongolian,Thai Hut,"718 Main St, Alamosa, CO 81101, USA",
Mongolian,Hunan,"419 Main St, Alamosa, CO 81101, USA",http://www.ehunans.com/
Mongolian,Lucky Bamboo,"507 State Ave, Alamosa, CO 81101, USA",
Mongolian,Siam Cuisine Alamosa Thai & Sushi,"916 Main St, Alamosa, CO 81101, USA",https://siam-cuisine-alamosa.business.site/?utm_source=gmb&utm_medium=referral
Mongolian,HuHot Mongolian Grill,"8336 Northfield Blvd, Denver, CO 80238, USA",https://www.huhot.com/location/denver-northfield-co/
Mongolian,China Garden Chinese Restaurant,"819 1st Ave, Monte Vista, CO 81144, USA",
Mongolian,HuHot Mongolian Grill,"249 S College Ave, Fort Collins, CO 80524, USA",https://www.huhot.com/location/fort-collins-co-college-ave/
Mongolian,Genghis Grill,"9617 E County Line Rd Suite B, Centennial, CO 80112, USA",https://locations.genghisgrill.com/co/centennial/genghis-grill-1405.html
Nepalese,Himalayan Pun Hill Kitchen,"710 N Townsend Ave, Montrose, CO 81401, USA",http://himalayanpunhill.com/
Nicaraguan,Dos Hermanas Mexican/American Steakhouse,"435 Main St, Antonito, CO 81120, USA",http://doshermanas-steakhouse.com/
Pakistani,Naan Curry Grill,"10639 E Briarwood Ave A, Centennial, CO 80112, USA",https://www.naancurrygrill.com/
Panamanian,Dos Hermanas Mexican/American Steakhouse,"435 Main St, Antonito, CO 81120, USA",http://doshermanas-steakhouse.com/
Paraguayan,Dos Hermanas Mexican/American Steakhouse,"435 Main St, Antonito, CO 81120, USA",http://doshermanas-steakhouse.com/
Peruvian,Aji Restaurant,"309 Paseo Del Pueblo Sur, Taos, NM 87571, USA",https://m.facebook.com/ajirestaurant.Taos/
Peruvian,Pisco Sour Restaurant & Lounge,"14050 E Evans Ave, Aurora, CO 80014, USA",
Peruvian,Dos Hermanas Mexican/American Steakhouse,"435 Main St, Antonito, CO 81120, USA",http://doshermanas-steakhouse.com/
Peruvian,Mikuna Grill,"48 N Angel Fire Rd, Angel Fire, NM 87710, USA",https://mikunagrill.com/
Peruvian,Rosario's Peruvian Restaurant,"625 Ken Pratt Blvd, Longmont, CO 80501, USA",http://www.rosariosperuvianrestaurant.com/
Peruvian,Rotisserie Chicken Taytacha Peruvian,"2385 N Academy Blvd, Colorado Springs, CO 80909, USA",https://taytacha.com/
Peruvian,Pollo Lima,"9614 E Arapahoe Rd, Greenwood Village, CO 80112, USA",https://pollolima.com/
Peruvian,The Red Llama,"8331 Willow St B, Lone Tree, CO 80124, USA",https://www.redllamaco.com/
Peruvian,Yunza Peruvian cuisine,"7595 US-50, Salida, CO 81201, USA",https://www.toasttab.com/yunza-peruvian-cuisine-7595-west-highway-50/v3/
Peruvian,Los Cabos Puro Peru,"1525 Champa St, Denver, CO 80202, USA",https://www.loscabosii.com/
Philippine,Nana’s & Papa’s Authentic Filipino Favorites,"22 Garcia Ln, Taos, NM 87571, USA",
Polish,Cracovia Polish-American Restaurant & Bar,"8121 W 94th Ave, Westminster, CO 80021, USA",http://www.cracoviarestaurant.com/
Puerto Rican,Dutch Mill Cafe,"401 Main St, Antonito, CO 81120, USA",https://m.facebook.com/pages/Dutch-Mill-Restaurant/108079019233283
Puerto Rican,Dos Hermanas Mexican/American Steakhouse,"435 Main St, Antonito, CO 81120, USA",http://doshermanas-steakhouse.com/
Puerto Rican,Don Guillo Puerto Rican Native Cuisine,"2551 Delta Dr, Colorado Springs, CO 80910, USA",https://m.facebook.com/pages/category/Advertising-Marketing/Don-Guillo-878047759218636/
Puerto Rican,Isla Verde,"19757 Pikes Peak Avenue, Parker, CO 80138, USA",https://www.islaverderestaurant.com/
Puerto Rican,Areyto Puerto Rican Food,"3725 Buchtel Blvd S #508, Denver, CO 80210, USA",https://areytopuertorricanfood.com/
Puerto Rican,Dos Medinas Food Trailer,"870 1st Street, Firestone, CO 80520, USA",https://www.facebook.com/profile.php?id=100087993866700&mibextid=LQQJ4d
Puerto Rican,Pedacito Boricua Café,"296 S Academy Blvd unit d, Colorado Springs, CO 80910, USA",https://order.online/business/pedacito-boricua-llc-12638001
Puerto Rican,Tripletas Yeyo Will,"1402 Harrison Rd, Colorado Springs, CO 80905, USA",https://facebook.com/profile.php?id=100075943986927
Puerto Rican,Lu's Main Street Cafe,"609 Main St, Blanca, CO 81123, USA",
Puerto Rican,Rae's & Kay's Authentic Puerto Rican and Soul Food,"4920 D, Pearl St, Boulder, CO 80301, USA",
Puerto Rican,Emma's Authentic Food Of The Southwest,"924 Main St, Alamosa, CO 81101, USA",https://www.facebook.com/emmasfoodofthesw
Puerto Rican,Juanito's Mexican Kitchen,"2069 First St, Alamosa, CO 81101, USA",https://juanitosmexicankitchen.com/
Puerto Rican,The Friar's Fork & Sanctuary,"607 Fourth St, Alamosa, CO 81101, USA",https://www.friarsfork.com/
Puerto Rican,Calvillo's Mexican Restaurant,"400 Main St, Alamosa, CO 81101, USA",https://calvillosmexicanrestaurant.wordpress.com/menu/
Puerto Rican,Antonito,"Antonito, CO 81120, USA",
Puerto Rican,All Valley Cafe,"425 Main St, Alamosa, CO 81101, USA",
Puerto Rican,Ramon's Mexican Restaurant,"31519 US-160, South Fork, CO 81154, USA",http://www.ramonssouthfork.com/
Puerto Rican,Conejos,"Conejos, CO 81120, USA",
Puerto Rican,Santy's Taco Shop,"2414 US-84, Chama, NM 87520, USA",https://santystacoshopnm.com/
Puerto Rican,Piglatin Cocina,"2825 Dublin Blvd, Colorado Springs, CO 80918, USA",http://piglatincocina.com/
Saudi Arabian,Arabian Nights Cafe,"4845 N Academy Blvd, Colorado Springs, CO 80918, USA",http://www.arabiannightscafe.com/
Singaporean,Siam Cuisine Alamosa Thai & Sushi,"916 Main St, Alamosa, CO 81101, USA",https://siam-cuisine-alamosa.business.site/?utm_source=gmb&utm_medium=referral
Somali,Maandeeq East Africa Restaurant,"1535 S Havana St, Aurora, CO 80012, USA",https://maandeeqcafe.square.site/
South African,Fidel East African Restaurant,"1074 S Ironton St, Aurora, CO 80012, USA",
Swiss,Dutch Mill Cafe,"401 Main St, Antonito, CO 81120, USA",https://m.facebook.com/pages/Dutch-Mill-Restaurant/108079019233283
Syrian,JASMINE SYRIAN FOOD,"10180 E Colfax Ave STE 118, Aurora, CO 80010, USA",
Tanzanian,Akwaba Restaurant,"16251 E Colfax Ave, Aurora, CO 80011, USA",
Thai,Thai Hut,"718 Main St, Alamosa, CO 81101, USA",
Thai,Thai House,"525 Main St, Alamosa, CO 81101, USA",https://alamosathaihouse.wixsite.com/thaihouse
Thai,Siam Cuisine Alamosa Thai & Sushi,"916 Main St, Alamosa, CO 81101, USA",https://siam-cuisine-alamosa.business.site/?utm_source=gmb&utm_medium=referral
Ukrainian,Pierogies Factory,"3795 Wadsworth Blvd, Wheat Ridge, CO 80033, USA",http://pierogiesfactory.com/
Venezuelan,Arepas House,"5505 W 20th Ave Unit 112, Edgewater, CO 80214, USA",http://www.arepashouse.com/
Vietnamese,Siam Cuisine Alamosa Thai & Sushi,"916 Main St, Alamosa, CO 81101, USA",https://siam-cuisine-alamosa.business.site/?utm_source=gmb&utm_medium=referral
Yemeni,Yemen Grill,"2353 S Havana St UnitD#15A, Aurora, CO 80014, USA",http://yemengrilldenver.com/
Zambian,Fidel East African Restaurant,"1074 S Ironton St, Aurora, CO 80012, USA",
Zimbabwean,Chef Safari's African Fusion,"999 E College Dr, Durango, CO 81301, USA",https://chefsafari.com/
