Cuisine Type,Name,Address,Website
Mexican,Mrs Rios,"124 Main St, San Luis, CO 81152, USA",
Mexican,Lindo Jalisco,"1019 6th St, Alamosa, CO 81101, USA",https://cyrusramsey.com/places/lindo-jalisco/
Mexican,Juanito's Mexican Kitchen,"2069 First St, Alamosa, CO 81101, USA",https://juanitosmexicankitchen.com/
Mexican,El Super Taco,"415 Main St, Alamosa, CO 81101, USA",https://elsupertaco.net/alamosa/?utm_source=google-gmb-maps&utm_medium=gmb-website-button&utm_campaign=locl.io&utm_content=a20697c6-fe20-49fa-b1c1-8193f8728a4e
Mexican,Dos Hermanas Mexican/American Steakhouse,"435 Main St, Antonito, CO 81120, USA",http://doshermanas-steakhouse.com/
Mexican,Calvillo's Mexican Restaurant,"400 Main St, Alamosa, CO 81101, USA",https://calvillosmexicanrestaurant.wordpress.com/menu/
Mexican,Nino's Del Sol LLC,"326 Main St, Alamosa, CO 81101, USA",http://www.ninosdelsolrestaurant.com/
Mexican,Dels Diner,"19568 US-160, Fort Garland, CO 81133, USA",
Mexican,Taqueria y Antojitos Los Lopez,"1042 Park Ave, Monte Vista, CO 81144, USA",
Mexican,Oscar's Mexican Restaurant,"520 Main St, Alamosa, CO 81101, USA",http://oscarsslv.com/
Mexican,Nino's Mexican Family Restaurant,"118 Adams St, Monte Vista, CO 81144, USA",https://ninosmontevista.com/
Mexican,Emma's Authentic Food Of The Southwest,"924 Main St, Alamosa, CO 81101, USA",https://www.facebook.com/emmasfoodofthesw
Mexican,Mi Taquito,"400 Main St, Alamosa, CO 81101, USA",https://m.facebook.com/pages/Mi-Taquito/222336111159308
Mexican,Dutch Mill Cafe,"401 Main St, Antonito, CO 81120, USA",https://m.facebook.com/pages/Dutch-Mill-Restaurant/108079019233283
Mexican,Vallecitos,"404 E Main St, La Jara, CO 81140, USA",
Mexican,Taco Bell,"2435 Main St Lot 4B-2, Alamosa, CO 81101, USA",https://locations.tacobell.com/co/alamosa/2435-main-street.html?utm_source=yext&utm_campaign=googlelistings&utm_medium=referral&utm_term=032052&utm_content=website&y_source=1_NjE0NDg5My03MTUtbG9jYXRpb24ud2Vic2l0ZQ%3D%3D
Mexican,Lu's Main Street Cafe,"609 Main St, Blanca, CO 81123, USA",
Mexican,Chavolos Mexican Restaurant,"582 Grand Ave, Del Norte, CO 81132, USA",https://loschavalosrestaurants.com/
Mexican,Val's Place,"501 Main St, Manassa, CO 81141, USA",https://www.facebook.com/valsplacemanassa
Mexican,Baldo's Mexican Restaurant,"1100 Park Ave, Monte Vista, CO 81144, USA",
Italian,Piccadilly Circus Pizza,"513 Main St, San Luis, CO 81152, USA",
Italian,All-Gon Restaurant & Pizzeria,"319 Beaubien Ave, Fort Garland, CO 81133, USA",http://allgonrestaurant.com/
Italian,The Friar's Fork & Sanctuary,"607 Fourth St, Alamosa, CO 81101, USA",https://www.friarsfork.com/
Italian,My Brothers Place,"613 Main St, Alamosa, CO 81101, USA",
Italian,Stiano,"103 W Ryus Ave, La Veta, CO 81055, USA",https://www.stianoitalian.com/
Italian,The Purple Pig Pizzeria & Pub,"624 Main St, Alamosa, CO 81101, USA",https://purplepigpizzeria.com/
Italian,Nino's Del Sol LLC,"326 Main St, Alamosa, CO 81101, USA",http://www.ninosdelsolrestaurant.com/
Italian,Sbarro,"102 US-160, Alamosa, CO 81101, USA",https://sbarro.com/
Italian,Little Caesars Pizza,"2431 Main St, Alamosa, CO 81101, USA",https://littlecaesars.com/en-us/store/10276
Italian,Stella's Italian Restaurant,"112 Cam De La Placita, Taos, NM 87571, USA",https://www.facebook.com/StellasItalianRestaurant/
Italian,Pizza Hut,"814 Main St, Alamosa, CO 81101, USA",https://locations.pizzahut.com/co/alamosa/814-main-st?utm_medium=organic&utm_source=local&utm_campaign=googlelistings&utm_content=website&utm_term=294164
Italian,Mondo Italiano Taos,"832 Paseo Del Pueblo Sur, Taos, NM 87571, USA",http://mondoitalianotaos.com/
Italian,Chili's Grill & Bar,"3231 Main St, Alamosa, CO 81101, USA",https://www.chilis.com/locations/us/colorado/alamosa/alamosa?utm_source=google&utm_medium=local&utm_campaign=Chilis
Italian,Godfather's Pizza Express,"1537 Grand Ave, Monte Vista, CO 81144, USA",https://shop.godfathers.com/menu/
Italian,Chuds,"108 S 2nd St, Westcliffe, CO 81252, USA",http://chudspizza.com/
Italian,Domino's Pizza,"1109 6th St, Alamosa, CO 81101, USA",https://www.dominos.com/en/?utm_source=google&utm_medium=loclist&utm_campaign=localmaps
Italian,BEEZA’s Restaurant & Pub,"215 W Main St, Westcliffe, CO 81252, USA",
Italian,Paravicini's Italian Bistro,"2802 W Colorado Ave, Colorado Springs, CO 80904, USA",https://paravicinis.com/
Italian,It's Just Wings,"3231 Main St, Alamosa, CO 81101, USA",https://locations.itsjustwings.com/co/alamosa/alamosa-its-just-wings?utm_source=google&utm_medium=local&utm_campaign=IJW
Italian,Tony's Mountain Pizza,"630 Main St, Silver Cliff, CO 81252, USA",http://www.tonysmountainpizza.com/
Spanish,Mrs Rios,"124 Main St, San Luis, CO 81152, USA",
Spanish,Lu's Main Street Cafe,"609 Main St, Blanca, CO 81123, USA",
Spanish,Dels Diner,"19568 US-160, Fort Garland, CO 81133, USA",
Spanish,Dos Hermanas Mexican/American Steakhouse,"435 Main St, Antonito, CO 81120, USA",http://doshermanas-steakhouse.com/
Spanish,Dutch Mill Cafe,"401 Main St, Antonito, CO 81120, USA",https://m.facebook.com/pages/Dutch-Mill-Restaurant/108079019233283
Spanish,Lindo Jalisco,"1019 6th St, Alamosa, CO 81101, USA",https://cyrusramsey.com/places/lindo-jalisco/
Spanish,Vallecitos,"404 E Main St, La Jara, CO 81140, USA",
Spanish,Nino's Del Sol LLC,"326 Main St, Alamosa, CO 81101, USA",http://www.ninosdelsolrestaurant.com/
Spanish,Juanito's Mexican Kitchen,"2069 First St, Alamosa, CO 81101, USA",https://juanitosmexicankitchen.com/
Spanish,El Super Taco,"415 Main St, Alamosa, CO 81101, USA",https://elsupertaco.net/alamosa/?utm_source=google-gmb-maps&utm_medium=gmb-website-button&utm_campaign=locl.io&utm_content=a20697c6-fe20-49fa-b1c1-8193f8728a4e
Spanish,All-Gon Restaurant & Pizzeria,"319 Beaubien Ave, Fort Garland, CO 81133, USA",http://allgonrestaurant.com/
Spanish,101 Bar & Grill,"101 County Rd 13.2, Garcia, CO 81152, USA",https://www.facebook.com/101bargrillgarcia/
Spanish,Emma's Authentic Food Of The Southwest,"924 Main St, Alamosa, CO 81101, USA",https://www.facebook.com/emmasfoodofthesw
Spanish,Calvillo's Mexican Restaurant,"400 Main St, Alamosa, CO 81101, USA",https://calvillosmexicanrestaurant.wordpress.com/menu/
Spanish,Val's Place,"501 Main St, Manassa, CO 81141, USA",https://www.facebook.com/valsplacemanassa
Spanish,Nino's Mexican Family Restaurant,"118 Adams St, Monte Vista, CO 81144, USA",https://ninosmontevista.com/
Spanish,Casita de Rivera,"501 Main St, Manassa, CO 81141, USA",https://www.facebook.com/profile.php?id=61550561740628&mibextid=D4KYlr
Spanish,Taqueria y Antojitos Los Lopez,"1042 Park Ave, Monte Vista, CO 81144, USA",
Spanish,Oscar's Mexican Restaurant,"520 Main St, Alamosa, CO 81101, USA",http://oscarsslv.com/
Spanish,Dos Rios,"1635 US Hwy 285, Monte Vista, CO 81144, USA",
American,Mountain View Diner,"403 Miranda Ave, Fort Garland, CO 81133, USA",https://www.mountainviewdinerco.com/
American,Dels Diner,"19568 US-160, Fort Garland, CO 81133, USA",
American,Lu's Main Street Cafe,"609 Main St, Blanca, CO 81123, USA",
American,Mrs Rios,"124 Main St, San Luis, CO 81152, USA",
American,4th Street Grille,"408 Fourth St, Alamosa, CO 81101, USA",https://www.alamosaeats4thstreet.com/
American,The Rubi Slipper LLC,"506 State Ave, Alamosa, CO 81101, USA",
American,Piccadilly Circus Pizza,"513 Main St, San Luis, CO 81152, USA",
American,Knee Knockers Bar & Grill,"500 Cottonwood Dr, Alamosa, CO 81101, USA",https://www.kneeknockersbg.com/
American,"Mountain View Restaurant , Monte Vista Colorado","2099 Sherman Ave, Monte Vista, CO 81144, USA",http://mountainviewdining.net/
American,Dos Hermanas Mexican/American Steakhouse,"435 Main St, Antonito, CO 81120, USA",http://doshermanas-steakhouse.com/
American,The Friar's Fork & Sanctuary,"607 Fourth St, Alamosa, CO 81101, USA",https://www.friarsfork.com/
American,All-Gon Restaurant & Pizzeria,"319 Beaubien Ave, Fort Garland, CO 81133, USA",http://allgonrestaurant.com/
American,Silver Cliff Mountain Inn,"700 Ohio St, Silver Cliff, CO 81252, USA",https://visitwetmountainvalley.com/directory/listing/silver-cliff-mountain-inn-and-restaurant
American,Stars,"1020 2nd Ave, Monte Vista, CO 81144, USA",
American,Wagon Wheel Restaurant,"20245 US Hwy 285, La Jara, CO 81140, USA",
American,Val's Place,"501 Main St, Manassa, CO 81141, USA",https://www.facebook.com/valsplacemanassa
American,Dutch Mill Cafe,"401 Main St, Antonito, CO 81120, USA",https://m.facebook.com/pages/Dutch-Mill-Restaurant/108079019233283
American,Mom and Pop's Country Kitchen,"111 Spruce St, La Jara, CO 81140, USA",https://momandpopscountrykitchen.com/
American,Monte Vista Malt Shop,"1035 Park Ave, Monte Vista, CO 81144, USA",http://www.montevistamaltshop.com/
American,Quincy's Steakhouse & Spirits,"138 Adams St, Monte Vista, CO 81144, USA",http://quincystavern.com/
Scottish,St Ives A Pub & Eatery,"719 Main St, Alamosa, CO 81101, USA",
British,The Brit,"5905 Corporate Dr, Colorado Springs, CO 80919, USA",https://www.greatbritish.net/?utm_source=gmb&utm_medium=organic
Thai,Mrs Rios,"124 Main St, San Luis, CO 81152, USA",
Thai,Thai Hut,"718 Main St, Alamosa, CO 81101, USA",
Thai,Thai House,"525 Main St, Alamosa, CO 81101, USA",https://alamosathaihouse.wixsite.com/thaihouse
Thai,Siam Cuisine Alamosa Thai & Sushi,"916 Main St, Alamosa, CO 81101, USA",https://siam-cuisine-alamosa.business.site/?utm_source=gmb&utm_medium=referral
Thai,Thai Angel Restaurant,"144 E Therma St, Eagle Nest, NM 87718, USA",https://thai-angel.com/?fbclid=IwAR3kmR1BrkVcF6pwswAfoTG6PxgaRt6MIKanDIbKXjKPF-XGAD9LyyV-oeM
Thai,Lu's Main Street Cafe,"609 Main St, Blanca, CO 81123, USA",
Thai,Mountain View Diner,"403 Miranda Ave, Fort Garland, CO 81133, USA",https://www.mountainviewdinerco.com/
Thai,All-Gon Restaurant & Pizzeria,"319 Beaubien Ave, Fort Garland, CO 81133, USA",http://allgonrestaurant.com/
Thai,Thai Chili Restaurant Ouray Colorado,"740 Main St, Ouray, CO 81427, USA",https://order.thaichilico.com/
Thai,Piccadilly Circus Pizza,"513 Main St, San Luis, CO 81152, USA",
Thai,Thai Cortez,"1430 E Main St, Cortez, CO 81321, USA",https://thaicortez.com/
Thai,Thai Kitchen,"141 Main St, Minturn, CO 81645, USA",https://thai-kitchen-co.square.site/
Thai,Thai Chili 89 Thai Street Food (Breckenridge Location),"100 N Main St #204, Breckenridge, CO 80424, USA",https://www.thaichilibreckenridge.com/
Thai,Summit Thai,"842 N Summit Blvd # 19, Frisco, CO 80443, USA",http://www.summitthaico.com/
Thai,Thai Angel Mobile,"3367 Mountain View Blvd, Angel Fire, NM 87710, USA",https://www.thai-angel.com/
Thai,Chang's Thai Viet & Japanese,"1015 S Townsend Ave, Montrose, CO 81401, USA",https://www.chang-thaicuisine.com/
Thai,Thai House Co. & Sushi,"60 El Jebel Rd UNIT 103, El Jebel, CO 81623, USA",https://www.facebook.com/thcsushi
Japanese,Siam Cuisine Alamosa Thai & Sushi,"916 Main St, Alamosa, CO 81101, USA",https://siam-cuisine-alamosa.business.site/?utm_source=gmb&utm_medium=referral
Japanese,Thai House,"525 Main St, Alamosa, CO 81101, USA",https://alamosathaihouse.wixsite.com/thaihouse
Japanese,Hunan,"419 Main St, Alamosa, CO 81101, USA",http://www.ehunans.com/
Japanese,Thai Hut,"718 Main St, Alamosa, CO 81101, USA",
Japanese,Nozawa Sushi & Hibachi,"282 Dillon Ridge Rd # B, Dillon, CO 80435, USA",http://www.nozawafusion.com/
Japanese,Sushi A La Hattori,"1405 Paseo Del Pueblo Norte, Taos, NM 87571, USA",
Japanese,Sushi Siam Taos,"106 Paseo Del Pueblo Norte, Taos, NM 87571, USA",http://www.sushisiamtaos.com/
Japanese,Lucky Bamboo,"507 State Ave, Alamosa, CO 81101, USA",
Japanese,Kokoro Restaurant,"5535 Wadsworth Blvd, Arvada, CO 80002, USA",https://www.kokororestaurants.com/
Japanese,Sato Sushi,"105 Edwards Village Blvd, Edwards, CO 81632, USA",http://satosushiedwards.com/
Japanese,Fujiyama Japanese Hibachi & Sushi,"1100 Sergeant Jon Stiles Dr #106, Highlands Ranch, CO 80129, USA",https://fujiyamacotogo.com/
Japanese,The Silver Lotus Mobile Cafe - Valley Fusion (Food Cart / Truck),"175 Golden St, Moffat, CO 81143, USA",
Japanese,Kokoro Restaurant,"2390 S Colorado Blvd, Denver, CO 80222, USA",https://www.kokororestaurants.com/
Japanese,Juanito's Mexican Kitchen,"2069 First St, Alamosa, CO 81101, USA",https://juanitosmexicankitchen.com/
Japanese,Nozawa Sushi & Teppanyaki,"240 Chapel Pl, Avon, CO 81620, USA",http://www.nozawas.com/
Japanese,Japon Rolls & Bowls,"14290 Lincoln St, Thornton, CO 80023, USA",https://japonrollsandbowls.com/?utm_source=gmb&utm_medium=organic&utm_campaign=gmb
Japanese,IZAKAYA CABIN,"321 Elk Ave, Crested Butte, CO 81224, USA",http://izakayacabin.com/
Japanese,Yukihana Sushi & Sake Bar,"127 Elk Ave, Crested Butte, CO 81224, USA",https://yukihanacb.com/
Japanese,Osaki’s,"100 E Meadow Dr #14, Vail, CO 81657, USA",http://www.osakisvail.com/
Japanese,Japango,"1136 Pearl St, Boulder, CO 80302, USA",https://japangosushi.com/
Chinese,Mrs Rios,"124 Main St, San Luis, CO 81152, USA",
Chinese,Lucky Bamboo,"507 State Ave, Alamosa, CO 81101, USA",
Chinese,China Garden Chinese Restaurant,"819 1st Ave, Monte Vista, CO 81144, USA",
Chinese,Hoong's Palace,"10333 E Costilla Ave, Englewood, CO 80112, USA",http://www.hoongspalace.com/
Chinese,Thai House,"525 Main St, Alamosa, CO 81101, USA",https://alamosathaihouse.wixsite.com/thaihouse
Chinese,Wonderful House | Chinese Restaurant,"415 University St, Trinidad, CO 81082, USA",https://wonderfulhousetrinidad.com/
Chinese,Hunan,"419 Main St, Alamosa, CO 81101, USA",http://www.ehunans.com/
Chinese,Hong's Garden Chinese Restaurant,"820 Castle Valley Blvd UNIT 106, New Castle, CO 81647, USA",https://newcastlehongsgarden.com/
Chinese,Asian Cafe,"414 W 1st St, La Junta, CO 81050, USA",
Chinese,Eric's Asian Cafe,"2700 Colorado Blvd, Idaho Springs, CO 80452, USA",https://ericsasiancafe.com/
Chinese,Song's Restaurant,"703 Paseo Del Pueblo Sur, Taos, NM 87571, USA",http://www.songsasianrestaurant.net/
Chinese,China Szechuan,"842 N Summit Blvd # 27, Frisco, CO 80443, USA",https://order.mealkeyway.com/customer/release/index?mid=33764d4650744f6e2b706166764e484348645a4f34413d3d#/main
Chinese,LIN EXPRESS,"132 W 29th St, Pueblo, CO 81008, USA",https://linexpresspueblo.kwickmenu.com/
Chinese,Thai Hut,"718 Main St, Alamosa, CO 81101, USA",
Chinese,Jin's Asian Bistro,"8996 W Bowles Ave, Littleton, CO 80123, USA",https://www.jinslittleton.com/
Chinese,Asian Garden,"74 Component Dr #150, Pueblo West, CO 81007, USA",https://comweb.heroonlineorders.com/myasiangarden.com/
Chinese,Hong Kong Station 港味小厨,"6878 S Yosemite St, Centennial, CO 80112, USA",https://www.hkstationdenver.com/
Chinese,JP's Asian Bistro,"8351 N Rampart Range Rd #101, Littleton, CO 80125, USA",http://jpsasianbistro.com/
Chinese,Bamboo Panda Inc,"313 Colorado Ave, La Junta, CO 81050, USA",
Chinese,Siam Cuisine Alamosa Thai & Sushi,"916 Main St, Alamosa, CO 81101, USA",https://siam-cuisine-alamosa.business.site/?utm_source=gmb&utm_medium=referral
Indian,Ramji's Indian Cafe,"121 E Galena Ave, Crestone, CO 81131, USA",
Russian,Mrs Rios,"124 Main St, San Luis, CO 81152, USA",
Jewish,East Side Kosher Deli,"499 S Elm St, Glendale, CO 80246, USA",http://www.eastsidekosherdeli.com/
Polish,Cracovia Polish-American Restaurant & Bar,"8121 W 94th Ave, Westminster, CO 80021, USA",http://www.cracoviarestaurant.com/
German,The Bavarian Restaurant,"100 Kachina Rd, Taos Ski Valley, NM 87525, USA",https://www.skitaos.com/dining-winter
French,Mountain View Diner,"403 Miranda Ave, Fort Garland, CO 81133, USA",https://www.mountainviewdinerco.com/
French,Lu's Main Street Cafe,"609 Main St, Blanca, CO 81123, USA",
French,Dels Diner,"19568 US-160, Fort Garland, CO 81133, USA",
French,Mrs Rios,"124 Main St, San Luis, CO 81152, USA",
French,Le French - 9+CO,"846 Albion St, Denver, CO 80220, USA",http://www.lefrenchdenver.com/
French,The Friar's Fork & Sanctuary,"607 Fourth St, Alamosa, CO 81101, USA",https://www.friarsfork.com/
French,French Alpine Bistro - Crêperie du Village,"400 E Hopkins Ave, Aspen, CO 81611, USA",http://www.frenchalpinebistro.com/
French,La Française Bistrot,"411 S Main St Unit 4, Breckenridge, CO 80424, USA",http://lafrancaisebistrot.com/
French,Mirabelle Restaurant,"55 Village Rd, Avon, CO 81620, USA",https://mirabelle1.com/
French,Cafe de France,"2730 S Colorado Blvd, Denver, CO 80222, USA",http://www.cafedefrancedtc.com/
French,101 Bar & Grill,"101 County Rd 13.2, Garcia, CO 81152, USA",https://www.facebook.com/101bargrillgarcia/
French,Le French DTC Belleview Station,"4901 S Newport St, Denver, CO 80237, USA",http://lefrenchdenver.com/
French,Piccadilly Circus Pizza,"513 Main St, San Luis, CO 81152, USA",
French,Les Délices de France,"531 E Lionshead Cir #6, Vail, CO 81657, USA",
French,La Merise French Bistro,"2700 E 3rd Ave North, Denver, CO 80206, USA",http://lamerisedenver.com/
French,Left Bank Restaurant,"183 Gore Creek Dr, Vail, CO 81657, USA",http://www.leftbankvail.com/
French,Mom and Pop's Country Kitchen,"111 Spruce St, La Jara, CO 81140, USA",https://momandpopscountrykitchen.com/
French,Le French Café,"2525 Arapahoe Ave C-1, Boulder, CO 80302, USA",https://www.lefrenchcafeboulder.com/
French,Le Bilboquet Denver,"299 St Paul St, Denver, CO 80206, USA",http://lebilboquetdenver.com/
French,All-Gon Restaurant & Pizzeria,"319 Beaubien Ave, Fort Garland, CO 81133, USA",http://allgonrestaurant.com/
Hawaiian,Mrs Rios,"124 Main St, San Luis, CO 81152, USA",
Hawaiian,Piccadilly Circus Pizza,"513 Main St, San Luis, CO 81152, USA",
Hawaiian,Haole Hawaiian Grindz,"514 S Tejon St Suite 120b, Colorado Springs, CO 80903, USA",https://www.toasttab.com/coati-pod-4-518-s-tejon
Hawaiian,L&L Hawaiian Barbecue,"5850 Barnes Rd, Colorado Springs, CO 80922, USA",https://www.hawaiianbarbecue.com/locations/colorado-springs/
Hawaiian,No-Ka-Oi,"605 Main St, Cañon City, CO 81212, USA",https://nko-bistro.com/?fbclid=IwAR0NqahII8O501WJIEcnlGIUEEr13Hqc4WWRj7-SwRX5jWpZNY1c3CN4ACI
Hawaiian,Today Hawaii BBQ,"9191 Washington St unit H, Thornton, CO 80229, USA",https://todayhawaiibbqthornton.com/
Hawaiian,Kona Hawaiian BBQ-Johnstown,"4848 Larimer Pkwy, Johnstown, CO 80534, USA",http://konahawaiianbbqco.com/
Hawaiian,Honolulu Poke Bar,"4918 Thompson Pkwy, Johnstown, CO 80534, USA",https://honolulupoketogo.com/
Hawaiian,Kona Hawaiian BBQ —Arvada,"5324 Wadsworth Blvd Ste A, Arvada, CO 80002, USA",http://konahawaiianbbq.com/
Hawaiian,L&L Hawaiian Mixplate,"5650 S Chambers Rd, Aurora, CO 80015, USA",https://www.hawaiianbarbecue.com/locations/
Hawaiian,Ohana Island Kitchen,"2563 15th St Ste. 105, Denver, CO 80211, USA",http://ohanadenver.com/
Hawaiian,Woody's Q Shack,"703 Main St, Alamosa, CO 81101, USA",http://www.woodysqshack.com/
Hawaiian,Kona Hawaiian BBQ-- (Peoria ) DENVER,"4505 Peoria St #101, Denver, CO 80239, USA",http://konahawaiianbbq.com/
Hawaiian,No Ke Aloha,"854 S Buckley Rd, Aurora, CO 80017, USA",http://www.nokealoha.com/
Hawaiian,L&L Hawaiian Barbecue,"575 Lincoln St Unit C, Denver, CO 80203, USA",https://www.hawaiianbarbecue.com/
Hawaiian,Kealoha's BBQ,"601 16th St Mall Space B, Denver, CO 80202, USA",https://kealohasbbq.com/
Hawaiian,Sbarro,"102 US-160, Alamosa, CO 81101, USA",https://sbarro.com/
Hawaiian,The Rubi Slipper LLC,"506 State Ave, Alamosa, CO 81101, USA",
Hawaiian,St Ives A Pub & Eatery,"719 Main St, Alamosa, CO 81101, USA",
Hawaiian,Hot Stuff Pizza,"1601 Main St, Alamosa, CO 81101, USA",
Brazilian,Tucanos Brazilian Grill,"3294 Cinema Point, Colorado Springs, CO 80922, USA",http://www.tucanos.com/
Brazilian,Fogo de Chão Brazilian Steakhouse,"1513 Wynkoop St, Denver, CO 80202, USA",https://fogodechao.com/location/denver/
Brazilian,Taste of Brasil,"773 Garden of the Gods Rd, Colorado Springs, CO 80907, USA",http://www.thetasteofbrasil.com/
Brazilian,Rodizio Grill Brazilian Steakhouse Denver,"1801 Wynkoop St, Denver, CO 80202, USA",https://www.rodiziogrill.com/denver/
Brazilian,Texas de Brazil - Denver,"8390 Northfield Blvd Ste 1800, Denver, CO 80238, USA",https://texasdebrazil.com/locations/denver/?utm_source=gmb&utm_medium=yext&y_source=1_NDg4MzA3NDEtNzE1LWxvY2F0aW9uLndlYnNpdGU%3D
Brazilian,Little Brazil Restaurant,"7333 W 38th Ave, Wheat Ridge, CO 80033, USA",http://www.littlebrazilco.com/
Brazilian,Cafe Brazil,"4408 Lowell Blvd, Denver, CO 80211, USA",http://www.cafebrazildenver.com/
Brazilian,Fogo de Chão Brazilian Steakhouse,"8419 Park Meadows Center Dr, Lone Tree, CO 80124, USA",https://fogodechao.com/location/lone-tree/
Brazilian,Rodizio Grill Brazilian Steakhouse Fort Collins,"200 Jefferson St, Fort Collins, CO 80524, USA",https://www.rodiziogrill.com/fort-collins/
Peruvian,Aji Restaurant,"309 Paseo Del Pueblo Sur, Taos, NM 87571, USA",https://m.facebook.com/ajirestaurant.Taos/
Peruvian,Pisco Sour Restaurant & Lounge,"14050 E Evans Ave, Aurora, CO 80014, USA",
Peruvian,Rotisserie Chicken Taytacha Peruvian,"2385 N Academy Blvd, Colorado Springs, CO 80909, USA",https://taytacha.com/
Peruvian,Pollo Lima,"9614 E Arapahoe Rd, Greenwood Village, CO 80112, USA",https://pollolima.com/
Peruvian,Mikuna Grill,"48 N Angel Fire Rd, Angel Fire, NM 87710, USA",https://mikunagrill.com/
Peruvian,Rosario's Peruvian Restaurant,"625 Ken Pratt Blvd, Longmont, CO 80501, USA",http://www.rosariosperuvianrestaurant.com/
Peruvian,The Red Llama,"8331 Willow St B, Lone Tree, CO 80124, USA",https://www.redllamaco.com/
Peruvian,Yunza Peruvian cuisine,"7595 US-50, Salida, CO 81201, USA",https://www.toasttab.com/yunza-peruvian-cuisine-7595-west-highway-50/v3/
Peruvian,Los Cabos Puro Peru,"1525 Champa St, Denver, CO 80202, USA",https://www.loscabosii.com/
Salvadorian,Pupusas House,"2284 S Chambers Rd, Aurora, CO 80014, USA",http://orderpupusashouse.com/
Cuban,Dutch Mill Cafe,"401 Main St, Antonito, CO 81120, USA",https://m.facebook.com/pages/Dutch-Mill-Restaurant/108079019233283
Tibetan,Little Tibet,"4479 Broadway, Boulder, CO 80304, USA",http://www.littletibetrestaurant.com/
Tibetan,Tibet's Restaurant & Bar,"321 McCaslin Blvd A, Louisville, CO 80027, USA",https://www.tibetsrestaurant.com/
Tibetan,Tibet Kitchen,"2359 Arapahoe Ave, Boulder, CO 80303, USA",https://ordertibetkitchenllc.com/
Tibetan,Himalayan Pun Hill Kitchen,"710 N Townsend Ave, Montrose, CO 81401, USA",http://himalayanpunhill.com/
Tibetan,Sherpa House Restaurant and Culture Center,"1518 Washington Ave, Golden, CO 80401, USA",http://sherpa.house/
Tibetan,Himalayan Kitchen,"992 Main Ave, Durango, CO 81301, USA",https://himalayankitchendurango.com/
Tibetan,Kathmandu Restaurant II,"1964 28th St, Boulder, CO 80301, USA",http://www.kathmandurestaurant.us/boulder
Tibetan,Nepal Restaurant,"6824 CO-82, Glenwood Springs, CO 81601, USA",https://nepalrestaurant1999.com/
Tibetan,Sherpa Cafe,"309 6th St, Crested Butte, CO 81224, USA",http://www.sherpascafe.com/
Tibetan,Sherpa’s Adventure Restaurant and Bar,"825 Walnut St, Boulder, CO 80302, USA",https://sherparestaurantboulder.com/
Greek,Acropolis Greek Restaurant,"916 Main St, Alamosa, CO 81101, USA",
Belgian,Dels Diner,"19568 US-160, Fort Garland, CO 81133, USA",
Irish,St Ives A Pub & Eatery,"719 Main St, Alamosa, CO 81101, USA",
Cajun,The Lost Cajun,"121 Justice Center Rd, Cañon City, CO 81212, USA",https://thelostcajun.com/locations/canon-city-colorado
Cajun,Momma Pearl's Cajun Kitchen,"162 Tracker Dr, Colorado Springs, CO 80921, USA",https://www.mommapearls.com/
Cajun,Lobos at Creole Magnolias,"2290 Rawlings Blvd, Pueblo, CO 81001, USA",
Cajun,The Rubi Slipper LLC,"506 State Ave, Alamosa, CO 81101, USA",
Cajun,Our Food Is Art Restaurant,"121 E Galena Ave suite b, Crestone, CO 81131, USA",http://www.ourfoodisart.com/
Cajun,NoNo's Cafe,"3005 W County Line Rd, Littleton, CO 80129, USA",http://nonoscafe.com/
Cajun,Springs Orleans,"123 E Pikes Peak Ave, Colorado Springs, CO 80903, USA",http://www.springsorleans.com/
Cajun,Crab & Shell Cajun Seafood,"2819 E Colfax Ave, Denver, CO 80206, USA",http://www.crabandshell.com/
Cajun,Po' Brothers,"1826 E Platte Ave, Colorado Springs, CO 80909, USA",https://po-brothers.com/
Cajun,4th Street Grille,"408 Fourth St, Alamosa, CO 81101, USA",https://www.alamosaeats4thstreet.com/
Cajun,Chili's Grill & Bar,"3231 Main St, Alamosa, CO 81101, USA",https://www.chilis.com/locations/us/colorado/alamosa/alamosa?utm_source=google&utm_medium=local&utm_campaign=Chilis
Cajun,Asian Cajun,"2400 W Alameda Ave, Denver, CO 80223, USA",
Cajun,Reddy Claws,"3234 S Wadsworth Blvd Unit #N, Lakewood, CO 80227, USA",https://reddyclaws.com/
Cajun,Stars,"1020 2nd Ave, Monte Vista, CO 81144, USA",
Cajun,Asian Cajun,"2841 W 120th Ave, Westminster, CO 80234, USA",
Cajun,The Yabby Hut,"3355 S Yarrow St E-131, Lakewood, CO 80227, USA",https://www.yabbyhut.com/
Cajun,BEEZA’s Restaurant & Pub,"215 W Main St, Westcliffe, CO 81252, USA",
Cajun,Lucile's Creole Cafe,"2852 W Bowles Ave, Littleton, CO 80120, USA",http://luciles.com/
Cajun,Pier 8 Cajun Seafood & Bar,"5066 S Wadsworth Blvd APT 124, Littleton, CO 80123, USA",https://pier8.com/
Portuguese,Ultreia,"1701 Wynkoop St #125, Denver, CO 80202, USA",http://ultreiadenver.com/
Turkish,Bosphorus,"3493 S Downing St, Englewood, CO 80113, USA",
Tahitian,Mrs Rios,"124 Main St, San Luis, CO 81152, USA",
Kenyan,African Grill and Bar - Lakewood Colorado,"955 S Kipling Pkwy, Lakewood, CO 80226, USA",http://www.africangrilllakewood.com/
Korean,Mrs Rios,"124 Main St, San Luis, CO 81152, USA",
Korean,Mr. Kim Korean BBQ Restaurant,"12201 E Mississippi Ave Ste113, Aurora, CO 80012, USA",http://www.mrkimbbq.com/
Korean,Chilgogi Korean BBQ,"9666 E Arapahoe Rd, Greenwood Village, CO 80112, USA",http://chilgogikoreanbbq.com/
Korean,DAE GEE KOREAN BBQ,"7570 Sheridan Boulevard, Arvada, CO 80003, USA",http://www.daegee.com/
Korean,Yong gung,"2040 S Havana St, Aurora, CO 80014, USA",https://ygaurora.com/
Korean,KoBa • All You Can Eat Korean BBQ,"1225 S Federal Blvd, Denver, CO 80219, USA",http://www.aycekoba.com/
Korean,K Bop Korean Fusion Cafe,"3733 Bloomington St, Colorado Springs, CO 80922, USA",http://kbopfusioncafe.com/
Korean,Coark Collective Food Hall,"15775 E Arapahoe Rd, Centennial, CO 80016, USA",https://www.coarkcollective.com/
Korean,Moobongri Soondae Denver 무봉리 순대,"2787 S Parker Rd, Aurora, CO 80014, USA",https://moobongriusa.com/
Korean,Suh Sushi Korean BBQ,"165 Boardwalk Dr, Fort Collins, CO 80525, USA",http://www.suhbbq.com/
Korean,Woo Ri Korean Restaurant,"2648 S Parker Rd UNIT 9, Aurora, CO 80014, USA",
Korean,Silla Restaurant,"3005 S Peoria St F, Aurora, CO 80014, USA",http://sillabbq.com/
Korean,Seoul ManDoo,"2222 S Havana St Unit J, Aurora, CO 80014, USA",http://www.seoulmandoo.com/
Korean,Thank Sool,"2222 S Havana St E, Aurora, CO 80014, USA",http://www.thanksool.com/
Korean,4th Street Grille,"408 Fourth St, Alamosa, CO 81101, USA",https://www.alamosaeats4thstreet.com/
Korean,Paik's Noodle Aurora 홍콩반점,"12101 E Iliff Ave Ste K, Aurora, CO 80014, USA",https://www.paiksnoodleaurora.com/
Korean,baekga,"2171 S Grape St, Denver, CO 80222, USA",http://baekga.net/
Korean,El Charro,"1605 Main St, Alamosa, CO 81101, USA",
Algerian,Sahara Mediterranean Restaurant,"9636 E Arapahoe Rd, Greenwood Village, CO 80112, USA",http://saharadenver.com/
Nigerian,Fidel East African Restaurant,"1074 S Ironton St, Aurora, CO 80012, USA",
Moroccan,Casablanca Restaurant,"270 S Downing St, Denver, CO 80209, USA",https://www.meccagrilldenver.com/?utm_source=gmb&utm_medium=website
Lebanese,The Friar's Fork & Sanctuary,"607 Fourth St, Alamosa, CO 81101, USA",https://www.friarsfork.com/
Vietnamese,Mrs Rios,"124 Main St, San Luis, CO 81152, USA",
Hungarian,The Friar's Fork & Sanctuary,"607 Fourth St, Alamosa, CO 81101, USA",https://www.friarsfork.com/
Mediterranean,The Friar's Fork & Sanctuary,"607 Fourth St, Alamosa, CO 81101, USA",https://www.friarsfork.com/
Ethiopian,Addis Ababa Ethiopian Restaurant,"2222 S Havana St unit B, Aurora, CO 80014, USA",
Ethiopian,Nile Ethiopian Restaurant,"1951 S Havana St, Aurora, CO 80014, USA",
Ethiopian,Ras Kassa's Ethiopian Restaurant,"802 S Public Rd, Lafayette, CO 80026, USA",http://www.raskassas.com/
Ethiopian,Uchenna Ethiopian Restaurant,"2501 W Colorado Ave # 105, Colorado Springs, CO 80904, USA",https://uchennaalive.com/
Ethiopian,Megenagna,"306 S Ironton St Unit C, Aurora, CO 80012, USA",https://megenagnaethiopianrestaurant.com/
Ethiopian,Taste of Ethiopia Restaurant & Coffee Shop,"3680 Citadel Dr N, Colorado Springs, CO 80909, USA",https://www.tasteofethiopiacolorado.com/
Ethiopian,Geez Habesha Bar & Restaurant,"262 Havana St, Aurora, CO 80010, USA",
Ethiopian,Abyssinia Ethiopian Restaurant and Bar,"5707 E Colfax Ave, Denver, CO 80220, USA",
Ethiopian,Konjo Ethiopian Food,"inside the Edgewater Public Market, 5505 W 20th Ave Suite #106, Edgewater, CO 80214, USA",http://www.konjoethiopianfood.com/
Ethiopian,Mama Africa Cafe Restaurant and Bar,"6603 Leetsdale Dr F, Denver, CO 80224, USA",https://www.mamaafricacafe.com/
Ethiopian,Eatopia: Eat Ethiopian,"1030 Havana St B, Aurora, CO 80010, USA",
Ethiopian,Africana Restaurant & Cafe,"5091 E Colfax Ave, Denver, CO 80220, USA",
Ethiopian,Langano Ethiopian Restaurant,"10180 E Colfax Ave Ste 116, Aurora, CO 80010, USA",https://langano-restaurant.com/
Ethiopian,Mesob Ethiopian Restaurant,"1422 Poplar St, Denver, CO 80220, USA",https://www.mesobethiopianrestaurant.com/
Ethiopian,Lucy Ethiopian Restaurant,"7401 E Colfax Ave, Denver, CO 80220, USA",https://lucyrestaurant.net/
Ethiopian,Queen of Sheba Ethiopian Restaurant,"7225 E Colfax Ave, Denver, CO 80220, USA",
Ethiopian,The Ethiopian Restaurant,"2816 E Colfax Ave, Denver, CO 80206, USA",https://m.facebook.com/The-Ethiopian-Restaurant-105937256138469/
Ethiopian,Golf 1st Ethiopian Restaurant,"10 S Havana St Ste 110, Aurora, CO 80012, USA",
Ethiopian,African Grill and Bar - Lakewood Colorado,"955 S Kipling Pkwy, Lakewood, CO 80226, USA",http://www.africangrilllakewood.com/
Ethiopian,"Portico Eritrean and Ethiopian Restaurant, Bar and Patio Hookah","1050 S Havana St, Aurora, CO 80012, USA",
Caribbean,Reggae Pot Jamaican Grill (Denver,"7562 S University Blvd C, Centennial, CO 80122, USA",http://reggaepotjamaicangrill.com/
Caribbean,One Love Island Grill Take Out,"1107 S Nevada Ave, Colorado Springs, CO 80903, USA",https://www.oneloveislandgrill.com/
Caribbean,Jamaican Jerk and BBQ Restaurant,"4611 Peoria St, Denver, CO 80239, USA",https://jamaicanjerkandbbq.com/
Caribbean,Taino's Caribbean Cuisine,"7130 W 117th Ave STE D3, Broomfield, CO 80020, USA",http://eatwithtainos.com/?utm_source=google&utm_medium=wix_google_business_profile&utm_campaign=6912949299216849434
Caribbean,Chili's Grill & Bar,"3231 Main St, Alamosa, CO 81101, USA",https://www.chilis.com/locations/us/colorado/alamosa/alamosa?utm_source=google&utm_medium=local&utm_campaign=Chilis
Caribbean,Just Kool,"E. Ohio Drive and, E Alameda Pkwy, Aurora, CO 80017, USA",http://www.justkooljerk.com/
Caribbean,Dainty's Kitchen,"302 E Platte Ave, Colorado Springs, CO 80903, USA",https://daintyjamaicankitchen.blizzfull.com/
Caribbean,One Love Rum Kitchen,"928 Grand Ave, Grand Lake, CO 80447, USA",http://oneloverumkitchen.com/
Caribbean,Bootleggers Bistro,"309 W Main St, Westcliffe, CO 81252, USA",http://www.bootleggersbistro.net/
Caribbean,Dos Medinas Food Trailer,"870 1st Street, Firestone, CO 80520, USA",https://www.facebook.com/profile.php?id=100087993866700&mibextid=LQQJ4d
Caribbean,Rae's & Kay's Authentic Puerto Rican and Soul Food,"4920 D, Pearl St, Boulder, CO 80301, USA",
Caribbean,Costilla County,"Costilla County, CO, USA",
Soul,Mom and Pop's Country Kitchen,"111 Spruce St, La Jara, CO 81140, USA",https://momandpopscountrykitchen.com/
Argentinian,The Argentos Carne,"258 Santa Fe Dr, Denver, CO 80223, USA",
Argentinian,Rincon Argentino,"2525 Arapahoe Ave, Boulder, CO 80302, USA",http://www.rinconargentinoboulder.com/
Argentinian,Gaucho Parrilla,"15177 Candelas Pkwy, Arvada, CO 80007, USA",https://freedomstreetsocial.com/vendors/gaucho-parrilla/
Argentinian,Bodegón by Domingo Sausage Co.,"46 N 4th St, Carbondale, CO 81623, USA",https://www.domingosausageco.com/
Argentinian,Black Hat Cattle Co,"26295 Hill Top Dr, Kittredge, CO 80457, USA",http://www.blackhatcattleco.com/
Argentinian,The Keg Steakhouse + Bar - Colorado Mills,"14065 W Colfax Dr, Lakewood, CO 80401, USA",http://www.thekeg.com/en/locations/colorado-mills
Argentinian,LALA'S Studio City,"11935 Ventura Blvd, Studio City, CA 91604, USA",https://lalasgrill.com/
Argentinian,Texas de Brazil - Denver,"8390 Northfield Blvd Ste 1800, Denver, CO 80238, USA",https://texasdebrazil.com/locations/denver/?utm_source=gmb&utm_medium=yext&y_source=1_NDg4MzA3NDEtNzE1LWxvY2F0aW9uLndlYnNpdGU%3D
Chilean,Mrs Rios,"124 Main St, San Luis, CO 81152, USA",
Chilean,Dels Diner,"19568 US-160, Fort Garland, CO 81133, USA",
Chilean,Lu's Main Street Cafe,"609 Main St, Blanca, CO 81123, USA",
Chilean,Piccadilly Circus Pizza,"513 Main St, San Luis, CO 81152, USA",
Chilean,Dos Hermanas Mexican/American Steakhouse,"435 Main St, Antonito, CO 81120, USA",http://doshermanas-steakhouse.com/
Chilean,Chili's Grill & Bar,"3231 Main St, Alamosa, CO 81101, USA",https://www.chilis.com/locations/us/colorado/alamosa/alamosa?utm_source=google&utm_medium=local&utm_campaign=Chilis
Chilean,All-Gon Restaurant & Pizzeria,"319 Beaubien Ave, Fort Garland, CO 81133, USA",http://allgonrestaurant.com/
Chilean,Chile Colorado,"7 E Vermijo Ave, Colorado Springs, CO 80903, USA",http://www.chilecoloradocos.com/
Chilean,Dutch Mill Cafe,"401 Main St, Antonito, CO 81120, USA",https://m.facebook.com/pages/Dutch-Mill-Restaurant/108079019233283
Chilean,Cachai Chilean Food,"187 W Alameda Ave, Denver, CO 80223, USA",
Chilean,Fernandez Chili Co,"8267 County Rd 10 S, Alamosa, CO 81101, USA",https://www.fernandezchile.com/
Chilean,101 Bar & Grill,"101 County Rd 13.2, Garcia, CO 81152, USA",https://www.facebook.com/101bargrillgarcia/
Chilean,Vallecitos,"404 E Main St, La Jara, CO 81140, USA",
Chilean,Emma's Authentic Food Of The Southwest,"924 Main St, Alamosa, CO 81101, USA",https://www.facebook.com/emmasfoodofthesw
Chilean,My Tia's Café,"107 NM-378, Cerro, NM 87519, USA",https://www.facebook.com/My-Tias-Caf%C3%A9-719805734760484/
Chilean,"Mountain View Restaurant , Monte Vista Colorado","2099 Sherman Ave, Monte Vista, CO 81144, USA",http://mountainviewdining.net/
Chilean,Nino's Del Sol LLC,"326 Main St, Alamosa, CO 81101, USA",http://www.ninosdelsolrestaurant.com/
Chilean,Lindo Jalisco,"1019 6th St, Alamosa, CO 81101, USA",https://cyrusramsey.com/places/lindo-jalisco/
Chilean,Val's Place,"501 Main St, Manassa, CO 81141, USA",https://www.facebook.com/valsplacemanassa
Chilean,Nino's Mexican Family Restaurant,"118 Adams St, Monte Vista, CO 81144, USA",https://ninosmontevista.com/
Colombian,Los Parceros Colombian Restaurant,"15473 E Hampden Ave A, Aurora, CO 80013, USA",
Colombian,La Chiva Colombian Cuisine,"1446 S Broadway, Denver, CO 80210, USA",https://www.lachivacolombian.com/
Colombian,Yellow Crunch,"234 N College Ave Unit B-1, Fort Collins, CO 80524, USA",https://yellowcrunch.com/
Colombian,Ajiaco Colombian Bistro,"3216 Silver Ave SE, Albuquerque, NM 87108, USA",http://www.ajiacobistro.com/
Colombian,Bale Bale Rumba,"4737 N Academy Blvd, Colorado Springs, CO 80918, USA",
Costa Rican,Land & Ocean,"185 Sherman St UNIT 101, Ridgway, CO 81432, USA",https://www.facebook.com/costaricanrestaurant/
Czech,Saguache 4th Street Diner & Bakery,"411 4th St, Saguache, CO 81149, USA",https://m.facebook.com/4thStreetDinerBakery
Danish,Taste of Denmark,"1901 S Kipling St, Lakewood, CO 80227, USA",https://www.tasteofdenmarkco.com/
Dutch,Dels Diner,"19568 US-160, Fort Garland, CO 81133, USA",
Dutch,Dutch Mill Cafe,"401 Main St, Antonito, CO 81120, USA",https://m.facebook.com/pages/Dutch-Mill-Restaurant/108079019233283
Dutch,Lu's Main Street Cafe,"609 Main St, Blanca, CO 81123, USA",
Ecuadorian,Aji Restaurant,"309 Paseo Del Pueblo Sur, Taos, NM 87571, USA",https://m.facebook.com/ajirestaurant.Taos/
Ghanaian,Akwaba Restaurant,"16251 E Colfax Ave, Aurora, CO 80011, USA",
Guatemalan,La Guatemalteca,"10329 E Colfax Ave, Aurora, CO 80010, USA",https://www.laguatemaltecarestaurante.com/
Honduran,Honduras Breeze Restaurant,"1443 Chester St, Aurora, CO 80010, USA",https://m.facebook.com/profile.php?id=1273000329458997&tsid=0.4500492871865647&source=typeahead
Honduran,El Rincon Catracho,"275 S Academy Blvd, Colorado Springs, CO 80910, USA",
Honduran,El Rinconcito Hondureño,"106 E Del Mar Cir, Aurora, CO 80011, USA",
Honduran,Restaurante Antojitos Hondureños,"11703 E Colfax Ave, Aurora, CO 80010, USA",
Honduran,LEMPIRA RESTAURANT,"1452 Uinta St, Denver, CO 80220, USA",https://www.lempirarestaurantdenver.com/
Indonesian,Innova Bar & Grill,"214 Carson Ave, Alamosa, CO 81101, USA",
Iranian,Surena Persian Cuisine,"9625 E Arapahoe Rd Unit P, Centennial, CO 80112, USA",https://www.surenarestaurant.com/
Israeli,Heart Of Jerusalem Cafe,"3242 Centennial Blvd, Colorado Springs, CO 80907, USA",http://www.heartofjerusalemcafe.com/
Israeli,Jaffa Middle Eastern Kitchen,"400 E Valley Rd, Carbondale, CO 81623, USA",http://www.jaffakitchen.com/
Israeli,Jerusalem Restaurant,"1890 E Evans Ave, Denver, CO 80210, USA",https://www.jerusalemrestaurant.com/
Israeli,Sahara Cafe,"954 Manitou Ave, Manitou Springs, CO 80829, USA",
Israeli,Ash'Kara,"2005 W 33rd Ave, Denver, CO 80211, USA",https://www.ashkaradenver.com/
Israeli,Safta,"3330 Brighton Blvd #201, Denver, CO 80216, USA",https://www.eatwithsafta.com/?utm_source=google_business_profile&utm_medium=gbp_view_website
Israeli,Caspian Cafe,"4375 Sinton Rd, Colorado Springs, CO 80907, USA",https://caspiancafe.com/
Israeli,Heart of Jerusalem,"122 Tracker Dr #110, Colorado Springs, CO 80921, USA",https://www.heartofjerusalemcafe.com/
Jamaican,J's Jamaican Flava,"3016 S Academy Blvd, Colorado Springs, CO 80916, USA",http://www.js-jamaican-flava.com/
Jamaican,High Grade Foods Jamaican Restaurant and Bar,"1020 S Tejon St, Colorado Springs, CO 80903, USA",https://highgradefoods.com/
Jamaican,Reggae Pot Jamaican Grill (Denver,"7562 S University Blvd C, Centennial, CO 80122, USA",http://reggaepotjamaicangrill.com/
Jamaican,Jamaican Jerk and BBQ Restaurant,"4611 Peoria St, Denver, CO 80239, USA",https://jamaicanjerkandbbq.com/
Jamaican,One Love Island Grill Take Out,"1107 S Nevada Ave, Colorado Springs, CO 80903, USA",https://www.oneloveislandgrill.com/
Jamaican,Sizzlin Jamaican Cuisine,"56 7th St, Steamboat Springs, CO 80487, USA",https://www.sizzlinjamaica.com/
Jamaican,Just Kool,"E. Ohio Drive and, E Alameda Pkwy, Aurora, CO 80017, USA",http://www.justkooljerk.com/
Jamaican,Dainty's Kitchen,"302 E Platte Ave, Colorado Springs, CO 80903, USA",https://daintyjamaicankitchen.blizzfull.com/
Jamaican,El Super Taco,"415 Main St, Alamosa, CO 81101, USA",https://elsupertaco.net/alamosa/?utm_source=google-gmb-maps&utm_medium=gmb-website-button&utm_campaign=locl.io&utm_content=a20697c6-fe20-49fa-b1c1-8193f8728a4e
Jamaican,Tortilleria La Unica,"267 S Worth St, Center, CO 81125, USA",https://www.toasttab.com/tortillerialaunica
Jamaican,One Love Rum Kitchen,"928 Grand Ave, Grand Lake, CO 80447, USA",http://oneloverumkitchen.com/
Jamaican,Rasta Pasta,"405 N Tejon St, Colorado Springs, CO 80903, USA",https://realrastapasta.com/
Kuwaiti,Costilla County,"Costilla County, CO, USA",
Laotian,Mrs Rios,"124 Main St, San Luis, CO 81152, USA",
Lithuanian,Lindo Jalisco,"1019 6th St, Alamosa, CO 81101, USA",https://cyrusramsey.com/places/lindo-jalisco/
Malaysian,Mrs Rios,"124 Main St, San Luis, CO 81152, USA",
Mongolian,Mongolian Grill,"164 W 29th St, Pueblo, CO 81008, USA",
Mongolian,Mongolian Grill,"1135 S Camino Del Rio, Durango, CO 81303, USA",https://mongoliangrill.uorder.io/
Mongolian,All-Gon Restaurant & Pizzeria,"319 Beaubien Ave, Fort Garland, CO 81133, USA",http://allgonrestaurant.com/
Mongolian,HuHot Mongolian Grill,"5843 Constitution Ave, Colorado Springs, CO 80915, USA",https://www.huhot.com/location/colorado-springs-constitution-co/
Mongolian,Thai House,"525 Main St, Alamosa, CO 81101, USA",https://alamosathaihouse.wixsite.com/thaihouse
Mongolian,Yuan Palace Mongolian BBQ,"7555 E Arapahoe Rd Ste.G, Centennial, CO 80112, USA",https://yuanpalacemongolianbbq.com/
Mongolian,Genghis Grill,"9617 E County Line Rd Suite B, Centennial, CO 80112, USA",https://locations.genghisgrill.com/co/centennial/genghis-grill-1405.html
Mongolian,Siam Cuisine Alamosa Thai & Sushi,"916 Main St, Alamosa, CO 81101, USA",https://siam-cuisine-alamosa.business.site/?utm_source=gmb&utm_medium=referral
Mongolian,Lucky Bamboo,"507 State Ave, Alamosa, CO 81101, USA",
Mongolian,HuHot Mongolian Grill,"8336 Northfield Blvd, Denver, CO 80238, USA",https://www.huhot.com/location/denver-northfield-co/
Mongolian,Thai Hut,"718 Main St, Alamosa, CO 81101, USA",
Mongolian,Hunan,"419 Main St, Alamosa, CO 81101, USA",http://www.ehunans.com/
Mongolian,HuHot Mongolian Grill,"249 S College Ave, Fort Collins, CO 80524, USA",https://www.huhot.com/location/fort-collins-co-college-ave/
Nepalese,Norbu’s Himalayan Hut,"915 Manitou Ave, Manitou Springs, CO 80829, USA",http://norbuskitchen.com/
Nepalese,Himalayan Pun Hill Kitchen,"710 N Townsend Ave, Montrose, CO 81401, USA",http://himalayanpunhill.com/
Nepalese,Everest Nepal Restaurant Colorado Springs,"28 E Bijou St, Colorado Springs, CO 80903, USA",http://everestnepal.co/
Nepalese,Bajeko sekuwa -Nepalese & Indian Cuisine Colorado,"12191, Parking lot, 12191 E Iliff Ave, Aurora, CO 80014, USA",http://www.bajekosekuwa.com/
Nepalese,Nepal Restaurant,"6824 CO-82, Glenwood Springs, CO 81601, USA",https://nepalrestaurant1999.com/
Nepalese,Sherpa House Restaurant and Culture Center,"1518 Washington Ave, Golden, CO 80401, USA",http://sherpa.house/
Nepalese,Sherpa Garden Restaurant & Bar,"1005 W Colorado Ave, Colorado Springs, CO 80904, USA",http://sherpagarden.com/
Nepalese,Sherpa Momo Ghar,"3062 Main Ave, Durango, CO 81301, USA",https://sherpamomoghar.com/
Nepalese,Everest Nepal Restaurant,"35 Market St, Glenwood Springs, CO 81601, USA",http://everestnepalrestaurant.com/
Nepalese,Cuisine of the Himalayas,"1262 Bergen Pkwy, Evergreen, CO 80439, USA",https://www.cuisineofthehimalayas.com/
Nepalese,Little Nepal: Indian Restaurant & Bar,"1747 S 8th St, Colorado Springs, CO 80905, USA",http://lnepal.com/
Nepalese,Kathmandu Restaurant II,"1964 28th St, Boulder, CO 80301, USA",http://www.kathmandurestaurant.us/boulder
Nepalese,"Tikka & Grill, Nepali and Indian Food","1300 S Broadway, Denver, CO 80210, USA",https://denver.thetikkaandgrill.com/
Nepalese,Nepal's Cafe,"184 E Elkhorn Ave Unit H, Estes Park, CO 80517, USA",
Nepalese,India Nepal Oven,"9126 W Bowles Ave Ste 1B, Littleton, CO 80123, USA",http://www.indianepalovenlittleton.com/?utm_source=gmb&utm_medium=website
Nepalese,Namaste Nepal Restaurant,"2692 US-50, Grand Junction, CO 81503, USA",http://beyondmenu.com/
Nepalese,Sherpa Cafe,"309 6th St, Crested Butte, CO 81224, USA",http://www.sherpascafe.com/
Nepalese,Annapurna Nepali & Indian Cuisine,"250 S Frontage Rd W, Vail, CO 81657, USA",http://www.annapurnavail.com/
Nepalese,Nepali Spice,"10180 E Colfax Ave Ste 115, Aurora, CO 80010, USA",
Nepalese,Sherpa Grill 2 Indian Nepali Restaurant,"1501 W Elizabeth St UNIT 5, Fort Collins, CO 80521, USA",https://thesherpagrill2.com/?utm_source=google
Pakistani,Naan Curry Grill,"10639 E Briarwood Ave A, Centennial, CO 80112, USA",https://www.naancurrygrill.com/
Panamanian,101 Bar & Grill,"101 County Rd 13.2, Garcia, CO 81152, USA",https://www.facebook.com/101bargrillgarcia/
Peruvian,Aji Restaurant,"309 Paseo Del Pueblo Sur, Taos, NM 87571, USA",https://m.facebook.com/ajirestaurant.Taos/
Peruvian,Pisco Sour Restaurant & Lounge,"14050 E Evans Ave, Aurora, CO 80014, USA",
Peruvian,Rotisserie Chicken Taytacha Peruvian,"2385 N Academy Blvd, Colorado Springs, CO 80909, USA",https://taytacha.com/
Peruvian,Pollo Lima,"9614 E Arapahoe Rd, Greenwood Village, CO 80112, USA",https://pollolima.com/
Peruvian,Mikuna Grill,"48 N Angel Fire Rd, Angel Fire, NM 87710, USA",https://mikunagrill.com/
Peruvian,Rosario's Peruvian Restaurant,"625 Ken Pratt Blvd, Longmont, CO 80501, USA",http://www.rosariosperuvianrestaurant.com/
Peruvian,The Red Llama,"8331 Willow St B, Lone Tree, CO 80124, USA",https://www.redllamaco.com/
Peruvian,Yunza Peruvian cuisine,"7595 US-50, Salida, CO 81201, USA",https://www.toasttab.com/yunza-peruvian-cuisine-7595-west-highway-50/v3/
Peruvian,Los Cabos Puro Peru,"1525 Champa St, Denver, CO 80202, USA",https://www.loscabosii.com/
Philippine,Nana’s & Papa’s Authentic Filipino Favorites,"22 Garcia Ln, Taos, NM 87571, USA",
Polish,Cracovia Polish-American Restaurant & Bar,"8121 W 94th Ave, Westminster, CO 80021, USA",http://www.cracoviarestaurant.com/
Puerto Rican,Areyto Puerto Rican Food,"3725 Buchtel Blvd S #508, Denver, CO 80210, USA",https://areytopuertorricanfood.com/
Puerto Rican,Don Guillo Puerto Rican Native Cuisine,"2551 Delta Dr, Colorado Springs, CO 80910, USA",https://m.facebook.com/pages/category/Advertising-Marketing/Don-Guillo-878047759218636/
Puerto Rican,Tripletas Yeyo Will,"1402 Harrison Rd, Colorado Springs, CO 80905, USA",https://facebook.com/profile.php?id=100075943986927
Puerto Rican,Lu's Main Street Cafe,"609 Main St, Blanca, CO 81123, USA",
Puerto Rican,Rae's & Kay's Authentic Puerto Rican and Soul Food,"4920 D, Pearl St, Boulder, CO 80301, USA",
Puerto Rican,Dos Medinas Food Trailer,"870 1st Street, Firestone, CO 80520, USA",https://www.facebook.com/profile.php?id=100087993866700&mibextid=LQQJ4d
Puerto Rican,Pedacito Boricua Café,"296 S Academy Blvd unit d, Colorado Springs, CO 80910, USA",https://order.online/business/pedacito-boricua-llc-12638001
Puerto Rican,Dutch Mill Cafe,"401 Main St, Antonito, CO 81120, USA",https://m.facebook.com/pages/Dutch-Mill-Restaurant/108079019233283
Puerto Rican,The Friar's Fork & Sanctuary,"607 Fourth St, Alamosa, CO 81101, USA",https://www.friarsfork.com/
Puerto Rican,"Mountain View Restaurant , Monte Vista Colorado","2099 Sherman Ave, Monte Vista, CO 81144, USA",http://mountainviewdining.net/
Puerto Rican,Angie's Latin food,"2593 Airport Rd, Colorado Springs, CO 80910, USA",https://www.angieslatinfood.com/
Puerto Rican,Piglatin Cocina,"2825 Dublin Blvd, Colorado Springs, CO 80918, USA",http://piglatincocina.com/
Puerto Rican,Emma's Authentic Food Of The Southwest,"924 Main St, Alamosa, CO 81101, USA",https://www.facebook.com/emmasfoodofthesw
Puerto Rican,Dos Rios,"1635 US Hwy 285, Monte Vista, CO 81144, USA",
Puerto Rican,Ramon's Mexican Restaurant,"31519 US-160, South Fork, CO 81154, USA",http://www.ramonssouthfork.com/
Puerto Rican,Blanca,"Blanca, CO 81123, USA",http://www.fone.net/~blancaco/
Puerto Rican,Sabor Del Campo - Puerto Rican Cuisine (Plaza38),"3550 W 38th Ave #96, Denver, CO 80211, USA",https://sabordelcampo5280.business.site/
Puerto Rican,All Valley Cafe,"425 Main St, Alamosa, CO 81101, USA",
Puerto Rican,Bootleggers Bistro,"309 W Main St, Westcliffe, CO 81252, USA",http://www.bootleggersbistro.net/
Puerto Rican,Golden Piñon,"88 NM-150, El Prado, NM 87529, USA",
Saudi Arabian,Arabian Nights Cafe,"4845 N Academy Blvd, Colorado Springs, CO 80918, USA",http://www.arabiannightscafe.com/
Singaporean,Mrs Rios,"124 Main St, San Luis, CO 81152, USA",
Slovenian,Mrs Rios,"124 Main St, San Luis, CO 81152, USA",
Somali,Maandeeq East Africa Restaurant,"1535 S Havana St, Aurora, CO 80012, USA",https://maandeeqcafe.square.site/
South African,African Grill and Bar - Lakewood Colorado,"955 S Kipling Pkwy, Lakewood, CO 80226, USA",http://www.africangrilllakewood.com/
Sri Lankan,Mrs Rios,"124 Main St, San Luis, CO 81152, USA",
Swiss,Lu's Main Street Cafe,"609 Main St, Blanca, CO 81123, USA",
Syrian,JASMINE SYRIAN FOOD,"10180 E Colfax Ave STE 118, Aurora, CO 80010, USA",
Taiwanese,Mrs Rios,"124 Main St, San Luis, CO 81152, USA",
Tanzanian,African Grill and Bar - Lakewood Colorado,"955 S Kipling Pkwy, Lakewood, CO 80226, USA",http://www.africangrilllakewood.com/
Thai,Mrs Rios,"124 Main St, San Luis, CO 81152, USA",
Thai,Thai Hut,"718 Main St, Alamosa, CO 81101, USA",
Thai,Thai House,"525 Main St, Alamosa, CO 81101, USA",https://alamosathaihouse.wixsite.com/thaihouse
Thai,Siam Cuisine Alamosa Thai & Sushi,"916 Main St, Alamosa, CO 81101, USA",https://siam-cuisine-alamosa.business.site/?utm_source=gmb&utm_medium=referral
Thai,Thai Angel Restaurant,"144 E Therma St, Eagle Nest, NM 87718, USA",https://thai-angel.com/?fbclid=IwAR3kmR1BrkVcF6pwswAfoTG6PxgaRt6MIKanDIbKXjKPF-XGAD9LyyV-oeM
Thai,Lu's Main Street Cafe,"609 Main St, Blanca, CO 81123, USA",
Thai,Mountain View Diner,"403 Miranda Ave, Fort Garland, CO 81133, USA",https://www.mountainviewdinerco.com/
Thai,All-Gon Restaurant & Pizzeria,"319 Beaubien Ave, Fort Garland, CO 81133, USA",http://allgonrestaurant.com/
Thai,Thai Chili Restaurant Ouray Colorado,"740 Main St, Ouray, CO 81427, USA",https://order.thaichilico.com/
Thai,Piccadilly Circus Pizza,"513 Main St, San Luis, CO 81152, USA",
Thai,Thai Cortez,"1430 E Main St, Cortez, CO 81321, USA",https://thaicortez.com/
Thai,Thai Kitchen,"141 Main St, Minturn, CO 81645, USA",https://thai-kitchen-co.square.site/
Thai,Thai Chili 89 Thai Street Food (Breckenridge Location),"100 N Main St #204, Breckenridge, CO 80424, USA",https://www.thaichilibreckenridge.com/
Thai,Summit Thai,"842 N Summit Blvd # 19, Frisco, CO 80443, USA",http://www.summitthaico.com/
Thai,Thai Angel Mobile,"3367 Mountain View Blvd, Angel Fire, NM 87710, USA",https://www.thai-angel.com/
Thai,Chang's Thai Viet & Japanese,"1015 S Townsend Ave, Montrose, CO 81401, USA",https://www.chang-thaicuisine.com/
Thai,Thai House Co. & Sushi,"60 El Jebel Rd UNIT 103, El Jebel, CO 81623, USA",https://www.facebook.com/thcsushi
Tunisian,Yemen Grill,"2353 S Havana St UnitD#15A, Aurora, CO 80014, USA",http://yemengrilldenver.com/
Ukrainian,Sunflower Ukrainian Foods,"East 3rd Avenue &, Fillmore St, Denver, CO 80206, USA",https://m.facebook.com/people/Sunflower-Ukrainian-Foods/100094668743026/
Venezuelan,Kariacos Venezuelan Restaurant,"1169 N Circle Dr, Colorado Springs, CO 80909, USA",https://kariacos.square.site/
Vietnamese,Mrs Rios,"124 Main St, San Luis, CO 81152, USA",
Yemeni,Yemen Grill,"2353 S Havana St UnitD#15A, Aurora, CO 80014, USA",http://yemengrilldenver.com/
Zambian,Akwaba Restaurant,"16251 E Colfax Ave, Aurora, CO 80011, USA",
Zimbabwean,Chef Safari's African Fusion,"999 E College Dr, Durango, CO 81301, USA",https://chefsafari.com/
