Cuisine Type,Name,Address,Website
Mexican,Compadres Mexican Restaurant,"17345 Conneaut Lake Rd, Meadville, PA 16335, USA",https://www.compadresmexpa.com/
Mexican,Pueblo Real Mexican Restaurant,"348 W Main Rd, Conneaut, OH 44030, USA",https://pueblorealmexicanrestaurantoh.com/
Mexican,Pueblo Real,"61 E Jefferson St, Jefferson, OH 44047, USA",https://pueblorealjefferson.com/
Mexican,Cactus Bellevue Square,"535 Bellevue Square, Bellevue, WA 98004, USA",https://www.cactusrestaurants.com/location/locations-bellevue-square
Mexican,LOS Compadres Mexican Restaurant,"4700 West Ave, Ashtabula, OH 44004, USA",https://compadresgrillohio.com/
Mexican,Margarita King Meadville,"251 Chestnut St, Meadville, PA 16335, USA",https://www.kingofmargaritas.com/
Mexican,La Casa de Frida Mexican Restaurant,"3315 N Ridge Rd E, Ashtabula, OH 44004, USA",http://lacasadefridarestaurante.com/
Mexican,El Torero Mexican Restaurant,"105 S High St, Cortland, OH 44410, USA",
Mexican,Compadres Mexican Restaurant,"14 S Mercer St, Greenville, PA 16125, USA",https://www.compadresmexpa.com/
Mexican,Compadres Mexican Restaurant,"220 W Plum St, Edinboro, PA 16412, USA",https://www.compadresmexpa.com/
Mexican,El Toro Family Restaurant,"7060 US-322, Cranberry, PA 16319, USA",http://toromexican.com/
Mexican,Añejo Mexican Restaurant & Cantina,"5000 E Market St, Warren, OH 44484, USA",https://anejomexicanoh.com/
Mexican,Cozumel Mexican Restaurant & Cantina,"24 United Dr, Clarion, PA 16214, USA",http://www.facebook.com/cozumelclarion
Mexican,Pueblo Real,"9155 W Ridge Rd, Girard, PA 16417, USA",https://pueblorealgirard.com/
Mexican,El Vallarta Mexican Restaurant & Cantina,"3101 E State St, Hermitage, PA 16148, USA",https://elvallartamex.com/
Mexican,El Torero Mexican Restaurant,"3701 Elm Rd NE, Warren, OH 44483, USA",http://eltoreromexicanrestaurants.com/
Mexican,Margarita King Mexican Grill & Cantina,"835 Perry Hwy, Mercer, PA 16137, USA",https://www.kingofmargaritas.com/
Mexican,El Charro,"113 E Pike St, Crawfordsville, IN 47933, USA",https://www.facebook.com/elcharromexicanrestaurant
Mexican,Sr Jalapeno Warren,"1556 N River Rd NE, Warren, OH 44483, USA",
Mexican,Little Mexico,"211 E Main St, Crawfordsville, IN 47933, USA",http://www.eatlittlemexico.com/
Italian,Valenza Restaurant,"11105 Perry Hwy, Meadville, PA 16335, USA",https://www.facebook.com/ValenzaRestaurant/
Italian,Tuscano's Italian Kitchen,"14919 N Kelsey St, Monroe, WA 98272, USA",https://www.tuscanositalian.com/
Italian,Lucantino’s Trattoria,"321 Arch St #103, Meadville, PA 16335, USA",https://www.facebook.com/profile.php?id=100076272408425
Italian,Mannino Italian Garden,"283 Chestnut St, Meadville, PA 16335, USA",http://www.manninoitalian.com/
Italian,Italian Civic Club,"869 Water St, Meadville, PA 16335, USA",https://www.italiancivicclub.org/
Italian,Lenzi's Restaurant,"228 Gee St, Monongahela, PA 15063, USA",http://www.facebook.com/lenzisrestaurant
Italian,Trattoria Bella Sera,"3512 N Yarbrough Dr Suite B, El Paso, TX 79925, USA",http://www.trattoriabellasera.com/
Italian,Gambino's,"308 W 6th St, Moscow, ID 83843, USA",http://gambinosmoscow.com/
Italian,The Village,"71 W Monroe St, Chicago, IL 60603, USA",https://www.thevillage-chicago.com/
Italian,Maialina Pizzeria Napoletana,"602 S Main St, Moscow, ID 83843, USA",http://www.maialina.com/
Italian,Cafe Paradiso,"13 Monument Sq, Urbana, OH 43078, USA",https://www.cafeparadisourbana.com/
Italian,Leo's,"7042 E Market St, Warren, OH 44484, USA",http://www.leosristorante.com/
Italian,Showcase Restaurant & Bar,"1122 W Hastings St, Vancouver, BC V6E 4J6, Canada",http://www.showcaserestaurant.com/
Italian,Brio Italian Grille,"1 Levee Wy SUITE 1140, Newport, KY 41071, USA",https://www.brioitalian.com/locations/newport/?y_source=1_MTU5OTgwNTMtNzE1LWxvY2F0aW9uLndlYnNpdGU%3D
Italian,Bravo! Italian Kitchen,"4224 Everhard Rd NW, Canton, OH 44718, USA",https://www.bravoitalian.com/locations/belden-village/?y_source=1_MTU5OTgwNDYtNzE1LWxvY2F0aW9uLndlYnNpdGU%3D
Italian,Italian To Go / Bit Of Italy,"122 12th Ave S, Nampa, ID 83651, USA",http://italiantogo.co/
Italian,Porch Light Pizza,"200 NE Kamiaken St, Pullman, WA 99163, USA",http://www.porchlightpizza.com/
Italian,Enzo's Restaurant & Banquet,"2918 Elm Rd NE, Warren, OH 44483, USA",http://enzosofwarren.com/
Italian,D'Angelo's Italian Ristorante,"7995 Darrow Rd, Twinsburg, OH 44087, USA",http://www.dangelositalian.com/
Italian,Domenico's On Grand,"1565 Grand Blvd, Monessen, PA 15062, USA",https://www.domenicosongrand.com/
Spanish,The Keg Steakhouse + Bar - Burnaby,"4510 Still Creek Ave, Burnaby, BC V5C 0B5, Canada",http://www.thekeg.com/en/locations/burnaby
American,Blazing Onion Burger Company,"15115 Main St, Mill Creek, WA 98012, USA",https://www.blazingonion.com/
American,The Keg Steakhouse + Bar - Granville Island,"1499 Anderson St, Vancouver, BC V6H 3R5, Canada",http://www.thekeg.com/en/locations/granville-island
American,Coast,"1054 Alberni St, Vancouver, BC V6E 1A3, Canada",http://www.glowbalgroup.com/coast/
American,Cracker Barrel Old Country Store,"11311 Pennsylvania Ave, Meadville, PA 16335, USA",https://www.crackerbarrel.com/Locations/States/pa/meadville/371/?utm_source=google&utm_medium=maps&utm_campaign=crackerbarrelurl
American,Blazing Onion,"3701 116th St NE, Marysville, WA 98271, USA",https://www.blazingonion.com/
American,The Keg Steakhouse + Bar - Coquitlam,"2991 Lougheed Hwy. Unit 130, Coquitlam, BC V3B 6J6, Canada",http://www.thekeg.com/en/locations/coquitlam
American,Blazing Onion Burger Co. Whiskey Bar,"11199 Pacific Crest Pl Suite D-119, Silverdale, WA 98383, USA",https://www.blazingonion.com/
American,The Keg Steakhouse + Bar - Maple Ridge,"20640 Dewdney Trunk Rd, Maple Ridge, BC V2X 3E5, Canada",http://www.thekeg.com/en/locations/maple-ridge
American,Blazing Onion Burger Company,"2811 Bickford Ave, Snohomish, WA 98290, USA",https://www.blazingonion.com/
American,Blazing Onion Burger,"3000 184th St SW #840, Lynnwood, WA 98036, USA",https://www.blazingonion.com/
American,Yard House,"1501 4th Ave, Seattle, WA 98101, USA",https://www.yardhouse.com/locations/wa/seattle/seattle-4th-and-pike/8343?cmpid=br:yh_ag:ie_ch:dry_ca:YHGMB_sn:gmb_gt:seattle-wa-8343_pl:locurl_rd:1041
American,The Keg Steakhouse + Bar - Morgan Creek,"15180 32nd Avenue Diversion, Surrey, BC V3S 3M1, Canada",http://www.thekeg.com/en/locations/morgan-creek
American,Pat's Bar and Grill,"140 W Bridge St, Hotchkiss, CO 81419, USA",
American,Boardwalk,"15251 NE 40th St, Redmond, WA 98052, USA",http://dining.azurewebsites.net/boardwalk/
American,North Fork Boardwalk,"273 Hwy 92, Crawford, CO 81415, USA",https://www.facebook.com/NorthForkBoardwalk/
American,Applebee's Grill + Bar,"11227 Shaw Ave, Meadville, PA 16335, USA",https://restaurants.applebees.com/en-us/pa/meadville/11227-shaw-avenue-93015?utm_source=google&utm_medium=organic&utm_campaign=google_my_business&utm_term=93015&utm_content=website
American,Eddie's Footlong Hot Dogs,"16306 Conneaut Lake Rd, Meadville, PA 16335, USA",http://www.eddiesfootlong.com/
American,Perkins Restaurant & Bakery,"18276 Conneaut Lake Rd, Meadville, PA 16335, USA",https://perkinsrestaurants.com/locations/us/pa/meadville/18276-conneaut-lake-rd
American,Tim's American Cafe,"1600 Crawford Ave, Altoona, PA 16602, USA",
American,Stone Creek Dining Company - Plainfield,"2539 Perry Crossing Way #150, Plainfield, IN 46168, USA",https://www.stonecreekdining.com/plainfield/
British,Showcase Restaurant & Bar,"1122 W Hastings St, Vancouver, BC V6E 4J6, Canada",http://www.showcaserestaurant.com/
Thai,Patsara Thai,"528 Carnarvon St, New Westminster, BC V3L 1C4, Canada",https://www.patsara.ca/
Japanese,Sushi On,"2020 Oxford Connector #201, Port Coquitlam, BC V3C 0A4, Canada",http://www.sushion.ca/
Chinese,New Garden Restaurant,"400 S Grand Ave, Pullman, WA 99163, USA",https://www.facebook.com/New-Garden-Restaurant-86852747431/
Indian,Walla Walla Indian Cuisine,"12 E Main St, Walla Walla, WA 99362, USA",http://www.wallawallaindiancuisine.com/
Canadian,The Keg Steakhouse + Bar - Burnaby,"4510 Still Creek Ave, Burnaby, BC V5C 0B5, Canada",http://www.thekeg.com/en/locations/burnaby
Russian,From Russia with Love,"12271 Melinda Ln NE, Aurora, OR 97002, USA",https://fromrussiawithloveaurora.menufy.com/
Jewish,Ess In Co,"25900 Greenfield Rd Unit 122, Oak Park, MI 48237, USA",https://essincompany.com/
Jewish,Holy Schnitzel,"4102 18th Ave, Brooklyn, NY 11218, USA",https://holyschnitzel.com/
Jewish,Kravings,"25270 Greenfield Rd, Oak Park, MI 48237, USA",http://www.kravingsdetroit.com/
Jewish,Grill Time Express,"90 Middle Neck Rd, Great Neck, NY 11021, USA",https://www.grilltimeexpress.getsauce.com/?utm_source=GMB&utm_medium=Website%20button&utm_id=Grill%20Time%20Express
Jewish,Cafe Kriza,"45 Middle Neck Rd, Great Neck, NY 11021, USA",https://www.cafekriza.com/
Jewish,Prime 10,"15600 W 10 Mile Rd, Southfield, MI 48075, USA",http://www.prime10detroit.com/
Jewish,Silver Shores Restaurant,"11934 Conneaut Lake Rd, Conneaut Lake, PA 16316, USA",https://1silvershores.net/
Jewish,Sunflower Cafe,"1223 Quentin Rd, Brooklyn, NY 11229, USA",https://sunflowercafe.com/
Jewish,Holy Schnitzel (Sheepshead Bay),"819 Avenue U, Brooklyn, NY 11223, USA",http://www.holyschnitzel.com/
Jewish,Chef Cari Kosher Catering,"6800 Drake Rd, West Bloomfield Township, MI 48322, USA",http://chefcari.com/
Jewish,Holy Chow!,"1331 Lamberton Dr, Silver Spring, MD 20902, USA",https://www.holychow.me/
Jewish,Kosher Pastry Oven Inc,"1372 Lamberton Dr, Silver Spring, MD 20902, USA",http://www.thekosherpastryoven.com/
Jewish,Subsational,"1928 Coney Island Ave, Brooklyn, NY 11230, USA",https://www.subseats.com/
Jewish,Jerusalem Pizza,"26025 Greenfield Rd, Southfield, MI 48076, USA",http://jpizza.com/
Jewish,Elegant Edge Catering Company,"5915 Beacon St #6, Pittsburgh, PA 15217, USA",https://elegantedgecateringcompany.com/
Jewish,Wok in Cari out,"15600 W 10 Mile Rd, Southfield, MI 48075, USA",http://www.wokincariout.com/
Jewish,The Grove Kosher Market,"25155 Greenfield Rd, Southfield, MI 48075, USA",http://grovekosher.com/
Jewish,Sophie's Bistro,"1906 Coney Island Ave, Brooklyn, NY 11230, USA",
Polish,U Gazdy Polish Restaurant,"270 Irving Park Rd, Wood Dale, IL 60191, USA",http://u-gazdy.com/
German,Deutsches Haus (Vancouver Alpen Club),"4875 Victoria Dr, Vancouver, BC V5N 4P3, Canada",https://www.vacbc.ca/
French,La Baguette French Bistro,"4440 N Chestnut St, Colorado Springs, CO 80907, USA",http://labaguettefrenchbistro.com/
Hawaiian,Taste of Aloha-Krachelz Ohana,"514 State Ave STE 106, Marysville, WA 98270, USA",https://www.ordertasteofaloha.com/
Brazilian,Fogo de Chão Brazilian Steakhouse,"18602 Alderwood Mall Pkwy Suite 1110, Lynnwood, WA 98037, USA",https://fogodechao.com/location/lynnwood/
Brazilian,Novilhos Brazilian Steakhouse,"12405 SE 38th St, Bellevue, WA 98006, USA",https://novilhos.com/
Brazilian,Boiada Brazilian Grill,"245 W Spokane Falls Blvd, Spokane, WA 99201, USA",https://boiadabraziliangrill.com/?utm_source=GMB&utm_medium=GMB&utm_campaign=GMBSpokane
Brazilian,Fogo de Chão Brazilian Steakhouse,"440 Bellevue Way NE, Bellevue, WA 98004, USA",https://fogodechao.com/location/bellevue/
Brazilian,Fogo de Chão Brazilian Steakhouse,"930 SW 6th Ave, Portland, OR 97204, USA",https://fogodechao.com/location/portland/
Peruvian,Silvestre Deli & Bistro,"317 Water St, Vancouver, BC V6B 1B8, Canada",http://www.silvestregustolatino.com/
Salvadorian,Pupuseria y Tienda Latina,"409 State Ave, Marysville, WA 98270, USA",https://order.spoton.com/so-pupuseria-y-tienda-latina-13956/marysville-wa/64527eec83c6e0003df4d72e
Cuban,El Cubanito Restaurant,"2555 N Pulaski Rd, Chicago, IL 60639, USA",
Tibetan,Tibetan Kitchen Cafe,"680 Broughton St, Victoria, BC V8W 2C1, Canada",https://tibetankitchencafe.com/
Egyptian,Egyptian Kitchen Restaurant,"30112 Ford Rd, Garden City, MI 48135, USA",https://www.egyptiankitchenrestaurant.com/
Greek,Yia Yia Nikki's,"405 SE Bishop Blvd #3, Pullman, WA 99163, USA",
Belgian,Taste of Belgium – The Greene,"10 Greene Blvd, Beavercreek, OH 45440, USA",https://authenticwaffle.com/
Irish,The Irish Heather Shebeen,"248 E Georgia St, Vancouver, BC V6A 1Z7, Canada",https://www.irishheather.com/
Welsh,The Welsh Harp Inn,"Hirwaun Rd, Trecynon, Aberdare CF44 8LU, UK",
Cajun,Creole Soul,"We are located in the Alley, 22341 Marine View Dr S Suite D, Des Moines, WA 98198, USA",http://www.datcreolesoul.com/
Portuguese,Portuguese Club Of Vancouver,"1144 Commercial Dr, Vancouver, BC V5L 3X2, Canada",https://thepcov.ca/
Turkish,Saray Turkish Cuisine,"6633 Hastings St, Burnaby, BC V5B 1S1, Canada",https://sarayturkish.com/
Turkish,Afghan Turkish Cuisine,"422 Willingdon Ave, Burnaby, BC V5C 5G4, Canada",http://www.afghanturkishcuisine.ca/
Turkish,Anatolia's Gate Restaurant,"7084 Kingsway, Burnaby, BC V5E 1E7, Canada",http://www.anatoliasgaterestaurant.com/
Turkish,Turkish Donair,"4066 Hastings St, Burnaby, BC V5C 2J3, Canada",https://order.online/store/TurkishDonair-1519392/en-US/?hideModal=true&pickup=true
Haitian,Tap Tap Cuisine,"3927 N Williams Ave, Portland, OR 97227, USA",https://instagram.com/taptap_cuisine?igshid=YzAwZjE1ZTI0Zg%3D%3D&utm_source=qr
Korean,Shilla Korean Restaurant,"1031 Kingsway, Vancouver, BC V5V 3C7, Canada",http://shillakorean.ca/
Algerian,Zebda,"4344 N Elston Ave, Chicago, IL 60641, USA",
Nigerian,Alebi African Cuisine,"10694 135a St, Surrey, BC V3T 4E2, Canada",http://alebiafricanrestaurant.com/
Nigerian,Taste of Africa,"10663 King George Blvd, Surrey, BC V3T 2X6, Canada",
Moroccan,Moltaqa Moroccan Restaurant Mainland Street Yaletown,"1002 Mainland St, Vancouver, BC V6B 6J8, Canada",https://www.moltaqarestaurant.ca/
Lebanese,Lebanon Restaurant & Cafe,"707 West 5th Avenue On, S Wall St side, Spokane, WA 99204, USA",https://lebanonspokane.com/
Vietnamese,Kim Son Vietnamese Food,"555 W 12th Ave #030, Vancouver, BC V5Z 3X7, Canada",
Vietnamese,Ivy's Kitchen Vietnamese Restaurant,"4598 Main St, Vancouver, BC V5V 3R5, Canada",
Vietnamese,Pho Yummy & Thai Restaurant,"1508 2nd St, Marysville, WA 98270, USA",http://phoyummythaibar.com/
Vietnamese,Happy Phở,"9330 State Ave, Marysville, WA 98270, USA",
Hungarian,Budapest Bistro,"12926 Mukilteo Speedway, Lynnwood, WA 98037, USA",
Mediterranean,The Palms Mediterranean kitchen,"7811 N 12th St, Phoenix, AZ 85020, USA",
Ethiopian,Fassil Restaurant,"736 E Broadway, Vancouver, BC V5T 1X9, Canada",http://www.fassil.ca/
Ethiopian,Harambe Ethiopian Restaurant,"2149 Commercial Dr, Vancouver, BC V5N 4B3, Canada",
Ethiopian,Axum Restaurant,"1279 E Hastings St, Vancouver, BC V6A 1S4, Canada",http://www.axumrestaurant.ca/
Ethiopian,Gojo Café Ethiopia I Ethiopian Cuisine,"2838 Commercial Dr, Vancouver, BC V5N 4C6, Canada",http://www.gojocafe.com/
Ethiopian,Ambo Ethiopian Cuisine,"902 N State St, Bellingham, WA 98225, USA",https://www.amboethiopian.com/
Ethiopian,Zagol Ethiopian Restaurant,"2722 E Cherry St, Seattle, WA 98122, USA",http://www.zagolethiopianrestaurant.com/
Ethiopian,Adey Abeba Ethiopian Restaurant,"2123 E Union St, Seattle, WA 98122, USA",https://adeyabeba.net/
Ethiopian,Massawa Eritrean & Ethiopian Restaurant,"4411 S Mead St, Seattle, WA 98118, USA",
Ethiopian,Dukem Restaurant and Market,"215 SW 152nd St, Burien, WA 98166, USA",
Ethiopian,Cafe Selam,"2715 E Cherry St B, Seattle, WA 98122, USA",https://www.cafeselam.com/
Ethiopian,Kokob Market & Restaurant,"205 SW 152nd St, Burien, WA 98166, USA",
Ethiopian,Adulis Eritrean and Ethiopian Restaurant,"10515 Greenwood Ave N, Seattle, WA 98133, USA",http://adulisrestaurant.com/
Ethiopian,Ras Dashen Restaurant,"2801 E Cherry St, Seattle, WA 98122, USA",http://www.rasdashenseattle.com/
Caribbean,Gee's Caribbean Style,"9163 Pippin Rd, Cincinnati, OH 45251, USA",
Soul,Ruby's SoulFood Restaurant,"18348 Pulaski Rd, Homewood, IL 60422, USA",
Argentinian,El Argento,"5001 Auburn Way N, Auburn, WA 98002, USA",https://www.elargentorestaurant.com/
Chilean,Al Chile,"1340 Davie St, Vancouver, BC V6E 1N6, Canada",https://instagram.com/alchilevan?igshid=MzRlODBiNWFlZA==
Colombian,El Cafetal Colombian Restaurant,"3116 Garrity Blvd #114, Nampa, ID 83687, USA",https://elcafetalcolombianrestaurantid.com/
Costa Rican,Los Arcos,"G8X3+HGQ, Ruta Nacional Secundaria 151, Provincia de Guanacaste, Coco, Costa Rica",
Costa Rican,Restaurante El Sabor de la Montaña,"50 mts norte de la delegación de Poasito en carretera hacia el Volcán, Provincia de Alajuela, Alajuela, 20107, Costa Rica",https://linktr.ee/infosabor
Costa Rican,Patacón Cevichero,"Provincia de Puntarenas, Quebrada Ganado, Costa Rica",
Czech,Czech-American Restaurant,"220 N Main St, West, TX 76691, USA",
Danish,Taste of Denmark,"142 University Ave, San Diego, CA 92103, USA",http://www.truetasteofdenmark.com/
Dutch,Dutch Village Restaurant,"8729 W Main St, Clymer, NY 14724, USA",https://dutchvillage.net/
Ecuadorian,Restaurant Ecuador,"2923 W Diversey Ave, Chicago, IL 60647, USA",https://restauranteecuador.com/
Ghanaian,Taste of Africa,"10663 King George Blvd, Surrey, BC V3T 2X6, Canada",
Guatemalan,Cafe & Restaurant Chapines,"1520 W 7th St, Los Angeles, CA 90017, USA",https://themenustar4.com/webspace/menus.php?code=orderpanaderiayrestaurantechapines.com
Honduran,Delights of Honduras Restaurant,"265 7th St, Kansas City, KS 66101, USA",
Icelandic,Old Iceland,"Laugavegur 72, 101 Reykjavík, Iceland",http://www.oldiceland.is/
Indonesian,Peranakan Kitchen (P'Kay),"1122 5th Ave, New Westminster, BC V3M 1Y6, Canada",https://perkit.ca/
Indonesian,Bali Thai,"88 W Pender St, Vancouver, BC V6B 1R3, Canada",https://www.balithaivancouver.com/
Indonesian,Indo Cafe,"13754 Aurora Ave N Suite D, Seattle, WA 98133, USA",http://www.myindocafe.com/
Iranian,Cazba Persian Grill Express,"9855 Austin Ave #106, Burnaby, BC V3J 1N4, Canada",https://cazbarestaurant.com/
Iranian,Cazba Restaurant,"132 16th St W, North Vancouver, BC V7M 1T4, Canada",http://cazbarestaurant.com/
Iranian,Pasargad Restaurant,"2565 Barnet Hwy #22, Coquitlam, BC V3H 4E2, Canada",http://pasargadrestaurant.ca/
Iranian,Noon and Reyhoon Persian Restaurant (takeouts only)رستوران نون و ریحون,"6631 Hastings St Vancouver, Burnaby, BC V5B 1S1, Canada",http://noon-reyhoon.ca/
Iranian,Mehman Restaurant,"1451 Lonsdale Ave, North Vancouver, BC V7M 2H9, Canada",http://www.mehmanrestaurant.ca/
Iranian,Khaghan Restaurant North Shore,"935 Marine Dr Unit 66, North Vancouver, BC V7P 1S3, Canada",https://linktr.ee/khaghan
Iranian,Yaas Grill House,"2057 Lonsdale Ave, North Vancouver, BC V7M 2K6, Canada",https://www.yaas.ca/
Iranian,SadraRestaurantرستوران صدراونكوور,"SADRA Persian Restaurant, 1615 Lonsdale Ave, North Vancouver, BC V7M 2J5, Canada",http://sadrarestaurant.ca/
Iranian,Zeitoon Restaurant,"1795 Pendrell St, Vancouver, BC V6G 1T2, Canada",https://zeitoon.cloudwaitress.com/
Iranian,Suren Persian cuisine,"4624 Hastings St, Burnaby, BC V5C 2K5, Canada",https://linktr.ee/surenrestaurant
Iranian,The Kebob House Restaurant,"2865 Shaughnessy St, Port Coquitlam, BC V3C 3H1, Canada",http://www.thekebobhouse.com/
Iranian,Farsi Food,"1480 Pemberton Ave, North Vancouver, BC V7P 2S1, Canada",http://www.farsifood.ca/
Iranian,Khaghan Restaurant,"851 Denman St, Vancouver, BC V6G 2L9, Canada",
Iranian,Cazba persian grill,"4567 Lougheed Hwy., Burnaby, BC V5C 3Z6, Canada",
Iranian,Gilaneh GrillHouse Restaurant - North Vancouver,"222 Pemberton Ave, North Vancouver, BC V7P 2R5, Canada",https://gillaneh.com/
Iranian,Delara Restaurant,"2272 W 4th Ave, Vancouver, BC V6K 1N8, Canada",http://delararestaurant.ca/
Iranian,Cazba Restaurant,"1103 Davie St, Vancouver, BC V6E 1N2, Canada",http://cazbarestaurant.com/
Iranian,Shishlik Grill House | شیشلیک,"1629 Lonsdale Ave, North Vancouver, BC V7M 2J5, Canada",https://shishlik.ca/
Iranian,Gillaneh GrillHouse - Downtown,"1072 Denman St, Vancouver, BC V6G 2M8, Canada",https://gilane.ca/
Iranian,Shamshiri Caveman International & Persian Restaurant,"139 Keefer St, Vancouver, BC V6A 1X3, Canada",http://shamshirivan.ca/
Israeli,Jaffa Middle Eastern Kitchen,"400 E Valley Rd, Carbondale, CO 81623, USA",http://www.jaffakitchen.com/
Jamaican,The Original Jamaican Spice est 2011,"1223 N Byrne Rd, Toledo, OH 43607, USA",
Kuwaiti,Together & Co. Restaurant,"Ground Floor, Mutlaq Abbas Munawir St, Kuwait",
Laotian,Khao Niew Lao Food Cart,"979 SW Harrison St, Portland, OR 97201, USA",https://www.khaoniewlaostreetfood.com/
Lithuanian,Smilga,"2819 83rd St, Darien, IL 60561, USA",http://www.smilgabakery.com/
Malaysian,Kopitiam Malaysia,"3885 Rupert St, Vancouver, BC V5R 2G7, Canada",https://kopitiammalaysia.ca/
Malaysian,Green & Oak Malaysian Restaurant,"3760 Hastings St, Burnaby, BC V5C 2H5, Canada",https://www.greenandoak.com/
Malaysian,Penang Bistro Fine Malaysian Cuisine(10% OFF for Orders from Our Website!),"3932 Fraser St, Vancouver, BC V5V 4E4, Canada",https://penangbistro.zomi.menu/
Malaysian,IPOH Malaysian Cuisine,"2127-4500 Kingsway, Burnaby, BC V5H 2A9, Canada",https://www.facebook.com/ipohmalaysiancuisine/
Malaysian,Ipoh Malay Cuisine,"1316 W 73rd Ave, Vancouver, BC V6P 4M9, Canada",https://www.ipohmalaycuisine.ca/
Malaysian,Banana Leaf Malaysian Cafe,"1779 Robson St, Vancouver, BC V6G 1C9, Canada",https://www.bananaleaf-vancouver.com/robson
Malaysian,Mamalee - Broadway,"3144 W Broadway, Vancouver, BC V6K 2H3, Canada",http://www.mamalee.ca/
Malaysian,Tropika,"2975 Cambie St, Vancouver, BC V5Z 2V7, Canada",http://www.tropikavancouver.ca/
Malaysian,Malaysian Hut,"14727 108 Ave, Surrey, BC V3R 1V9, Canada",http://www.malaysianhutrestaurant.com/
Malaysian,Hawkers Delight Deli,"4127 Main St, Vancouver, BC V5V 3P6, Canada",https://order.online/business/hawkers-delight-deli-21039
Malaysian,Nyonya House - Malaysian Restaurant - Please try to Order from Website,"3866 Bayview St #110, Richmond, BC V7E 3B6, Canada",http://nyonya.richmondpos.com/
Malaysian,Laksa King,"2546 E Hastings St, Vancouver, BC V5K 1Z3, Canada",https://laksaking.ca/
Malaysian,Malay Satay Hut,"5540, 15230 NE 24th St, Redmond, WA 98052, USA",https://www.malaysatay.com/
Malaysian,Kedai Makan,"1449 E Pine St, Seattle, WA 98122, USA",http://www.kedaimakansea.com/
Malaysian,Shiok Singaporean Cuisine,"1716 Kingsway, Vancouver, BC V5N 2S4, Canada",http://shiok.ca/
Mongolian,Hot Iron Mongolian Grill,"16822 Twin Lakes Ave, Marysville, WA 98271, USA",https://marysvillehotiron.wixsite.com/mongoliangrill
Nepalese,Mount Everest Kitchen & Grill,"538 Seymour St, Vancouver, BC V6B 3J5, Canada",https://everestkitchen.ca/
Nepalese,Gurkha Himalayan Kitchen Restaurant,"1141 Davie St, Vancouver, BC V6E 1N2, Canada",https://www.gurkha.ca/
Nepalese,Royal Nepalese Momo Palace - #1 Place for Momos + Sugarcane Juice,"3490 Kingsway, Vancouver, BC V5R 5L7, Canada",https://www.royalmomopalace.com/
Nicaraguan,Sabor Nicaragüense Restaurant,"1927 S Western Ave, Los Angeles, CA 90018, USA",http://sabornicaraguenserestaurant.com/
Pakistani,Al-Wahid Tandoor Express Meat & Grocery,"896 E Roosevelt Rd, Lombard, IL 60148, USA",https://www.alwahidexpress.com/
Paraguayan,I Love Paraguay Restaurant,"4316 Greenpoint Ave, Queens, NY 11104, USA",http://www.ilovepy.com/
Peruvian,Silvestre Deli & Bistro,"317 Water St, Vancouver, BC V6B 1B8, Canada",http://www.silvestregustolatino.com/
Philippine,Pampanga’s Cuisine Home of the Original Sisig,"5179 Joyce St, Vancouver, BC V5R 4G8, Canada",http://pampangascuisine.ca/
Philippine,Pampanga's Best Cafeteria,"4279 Fraser St, Vancouver, BC V5V 4G1, Canada",http://pampangasbestcafeteria.com/
Philippine,PAMPANGA’S CUISINE Home of the Original Sisig,"6094 Fraser St, Vancouver, BC V5W 2Z7, Canada",https://pampangascuisine.ca/
Philippine,Kulinarya Filipino Eatery,"1134 Commercial Dr, Vancouver, BC V5L 3X2, Canada",http://www.kulinarya.ca/
Polish,U Gazdy Polish Restaurant,"270 Irving Park Rd, Wood Dale, IL 60191, USA",http://u-gazdy.com/
Puerto Rican,Borikén Restaurant,"305 E Galena Blvd, Aurora, IL 60505, USA",https://www.facebook.com/borikenrestaurant/
Romanian,Romanian Garden,"43-06 43rd Ave, Queens, NY 11104, USA",https://www.romaniangarden.nyc/
Singaporean,Singapore Hawker Burnaby,"7150 Sperling Ave, Burnaby, BC V5E 2W5, Canada",http://www.singaporehawker.ca/
Singaporean,Singapore Hawker,"1169 Pacific St #120, Coquitlam, BC V3B 0J1, Canada",http://www.singaporehawker.ca/
Singaporean,Shiok Singaporean Cuisine,"1716 Kingsway, Vancouver, BC V5N 2S4, Canada",http://shiok.ca/
Singaporean,Prata-Man Singapore Cuisine,"9060 Capstan Wy, Richmond, BC V6X 3N6, Canada",https://prata-man-richmond.business.site/
Somali,Sahara Cafe Somali Cuisine,"13919 Tukwila International Blvd, Tukwila, WA 98168, USA",
Somali,Halwo Kismayo Grill,"14822 Tukwila International Blvd, Tukwila, WA 98168, USA",https://halwokismayogrill.com/
Somali,Juba Restaurant & Café,"14223 Tukwila International Blvd, Tukwila, WA 98168, USA",
South African,Southside African Restaurant,"8311 S Baltimore Ave, Chicago, IL 60617, USA",
Sri Lankan,J.R Taste Of Ceylon,"3929 Knight St, Vancouver, BC V5N 3L8, Canada",http://j-r-taste-of-ceylon.jany.io/
Swiss,Chalet In The Valley Restaurant,"5060 OH-557, Millersburg, OH 44654, USA",
Syrian,Syriana Cafe & Restaurant,"8180 Main St, Ellicott City, MD 21043, USA",http://syrianacafe.com/
Taiwanese,台風 Typhoon Bubble Tea Taiwanese Cuisine,"11700 Cambie Rd. #175, Richmond, BC V6X 1L5, Canada",https://typhoonbbt.ca/
Taiwanese,Wang's Taiwan Beef Noodle House,"8390 Granville St, Vancouver, BC V6P 4Z7, Canada",https://wangstaiwanhouse.com/
Taiwanese,Joys Taiwanese Food,"4380 No. 3 Rd, Richmond, BC V6X 3V7, Canada",
Taiwanese,Ding Hao Noodle House,"2773 Barnet Hwy #4, Coquitlam, BC V3B 1C2, Canada",http://www.dinghaonoodlehouse.com/
Taiwanese,Bubble 88,"10209 King George Blvd #102, Surrey, BC V3T 2W6, Canada",https://bubble88.business.site/
Taiwanese,Chef Hung Taiwanese Beef Noodle,"4151 Hazelbridge Wy #2800, Richmond, BC V6X 4J7, Canada",http://www.chefhungnoodle.com/
Taiwanese,Little Taipei Restaurant,"2245 140th Ave NE, Bellevue, WA 98005, USA",
Taiwanese,Yung Ho Soy Drink,"8181 Cambie Rd., Richmond, BC V6X 3X9, Canada",http://www.yunghosoydrink.com/
Taiwanese,Chef Hung Taiwanese Beef Noodle,"3313 Shrum Lane #102, Vancouver, BC V6S 0C8, Canada",http://www.chefhungnoodle.com/
Thai,Patsara Thai,"528 Carnarvon St, New Westminster, BC V3L 1C4, Canada",https://www.patsara.ca/
Tunisian,Carthage Cafe,"1851 Commercial Dr, Vancouver, BC V5N 4A6, Canada",https://www.carthage.cafe/
Ukrainian,Ukrainian Cuisine restaurant,"31811 WA-706, Ashford, WA 98304, USA",https://paradisevillagelodge.com/amenities/restaurant/
Venezuelan,Rica Arepa | Venezuelan Restaurant,"4253 W Armitage Ave, Chicago, IL 60639, USA",http://www.ricaarepachicago.com/
Vietnamese,Kim Son Vietnamese Food,"555 W 12th Ave #030, Vancouver, BC V5Z 3X7, Canada",
Vietnamese,Ivy's Kitchen Vietnamese Restaurant,"4598 Main St, Vancouver, BC V5V 3R5, Canada",
Vietnamese,Pho Yummy & Thai Restaurant,"1508 2nd St, Marysville, WA 98270, USA",http://phoyummythaibar.com/
Vietnamese,Happy Phở,"9330 State Ave, Marysville, WA 98270, USA",
Yemeni,Saba Yemeni Restaurant,"2881 Granville St, Vancouver, BC V6H 3J4, Canada",http://www.sabafoods.ca/
Zambian,Abiana's Kitchen,"North End, Cairo, Lusaka, Zambia Lusaka ZM, Lusaka 10101, Zambia",
