Cuisine Type,Name,Address,Website
Mexican,Chakas Mexican Restaurant,"6265 E Evans Ave, Denver, CO 80222, USA",https://www.chakasmexicanrestaurant.com/
Mexican,Chili Verde,"2311 Federal Blvd, Denver, CO 80211, USA",http://chiliverdedenver.com/
Mexican,Blue Bonnet Restaurant,"457 S Broadway, Denver, CO 80209, USA",https://www.bluebonnetrestaurant.com/?y_source=1_MzQ0Mjk5NzItNzE1LWxvY2F0aW9uLndlYnNpdGU%3D
Mexican,Puerto Vallarta Mexican Restaurant,"35 Federal Blvd, Denver, CO 80219, USA",
Mexican,7 Leguas Mexican Grille,"4550 E Colfax Ave, Denver, CO 80220, USA",http://www.7leguasmexicangrille.com/
Mexican,Rio Grande Mexican Restaurant,"1745 Wazee St, Denver, CO 80202, USA",https://riograndemexican.com/locations/denver/
Mexican,Otra Vez Cantina,"610 16th St Mall, Denver, CO 80202, USA",https://otravezcantina.menufy.com/
Mexican,Jaimes Mexican Restaurant,"1910 S Depew St, Denver, CO 80227, USA",https://www.jaimesmexican.com/
Mexican,La Fogata - Quincy,"8090 E Quincy Ave, Denver, CO 80237, USA",https://la-fogatadenver.com/
Mexican,7 Leguas Mexican Grille,"8501 E Colfax Ave 7 Leguas, Denver, CO 80220, USA",http://7leguasmexicangrille.com/
Mexican,Los Carboncitos,"3757 N Pecos St, Denver, CO 80211, USA",https://loscarboncitoscolorado.com/
Mexican,Mezcal,"3230 E Colfax Ave, Denver, CO 80206, USA",https://mezcalcolorado.com/
Mexican,Los Carboncitos,"722 Sheridan Boulevard, Denver, CO 80214, USA",https://loscarboncitoscolorado.com/
Mexican,La Pasadita Inn,"1959 Park Ave W, Denver, CO 80218, USA",
Mexican,North County,"94 Rampart Way, Denver, CO 80230, USA",http://www.northcountydenver.com/
Mexican,El Tejado Denver,"2651 S Broadway, Denver, CO 80210, USA",https://eltejadomexicanrestaurants.net/
Mexican,Los Cuates Mexican Restaurant,"1124 Yosemite St # A, Denver, CO 80220, USA",https://loscuateseats.com/
Mexican,D'Corazon Mexican Restaurant,"1530 Blake St unit c, Denver, CO 80202, USA",http://dcorazonrestaurant.com/
Mexican,El Camino Community Tavern,"3628 W 32nd Ave, Denver, CO 80211, USA",http://www.elcaminotavern.com/
Mexican,Los Molinos Restaurant,"1603 Bruce Randolph Ave, Denver, CO 80205, USA",https://www.facebook.com/Los-Molinos-Restaurant-124404990975413/
Swedish,Work & Class,"2500 Larimer St, Denver, CO 80205, USA",http://www.workandclassdenver.com/
Latvian,Svetlana Inc,"909 S Oneida St # 1B, Denver, CO 80224, USA",
Italian,Tavernetta,"1889 16th St Mall, Denver, CO 80202, USA",https://www.tavernettadenver.com/
Italian,Gaetano's,"3760 Tejon St, Denver, CO 80211, USA",http://www.gaetanositalian.com/
Italian,Cucina Bella Denver,"9660 E Alameda Ave #104, Denver, CO 80247, USA",https://www.cucinabelladenver.com/
Italian,Osteria Marco,"1453 Larimer St, Denver, CO 80202, USA",https://www.bonannoconcepts.com/restaurant/osteria-marco/
Italian,North Italia,"190 Clayton Ln, Denver, CO 80206, USA",https://www.northitalia.com/locations/denver-co-cherry-creek-shopping-center/
Italian,Odyssey Italian Restaurant,"603 E 6th Ave, Denver, CO 80203, USA",https://odysseyitalian.com/
Italian,Maggiano's Little Italy,"Pavilions Mall, 500 16th St Mall Suite 150, Denver, CO 80202, USA",https://www.maggianos.com/locations/colorado/denver/500-16th-st.?utm_source=google&utm_medium=organic&utm_campaign=Maggianos
Italian,Shells and Sauce,"2600 E 12th Ave, Denver, CO 80206, USA",http://www.shellsandsauce.net/
Italian,Colore Italian Restaurant,"2700 S Broadway, Englewood, CO 80113, USA",https://coloreitalian.com/
Italian,Spuntino,"2639 W 32nd Ave, Denver, CO 80211, USA",http://www.spuntinodenver.com/
Italian,Angelo’s Taverna,"620 E 6th Ave, Denver, CO 80203, USA",http://angelostaverna.com/
Italian,Cafe Jordano,"11068 W Jewell Ave, Lakewood, CO 80227, USA",http://www.cafejordano.com/
Italian,Restaurant Olivia,"290 S Downing St, Denver, CO 80209, USA",https://www.oliviadenver.com/
Italian,DiFranco's,"955 Lincoln St D, Denver, CO 80203, USA",http://difrancos.com/
Italian,Barolo Grill,"3030 E 6th Ave, Denver, CO 80206, USA",https://www.barologrilldenver.com/
Italian,Panzano,"909 17th St, Denver, CO 80202, USA",https://panzano-denver.com/
Italian,Bar Dough,"2227 W 32nd Ave, Denver, CO 80211, USA",https://bit.ly/BDDenver
Italian,Cucina Colore,"3041 E 3rd Ave, Denver, CO 80206, USA",http://cucinacolore.com/
Italian,Cattivella,"10195 E 29th Dr Suite 110, Denver, CO 80238, USA",https://www.cattivelladenver.com/
Italian,Quality Italian,"241 Columbine St, Denver, CO 80206, USA",https://www.qualityitaliandenver.com/
Spanish,Ultreia,"1701 Wynkoop St #125, Denver, CO 80202, USA",http://ultreiadenver.com/
Spanish,The 9th Door Capitol Hill,"925 Lincoln St Unit C, Denver, CO 80203, USA",http://9thdoorcapitolhill.com/
Spanish,Tapas Sky Bar,"8500 Peña Blvd, Denver, CO 80249, USA",https://www.flydenver.com/dine/tapas-sky-bar/
Spanish,Barcelona Wine Bar,"2900 Larimer St, Denver, CO 80205, USA",https://www.barcelonawinebar.com/location/denver/?utm_source=yext&utm_medium=localsearch&utm_campaign=landing-page&utm_content=rino
Spanish,Villa Denver,"1416 Market St, Denver, CO 80202, USA",https://villadenver.com/
Spanish,Tarascos Mexican restaurant,"470 S Federal Blvd, Denver, CO 80219, USA",http://tarascosrestaurantdenver.com/
Spanish,El Valle Mexican Restaurant,"2925 W 38th Ave, Denver, CO 80211, USA",http://elvallerestaurantdenver.net/
Spanish,Zocalito Latin Bistro,"999 18th St Ste. 107, Denver, CO 80202, USA",http://www.zocalito.com/
Spanish,Rio Grande Mexican Restaurant,"1745 Wazee St, Denver, CO 80202, USA",https://riograndemexican.com/locations/denver/
Spanish,Casa Don Juan Mexican Restaurant,"5106 Washington St, Denver, CO 80216, USA",
Spanish,SOL Mexican Cocina,"200 Columbine St #110, Denver, CO 80206, USA",https://solcocina.com/
Spanish,La Finca,"5910 E Colfax Ave, Denver, CO 80220, USA",https://lafincaco.com/
Spanish,El Five,"2930 Umatilla St Unit #500, Denver, CO 80211, USA",https://www.ediblebeats.com/el-five
Spanish,El Tejado Denver,"2651 S Broadway, Denver, CO 80210, USA",https://eltejadomexicanrestaurants.net/
Spanish,Tamayo,"1400 Larimer St, Denver, CO 80202, USA",https://www.eattamayo.com/?utm_source=google&utm_medium=Yext
Spanish,Toro,"150 Clayton Ln Ste B, Denver, CO 80206, USA",https://www.torodenver.com/?utm_source=google-gbp&utm_medium=organic&utm_campaign=gbp
Spanish,North County,"94 Rampart Way, Denver, CO 80230, USA",http://www.northcountydenver.com/
Spanish,Puerto Vallarta Mexican Restaurant,"35 Federal Blvd, Denver, CO 80219, USA",
Spanish,Lazo Empanadas Ballpark,"1319 22nd St, Denver, CO 80205, USA",https://www.lazoempanadas.com/
Spanish,La Loma,"1801 Broadway, Denver, CO 80202, USA",http://lalomamexican.com/
American,The Kitchen American Bistro,"1560 Wazee St, Denver, CO 80202, USA",https://www.thekitchen.com/location/the-kitchen-bistros-denver/
American,Steuben's Uptown,"523 E 17th Ave, Denver, CO 80203, USA",http://www.steubens.com/
American,Spanky’s Roadhouse,"1800 E Evans Ave, Denver, CO 80210, USA",https://www.spankysur.com/
American,Hillstone,"303 Josephine St, Denver, CO 80206, USA",http://hillstonerestaurant.com/locations/denver/
American,Culinary Dropout,"4141 E 9th Ave, Denver, CO 80220, USA",https://www.culinarydropout.com/locations/denver-co/?utm_source=Google&utm_medium=Organic&utm_campaign=Maps
American,Yard House,"1555 Court Pl, Denver, CO 80202, USA",https://www.yardhouse.com/locations/co/denver/denver-sheraton-downtown/8329?cmpid=br:yh_ag:ie_ch:dry_ca:YHGMB_sn:gmb_gt:denver-co-8329_pl:locurl_rd:1027
American,Blackbird Public House,"305 S Downing St, Denver, CO 80209, USA",https://www.blackbirdpublichouse.com/
American,Colorado Campfire,"400 E 19th Ave, Denver, CO 80203, USA",https://www.campfiredenver.com/
American,The Pig & The Sprout,"1900 Chestnut Pl, Denver, CO 80202, USA",http://pigandsprout.com/
American,Cherry Creek Grill,"184 Steele St, Denver, CO 80206, USA",http://cherrycreekgrill.com/
American,McCoy's Restaurant,"4855 Federal Blvd, Denver, CO 80221, USA",
American,My Brother's Bar,"2376 15th St, Denver, CO 80202, USA",http://www.mybrothersbar.com/
American,The Original Brooklyn's,"2644 W Colfax Ave, Denver, CO 80204, USA",https://www.originalbrooklyns.com/
American,Fire Restaurant & Lounge,"1201 Broadway, Denver, CO 80203, USA",https://www.thearthotel.com/dine-drink/fire
American,Lookin Good Restaurant and Lounge,"66 Sheridan Boulevard, Denver, CO 80226, USA",
American,5280 Burger Bar,"500 16th St Mall Suite 160, Denver, CO 80202, USA",https://www.5280burgerbar.com/
American,FIFTY300 Restaurant,"3801 Quebec St, Denver, CO 80207, USA",https://www.marriott.com/hotel-info/densa-renaissance-denver-stapleton-hotel/fifty300-elevate-lounge/ocxzt6d/home-page.mi
American,The Cherry Cricket,"2641 E 2nd Ave, Denver, CO 80206, USA",https://cherrycricket.com/
American,Moonlight Diner,"6250 Tower Rd, Denver, CO 80249, USA",https://www.moonlightdinerco.com/
American,Punch Bowl Social,"65 Broadway, Denver, CO 80203, USA",https://punchbowlsocial.com/location/denver/
Scottish,The Cheese Inn,"4585 Dunbar St, Vancouver, BC V6S 2G7, Canada",
British,The Cheese Inn,"4585 Dunbar St, Vancouver, BC V6S 2G7, Canada",
Thai,Patsara Thai,"528 Carnarvon St, New Westminster, BC V3L 1C4, Canada",https://www.patsara.ca/
Thai,Swing Thai,"845 Colorado Blvd, Denver, CO 80206, USA",https://www.swingthai.com/
Thai,Aloy Modern Thai,"2134 Larimer St, Denver, CO 80205, USA",https://www.aloymodernthai.com/
Thai,Thai Pot Cafe,"1350 S Colorado Blvd #191, Denver, CO 80222, USA",http://www.thaipotcafe.com/
Thai,Tuk Tuk Thai Grill DTC,"8000 E Quincy Ave, Denver, CO 80237, USA",http://www.tuktukrocks.com/
Thai,SUVIPA Thai Food,"1015 S Federal Blvd, Denver, CO 80219, USA",https://suvipathaifood.com/
Thai,Thai Pan Traditional Thai Cuisine,"4085 E Mississippi Ave, Denver, CO 80246, USA",https://smorefood.com/order-online/thai-pan-denver-80246-uyln3m5c?utm_source=gmb&utm_medium=website
Thai,Erawan Thai Cafe,"3919 E 8th Ave, Denver, CO 80206, USA",http://www.erawanthaicafe.com/
Thai,My Thai Cafe,"2524 Federal Blvd, Denver, CO 80211, USA",http://mythaicafedenver.com/
Thai,Hey Bangkok!,"301 S Pennsylvania St, Denver, CO 80209, USA",https://www.heybangkok.net/
Thai,Thai Monkey Club,"102 S Broadway, Denver, CO 80209, USA",https://thai-monkey-club-co.hipierce.com/
Thai,Daughter Thai Kitchen & Bar,"1700 Platte St Suite 140, Denver, CO 80202, USA",http://daughterthaikitchenandbar.com/
Thai,Mon Thai Santa Fe,"750 Santa Fe Dr, Denver, CO 80204, USA",https://mon-thai-co.hipierce.com/
Thai,Pad Thai Cuisine,"990 W 6th Ave #1, Denver, CO 80204, USA",https://www.padthaidenver.com/
Thai,Liang's Thai Food,"Welton St &, 16th St Mall, Denver, CO 80202, USA",
Thai,Tasty Thai (Denver),"406 E Colfax Ave, Denver, CO 80203, USA",http://tastythaidenver.com/index.php
Thai,Swing Thai Tennyson,"4370 Tennyson St, Denver, CO 80212, USA",http://www.swingthai.com/
Thai,Thai Flavor LLC,"1014 S Peoria St, Aurora, CO 80012, USA",https://thaiflavorrestaurants.com/
Thai,Aung's Bangkok Cafe,"1225 E Hampden Ave, Englewood, CO 80113, USA",http://aungsbangkokcafe.com/
Thai,Thai Basil,"1400 E 18th Ave, Denver, CO 80218, USA",https://thaibasil-denver.com/
Japanese,Okinawa Japanese Cuisine,"2301 E Colfax Ave, Denver, CO 80206, USA",https://www.okinawasushitogo.com/
Japanese,Kiki's Japanese Casual Dining,"2440 S Colorado Blvd, Denver, CO 80222, USA",
Japanese,Kokoro Restaurant,"2390 S Colorado Blvd, Denver, CO 80222, USA",https://www.kokororestaurants.com/
Japanese,Sushi Hai,"3600 W 32nd Ave Ste D, Denver, CO 80211, USA",https://sushihai.com/
Japanese,Benihana,"3295 S Tamarac Dr, Denver, CO 80231, USA",https://www.benihana.com/
Japanese,Ginza Sushi & Grill,"2104 S University Blvd, Denver, CO 80210, USA",http://www.ginzasushi888.com/
Japanese,Mika sushi 3,"2730 S Colorado Blvd #118, Denver, CO 80222, USA",https://www.mikasushidenver.com/
Japanese,Mt Fuji Hibachi & Sushi,"601 Grant St, Denver, CO 80203, USA",https://smorefood.com/order-online/mt-fuji-japanese-and-sushi-bar-denver-80203-swi26jli?utm_source=gmb&utm_medium=website
Japanese,Zen Asian Sushi Bar & Grill,"8354 Northfield Blvd, Denver, CO 80238, USA",http://zensushinorthfield.com/
Japanese,Mizuumi Ramen & Sushi,"4225 W Colfax Ave, Denver, CO 80204, USA",https://www.mizuumiramensakeco.com/
Japanese,Hapa Sushi Grill and Sake Bar,"3030 E 2nd Ave #105, Denver, CO 80206, USA",http://www.hapasushi.com/
Japanese,Blue Sushi Sake Grill,"1616 16th St Mall, Denver, CO 80202, USA",http://www.bluesushisakegrill.com/
Japanese,Sawara,"1699 S Colorado Blvd #D, Denver, CO 80222, USA",http://www.thesawara.com/
Japanese,Izu-Sushi,"1528 E Colfax Ave, Denver, CO 80218, USA",https://orderizusushi.com/
Japanese,Sushi Bay,"3877 Tennyson St #2107, Denver, CO 80212, USA",https://sushibayco.com/
Japanese,Gyu-Kaku Japanese BBQ,"1998 18th St, Denver, CO 80202, USA",https://www.gyu-kaku.com/denver
Japanese,Jett Sushi,"5007 E Colfax Ave, Denver, CO 80220, USA",http://www.jettsushi.net/
Japanese,Obento,"709 16th St Mall, Denver, CO 80202, USA",http://www.obentodenver.com/
Japanese,Gyu-Kaku Japanese BBQ,"100 Steele St #100, Denver, CO 80206, USA",https://www.gyu-kaku.com/cherrycreek
Japanese,Hapa Sushi Grill and Sake Bar,"1514 Blake St, Denver, CO 80202, USA",http://www.hapasushi.com/
Chinese,Star Kitchen,"2917 W Mississippi Ave, Denver, CO 80219, USA",http://starkitchenco.com/
Chinese,Golden Shanghai Restaurant,"1412 S Parker Rd A134, Denver, CO 80231, USA",http://goldenshanghai-denver.com/
Chinese,Ho Wei Chinese Restaurant,"7262 Broadway, Denver, CO 80221, USA",
Chinese,Pepper Asian Bistro,"2831 E Colfax Ave, Denver, CO 80206, USA",http://www.pepper-asian.com/
Chinese,Happy Cafe Chinese Restaurant,"945 S Federal Blvd G, Denver, CO 80219, USA",https://happycafetogo.com/
Chinese,Taste of China,"1935 Federal Blvd, Denver, CO 80204, USA",http://tasteofchinadenver.com/
Chinese,Ho Mei Chinese Restaurant,"3740 Peoria St, Denver, CO 80239, USA",
Chinese,Super Star Asian Cuisine,"2200 W Alameda Ave, Denver, CO 80223, USA",https://superstarasiancuisine.com/
Chinese,Peter's Chinese Cafe,"2609 12th Ave, Denver, CO 80206, USA",http://peterschinese.com/
Chinese,Little Ollie's,"2360 E 3rd Ave, Denver, CO 80206, USA",http://www.littleollies.com/
Chinese,Szechuan Tasty House 川味坊,"1000 W Evans Ave, Denver, CO 80223, USA",http://www.szechuantastyhouse.net/
Chinese,Fortune Wok to Table,"2817 E 3rd Ave e, Denver, CO 80206, USA",http://www.fortunewoktotable.com/
Chinese,Great Wall Chinese Restaurant,"440 E Colfax Ave, Denver, CO 80203, USA",https://cogreatwalltogo.com/
Chinese,China Dragon,"1329 W 38th Ave, Denver, CO 80211, USA",https://qmenu.us/#/china-dragon-denver
Chinese,Great Wall Chinese Express,"2960 S Federal Blvd unit 1, Denver, CO 80236, USA",https://greatwallcotogo.com/
Chinese,P.F. Chang's,"1415 15th St, Denver, CO 80202, USA",https://www.pfchangs.com/locations/us/co/denver/1415-15th-st/2100-downtown-denver.html?utm_source=google_gbp&utm_medium=organic
Chinese,China Beijing,"3333 S Tamarac Dr, Denver, CO 80231, USA",http://www.chinabeijingdenver.com/
Chinese,Zume Asian Cuisine,"15470 Andrews Dr #22B, Denver, CO 80239, USA",https://www.zumedenver.com/
Chinese,Ho Ho Chinese Restaurant,"3350 N Downing St, Denver, CO 80205, USA",https://denverhoho.com/
Chinese,Ming's Dynasty,"4251 E Mississippi Ave, Denver, CO 80246, USA",https://mingsdynastytogo.com/
Indian,Little India Restaurant & Bar 6th Ave,"330 E 6th Ave, Denver, CO 80203, USA",https://www.littleindiaofdenver.com/locations/330-east-6th-avenue/
Indian,India Express Denver,"727 Colorado Blvd C, Denver, CO 80206, USA",https://www.myindiaexpress.com/
Indian,Mint Indian Restaurant And Lounge,"1531 Stout St Suite 130, Denver, CO 80202, USA",http://www.mintindiandenver.com/
Indian,SPICE ROOM,"3100 E Colfax Ave, Denver, CO 80206, USA",https://denverspiceroom.com/
Indian,Himalayan Spice Indian Cuisine - Denver,"4279 Tennyson St, Denver, CO 80212, USA",https://himalayanspicedenver.com/
Indian,SPICE ROOM,"3157 W 38th Ave, Denver, CO 80211, USA",https://denverspiceroom.com/
Indian,India Oven,"2890 S Colorado Blvd, Denver, CO 80222, USA",http://www.denverindiaoven.com/?utm_source=gmb&utm_medium=website
Indian,Serene Cuisine of India,"2070 S University Blvd, Denver, CO 80210, USA",https://www.serenecuisineofindia.com/?utm_source=google&utm_medium=wix_google_business_profile&utm_campaign=9276145998975713001
Indian,Little India Restaurant & Bar Central Park,"7352 E 29th Ave, Denver, CO 80238, USA",https://www.littleindiaofdenver.com/locations/central-park-7352-29th-ave/
Indian,Little India Restaurant & Bar Wash Park/DU,"2390 S Downing St B, Denver, CO 80210, USA",https://www.littleindiaofdenver.com/locations/2390-south-downing-street/
Indian,Taste of India - DENVER,"901 S Oneida St #1707, Denver, CO 80224, USA",https://www.denvertasteofindia.net/
Indian,Little India Downtown Denver,"1533 Champa St, Denver, CO 80202, USA",https://littleindiarestaurant2.com/
Indian,Himchuli - Highlands Indian & Nepali Cuisine,"3489 W 32nd Ave, Denver, CO 80211, USA",https://himchulidenver.com/
Indian,Little India Restaurant & Bar Highlands,"3496 W 32nd Ave, Denver, CO 80211, USA",https://www.littleindiaofdenver.com/locations/3496-w-32nd-ave/
Indian,Zaika Indian Express,"575 Lincoln St B, Denver, CO 80203, USA",https://www.zaikaexpressdenver.com/
Indian,Unique Indian Cuisine,"2246 S Colorado Blvd, Denver, CO 80222, USA",https://www.uniqueindiancuisine.com/
Indian,Bawarchi Biryani Point,"11001 E Arapahoe Pl b1, Centennial, CO 80112, USA",https://www.denverbawarchi.com/
Indian,Chutney Indian Cuisine,"2740 S Havana St K, Aurora, CO 80014, USA",https://www.chutneyindiancuisine.com/
Indian,Himchuli RINO - Indian & Nepali Cuisine,"3490 Larimer St, Denver, CO 80205, USA",https://rino.himchulidenver.com/
Indian,Yak & Yeti Restaurant and Event Center - Denver,"9755 E Hampden Ave, Denver, CO 80231, USA",http://www.theyakandyeti.com/
Canadian,Buckhorn Exchange,"1000 Osage St, Denver, CO 80204, USA",http://buckhornexchange.com/
Russian,Masha and the Bear Russian Cafe,"12101 E Iliff Ave, Aurora, CO 80014, USA",http://www.mbrussiancafe.com/
Jewish,Zaidy's Deli & Bakery,"600 S Holly St #114, Denver, CO 80246, USA",http://www.zaidysdeli.com/
Jewish,The Bagel Deli & Restaurant,"6439 E Hampden Ave, Denver, CO 80222, USA",https://www.bageldeli.com/
Jewish,East Side Kosher Deli,"499 S Elm St, Glendale, CO 80246, USA",http://www.eastsidekosherdeli.com/
Jewish,Rosenberg's Bagels & Delicatessen (Five Points),"725 E 26th Ave, Denver, CO 80205, USA",http://www.rosenbergsbagels.com/
Jewish,Mordy's Falafel & Grill,"701 S Monaco St Pkwy, Denver, CO 80224, USA",http://mordysfalafel.com/
Jewish,New York Deli News,"7105 E Hampden Ave, Denver, CO 80224, USA",https://nydelinews.com/
Jewish,Leven Deli Co.,"123 W 12th Ave, Denver, CO 80204, USA",https://eatleven.com/
Jewish,Rosenberg's Kosher,"942 S Monaco St Pkwy, Denver, CO 80224, USA",http://www.rosenbergskosher.com/
Jewish,ASLI Mediterranean grill,"970 S Oneida St unit 5, Denver, CO 80224, USA",http://www.asligrill.com/
Jewish,Rosenberg's Bagels & Delicatessen (Stanley Marketplace),"Stanley Marketplace, 2501 Dallas St, Aurora, CO 80010, USA",http://www.rosenbergsbagels.com/
Jewish,Rye Society,"3090 Larimer St, Denver, CO 80205, USA",https://www.ryesociety.com/
Polish,Cracovia Polish-American Restaurant & Bar,"8121 W 94th Ave, Westminster, CO 80021, USA",http://www.cracoviarestaurant.com/
Polish,Pierogies Factory,"7961 S Broadway, Littleton, CO 80122, USA",https://www.pierogiesfactory.com/
Polish,Pierogies Factory,"3795 Wadsworth Blvd, Wheat Ridge, CO 80033, USA",http://pierogiesfactory.com/
German,Rhein Haus Denver,"1415 Market St, Denver, CO 80202, USA",https://www.rheinhausdenver.com/
German,Helga's Haus & Bier Garden: German Restaurant & Bier Garden & Deli,"14197 E Exposition Ave, Aurora, CO 80012, USA",https://www.helgashaus.com/
German,Gabys German Eatery - with reservation please,"245 S Harlan St, Lakewood, CO 80226, USA",http://gabysgermaneatery.com/
French,Le French - 9+CO,"846 Albion St, Denver, CO 80220, USA",http://www.lefrenchdenver.com/
French,La Merise French Bistro,"2700 E 3rd Ave North, Denver, CO 80206, USA",http://lamerisedenver.com/
French,Bistro Vendôme,"2267 Kearney St, Denver, CO 80207, USA",http://www.bistrovendome.com/
French,Chez Maggy,"1616 Market St, Denver, CO 80202, USA",https://www.chezmaggydenver.com/
French,Bon Ami,"295 S Pennsylvania St, Denver, CO 80209, USA",http://bonamidenver.com/
French,Le Bilboquet Denver,"299 St Paul St, Denver, CO 80206, USA",http://lebilboquetdenver.com/
French,Le French DTC Belleview Station,"4901 S Newport St, Denver, CO 80237, USA",http://lefrenchdenver.com/
French,Jacques,"3200 Tejon St, Denver, CO 80211, USA",http://www.jacqueslohi.com/
French,Atelier by Radex,"2011 E 17th Ave, Denver, CO 80206, USA",https://atelierbyradex.com/
French,Crêpes’n Crêpes,"1222 Madison St, Denver, CO 80206, USA",http://crepencrepe.online/
French,Brasserie Brixton,"3701 N Williams St, Denver, CO 80205, USA",http://www.brasseriebrixton.com/
French,Mizuna,"225 E 7th Ave, Denver, CO 80203, USA",https://www.bonannoconcepts.com/restaurant/mizuna/
French,Bistro LeRoux,"1510 16th St Mall, Denver, CO 80202, USA",http://www.lerouxdenver.com/
French,Pour La France!,"8900 Peña Blvd, Denver, CO 80249, USA",https://www.eatden.com/pour-la-france
French,Cafe de France,"2730 S Colorado Blvd, Denver, CO 80222, USA",http://www.cafedefrancedtc.com/
French,French 75,"717 17th St Ste B, Denver, CO 80202, USA",https://www.bonannoconcepts.com/restaurant/french-75/
French,Bistro Barbès,"5021 E 28th Ave, Denver, CO 80207, USA",http://bistrobarbes.com/
French,Noisette Restaurant & Bakery,"3254 Navajo St, Denver, CO 80211, USA",http://www.noisettedenver.com/
French,Coohills,"1400 Wewatta St, Denver, CO 80202, USA",http://www.coohills.com/
Hawaiian,Ohana Island Kitchen,"2563 15th St Ste. 105, Denver, CO 80211, USA",http://ohanadenver.com/
Hawaiian,Rocky Fin Poke Bar,"1245 E Colfax Ave #103, Denver, CO 80218, USA",https://www.rockyfinpoke.com/
Hawaiian,Kona Hawaiian BBQ-- (Peoria ) DENVER,"4505 Peoria St #101, Denver, CO 80239, USA",http://konahawaiianbbq.com/
Hawaiian,Today Hawaii BBQ,"9191 Washington St unit H, Thornton, CO 80229, USA",https://todayhawaiibbqthornton.com/
Hawaiian,Poke House Denver,"2420 17th St #102, Denver, CO 80202, USA",https://pokehouseco.com/
Hawaiian,PokeCity Glendale,"1128 S Colorado Blvd, Denver, CO 80246, USA",
Hawaiian,lulubowls (Hawaiian Inspired Bowls - Vallejo St),"810 Vallejo St, Denver, CO 80204, USA",http://lulubowls.com/
Hawaiian,L&L Hawaiian Barbecue,"14221 E Cedar Ave Unit C, Aurora, CO 80012, USA",https://www.hawaiianbarbecue.com/locations/aurora/
Hawaiian,PokeWorld,"110 16th St Mall #100, Denver, CO 80202, USA",http://pokeworlddenver.com/
Hawaiian,Kona Hawaiian BBQ —Arvada,"5324 Wadsworth Blvd Ste A, Arvada, CO 80002, USA",http://konahawaiianbbq.com/
Hawaiian,L&L Hawaiian Barbecue,"575 Lincoln St Unit C, Denver, CO 80203, USA",https://www.hawaiianbarbecue.com/
Hawaiian,L&L Hawaiian Mixplate,"5650 S Chambers Rd, Aurora, CO 80015, USA",https://www.hawaiianbarbecue.com/locations/
Hawaiian,Kealoha's BBQ,"601 16th St Mall Space B, Denver, CO 80202, USA",https://kealohasbbq.com/
Hawaiian,PokeCity Downtown,"216 16th St Mall #100, Denver, CO 80202, USA",
Brazilian,Texas de Brazil - Denver,"8390 Northfield Blvd Ste 1800, Denver, CO 80238, USA",https://texasdebrazil.com/locations/denver/?utm_source=gmb&utm_medium=yext&y_source=1_NDg4MzA3NDEtNzE1LWxvY2F0aW9uLndlYnNpdGU%3D
Brazilian,Rodizio Grill Brazilian Steakhouse Denver,"1801 Wynkoop St, Denver, CO 80202, USA",https://www.rodiziogrill.com/denver/
Brazilian,Fogo de Chão Brazilian Steakhouse,"1513 Wynkoop St, Denver, CO 80202, USA",https://fogodechao.com/location/denver/
Brazilian,Cafe Brazil,"4408 Lowell Blvd, Denver, CO 80211, USA",http://www.cafebrazildenver.com/
Brazilian,Aroma do Brazil,"10722 E Iliff Ave, Aurora, CO 80014, USA",http://www.aromaofbrazil.com/
Brazilian,Little Brazil Restaurant,"7333 W 38th Ave, Wheat Ridge, CO 80033, USA",http://www.littlebrazilco.com/
Brazilian,Del Frisco's Double Eagle Steakhouse,"8100 E Orchard Rd, Denver, CO 80111, USA",https://www.delfriscos.com/location/del-friscos-double-eagle-steakhouse-denver-co/
Brazilian,Padoca Brazilian Bakery & Market,"950A Jersey St, Denver, CO 80220, USA",https://www.facebook.com/padocag/
Brazilian,Cowbobas,"940 S Federal Blvd, Denver, CO 80219, USA",http://ordercowbobas.com/
Brazilian,Rodizio Grill Brazilian Steakhouse Denver Tech Center,"7340 S Clinton St, Englewood, CO 80112, USA",https://www.rodiziogrill.com/denvertechcenter/
Brazilian,Fogo de Chão Brazilian Steakhouse,"8419 Park Meadows Center Dr, Lone Tree, CO 80124, USA",https://fogodechao.com/location/lone-tree/
Peruvian,Pisco Sour Restaurant & Lounge,"14050 E Evans Ave, Aurora, CO 80014, USA",
Peruvian,Pollo Lima,"9614 E Arapahoe Rd, Greenwood Village, CO 80112, USA",https://pollolima.com/
Peruvian,The Red Llama,"8331 Willow St B, Lone Tree, CO 80124, USA",https://www.redllamaco.com/
Peruvian,Los Cabos Puro Peru,"1525 Champa St, Denver, CO 80202, USA",https://www.loscabosii.com/
Salvadorian,El Chalate Restaurant,"8119 E Colfax Ave, Denver, CO 80220, USA",https://www.elchalate.com/
Salvadorian,El Lucero Salvadoran Restaurant #2,"2127 S Sheridan Blvd A, Denver, CO 80227, USA",http://www.ellucerorestaurant.com/
Salvadorian,Pupusas Lover,"2236 S Colorado Blvd, Denver, CO 80222, USA",http://www.pupusasloverdenver.com/
Salvadorian,La Salvadoreña Pupusas,"1000 Knox Ct, Denver, CO 80204, USA",http://orderlasalvadorenapupusas.com/
Salvadorian,Mile High Pupusas,"810 Vallejo St, Denver, CO 80204, USA",https://www.milehighpupusas.com/
Salvadorian,Pupusas La Salvadoreña,"304 Havana St, Aurora, CO 80010, USA",https://pupusaslasalvadorenaco.com/
Salvadorian,Pupusas Paradise 3,"18601 Green Valley Ranch Blvd #100, Denver, CO 80249, USA",http://www.pupusasparadise.com/
Salvadorian,Pupuseria San Salvador,"4385 S Federal Blvd, Englewood, CO 80110, USA",
Salvadorian,Pupusas fire Family restaurant,"2035 S Sheridan Blvd, Denver, CO 80227, USA",https://pupusasfirefamilyrestaurantco.com/
Salvadorian,Restaurante El Tamarindo,"7700 E Colfax Ave, Denver, CO 80220, USA",http://www.restauranteltamarindo.com/
Salvadorian,Comida salvadoreña,"6647 Federal Blvd, Denver, CO 80221, USA",
Salvadorian,Pupuseria Lily LLC,"13675 Huron St, Broomfield, CO 80023, USA",http://orderpupuserialilyllc.com/
Salvadorian,Pupusas House,"2284 S Chambers Rd, Aurora, CO 80014, USA",http://orderpupusashouse.com/
Salvadorian,Mi Casa Restaurante,"1420 S Federal Blvd, Denver, CO 80219, USA",
Salvadorian,El Lucero Salvadoran & Mexican Restaurant,"1500 W Littleton Blvd #103, Littleton, CO 80120, USA",http://www.ellucerorestaurant.com/
Salvadorian,Pupusas Paradise,"15462 E Hampden Ave, Aurora, CO 80013, USA",http://pupusasparadise.com/
Salvadorian,Pupusas Food Truck,"Denver Dr, Denver, CO 80223, USA",https://www.pupusasfoodtruck.com/
Salvadorian,Pupusas Paradise #2,"840 Wadsworth Blvd, Lakewood, CO 80214, USA",https://www.pupusasparadise.com/
Salvadorian,Tacos Acapulco Mexican Restaurant,"8890 E Colfax Ave, Denver, CO 80220, USA",https://tacosacapulco.com/
Salvadorian,Delicious Baruc Mexican and Salvadorian,"2456 W Evans Ave, Denver, CO 80219, USA",
Cuban,Cuba Cuba Cafe & Bar,"1173 Delaware St, Denver, CO 80204, USA",http://www.cubacubarestaurants.com/
Cuban,Cuba Cuba Northfield,"8261 Northfield Blvd, Denver, CO 80238, USA",http://cubacubarestaurants.com/
Cuban,Isla Verde,"19757 Pikes Peak Avenue, Parker, CO 80138, USA",https://www.islaverderestaurant.com/
Cuban,El Bohio Cuban Cuisine,"2080 Youngfield St, Lakewood, CO 80215, USA",https://www.elbohiocuban.com/
Cuban,CUBA CUBA Highlands Ranch,"9567 S University Blvd, Highlands Ranch, CO 80126, USA",http://cubacubacafe.com/
Cuban,Cuba Bakery & Café,"15028 E Mississippi Ave, Aurora, CO 80012, USA",https://cubabakeryandcafe.com/
Cuban,Maria Empanada - South Broadway,"1298 S Broadway, Denver, CO 80210, USA",https://www.mariaempanada.com/
Cuban,Cuba Cuba Castle Rock,"6375 Promenade Pkwy, Castle Rock, CO 80108, USA",http://cubacubacafe.com/
Cuban,Cuba Cuba DTC,"5322 DTC Blvd, Greenwood Village, CO 80111, USA",http://cubacubarestaurants.com/
Cuban,CUBA CUBA glendale,"654 S Colorado Blvd, Glendale, CO 80246, USA",http://cubacubarestaurants.com/
Cuban,Restaurante El Tamarindo,"7700 E Colfax Ave, Denver, CO 80220, USA",http://www.restauranteltamarindo.com/
Cuban,Lazo Empanadas Ballpark,"1319 22nd St, Denver, CO 80205, USA",https://www.lazoempanadas.com/
Cuban,Maria Empanada - Riverview,"1700 Platte St, Denver, CO 80202, USA",https://www.mariaempanada.com/
Cuban,Quiero Arepas,"3200 N Pecos St, Denver, CO 80211, USA",http://www.quieroarepas.com/
Cuban,La Chiva Colombian Cuisine,"1446 S Broadway, Denver, CO 80210, USA",https://www.lachivacolombian.com/
Cuban,El Cubanaso Food Truck,"2006 Market St, Denver, CO 80205, USA",
Tibetan,Little Tibet,"4479 Broadway, Boulder, CO 80304, USA",http://www.littletibetrestaurant.com/
Tibetan,Tibet Kitchen,"2359 Arapahoe Ave, Boulder, CO 80303, USA",https://ordertibetkitchenllc.com/
Tibetan,Tibet's Restaurant & Bar,"321 McCaslin Blvd A, Louisville, CO 80027, USA",https://www.tibetsrestaurant.com/
Tibetan,Himchuli - Highlands Indian & Nepali Cuisine,"3489 W 32nd Ave, Denver, CO 80211, USA",https://himchulidenver.com/
Tibetan,Yak & Yeti Restaurant and Event Center - Denver,"9755 E Hampden Ave, Denver, CO 80231, USA",http://www.theyakandyeti.com/
Tibetan,Bajeko sekuwa -Nepalese & Indian Cuisine Colorado,"12191, Parking lot, 12191 E Iliff Ave, Aurora, CO 80014, USA",http://www.bajekosekuwa.com/
Tibetan,"Tikka & Grill, Nepali and Indian Food","1300 S Broadway, Denver, CO 80210, USA",https://denver.thetikkaandgrill.com/
Tibetan,Sherpa’s Adventure Restaurant and Bar,"825 Walnut St, Boulder, CO 80302, USA",https://sherparestaurantboulder.com/
Tibetan,Himchuli RINO - Indian & Nepali Cuisine,"3490 Larimer St, Denver, CO 80205, USA",https://rino.himchulidenver.com/
Tibetan,FishTail Cuisine of India & Nepal,"305 Pavilions Pl, Brighton, CO 80601, USA",http://www.thefishtailrestaurant.com/
Egyptian,GIZALA SHAURMA,"14200 E Alameda Ave #1039B, Aurora, CO 80012, USA",https://qrco.de/bePCbT
Greek,Chef Zorba's,"2626 E 12th Ave, Denver, CO 80206, USA",http://www.chefzorbas.com/
Greek,Gyros Town Restaurant,"2276 S Colorado Blvd, Denver, CO 80222, USA",http://gyrostownrestaurant.com/
Greek,Renzios Greek Food,"3000 E 1st Ave, Denver, CO 80206, USA",https://renzios.net/
Greek,Melita's Greek Cafe & Market,"1035 Lincoln St, Denver, CO 80203, USA",https://melitasgreekcafe.com/
Greek,Byblos Express Greek and Lebanese,"400 N Corona St, Denver, CO 80218, USA",https://www.byblos-cafe.com/
Greek,GREEK 2 ME,"9251 E Peakview Ave A, Greenwood Village, CO 80111, USA",http://www.greek2medenver.com/
Greek,Yianni's Gyros Place,"10450 W Colfax Ave, Lakewood, CO 80215, USA",http://www.yiannisgyrosplace.com/
Greek,Monaco Inn Restaurant,"962 S Monaco St Pkwy, Denver, CO 80224, USA",https://www.denvergreekfood.com/
Greek,Yahya's Mediterranean Grill & Pastries,"2207 E Colfax Ave, Denver, CO 80206, USA",http://www.yahyasgrills.com/
Greek,FelFel Mediterranean,"4401 S Tamarac Pkwy, Denver, CO 80237, USA",https://www.felfel-usa.com/
Greek,Pete's Central One,"300 S Pearl St, Denver, CO 80209, USA",https://www.petesrestaurants.com/central-one
Greek,Tzatziki's Restaurant,"5919 S University Blvd, Greenwood Village, CO 80121, USA",http://tzatzikis.com/
Greek,Yanni's Greek Restaurant,"5425 Landmark Pl #D109, Greenwood Village, CO 80111, USA",http://www.yannisdenver.com/
Greek,Taziki's Mediterranean Cafe - Hampden,"6345 E Hampden Ave #101, Denver, CO 80222, USA",https://www.tazikis.com/location/hampden/
Greek,Mazevo Mediterranean Eatery,"3961 Tennyson St, Denver, CO 80212, USA",https://www.mazevodenver.com/
Greek,Athenian Restaurant,"15350 E Iliff Ave, Aurora, CO 80013, USA",http://theathenianrestaurant.com/
Greek,"The Great Greek Mediterranean Grill - Aurora, CO","13650 E Colfax Ave K, Aurora, CO 80011, USA",https://www.thegreatgreekgrill.com/aurora-co
Greek,Ash'Kara,"2005 W 33rd Ave, Denver, CO 80211, USA",https://www.ashkaradenver.com/
Greek,Gyroz,"880 E Colfax Ave, Denver, CO 80218, USA",http://www.gyroz.net/
Greek,Falafel House & Grill,"3214 S Wadsworth Blvd f, Denver, CO 80227, USA",https://falafelhouseorderonline.com/
Belgian,New Belgium Brewing,"8500 Peña Blvd, Denver, CO 80249, USA",https://www.newbelgium.com/visit/dia/
Irish,Nallen's Irish Pub,"1429 Market St, Denver, CO 80202, USA",
Irish,The Celtic on Market & Off Track Betting,"1400 Market St, Denver, CO 80202, USA",http://celticonmarket.com/
Irish,Clancy's Irish Pub,"7000 W 38th Ave, Wheat Ridge, CO 80033, USA",https://clancysirish.pub/#
Irish,Darcy's Bistro & Pub,"4955 S Ulster St Ste 103, Denver, CO 80237, USA",https://www.coloradopubco.com/our-working-concepts/
Irish,The Irish Rover Pub,"54 S Broadway, Denver, CO 80209, USA",https://theirishroverpub.com/
Irish,Sheabeens Irish Pub,"2300 S Chambers Rd # A, Aurora, CO 80014, USA",https://www.sheabeenirishpub.com/calendar.html
Irish,Scruffy Murphy's,"2030 Larimer St, Denver, CO 80205, USA",http://www.scruffymurphysirishpub.com/
Irish,Slattery's Pub & Grill,"5364 Greenwood Plaza Blvd, Greenwood Village, CO 80111, USA",https://www.slatteryspubandgrill.com/
Irish,The Abbey Tavern,"5151 E Colfax Ave, Denver, CO 80220, USA",http://theabbeytaverndenver.com/
Irish,Dougherty's Restaurant & Pub,"5 E Ellsworth Ave, Denver, CO 80209, USA",https://www.doughertyspub.com/
Irish,Finley's Pub,"375 S Pearl St, Denver, CO 80209, USA",https://www.finleysdenver.com/
Irish,Ned Kelly's Irish Pub,"5686 S Sycamore St, Littleton, CO 80120, USA",https://nedkellysirishpub.com/
Welsh,Pints Pub- British Gastro Brewpub & Restaurant,"221 W 13th Ave, Denver, CO 80204, USA",http://pintspub.com/index.html?devicelock=desktop
Cajun,Crab & Shell Cajun Seafood,"2819 E Colfax Ave, Denver, CO 80206, USA",http://www.crabandshell.com/
Cajun,Hook & Reel Cajun Seafood & Bar,"7407 E 36th Ave, Denver, CO 80238, USA",https://hookreel.com/location/denver/
Cajun,Pier 8 Cajun Seafood & Bar in Arvada,"7490 W 52nd Ave, Arvada, CO 80002, USA",http://www.pier8arvada.com/
Cajun,Nola Jane Restaurant & Bar,"1435 Market St, Denver, CO 80202, USA",https://nolajanedenver.com/
Cajun,Asian Cajun,"2400 W Alameda Ave, Denver, CO 80223, USA",
Cajun,Reddy Claws,"3234 S Wadsworth Blvd Unit #N, Lakewood, CO 80227, USA",https://reddyclaws.com/
Cajun,Taste of Back Home Food Truck,"3035s S Parker Rd ste 150, Denver, CO 80231, USA",
Cajun,Kelly's Cajun Grill,"14200 E Alameda Ave, Aurora, CO 80012, USA",
Cajun,Hook & Reel Cajun Seafood & Bar,"9280 Sheridan Boulevard, Westminster, CO 80031, USA",https://hookreel.com/location/westminster/
Cajun,Reel Cajun Seafood Restaurant,"3820 River Point Pkwy Suite 104, Sheridan, CO 80110, USA",https://reelcajunseafood.co/
Cajun,Lucile's Creole Café,"275 S Logan St, Denver, CO 80209, USA",https://www.luciles.com/
Cajun,Lucile's Creole Cafe,"999 E Evans Ave, Denver, CO 80210, USA",https://www.luciles.com/
Cajun,Asian Cajun,"2841 W 120th Ave, Westminster, CO 80234, USA",
Cajun,Nola Voodoo Tavern,"2231 Bruce Randolph Ave, Denver, CO 80205, USA",https://www.noladenver.com/
Cajun,The Yabby Hut,"3355 S Yarrow St E-131, Lakewood, CO 80227, USA",https://www.yabbyhut.com/
Cajun,The Yabby Hut,"6735 W Colfax Ave, Lakewood, CO 80214, USA",http://www.yabbyhut.com/
Cajun,The Crawling Crab,"781 S Federal Blvd, Denver, CO 80219, USA",http://www.thecrawlingcrab.us/
Cajun,Pier 8 Cajun Seafood & Bar,"5066 S Wadsworth Blvd APT 124, Littleton, CO 80123, USA",https://pier8.com/
Portuguese,Ultreia,"1701 Wynkoop St #125, Denver, CO 80202, USA",http://ultreiadenver.com/
Turkish,Istanbul Cafe and Bakery,"2350 E Evans Ave, Denver, CO 80210, USA",https://istanbulcafebakery.com/
Turkish,Bosphorus,"3493 S Downing St, Englewood, CO 80113, USA",
Turkish,Istanbul Café and Bakery,"850 S Monaco St Pkwy Unit 9, Denver, CO 80224, USA",http://www.istanbulcafeandbakery.com/
Turkish,Denver Döner,"480 16th St Mall, Denver, CO 80202, USA",https://www.denverdoner.com/s/order
Tahitian,Ohana Island Kitchen,"2563 15th St Ste. 105, Denver, CO 80211, USA",http://ohanadenver.com/
Kenyan,Africana Restaurant & Cafe,"5091 E Colfax Ave, Denver, CO 80220, USA",
Kenyan,African Grill and Bar - Lakewood Colorado,"955 S Kipling Pkwy, Lakewood, CO 80226, USA",http://www.africangrilllakewood.com/
Kenyan,Akwaba Restaurant,"16251 E Colfax Ave, Aurora, CO 80011, USA",
Kenyan,Mama Africa Cafe Restaurant and Bar,"6603 Leetsdale Dr F, Denver, CO 80224, USA",https://www.mamaafricacafe.com/
Kenyan,Maandeeq East Africa Restaurant,"1535 S Havana St, Aurora, CO 80012, USA",https://maandeeqcafe.square.site/
Kenyan,Fidel East African Restaurant,"1074 S Ironton St, Aurora, CO 80012, USA",
Kenyan,Geez Habesha Bar & Restaurant,"262 Havana St, Aurora, CO 80010, USA",
Kenyan,Home Style Foods Colorado,"12028 E Mississippi Ave F2, Aurora, CO 80012, USA",
Kenyan,Barwaaqo,"10200 E Mississippi Ave Ste B, Denver, CO 80247, USA",
Kenyan,Taste Of Soweto Denver,"21912 Whirlaway Ave, Parker, CO 80138, USA",
Kenyan,Abyssinia Ethiopian Restaurant and Bar,"5707 E Colfax Ave, Denver, CO 80220, USA",
Kenyan,Ras Kassa's Ethiopian Restaurant,"802 S Public Rd, Lafayette, CO 80026, USA",http://www.raskassas.com/
Kenyan,Ifka Cafe,"1535 S Havana St, Aurora, CO 80012, USA",
Kenyan,Lucy Ethiopian Restaurant,"7401 E Colfax Ave, Denver, CO 80220, USA",https://lucyrestaurant.net/
Kenyan,The Ethiopian Restaurant,"2816 E Colfax Ave, Denver, CO 80206, USA",https://m.facebook.com/The-Ethiopian-Restaurant-105937256138469/
Kenyan,Queen of Sheba Ethiopian Restaurant,"7225 E Colfax Ave, Denver, CO 80220, USA",
Kenyan,Addis Ababa Ethiopian Restaurant,"2222 S Havana St unit B, Aurora, CO 80014, USA",
Kenyan,African Caribbean Palate,"10005 E Hampden Ave unit c, Denver, CO 80231, USA",
Korean,Shilla Korean Restaurant,"1031 Kingsway, Vancouver, BC V5V 3C7, Canada",http://shillakorean.ca/
Korean,DAE GEE KOREAN BBQ,"827 Colorado Blvd, Denver, CO 80206, USA",http://www.daegee.com/
Korean,Soko Sushi and Korean BBQ(Ssam),"1600 Champa St, Denver, CO 80202, USA",
Korean,Seoul K-B.B.Q.& HotPot,"2080 S Havana St, Aurora, CO 80014, USA",http://seoulkoreanbbq.com/
Korean,KoBa • All You Can Eat Korean BBQ,"1225 S Federal Blvd, Denver, CO 80219, USA",http://www.aycekoba.com/
Korean,Chilgogi Korean BBQ,"9666 E Arapahoe Rd, Greenwood Village, CO 80112, USA",http://chilgogikoreanbbq.com/
Korean,Mr. Kim Korean BBQ Restaurant,"12201 E Mississippi Ave Ste113, Aurora, CO 80012, USA",http://www.mrkimbbq.com/
Korean,DAE GEE KOREAN BBQ,"460 Broadway, Denver, CO 80203, USA",http://www.daegee.com/
Korean,DAE GEE KOREAN BBQ,"1910 S Havana St Unit 1, Aurora, CO 80014, USA",https://www.daegee.com/
Korean,DAE GEE KOREAN BBQ,"7570 Sheridan Boulevard, Arvada, CO 80003, USA",http://www.daegee.com/
Korean,Cupbop - Korean BBQ in a Cup,"3453 W 32nd Ave, Denver, CO 80211, USA",https://www.cupbop.com/
Korean,Moobongri Soondae Denver 무봉리 순대,"2787 S Parker Rd, Aurora, CO 80014, USA",https://moobongriusa.com/
Korean,Mono Mono Korean Fried Chicken,"1550 Blake St, Denver, CO 80202, USA",http://www.monomonokfc.com/
Korean,Bop & Gogi,"10639 E Briarwood Ave, Centennial, CO 80112, USA",http://www.bopngogi.com/
Korean,Yong gung,"2040 S Havana St, Aurora, CO 80014, USA",https://ygaurora.com/
Korean,Tofu Story,"2060 S Havana St, Aurora, CO 80014, USA",http://www.thetofustory.com/
Korean,Woo Ri Korean Restaurant,"2648 S Parker Rd UNIT 9, Aurora, CO 80014, USA",
Korean,Cupbop - Korean BBQ in a Cup,"13700 E Colfax Ave I, Aurora, CO 80011, USA",https://www.cupbop.com/
Korean,moonbowls (Healthy Korean Bowls- Vallejo St.),"810 Vallejo St, Denver, CO 80204, USA",http://www.moonbowls.com/
Korean,Bonchon Central Park,"8340 Northfield Blvd Suite 1590, Denver, CO 80238, USA",https://locations.bonchon.com/ll/US/CO/Denver/8340-Northfield-Blvd
Algerian,Baghdad Restaurant,"2410 S Colorado Blvd, Denver, CO 80222, USA",
Nigerian,African Grill and Bar - Lakewood Colorado,"955 S Kipling Pkwy, Lakewood, CO 80226, USA",http://www.africangrilllakewood.com/
Nigerian,Akwaba Restaurant,"16251 E Colfax Ave, Aurora, CO 80011, USA",
Nigerian,Mama Africa Cafe Restaurant and Bar,"6603 Leetsdale Dr F, Denver, CO 80224, USA",https://www.mamaafricacafe.com/
Nigerian,Africana Restaurant & Cafe,"5091 E Colfax Ave, Denver, CO 80220, USA",
Nigerian,Geez Habesha Bar & Restaurant,"262 Havana St, Aurora, CO 80010, USA",
Nigerian,Fidel East African Restaurant,"1074 S Ironton St, Aurora, CO 80012, USA",
Nigerian,Barwaaqo,"10200 E Mississippi Ave Ste B, Denver, CO 80247, USA",
Nigerian,Maandeeq East Africa Restaurant,"1535 S Havana St, Aurora, CO 80012, USA",https://maandeeqcafe.square.site/
Nigerian,Home Style Foods Colorado,"12028 E Mississippi Ave F2, Aurora, CO 80012, USA",
Nigerian,SweetPepper Kitchen,"15353 E 6th Ave, Aurora, CO 80011, USA",http://www.instagram.com/sweetpepperkitchen
Libyan,Phoenician Kabob,"5709 E Colfax Ave, Denver, CO 80220, USA",http://www.pkabob.com/
Libyan,Byblos Express Greek and Lebanese,"400 N Corona St, Denver, CO 80218, USA",https://www.byblos-cafe.com/
Libyan,Casablanca Restaurant,"270 S Downing St, Denver, CO 80209, USA",https://www.meccagrilldenver.com/?utm_source=gmb&utm_medium=website
Libyan,Jerusalem Restaurant,"1890 E Evans Ave, Denver, CO 80210, USA",https://www.jerusalemrestaurant.com/
Libyan,Falafel House & Grill,"3214 S Wadsworth Blvd f, Denver, CO 80227, USA",https://falafelhouseorderonline.com/
Libyan,Hayati Mediterranean Grill,"2958 N Downing St, Denver, CO 80205, USA",https://hayatimediterranean.com/
Libyan,Shish Kabob Grill,"1503 Grant St, Denver, CO 80203, USA",http://www.shishkabobgrill.com/
Libyan,Yahya's Mediterranean Grill & Pastries,"2207 E Colfax Ave, Denver, CO 80206, USA",http://www.yahyasgrills.com/
Libyan,Ash'Kara,"2005 W 33rd Ave, Denver, CO 80211, USA",https://www.ashkaradenver.com/
Libyan,Gyros And Kabobs,"2020 S Parker Rd, Denver, CO 80231, USA",https://gyroskabobs.e-tab.com/gyrosandkabobs/venue/6036a7c04ee62e083f1626ff/menu
Libyan,Safta,"3330 Brighton Blvd #201, Denver, CO 80216, USA",https://www.eatwithsafta.com/?utm_source=google_business_profile&utm_medium=gbp_view_website
Libyan,Damascus Grill,"1399 W Littleton Blvd, Littleton, CO 80120, USA",https://www.facebook.com/DamascusGrillLittleton
Libyan,Ya Hala Lebanese Cuisine,"8005 SE Stark St, Portland, OR 97215, USA",http://yahalarestaurant.com/
Libyan,Maandeeq East Africa Restaurant,"1535 S Havana St, Aurora, CO 80012, USA",https://maandeeqcafe.square.site/
Libyan,Lucina Eatery & Bar,"2245 Kearney St #101, Denver, CO 80207, USA",http://lucinaeatery.co/
Libyan,Rioja,"1431 Larimer St, Denver, CO 80202, USA",http://www.riojadenver.com/
Libyan,Ultreia,"1701 Wynkoop St #125, Denver, CO 80202, USA",http://ultreiadenver.com/
Libyan,Mizuna,"225 E 7th Ave, Denver, CO 80203, USA",https://www.bonannoconcepts.com/restaurant/mizuna/
Libyan,Sahara Mediterranean Restaurant,"9636 E Arapahoe Rd, Greenwood Village, CO 80112, USA",http://saharadenver.com/
Moroccan,Casablanca Restaurant,"270 S Downing St, Denver, CO 80209, USA",https://www.meccagrilldenver.com/?utm_source=gmb&utm_medium=website
Moroccan,Mediterraniene Cuisine Denver,"13160 E Mississippi Ave, Aurora, CO 80012, USA",
Moroccan,Casablanca Cafe,"2266 S Colorado Blvd, Denver, CO 80222, USA",https://www.casablancacafeco.com/
Lebanese,Beirut Grill & Sushi Restaurant,"203 W Hampden Ave, Englewood, CO 80110, USA",http://beirutdenver.com/
Lebanese,Phoenician Kabob,"5709 E Colfax Ave, Denver, CO 80220, USA",http://www.pkabob.com/
Lebanese,Amira Grill,"2280 S Colorado Blvd, Denver, CO 80222, USA",
Lebanese,Byblos Express Greek and Lebanese,"400 N Corona St, Denver, CO 80218, USA",https://www.byblos-cafe.com/
Lebanese,Jerusalem Restaurant,"1890 E Evans Ave, Denver, CO 80210, USA",https://www.jerusalemrestaurant.com/
Lebanese,Falafel House & Grill,"3214 S Wadsworth Blvd f, Denver, CO 80227, USA",https://falafelhouseorderonline.com/
Lebanese,Casablanca Restaurant,"270 S Downing St, Denver, CO 80209, USA",https://www.meccagrilldenver.com/?utm_source=gmb&utm_medium=website
Lebanese,FelFel Mediterranean,"4401 S Tamarac Pkwy, Denver, CO 80237, USA",https://www.felfel-usa.com/
Lebanese,Hayati Mediterranean Grill,"2958 N Downing St, Denver, CO 80205, USA",https://hayatimediterranean.com/
Lebanese,Shish Kabob Grill,"1503 Grant St, Denver, CO 80203, USA",http://www.shishkabobgrill.com/
Lebanese,Kabob Station,"12041 N Pecos St, Denver, CO 80234, USA",http://www.kabobstationdenver.com/
Lebanese,HUMMUS,"1312 21st St, Denver, CO 80205, USA",http://hummus-goodness.square.site/
Lebanese,Shondiz Restaurant & Catering,"8000 E Quincy Ave Unit 1000, Denver, CO 80237, USA",http://www.shondiz.com/
Lebanese,Baghdad Restaurant,"2410 S Colorado Blvd, Denver, CO 80222, USA",
Lebanese,Mordy's Falafel & Grill,"701 S Monaco St Pkwy, Denver, CO 80224, USA",http://mordysfalafel.com/
Lebanese,Byblos Express Greek and Lebanese,"9385 S Colorado Blvd #105, Highlands Ranch, CO 80126, USA",https://www.byblos-cafe.com/
Lebanese,ASLI Mediterranean grill,"970 S Oneida St unit 5, Denver, CO 80224, USA",http://www.asligrill.com/
Lebanese,Zaytoon Mediterranean Grill,"8100 S Quebec St Ste B15, Centennial, CO 80112, USA",https://zaytooncuisine.com/
Lebanese,Sultan Grill,"12650 W 64th Ave, Arvada, CO 80004, USA",http://sultangrill.com/
Lebanese,Falafel King,"825 Colorado Blvd, Denver, CO 80206, USA",http://www.falafelkingboulder.com/
Vietnamese,Pho Duy Denver,"925 S Federal Blvd, Denver, CO 80219, USA",http://phoduyrestaurant.com/
Vietnamese,Kim Son Vietnamese Food,"555 W 12th Ave #030, Vancouver, BC V5Z 3X7, Canada",
Vietnamese,Pho 95 Noodle House,"1401 S Federal Blvd, Denver, CO 80219, USA",http://www.pho95noodlehouse.com/
Vietnamese,Tony Pho Vietnamese Restaurant Noodle soup and Grill,"1002 S Federal Blvd, Denver, CO 80219, USA",
Vietnamese,Saigon Bowl Denver,"333 S Federal Blvd #134, Denver, CO 80219, USA",https://saigonbowldenver.com/
Vietnamese,Phở Lăng Cô,"2233 S Monaco St Pkwy Ste 105, Denver, CO 80222, USA",https://www.pholangco.com/
Vietnamese,Phở Saigon Star,"2045 S University Blvd, Denver, CO 80210, USA",
Vietnamese,What The Pho,"1600 Champa St #110, Denver, CO 80202, USA",http://whatthepho.epipay.com/
Vietnamese,Now Phở,"1195 S Federal Blvd, Denver, CO 80219, USA",https://nowphodenver.com/
Vietnamese,Phở 96 Vietnamese Restaurant,"2990 W Mississippi Ave, Denver, CO 80219, USA",
Vietnamese,Phở Haus,"540 E Alameda Ave, Denver, CO 80209, USA",https://www.phohausco.com/
Vietnamese,Phở-natic Vietnamese Restaurant,"229 E Colfax Ave, Denver, CO 80203, USA",http://www.phodenver.com/
Vietnamese,Pho Ok Denver,"890 S Monaco St Pkwy, Denver, CO 80224, USA",https://www.skiplinow.com/shop/ySAeRn392
Vietnamese,Thái Bảo Vietnamese Restaurant,"5115 Federal Blvd #6, Denver, CO 80211, USA",
Vietnamese,Lakeside Pho,"4348 Sheridan Boulevard, Denver, CO 80212, USA",http://www.lakesidepho.net/
Vietnamese,Phở 999,"4701 Peoria St, Denver, CO 80239, USA",
Vietnamese,Pho 92 DIA,"6691 Tower Rd Unit #101, Denver, CO 80249, USA",https://pho92airport.com/?utm_source=google
Vietnamese,Viet's Restaurant,"333 S Federal Blvd # 125, Denver, CO 80219, USA",https://www.vietsrestaurant.com/
Vietnamese,Pho on 6th,"1312 E 6th Ave, Denver, CO 80218, USA",http://www.phoon6th.com/
Vietnamese,Golden Phở & Grill,"1036 S Federal Blvd #4102, Denver, CO 80219, USA",https://goldenphogrillco.com/
Hungarian,Svetlana Inc,"909 S Oneida St # 1B, Denver, CO 80224, USA",
Mediterranean,FelFel Mediterranean,"4401 S Tamarac Pkwy, Denver, CO 80237, USA",https://www.felfel-usa.com/
Mediterranean,Hayati Mediterranean Grill,"2958 N Downing St, Denver, CO 80205, USA",https://hayatimediterranean.com/
Mediterranean,Byblos Express Greek and Lebanese,"400 N Corona St, Denver, CO 80218, USA",https://www.byblos-cafe.com/
Mediterranean,Phoenician Kabob,"5709 E Colfax Ave, Denver, CO 80220, USA",http://www.pkabob.com/
Mediterranean,Amira Grill,"2280 S Colorado Blvd, Denver, CO 80222, USA",
Mediterranean,Falafel House & Grill,"3214 S Wadsworth Blvd f, Denver, CO 80227, USA",https://falafelhouseorderonline.com/
Mediterranean,Crave Mediterranean Grill,"1000 S Colorado Blvd Ste 103, Glendale, CO 80246, USA",http://www.cravemediterraneangrill.com/
Mediterranean,CAVA,"2023 S Colorado Blvd, Denver, CO 80222, USA",http://try.cava.com/colorado/
Mediterranean,Gyros Town Restaurant,"2276 S Colorado Blvd, Denver, CO 80222, USA",http://gyrostownrestaurant.com/
Mediterranean,Shish Kabob Grill,"1503 Grant St, Denver, CO 80203, USA",http://www.shishkabobgrill.com/
Mediterranean,Shondiz Restaurant & Catering,"8000 E Quincy Ave Unit 1000, Denver, CO 80237, USA",http://www.shondiz.com/
Mediterranean,Falafel King,"825 Colorado Blvd, Denver, CO 80206, USA",http://www.falafelkingboulder.com/
Mediterranean,Casablanca Restaurant,"270 S Downing St, Denver, CO 80209, USA",https://www.meccagrilldenver.com/?utm_source=gmb&utm_medium=website
Mediterranean,Jerusalem Restaurant,"1890 E Evans Ave, Denver, CO 80210, USA",https://www.jerusalemrestaurant.com/
Mediterranean,Taziki's Mediterranean Cafe - Hampden,"6345 E Hampden Ave #101, Denver, CO 80222, USA",https://www.tazikis.com/location/hampden/
Mediterranean,Kabob Station,"12041 N Pecos St, Denver, CO 80234, USA",http://www.kabobstationdenver.com/
Mediterranean,YaYas Euro Bistro in Denver,"8310 E Belleview Ave, Greenwood Village, CO 80111, USA",http://www.yayasdenver.com/
Mediterranean,Saffron Grill on Auraria,"1199 10th St Plaza, Denver, CO 80204, USA",https://www.kyoo.tech/order/merchants/S4KARR6E4T973/locations/Z88F9QCA1VK1S
Mediterranean,ASLI Mediterranean grill,"970 S Oneida St unit 5, Denver, CO 80224, USA",http://www.asligrill.com/
Mediterranean,CAVA,"4084 E 8th Pl, Denver, CO 80220, USA",http://try.cava.com/colorado/
Ethiopian,Abyssinia Ethiopian Restaurant and Bar,"5707 E Colfax Ave, Denver, CO 80220, USA",
Ethiopian,Africana Restaurant & Cafe,"5091 E Colfax Ave, Denver, CO 80220, USA",
Ethiopian,Mama Africa Cafe Restaurant and Bar,"6603 Leetsdale Dr F, Denver, CO 80224, USA",https://www.mamaafricacafe.com/
Ethiopian,Nile Ethiopian Restaurant,"1951 S Havana St, Aurora, CO 80014, USA",
Ethiopian,Konjo Ethiopian Food,"inside the Edgewater Public Market, 5505 W 20th Ave Suite #106, Edgewater, CO 80214, USA",http://www.konjoethiopianfood.com/
Ethiopian,Addis Ababa Ethiopian Restaurant,"2222 S Havana St unit B, Aurora, CO 80014, USA",
Ethiopian,Megenagna,"306 S Ironton St Unit C, Aurora, CO 80012, USA",https://megenagnaethiopianrestaurant.com/
Ethiopian,The Ethiopian Restaurant,"2816 E Colfax Ave, Denver, CO 80206, USA",https://m.facebook.com/The-Ethiopian-Restaurant-105937256138469/
Ethiopian,Queen of Sheba Ethiopian Restaurant,"7225 E Colfax Ave, Denver, CO 80220, USA",
Ethiopian,Mesob Ethiopian Restaurant,"1422 Poplar St, Denver, CO 80220, USA",https://www.mesobethiopianrestaurant.com/
Ethiopian,Lucy Ethiopian Restaurant,"7401 E Colfax Ave, Denver, CO 80220, USA",https://lucyrestaurant.net/
Ethiopian,Langano Ethiopian Restaurant,"10180 E Colfax Ave Ste 116, Aurora, CO 80010, USA",https://langano-restaurant.com/
Ethiopian,5 Star Café Eritrean & Ethiopian Restaurant,"8450 E Iliff Ave, Denver, CO 80231, USA",
Ethiopian,Fidel East African Restaurant,"1074 S Ironton St, Aurora, CO 80012, USA",
Ethiopian,Meskerem Restaurant,"1121 S Peoria St, Aurora, CO 80012, USA",
Ethiopian,Cozy Cafe,"350 Havana St, Aurora, CO 80010, USA",
Ethiopian,Konjo Catering and Events,"970 Yuma St Suite #160, Denver, CO 80204, USA",http://konjogroup.com/
Ethiopian,Geez Habesha Bar & Restaurant,"262 Havana St, Aurora, CO 80010, USA",
Ethiopian,Eatopia: Eat Ethiopian,"1030 Havana St B, Aurora, CO 80010, USA",
Ethiopian,Ras Kassa's Ethiopian Restaurant,"802 S Public Rd, Lafayette, CO 80026, USA",http://www.raskassas.com/
Caribbean,Jamaican Jerk and BBQ Restaurant,"4611 Peoria St, Denver, CO 80239, USA",https://jamaicanjerkandbbq.com/
Caribbean,Reggae Pot Jamaican Grill (Denver,"7562 S University Blvd C, Centennial, CO 80122, USA",http://reggaepotjamaicangrill.com/
Caribbean,Empanada Kings,"810 Vallejo St, Denver, CO 80204, USA",https://order.online/business/jarabacoa-gril-11388371
Caribbean,Taino's Caribbean Cuisine,"7130 W 117th Ave STE D3, Broomfield, CO 80020, USA",http://eatwithtainos.com/?utm_source=google&utm_medium=wix_google_business_profile&utm_campaign=6912949299216849434
Caribbean,African Caribbean Palate,"10005 E Hampden Ave unit c, Denver, CO 80231, USA",
Caribbean,Just Kool,"E. Ohio Drive and, E Alameda Pkwy, Aurora, CO 80017, USA",http://www.justkooljerk.com/
Caribbean,Caribbean Mama - Island Grill,"14200 E Alameda Ave Suite 1039 B, Aurora, CO 80012, USA",http://www.caribmama.com/
Caribbean,Jamaican Flavor Fusion,"810 Vallejo St, Denver, CO 80204, USA",https://www.jamaicanflavorfusion.com/
Soul,Mattie's Soul Food Bar & Lounge,"7520 E Colfax Ave, Denver, CO 80220, USA",https://www.facebook.com/Mattiessoulfood/
Soul,Mississippi Boy Catfish & Ribs,"5544 E 33rd Ave, Denver, CO 80207, USA",https://mississippiboy5280.com/?utm_source=google
Soul,Swirk Soul Food - Southern Catfish and BBQ,"2205 S Peoria St, Aurora, CO 80014, USA",
Soul,Tupelo Honey Southern Kitchen & Bar,"1650 Wewatta St #104, Denver, CO 80202, USA",https://tupelohoneycafe.com/?olonwp=z17TA_tz20aL5UmKf8LjMg
Soul,Welton Street Cafe,"Welton &, 27th St, Denver, CO 80205, USA",https://weltonstreetcafe.com/
Soul,Fixins Soul Kitchen,"2600 Welton St, Denver, CO 80205, USA",https://fixinssoulkitchen.com/
Argentinian,The Argentos Carne,"258 Santa Fe Dr, Denver, CO 80223, USA",
Argentinian,Maria Empanada - Riverview,"1700 Platte St, Denver, CO 80202, USA",https://www.mariaempanada.com/
Argentinian,Gaucho Parrilla,"15177 Candelas Pkwy, Arvada, CO 80007, USA",https://freedomstreetsocial.com/vendors/gaucho-parrilla/
Argentinian,San Telmo Market & Deli - Argentine Cuisine Empanadas Choripan,"813 14th St APT B, Golden, CO 80401, USA",http://www.santelmomarket.com/
Argentinian,El Argento,"5001 Auburn Way N, Auburn, WA 98002, USA",https://www.elargentorestaurant.com/
Argentinian,Maria Empanada - South Broadway,"1298 S Broadway, Denver, CO 80210, USA",https://www.mariaempanada.com/
Argentinian,Lazo Empanadas,"303 16th St Mall, Denver, CO 80202, USA",https://www.lazoempanadas.com/
Argentinian,Lazo Empanadas Junction Food Hall & Drink,"2000 S Colorado Blvd, Denver, CO 80222, USA",https://www.lazoempanadas.com/
Argentinian,Lazo Empanadas Ballpark,"1319 22nd St, Denver, CO 80205, USA",https://www.lazoempanadas.com/
Argentinian,Maria Empanada - Stanley Marketplace,"2501 Dallas St, Aurora, CO 80010, USA",https://www.mariaempanada.com/
Argentinian,Rincon Argentino,"2525 Arapahoe Ave, Boulder, CO 80302, USA",http://www.rinconargentinoboulder.com/
Argentinian,"La Cocina de Lucho, Colorado","2430 S Havana St, Aurora, CO 80014, USA",https://hi-in.facebook.com/lacocinadelucho2018/
Chilean,Cachai Chilean Food,"187 W Alameda Ave, Denver, CO 80223, USA",
Colombian,La Chiva Colombian Cuisine,"1446 S Broadway, Denver, CO 80210, USA",https://www.lachivacolombian.com/
Colombian,La Finca,"5910 E Colfax Ave, Denver, CO 80220, USA",https://lafincaco.com/
Colombian,Los Parceros Colombian Restaurant,"15473 E Hampden Ave A, Aurora, CO 80013, USA",
Colombian,El Zaguan Food Truck,"2200 S Monaco St Pkwy, Denver, CO 80222, USA",
Colombian,Robert's Gorditas,"Sheridan Boulevard, Denver, CO 80214, USA",
Costa Rican,Areyto Puerto Rican Food,"3725 Buchtel Blvd S #508, Denver, CO 80210, USA",https://areytopuertorricanfood.com/
Costa Rican,Isla Verde,"19757 Pikes Peak Avenue, Parker, CO 80138, USA",https://www.islaverderestaurant.com/
Costa Rican,Sabor Del Campo - Puerto Rican Cuisine (Plaza38),"3550 W 38th Ave #96, Denver, CO 80211, USA",https://sabordelcampo5280.business.site/
Costa Rican,Dos Abuelas,"Zeppelin Station, 3501 Wazee St, Denver, CO 80216, USA",
Czech,Cracovia Polish-American Restaurant & Bar,"8121 W 94th Ave, Westminster, CO 80021, USA",http://www.cracoviarestaurant.com/
Danish,Taste of Denmark,"1901 S Kipling St, Lakewood, CO 80227, USA",https://www.tasteofdenmarkco.com/
Dutch,Angelina's Dutch Corner,"810 Quayside Dr Unit 122, New Westminster, BC V3M 6B9, Canada",https://angelinasdutchcorner.ca/
Ecuadorian,Los Cabos Puro Peru,"1525 Champa St, Denver, CO 80202, USA",https://www.loscabosii.com/
Finnish,Svetlana Inc,"909 S Oneida St # 1B, Denver, CO 80224, USA",
Ghanaian,African Grill and Bar - Lakewood Colorado,"955 S Kipling Pkwy, Lakewood, CO 80226, USA",http://www.africangrilllakewood.com/
Ghanaian,Akwaba Restaurant,"16251 E Colfax Ave, Aurora, CO 80011, USA",
Ghanaian,Mama Africa Cafe Restaurant and Bar,"6603 Leetsdale Dr F, Denver, CO 80224, USA",https://www.mamaafricacafe.com/
Ghanaian,Africana Restaurant & Cafe,"5091 E Colfax Ave, Denver, CO 80220, USA",
Ghanaian,Fidel East African Restaurant,"1074 S Ironton St, Aurora, CO 80012, USA",
Ghanaian,Home Style Foods Colorado,"12028 E Mississippi Ave F2, Aurora, CO 80012, USA",
Ghanaian,Maandeeq East Africa Restaurant,"1535 S Havana St, Aurora, CO 80012, USA",https://maandeeqcafe.square.site/
Ghanaian,Geez Habesha Bar & Restaurant,"262 Havana St, Aurora, CO 80010, USA",
Ghanaian,Taste Of Soweto Denver,"21912 Whirlaway Ave, Parker, CO 80138, USA",
Ghanaian,Barwaaqo,"10200 E Mississippi Ave Ste B, Denver, CO 80247, USA",
Ghanaian,Abyssinia Ethiopian Restaurant and Bar,"5707 E Colfax Ave, Denver, CO 80220, USA",
Ghanaian,Megenagna,"306 S Ironton St Unit C, Aurora, CO 80012, USA",https://megenagnaethiopianrestaurant.com/
Ghanaian,African Caribbean Palate,"10005 E Hampden Ave unit c, Denver, CO 80231, USA",
Guatemalan,La Guatemalteca,"10329 E Colfax Ave, Aurora, CO 80010, USA",https://www.laguatemaltecarestaurante.com/
Honduran,LEMPIRA RESTAURANT,"1452 Uinta St, Denver, CO 80220, USA",https://www.lempirarestaurantdenver.com/
Honduran,Honduras Breeze Restaurant,"1443 Chester St, Aurora, CO 80010, USA",https://m.facebook.com/profile.php?id=1273000329458997&tsid=0.4500492871865647&source=typeahead
Honduran,El Rinconcito Hondureño,"106 E Del Mar Cir, Aurora, CO 80011, USA",
Honduran,Restaurante Antojitos Hondureños,"11703 E Colfax Ave, Aurora, CO 80010, USA",
Icelandic,Icelandic Fitness and Recovery,"600 S Holly St Unit 104, Denver, CO 80246, USA",http://icelandicfitness.com/
Indonesian,Indo Cafe,"13754 Aurora Ave N Suite D, Seattle, WA 98133, USA",http://www.myindocafe.com/
Indonesian,Jaya Asian Grill,"1699 S Colorado Blvd B, Denver, CO 80222, USA",http://jayagrill.com/
Iranian,Darya Restaurant,"10890 E Dartmouth Ave, Denver, CO 80014, USA",
Iranian,Shondiz Restaurant & Catering,"8000 E Quincy Ave Unit 1000, Denver, CO 80237, USA",http://www.shondiz.com/
Iranian,Babajoon's Kabobs & More...,"1005 W 120th Ave #250, Westminster, CO 80234, USA",http://babajoonskabobs.com/
Iranian,Surena Persian Cuisine,"9625 E Arapahoe Rd Unit P, Centennial, CO 80112, USA",https://www.surenarestaurant.com/
Iraqi,Baghdad Restaurant,"2410 S Colorado Blvd, Denver, CO 80222, USA",
Israeli,Mordy's Falafel & Grill,"701 S Monaco St Pkwy, Denver, CO 80224, USA",http://mordysfalafel.com/
Israeli,Jerusalem Restaurant,"1890 E Evans Ave, Denver, CO 80210, USA",https://www.jerusalemrestaurant.com/
Israeli,ASLI Mediterranean grill,"970 S Oneida St unit 5, Denver, CO 80224, USA",http://www.asligrill.com/
Israeli,Yaffa's,"Denver, CO 80224, USA",
Israeli,Safta,"3330 Brighton Blvd #201, Denver, CO 80216, USA",https://www.eatwithsafta.com/?utm_source=google_business_profile&utm_medium=gbp_view_website
Israeli,Hayati Mediterranean Grill,"2958 N Downing St, Denver, CO 80205, USA",https://hayatimediterranean.com/
Israeli,Baghdad Restaurant,"2410 S Colorado Blvd, Denver, CO 80222, USA",
Israeli,Ash'Kara,"2005 W 33rd Ave, Denver, CO 80211, USA",https://www.ashkaradenver.com/
Israeli,FelFel Mediterranean,"4401 S Tamarac Pkwy, Denver, CO 80237, USA",https://www.felfel-usa.com/
Israeli,HUMMUS,"1312 21st St, Denver, CO 80205, USA",http://hummus-goodness.square.site/
Israeli,Amira Grill,"2280 S Colorado Blvd, Denver, CO 80222, USA",
Israeli,Falafel House & Grill,"3214 S Wadsworth Blvd f, Denver, CO 80227, USA",https://falafelhouseorderonline.com/
Israeli,Saffron Grill on Auraria,"1199 10th St Plaza, Denver, CO 80204, USA",https://www.kyoo.tech/order/merchants/S4KARR6E4T973/locations/Z88F9QCA1VK1S
Jamaican,Jamaican Jerk and BBQ Restaurant,"4611 Peoria St, Denver, CO 80239, USA",https://jamaicanjerkandbbq.com/
Jamaican,Reggae Pot Jamaican Grill (Denver,"7562 S University Blvd C, Centennial, CO 80122, USA",http://reggaepotjamaicangrill.com/
Jamaican,Taino's Caribbean Cuisine,"7130 W 117th Ave STE D3, Broomfield, CO 80020, USA",http://eatwithtainos.com/?utm_source=google&utm_medium=wix_google_business_profile&utm_campaign=6912949299216849434
Jamaican,Just Kool,"E. Ohio Drive and, E Alameda Pkwy, Aurora, CO 80017, USA",http://www.justkooljerk.com/
Jordanian,Safta,"3330 Brighton Blvd #201, Denver, CO 80216, USA",https://www.eatwithsafta.com/?utm_source=google_business_profile&utm_medium=gbp_view_website
Laotian,Thai Pot Cafe,"1350 S Colorado Blvd #191, Denver, CO 80222, USA",http://www.thaipotcafe.com/
Lithuanian,Cracovia Polish-American Restaurant & Bar,"8121 W 94th Ave, Westminster, CO 80021, USA",http://www.cracoviarestaurant.com/
Malaysian,Jaya Asian Grill,"1699 S Colorado Blvd B, Denver, CO 80222, USA",http://jayagrill.com/
Mongolian,HuHot Mongolian Grill,"8336 Northfield Blvd, Denver, CO 80238, USA",https://www.huhot.com/location/denver-northfield-co/
Mongolian,HuHot Mongolian Grill,"3698 S Natches Ct, Sheridan, CO 80110, USA",https://www.huhot.com/location/sheridan-co/
Nepalese,Himchuli - Highlands Indian & Nepali Cuisine,"3489 W 32nd Ave, Denver, CO 80211, USA",https://himchulidenver.com/
Nicaraguan,Restaurante El Tamarindo,"7700 E Colfax Ave, Denver, CO 80220, USA",http://www.restauranteltamarindo.com/
Norwegian,Beckon,"2843 Larimer St, Denver, CO 80205, USA",https://www.beckon-denver.com/
Pakistani,Darya Restaurant,"10890 E Dartmouth Ave, Denver, CO 80014, USA",
Pakistani,Naan Curry Grill,"10639 E Briarwood Ave A, Centennial, CO 80112, USA",https://www.naancurrygrill.com/
Pakistani,Zaika Indian Express,"575 Lincoln St B, Denver, CO 80203, USA",https://www.zaikaexpressdenver.com/
Pakistani,Shahristan Kabob and Gyro,"Broadway Restaurant, 7310 Broadway, Denver, CO 80221, USA",
Pakistani,Gulzar Halal Market,"10315 E Iliff Ave, Denver, CO 80247, USA",
Pakistani,Zaika Indian Cuisine,"300 Nickel St #19, Broomfield, CO 80020, USA",https://www.zaikabroomfield.com/
Pakistani,Kohinoor,"Aurora, CO 80014, USA",
Pakistani,Hyderabad House Denver,"7605 E Arapahoe Rd, Centennial, CO 80112, USA",http://hhdenver.com/p/index.html
Pakistani,SPICE ROOM,"3100 E Colfax Ave, Denver, CO 80206, USA",https://denverspiceroom.com/
Pakistani,Little India Restaurant & Bar Wash Park/DU,"2390 S Downing St B, Denver, CO 80210, USA",https://www.littleindiaofdenver.com/locations/2390-south-downing-street/
Pakistani,Yak & Yeti Restaurant and Event Center - Denver,"9755 E Hampden Ave, Denver, CO 80231, USA",http://www.theyakandyeti.com/
Pakistani,The Halal Guys,"14535 E Alameda Ave Suite D, Aurora, CO 80012, USA",https://thehalalguys.com/locations/14535-e-alameda-ave-aurora/
Pakistani,India's Castle Restaurant and Bar,"9555 E Arapahoe Rd #19, Greenwood Village, CO 80112, USA",http://www.indiascastle.com/
Pakistani,United Kitchens of India,"3140 S Parker Rd #7, Aurora, CO 80014, USA",
Pakistani,Yak & Yeti Restaurant and Bar - Westminster,"9000 Yukon St, Westminster, CO 80021, USA",http://www.theyakandyeti.com/
Pakistani,Little India Downtown Denver,"1533 Champa St, Denver, CO 80202, USA",https://littleindiarestaurant2.com/
Pakistani,Little India Restaurant & Bar 6th Ave,"330 E 6th Ave, Denver, CO 80203, USA",https://www.littleindiaofdenver.com/locations/330-east-6th-avenue/
Pakistani,Phoenician Kabob,"5709 E Colfax Ave, Denver, CO 80220, USA",http://www.pkabob.com/
Pakistani,Ali Grill,"1155 S Havana St unit 35, Aurora, CO 80012, USA",http://aligrillaurora.com/
Pakistani,Taz Indian Restaurant,"10731 E Alameda Ave, Aurora, CO 80012, USA",http://www.tazindianrestaurant.com/
Panamanian,Nacatmales Denver,"CO-44, Thornton, CO 80229, USA",http://nacatamales-denver-05.webself.net/
Paraguayan,Sabor Del Campo - Puerto Rican Cuisine (Plaza38),"3550 W 38th Ave #96, Denver, CO 80211, USA",https://sabordelcampo5280.business.site/
Peruvian,Pisco Sour Restaurant & Lounge,"14050 E Evans Ave, Aurora, CO 80014, USA",
Peruvian,Pollo Lima,"9614 E Arapahoe Rd, Greenwood Village, CO 80112, USA",https://pollolima.com/
Peruvian,The Red Llama,"8331 Willow St B, Lone Tree, CO 80124, USA",https://www.redllamaco.com/
Peruvian,Los Cabos Puro Peru,"1525 Champa St, Denver, CO 80202, USA",https://www.loscabosii.com/
Philippine,ChowSun,"830 S Buckley Rd, Aurora, CO 80017, USA",https://www.chowsunaurora.com/
Philippine,ADOBO,"3109 N Federal Blvd, Denver, CO 80211, USA",https://www.adoboxo.com/
Philippine,Julie's Kitchen,"3750 Astrozon Blvd, Colorado Springs, CO 80910, USA",https://m.facebook.com/Julies-Kitchen-Colorado-Springs-1316043748422112/
Philippine,Filipino food truck,"4305 E Platte Ave, Colorado Springs, CO 80915, USA",http://www.filipinofoodtruck.com/
Philippine,Adobo Food Truck,"6875 W 38th Ave, Wheat Ridge, CO 80033, USA",http://www.adobodenver.com/
Philippine,Filipino-America Community,"1900 N Harlan St, Edgewater, CO 80214, USA",https://www.colorado-filipinos.org/
Philippine,Adobo at First Draft,"1309 26th St, Denver, CO 80205, USA",https://adobodenver.com/
Polish,Cracovia Polish-American Restaurant & Bar,"8121 W 94th Ave, Westminster, CO 80021, USA",http://www.cracoviarestaurant.com/
Polish,Pierogies Factory,"7961 S Broadway, Littleton, CO 80122, USA",https://www.pierogiesfactory.com/
Polish,Pierogies Factory,"3795 Wadsworth Blvd, Wheat Ridge, CO 80033, USA",http://pierogiesfactory.com/
Puerto Rican,Areyto Puerto Rican Food,"3725 Buchtel Blvd S #508, Denver, CO 80210, USA",https://areytopuertorricanfood.com/
Puerto Rican,Isla Verde,"19757 Pikes Peak Avenue, Parker, CO 80138, USA",https://www.islaverderestaurant.com/
Puerto Rican,Empanada Kings,"810 Vallejo St, Denver, CO 80204, USA",https://order.online/business/jarabacoa-gril-11388371
Puerto Rican,Sabor Del Campo - Puerto Rican Cuisine (Plaza38),"3550 W 38th Ave #96, Denver, CO 80211, USA",https://sabordelcampo5280.business.site/
Puerto Rican,Dos Abuelas,"Zeppelin Station, 3501 Wazee St, Denver, CO 80216, USA",
Romanian,Svetlana Inc,"909 S Oneida St # 1B, Denver, CO 80224, USA",
Saudi Arabian,Amira Grill,"2280 S Colorado Blvd, Denver, CO 80222, USA",
Singaporean,Jaya Asian Grill,"1699 S Colorado Blvd B, Denver, CO 80222, USA",http://jayagrill.com/
Slovak,Cracovia Polish-American Restaurant & Bar,"8121 W 94th Ave, Westminster, CO 80021, USA",http://www.cracoviarestaurant.com/
Slovenian,Svetlana Inc,"909 S Oneida St # 1B, Denver, CO 80224, USA",
Somali,Maandeeq East Africa Restaurant,"1535 S Havana St, Aurora, CO 80012, USA",https://maandeeqcafe.square.site/
Somali,Barwaaqo,"10200 E Mississippi Ave Ste B, Denver, CO 80247, USA",
Somali,Africana Restaurant & Cafe,"5091 E Colfax Ave, Denver, CO 80220, USA",
South African,African Grill and Bar - Lakewood Colorado,"955 S Kipling Pkwy, Lakewood, CO 80226, USA",http://www.africangrilllakewood.com/
South African,Mama Africa Cafe Restaurant and Bar,"6603 Leetsdale Dr F, Denver, CO 80224, USA",https://www.mamaafricacafe.com/
South African,Africana Restaurant & Cafe,"5091 E Colfax Ave, Denver, CO 80220, USA",
South African,Fidel East African Restaurant,"1074 S Ironton St, Aurora, CO 80012, USA",
South African,Maandeeq East Africa Restaurant,"1535 S Havana St, Aurora, CO 80012, USA",https://maandeeqcafe.square.site/
South African,Barwaaqo,"10200 E Mississippi Ave Ste B, Denver, CO 80247, USA",
South African,Home Style Foods Colorado,"12028 E Mississippi Ave F2, Aurora, CO 80012, USA",
South African,Abyssinia Ethiopian Restaurant and Bar,"5707 E Colfax Ave, Denver, CO 80220, USA",
South African,Nile Ethiopian Restaurant,"1951 S Havana St, Aurora, CO 80014, USA",
South African,Akwaba Restaurant,"16251 E Colfax Ave, Aurora, CO 80011, USA",
South African,SHASHA AFRICAN GRILL,"8535 W Colfax Ave, Lakewood, CO 80215, USA",
Sri Lankan,Godavari Denver,"6882 S Yosemite St, Centennial, CO 80112, USA",https://www.godavarius.com/food-menu-denver.html
Swiss,The Melting Pot,"2707 Main St, Littleton, CO 80120, USA",https://www.meltingpot.com/littleton-co/
Syrian,Jerusalem Restaurant,"1890 E Evans Ave, Denver, CO 80210, USA",https://www.jerusalemrestaurant.com/
Syrian,JASMINE SYRIAN FOOD,"10180 E Colfax Ave STE 118, Aurora, CO 80010, USA",
Syrian,Baghdad Restaurant,"2410 S Colorado Blvd, Denver, CO 80222, USA",
Syrian,Amira Grill,"2280 S Colorado Blvd, Denver, CO 80222, USA",
Syrian,Damascus Grill,"1399 W Littleton Blvd, Littleton, CO 80120, USA",https://www.facebook.com/DamascusGrillLittleton
Syrian,Phoenician Kabob,"5709 E Colfax Ave, Denver, CO 80220, USA",http://www.pkabob.com/
Syrian,Tuti Grill,"2160 S Holly St Ste 3, Denver, CO 80222, USA",https://mediterraneanfooddenver.com/
Syrian,Byblos Express Greek and Lebanese,"400 N Corona St, Denver, CO 80218, USA",https://www.byblos-cafe.com/
Syrian,Falafel House & Grill,"3214 S Wadsworth Blvd f, Denver, CO 80227, USA",https://falafelhouseorderonline.com/
Syrian,FelFel Mediterranean,"4401 S Tamarac Pkwy, Denver, CO 80237, USA",https://www.felfel-usa.com/
Syrian,Shish Kabob Grill,"1503 Grant St, Denver, CO 80203, USA",http://www.shishkabobgrill.com/
Syrian,Hayati Mediterranean Grill,"2958 N Downing St, Denver, CO 80205, USA",https://hayatimediterranean.com/
Syrian,Beirut Grill & Sushi Restaurant,"203 W Hampden Ave, Englewood, CO 80110, USA",http://beirutdenver.com/
Syrian,Gyros Town Restaurant,"2276 S Colorado Blvd, Denver, CO 80222, USA",http://gyrostownrestaurant.com/
Syrian,Mama Kabob,"5551 Washington St, Denver, CO 80216, USA",
Syrian,Shondiz Restaurant & Catering,"8000 E Quincy Ave Unit 1000, Denver, CO 80237, USA",http://www.shondiz.com/
Syrian,Mordy's Falafel & Grill,"701 S Monaco St Pkwy, Denver, CO 80224, USA",http://mordysfalafel.com/
Syrian,Yemen Grill,"2353 S Havana St UnitD#15A, Aurora, CO 80014, USA",http://yemengrilldenver.com/
Syrian,Ali Grill,"1155 S Havana St unit 35, Aurora, CO 80012, USA",http://aligrillaurora.com/
Syrian,Casablanca Restaurant,"270 S Downing St, Denver, CO 80209, USA",https://www.meccagrilldenver.com/?utm_source=gmb&utm_medium=website
Taiwanese,Zoe Ma Ma,"1625 Wynkoop St, Denver, CO 80202, USA",https://www.zoemama.com/union-station
Taiwanese,Pig and Tiger,"1401 Pearl St, Boulder, CO 80302, USA",http://www.pigandtiger.co/
Taiwanese,Tasty Pot,"6330 S Parker Rd, Aurora, CO 80016, USA",https://www.ordertastypot.com/
Taiwanese,Chen’s kitchen,"5934 S Kipling Pkwy Ste E, Littleton, CO 80127, USA",https://smorefood.com/order-online/chens-kitchen-littleton-80127-0t7k5tla?utm_source=gmb&utm_medium=website
Tanzanian,African Grill and Bar - Lakewood Colorado,"955 S Kipling Pkwy, Lakewood, CO 80226, USA",http://www.africangrilllakewood.com/
Tanzanian,Africana Restaurant & Cafe,"5091 E Colfax Ave, Denver, CO 80220, USA",
Tanzanian,Akwaba Restaurant,"16251 E Colfax Ave, Aurora, CO 80011, USA",
Tanzanian,Mama Africa Cafe Restaurant and Bar,"6603 Leetsdale Dr F, Denver, CO 80224, USA",https://www.mamaafricacafe.com/
Tanzanian,Maandeeq East Africa Restaurant,"1535 S Havana St, Aurora, CO 80012, USA",https://maandeeqcafe.square.site/
Tanzanian,Fidel East African Restaurant,"1074 S Ironton St, Aurora, CO 80012, USA",
Tanzanian,Home Style Foods Colorado,"12028 E Mississippi Ave F2, Aurora, CO 80012, USA",
Tanzanian,Barwaaqo,"10200 E Mississippi Ave Ste B, Denver, CO 80247, USA",
Tanzanian,Abyssinia Ethiopian Restaurant and Bar,"5707 E Colfax Ave, Denver, CO 80220, USA",
Tanzanian,Queen of Sheba Ethiopian Restaurant,"7225 E Colfax Ave, Denver, CO 80220, USA",
Tanzanian,African Caribbean Palate,"10005 E Hampden Ave unit c, Denver, CO 80231, USA",
Thai,Aloy Modern Thai,"2134 Larimer St, Denver, CO 80205, USA",https://www.aloymodernthai.com/
Thai,Daughter Thai Kitchen & Bar,"1700 Platte St Suite 140, Denver, CO 80202, USA",http://daughterthaikitchenandbar.com/
Thai,Hey Bangkok!,"301 S Pennsylvania St, Denver, CO 80209, USA",https://www.heybangkok.net/
Thai,Liang's Thai Food,"Welton St &, 16th St Mall, Denver, CO 80202, USA",
Thai,Farmhouse Thai Eatery,"98 Wadsworth Blvd #117, Lakewood, CO 80226, USA",
Thai,Thai Flavor LLC,"1014 S Peoria St, Aurora, CO 80012, USA",https://thaiflavorrestaurants.com/
Thai,SUVIPA Thai Food,"1015 S Federal Blvd, Denver, CO 80219, USA",https://suvipathaifood.com/
Thai,Aung's Bangkok Cafe,"1225 E Hampden Ave, Englewood, CO 80113, USA",http://aungsbangkokcafe.com/
Thai,Mon Thai Wadsworth,"2099 Wadsworth Blvd #B, Lakewood, CO 80214, USA",https://qmenu.us/#/mon-thai-wadsworth-blvd-lakewood
Thai,Thai Pot Cafe,"1350 S Colorado Blvd #191, Denver, CO 80222, USA",http://www.thaipotcafe.com/
Thai,Taste of Thailand Restaurant,"2120 S Broadway J, Denver, CO 80210, USA",http://www.tasteofthailand.net/
Thai,Aloy Thai Eatery - Capitol Hill,"211 E 7th Ave, Denver, CO 80203, USA",https://aloythai.com/thai-eatery/
Thai,Ros Siam,"2637 W 26th Ave, Denver, CO 80211, USA",http://ros-siam.com/
Thai,Mon Thai Santa Fe,"750 Santa Fe Dr, Denver, CO 80204, USA",https://mon-thai-co.hipierce.com/
Thai,Bua Traditional Thai Cuisine (Tasty Thai Lotus),"950 S Abilene St, Aurora, CO 80012, USA",https://buathai.mlpo.org/
Thai,Wild Ginger,"399 W Littleton Blvd, Littleton, CO 80120, USA",http://www.wildginger.info/
Thai,9 Thai Restaurant,"4122 E Colfax Ave, Denver, CO 80220, USA",http://www.9thairestaurant.com/
Thai,Tuk Tuk Thai Grill DTC,"8000 E Quincy Ave, Denver, CO 80237, USA",http://www.tuktukrocks.com/
Thai,Swing Thai,"845 Colorado Blvd, Denver, CO 80206, USA",https://www.swingthai.com/
Thai,Real Thai Restaurant,"4980 Kipling St, Wheat Ridge, CO 80033, USA",http://www.realthaico.com/
Tunisian,Tuti Grill,"2160 S Holly St Ste 3, Denver, CO 80222, USA",https://mediterraneanfooddenver.com/
Ukrainian,Sunflower Ukrainian Foods,"East 3rd Avenue &, Fillmore St, Denver, CO 80206, USA",https://m.facebook.com/people/Sunflower-Ukrainian-Foods/100094668743026/
Uruguayan,Lazo Empanadas Junction Food Hall & Drink,"2000 S Colorado Blvd, Denver, CO 80222, USA",https://www.lazoempanadas.com/
Venezuelan,Quiero Arepas,"1859 S Pearl St, Denver, CO 80210, USA",http://quieroarepas.com/
Venezuelan,Empanada Express Grill,"4301 W 44th Ave, Denver, CO 80212, USA",https://laempanadaexpress.com/
Venezuelan,Amor de Venezuela,"2171 S Grape St K115, Denver, CO 80222, USA",
Venezuelan,Pico Arepa Food Truck,"242517th Avenue, Denver, CO 80206, USA",
Venezuelan,Aura’s Bakery,"970 S Oneida St #11, Denver, CO 80224, USA",
Venezuelan,Quiero Arepas,"3200 N Pecos St, Denver, CO 80211, USA",http://www.quieroarepas.com/
Venezuelan,Arepas House,"5505 W 20th Ave Unit 112, Edgewater, CO 80214, USA",http://www.arepashouse.com/
Vietnamese,Pho Duy Denver,"925 S Federal Blvd, Denver, CO 80219, USA",http://phoduyrestaurant.com/
Vietnamese,Kim Son Vietnamese Food,"555 W 12th Ave #030, Vancouver, BC V5Z 3X7, Canada",
Vietnamese,Pho 95 Noodle House,"1401 S Federal Blvd, Denver, CO 80219, USA",http://www.pho95noodlehouse.com/
Vietnamese,Tony Pho Vietnamese Restaurant Noodle soup and Grill,"1002 S Federal Blvd, Denver, CO 80219, USA",
Vietnamese,Saigon Bowl Denver,"333 S Federal Blvd #134, Denver, CO 80219, USA",https://saigonbowldenver.com/
Vietnamese,Phở Lăng Cô,"2233 S Monaco St Pkwy Ste 105, Denver, CO 80222, USA",https://www.pholangco.com/
Vietnamese,Phở Saigon Star,"2045 S University Blvd, Denver, CO 80210, USA",
Vietnamese,What The Pho,"1600 Champa St #110, Denver, CO 80202, USA",http://whatthepho.epipay.com/
Vietnamese,Now Phở,"1195 S Federal Blvd, Denver, CO 80219, USA",https://nowphodenver.com/
Vietnamese,Phở 96 Vietnamese Restaurant,"2990 W Mississippi Ave, Denver, CO 80219, USA",
Vietnamese,Phở Haus,"540 E Alameda Ave, Denver, CO 80209, USA",https://www.phohausco.com/
Vietnamese,Phở-natic Vietnamese Restaurant,"229 E Colfax Ave, Denver, CO 80203, USA",http://www.phodenver.com/
Vietnamese,Pho Ok Denver,"890 S Monaco St Pkwy, Denver, CO 80224, USA",https://www.skiplinow.com/shop/ySAeRn392
Vietnamese,Thái Bảo Vietnamese Restaurant,"5115 Federal Blvd #6, Denver, CO 80211, USA",
Vietnamese,Lakeside Pho,"4348 Sheridan Boulevard, Denver, CO 80212, USA",http://www.lakesidepho.net/
Vietnamese,Phở 999,"4701 Peoria St, Denver, CO 80239, USA",
Vietnamese,Pho 92 DIA,"6691 Tower Rd Unit #101, Denver, CO 80249, USA",https://pho92airport.com/?utm_source=google
Vietnamese,Viet's Restaurant,"333 S Federal Blvd # 125, Denver, CO 80219, USA",https://www.vietsrestaurant.com/
Vietnamese,Pho on 6th,"1312 E 6th Ave, Denver, CO 80218, USA",http://www.phoon6th.com/
Vietnamese,Golden Phở & Grill,"1036 S Federal Blvd #4102, Denver, CO 80219, USA",https://goldenphogrillco.com/
Yemeni,Yemen Grill,"2353 S Havana St UnitD#15A, Aurora, CO 80014, USA",http://yemengrilldenver.com/
Zambian,Africana Restaurant & Cafe,"5091 E Colfax Ave, Denver, CO 80220, USA",
Zambian,Mama Africa Cafe Restaurant and Bar,"6603 Leetsdale Dr F, Denver, CO 80224, USA",https://www.mamaafricacafe.com/
Zambian,Fidel East African Restaurant,"1074 S Ironton St, Aurora, CO 80012, USA",
Zambian,Maandeeq East Africa Restaurant,"1535 S Havana St, Aurora, CO 80012, USA",https://maandeeqcafe.square.site/
Zambian,African Grill and Bar - Lakewood Colorado,"955 S Kipling Pkwy, Lakewood, CO 80226, USA",http://www.africangrilllakewood.com/
Zambian,Abyssinia Ethiopian Restaurant and Bar,"5707 E Colfax Ave, Denver, CO 80220, USA",
Zambian,Akwaba Restaurant,"16251 E Colfax Ave, Aurora, CO 80011, USA",
Zambian,Home Style Foods Colorado,"12028 E Mississippi Ave F2, Aurora, CO 80012, USA",
Zambian,Nile Ethiopian Restaurant,"1951 S Havana St, Aurora, CO 80014, USA",
Zambian,Konjo Ethiopian Food,"inside the Edgewater Public Market, 5505 W 20th Ave Suite #106, Edgewater, CO 80214, USA",http://www.konjoethiopianfood.com/
Zambian,The Ethiopian Restaurant,"2816 E Colfax Ave, Denver, CO 80206, USA",https://m.facebook.com/The-Ethiopian-Restaurant-105937256138469/
Zambian,Queen of Sheba Ethiopian Restaurant,"7225 E Colfax Ave, Denver, CO 80220, USA",
Zambian,Lucy Ethiopian Restaurant,"7401 E Colfax Ave, Denver, CO 80220, USA",https://lucyrestaurant.net/
Zambian,Mesob Ethiopian Restaurant,"1422 Poplar St, Denver, CO 80220, USA",https://www.mesobethiopianrestaurant.com/
Zambian,Ras Kassa's Ethiopian Restaurant,"802 S Public Rd, Lafayette, CO 80026, USA",http://www.raskassas.com/
Zambian,Cafe Paprika,"13160 E Mississippi Ave, Aurora, CO 80012, USA",https://cafepaprika.tripod.com/id3.htm
Zimbabwean,Mama Africa Cafe Restaurant and Bar,"6603 Leetsdale Dr F, Denver, CO 80224, USA",https://www.mamaafricacafe.com/
Zimbabwean,Africana Restaurant & Cafe,"5091 E Colfax Ave, Denver, CO 80220, USA",
Zimbabwean,Akwaba Restaurant,"16251 E Colfax Ave, Aurora, CO 80011, USA",
Zimbabwean,African Grill and Bar - Lakewood Colorado,"955 S Kipling Pkwy, Lakewood, CO 80226, USA",http://www.africangrilllakewood.com/
Zimbabwean,Fidel East African Restaurant,"1074 S Ironton St, Aurora, CO 80012, USA",
Zimbabwean,Maandeeq East Africa Restaurant,"1535 S Havana St, Aurora, CO 80012, USA",https://maandeeqcafe.square.site/
Zimbabwean,Abyssinia Ethiopian Restaurant and Bar,"5707 E Colfax Ave, Denver, CO 80220, USA",
Zimbabwean,Home Style Foods Colorado,"12028 E Mississippi Ave F2, Aurora, CO 80012, USA",
Zimbabwean,The Ethiopian Restaurant,"2816 E Colfax Ave, Denver, CO 80206, USA",https://m.facebook.com/The-Ethiopian-Restaurant-105937256138469/
Zimbabwean,Queen of Sheba Ethiopian Restaurant,"7225 E Colfax Ave, Denver, CO 80220, USA",
Zimbabwean,Nile Ethiopian Restaurant,"1951 S Havana St, Aurora, CO 80014, USA",
Zimbabwean,Lucy Ethiopian Restaurant,"7401 E Colfax Ave, Denver, CO 80220, USA",https://lucyrestaurant.net/
Zimbabwean,Mesob Ethiopian Restaurant,"1422 Poplar St, Denver, CO 80220, USA",https://www.mesobethiopianrestaurant.com/
