Cuisine Type,Name,Address,Website
Mexican,Palenque Mexican Bar & Grill,"210 S Spring St, Beaver Dam, WI 53916, USA",https://palenquemexicanbarandgrill.com/
Mexican,La Tapatia Mexican Grill,"1105 N Spring St, Beaver Dam, WI 53916, USA",https://www.latapatiamexicangrill.net/
Mexican,Don Ramon Mexican Restaurant,"39 S Main St, Mayville, WI 53050, USA",https://www.donramonrestaurants.com/
Mexican,El Guacamole Mexican Grill,"114 E Industrial Dr, Beaver Dam, WI 53916, USA",http://elguacamolemexicangrill.us/
Mexican,LOS RAMOS MEXICAN RESTAURANT,"405 E Main St, Waupun, WI 53963, USA",https://www.losramosmexicanrestaurant.com/
Mexican,El Mariachi Mexican Restaurant,"1694 S Church St, Watertown, WI 53094, USA",http://www.elmariachiwi.com/
Mexican,Tequilas Bar and Grill,"126 S Ludington St, Columbus, WI 53925, USA",https://tequilasbarandgrillcolumbus.com/
Mexican,Taqueria Maria's,"311 S 1st St, Watertown, WI 53094, USA",
Mexican,Taco Bell,"1739 N Spring St, Beaver Dam, WI 53916, USA",https://locations.tacobell.com/wi/beaver-dam/1739-north-spring-street.html?utm_source=yext&utm_campaign=googlelistings&utm_medium=referral&utm_term=041416&utm_content=website&y_source=1_NjE0NTc3MS03MTUtbG9jYXRpb24ud2Vic2l0ZQ%3D%3D
Mexican,Taco Bell,"663 East Ave, Lomira, WI 53048, USA",https://locations.tacobell.com/wi/lomira/663-east-ave.html?utm_source=yext&utm_campaign=googlelistings&utm_medium=referral&utm_term=041420&utm_content=website&y_source=1_NjE0MjU2Ny03MTUtbG9jYXRpb24ud2Vic2l0ZQ%3D%3D
Mexican,Snapper Vick's Mexican Restaurant,"N5007 County Rd WS, Woodland, WI 53099, USA",
Mexican,Taco Bell,"114 Shaler Dr, Waupun, WI 53963, USA",https://locations.tacobell.com/wi/waupun/114-shaler.html?utm_source=yext&utm_campaign=googlelistings&utm_medium=referral&utm_term=041415&utm_content=website&y_source=1_NjE0NjkzNS03MTUtbG9jYXRpb24ud2Vic2l0ZQ%3D%3D
Mexican,Fiesta Las Margaritas,"1512 S Church St, Watertown, WI 53094, USA",https://fiestalasmargaritaswi.com/
Mexican,Amado Jr's,"403 E Main St, Watertown, WI 53094, USA",https://www.facebook.com/pages/category/Restaurant/AMADO-JRS-112084341129915/
Mexican,Taco Bell,"1729 S Church St, Watertown, WI 53094, USA",https://locations.tacobell.com/wi/watertown/1729-s-church-st.html?utm_source=yext&utm_campaign=googlelistings&utm_medium=referral&utm_term=041417&utm_content=website&y_source=1_NjE0NTc4NS03MTUtbG9jYXRpb24ud2Vic2l0ZQ%3D%3D
Mexican,Taco Bell,"109 Dix St, Columbus, WI 53925, USA",https://www.tacobell.com/food?store=037378
Mexican,Casa Tequila,"3461 High Rd, Hartford, WI 53027, USA",http://mycasatequila.com/
Mexican,La Mexicana Minimart & Restaurant,"174 W Division St, Fond du Lac, WI 54935, USA",
Mexican,Mazatlan Mexican Restaruant,"385 Wright Rd, Johnson Creek, WI 53038, USA",http://mazatlanauthenticmexicanjohnsoncreek.com/
Mexican,El Patrón Mexican Bar & Grill,"306 Fourth St Way, Fond du Lac, WI 54937, USA",https://www.elpatronfdl.com/
Swedish,Village Garden Llc,"255 W Oak Grove St, Juneau, WI 53039, USA",https://www.facebook.com/Village-Garden-Restaurant-442555969134220/
Italian,Benvenuto's,"831 Park Ave, Beaver Dam, WI 53916, USA",http://www.benvenutos.com/
Italian,Rose Garden/Leonardo's Italian Bistro,"500 Bernard St, Watertown, WI 53094, USA",https://www.facebook.com/RoseGarden920
Italian,Old House Bar and Grill,"1002 W Main St, Watertown, WI 53098, USA",http://www.littleitalywisconsin.com/?utm_source=google&utm_medium=wix_google_business_profile&utm_campaign=8217233892278756286
Italian,Marco's Pizza,"112 W Maple Ave, Beaver Dam, WI 53916, USA",https://www.marcos.com/
Italian,Noodles and Company,"100 Frances Ln Ste. E, Beaver Dam, WI 53916, USA",https://locations.noodles.com/wi/beaver-dam/100-frances-ln.html?utm_campaign=yext&utm_medium=organic&utm_source=google
Italian,Tony's Pizza,"420 Fond du Lac St, Waupun, WI 53963, USA",https://www.tonyspizzawaupun.com/
Italian,Pizza Ranch,"1520 N Spring St, Beaver Dam, WI 53916, USA",https://pizzaranch.com/locations/wi/beaver-dam/1520-north-spring-street
Italian,Heine's Famous Pizza LLC,"N7115 Center St, Horicon, WI 53032, USA",https://www.facebook.com/heinesfamouspizza/
Italian,Benvenuto’s Italian Bar & Grill,"625 W Rolling Meadows Dr, Fond du Lac, WI 54937, USA",https://www.choicehotels.com/wisconsin/fond-du-lac/radisson-hotels/wi116/dining?mc=llgoxxpx
Italian,Marco's Pizza,"813 E Main St, Watertown, WI 53094, USA",https://www.marcos.com/
Italian,Mancino's Pizza & Grinders,"818 S Main St, Fond du Lac, WI 54935, USA",http://mancinosfonddulac.com/
Italian,Rosati's Pizza,"1907 Market Way, Watertown, WI 53094, USA",https://www.rosatispizzawatertown.com/
Italian,Bella Gusto Restaurant And Italian Market & Pizzeria,"29 S Main St, Oconomowoc, WI 53066, USA",http://www.bellagustomarket.com/
Italian,Phil's Pizza Palace,"112 S 2nd St, Watertown, WI 53094, USA",http://sites.google.com/view/philspizza
Italian,North Lake Inn,"W315N7707 WI-83, North Lake, WI 53029, USA",https://northlakeinn.com/
Italian,Zin - Uncommon California Italian,"629 Main St, Delafield, WI 53018, USA",http://www.zincredible.com/
Italian,Day One Pizza,"749 Park Ave, Columbus, WI 53925, USA",https://www.dayonepizzadelivery.com/
Italian,Ala Roma Pizzeria & Pub,"171 N Pioneer Rd, Fond du Lac, WI 54935, USA",https://www.alaromapizzeria.com/
Italian,Domino's Pizza,"711 N Spring St B, Beaver Dam, WI 53916, USA",https://www.dominos.com/en/?utm_source=google&utm_medium=loclist&utm_campaign=localmaps
Italian,Pizza Hut,"115 E Industrial Dr, Beaver Dam, WI 53916, USA",https://locations.pizzahut.com/wi/beaver-dam/115-e-industrial-drive?utm_medium=organic&utm_source=local&utm_campaign=googlelistings&utm_content=website&utm_term=311556
Spanish,La Tapatia Mexican Grill,"1105 N Spring St, Beaver Dam, WI 53916, USA",https://www.latapatiamexicangrill.net/
Spanish,Palenque Mexican Bar & Grill,"210 S Spring St, Beaver Dam, WI 53916, USA",https://palenquemexicanbarandgrill.com/
Spanish,Don Ramon Mexican Restaurant,"39 S Main St, Mayville, WI 53050, USA",https://www.donramonrestaurants.com/
Spanish,LOS RAMOS MEXICAN RESTAURANT,"405 E Main St, Waupun, WI 53963, USA",https://www.losramosmexicanrestaurant.com/
Spanish,El Guacamole Mexican Grill,"114 E Industrial Dr, Beaver Dam, WI 53916, USA",http://elguacamolemexicangrill.us/
Spanish,El Mariachi Mexican Restaurant,"1694 S Church St, Watertown, WI 53094, USA",http://www.elmariachiwi.com/
Spanish,Taqueria Maria's,"311 S 1st St, Watertown, WI 53094, USA",
Spanish,Tequilas Bar and Grill,"126 S Ludington St, Columbus, WI 53925, USA",https://tequilasbarandgrillcolumbus.com/
Spanish,Amado Jr's,"403 E Main St, Watertown, WI 53094, USA",https://www.facebook.com/pages/category/Restaurant/AMADO-JRS-112084341129915/
Spanish,Snapper Vick's Mexican Restaurant,"N5007 County Rd WS, Woodland, WI 53099, USA",
Spanish,Red Moon Restaurant and Bar,"N3706 Co Rd P, Rubicon, WI 53078, USA",https://redmoonrestaurantandbar.com/
Spanish,Casa Tequila,"3461 High Rd, Hartford, WI 53027, USA",http://mycasatequila.com/
Spanish,El Sazon Jarocho Taco Truck,"810 N Monroe St, Waterloo, WI 53594, USA",https://m.facebook.com/El-Sazon-Jarocho-Taco-Truck-100703558841562/
Spanish,Mateo's Restaurant,"435 E Main St, Waupun, WI 53963, USA",
Spanish,Sherwood Family Restaurant,"1145 Horicon St, Mayville, WI 53050, USA",
Spanish,Rock River Tap,"110 W Lake St, Horicon, WI 53032, USA",http://rockrivertap.com/
Spanish,Puebla's Kitchen,"28 E Jackson St SPC A, Hartford, WI 53027, USA",https://pueblaskitchen.com/
Spanish,Mother's Day Restaurant,"417 E Lake St, Horicon, WI 53032, USA",
Spanish,Taco Bell,"1739 N Spring St, Beaver Dam, WI 53916, USA",https://locations.tacobell.com/wi/beaver-dam/1739-north-spring-street.html?utm_source=yext&utm_campaign=googlelistings&utm_medium=referral&utm_term=041416&utm_content=website&y_source=1_NjE0NTc3MS03MTUtbG9jYXRpb24ud2Vic2l0ZQ%3D%3D
Spanish,Marisol's Taste of Mexico Food Truck,"W359N5848 Brown St, Oconomowoc, WI 53066, USA",
American,Applebee's Grill + Bar,"115 E Industrial Dr, Beaver Dam, WI 53916, USA",https://restaurants.applebees.com/en-us/wi/beaver-dam/115-e.-industrial-drive-78044?utm_source=google&utm_medium=organic&utm_campaign=google_my_business&utm_term=78044&utm_content=website
American,The Stand,"119 S Main St, Iron Ridge, WI 53035, USA",
American,Statz Ale House & Grill,"825 Madison St, Beaver Dam, WI 53916, USA",https://www.facebook.com/pg/statzalehouse/about/?ref=page_internal
American,Iron Ridge Inn Restaurant,"131 S Main St, Iron Ridge, WI 53035, USA",http://www.ironridgeinn.com/
American,The Bell Tavern,"W9735 Co Rd D, Beaver Dam, WI 53916, USA",https://www.facebook.com/belltavernbeaverdam/
American,Park Avenue Sports Cafe,"709 Park Ave, Beaver Dam, WI 53916, USA",http://www.parkavenuesportscafe.com/
American,Toppers Tap,"404 S Center St, Beaver Dam, WI 53916, USA",https://www.topperstap.com/
American,Rock River Tap,"110 W Lake St, Horicon, WI 53032, USA",http://rockrivertap.com/
American,Culver’s,"1601 N Spring St, Beaver Dam, WI 53916, USA",http://www.culvers.com/restaurants/beaver-dam?utm_source=Google&utm_medium=Maps&utm_campaign=Google+Places
American,The 1850's,"172 E Oak St, Juneau, WI 53039, USA",http://www.the1850s.com/
American,Voelker's Steak House,"415 E South St, Beaver Dam, WI 53916, USA",
American,Feil's Supper Club,"N8743 WI-73, Randolph, WI 53956, USA",http://www.feilssupperclub.com/
American,Village Garden Llc,"255 W Oak Grove St, Juneau, WI 53039, USA",https://www.facebook.com/Village-Garden-Restaurant-442555969134220/
American,IHOP,"1738 N Spring St, Beaver Dam, WI 53916, USA",https://restaurants.ihop.com/en-us/wi/beaver-dam/breakfast-1738-n-spring-st-3829?utm_source=google&utm_medium=organic&utm_campaign=google_my_business&utm_term=3829&utm_content=website
American,Zwieg's Grill,"904 E Main St, Watertown, WI 53094, USA",https://www.facebook.com/Zwiegs-Grill-121512967859251/
American,Gingers Hide Away LLC,"302 E Lake St, Horicon, WI 53032, USA",https://www.facebook.com/gingershideawayWI/
American,The Brittain House,"735 S Watertown St, Waupun, WI 53963, USA",https://m.facebook.com/Brittain-House-Supper-Club-1701362813414555/
American,Culver’s,"900 Kelly Ave, Waupun, WI 53963, USA",http://www.culvers.com/restaurants/waupun?utm_source=Google&utm_medium=Maps&utm_campaign=Google+Places
American,Wendy's,"102 Frances Ln, Beaver Dam, WI 53916, USA",https://locations.wendys.com/united-states/wi/beaver-dam/102-frances-lane?utm_source=Yext&utm_medium=Google_My_Business&utm_campaign=Local_Search&utm_content=EN_US
American,Sherwood Family Restaurant,"1145 Horicon St, Mayville, WI 53050, USA",
Scottish,Voelker's Steak House,"415 E South St, Beaver Dam, WI 53916, USA",
British,The Brittain House,"735 S Watertown St, Waupun, WI 53963, USA",https://m.facebook.com/Brittain-House-Supper-Club-1701362813414555/
Thai,Yumyum Thai Kitchen,"128 E James St, Columbus, WI 53925, USA",http://www.yumyumthaikitchen.net/
Japanese,Sake House beaver dam,"820 Park Ave, Beaver Dam, WI 53916, USA",http://www.sakehousebeaverdam.com/
Japanese,Sake House,"1506 S Church St, Watertown, WI 53094, USA",https://www.sakehousewatertown.com/
Japanese,OSAKA HIBACHI .RAMEN .THAI,"100 E Madison St, Watertown, WI 53094, USA",http://osakawatertown.com/
Japanese,Ichiban Japanese Sushi&Steak House,"1595 E Sumner St, Hartford, WI 53027, USA",http://www.ichibanwi.com/
Chinese,Chang Jiang Buffet,"106 Frances Ln J, Beaver Dam, WI 53916, USA",https://www.changjiangbuffet.com/
Chinese,CHINA HOUSE,"620 Washington St, Horicon, WI 53032, USA",
Chinese,Sake House beaver dam,"820 Park Ave, Beaver Dam, WI 53916, USA",http://www.sakehousebeaverdam.com/
Chinese,Ming's Garden Chinese Restaurant,"150 Front St, Beaver Dam, WI 53916, USA",
Chinese,Bamboo Kitchen,"310 W Main St, Watertown, WI 53094, USA",https://cyrusramsey.com/places/bamboo-kitchen/
Chinese,China Wok,"305 Hwy St W, Dodge Center, MN 55927, USA",https://chinawokdodgecenter.com/index.html
Chinese,Chinatown Restaurant,"1309 Memorial Dr, Watertown, WI 53098, USA",http://www.chinatownwatertownwi.com/
Chinese,Chang Jiang,"1118 W Main St, Waupun, WI 53963, USA",https://www.changjiangwaupunwi.com/
Chinese,New China Restaurant,"101 S Main St, Mayville, WI 53050, USA",https://m.facebook.com/newchinarestaurantmayville/
Chinese,Golden Dragon Restaurant,"516 E Main St, Watertown, WI 53094, USA",https://www.goldendragonwatertown.com/
Chinese,China King,"107 N Ludington St, Columbus, WI 53925, USA",
Indian,Authentic Momo And Bar,"1516 N Spring St Suite 1, Beaver Dam, WI 53916, USA",https://authenticmomo.netlify.app/
Russian,Moscow on the Hill,"371 Selby Ave, St Paul, MN 55102, USA",http://www.moscowonthehill.com/
Jewish,Adamah Neighborhood Table,"611 Langdon St, Madison, WI 53703, USA",http://adamahmadison.com/
Jewish,The Deli on Crown,"2233 W Mequon Rd, Mequon, WI 53092, USA",http://thedelioncrown.com/
Jewish,Benji's Deli,"8683 N Port Washington Rd, Milwaukee, WI 53217, USA",http://www.benjisdeliandrestaurant.com/
Jewish,The 1850's,"172 E Oak St, Juneau, WI 53039, USA",http://www.the1850s.com/
Jewish,QuicKosher,"4833 W Burleigh St, Milwaukee, WI 53210, USA",http://quickosher.com/
Jewish,Jake's Deli,"1634 W North Ave, Milwaukee, WI 53205, USA",https://www.jakesdeli1.com/
Jewish,Benji's Deli,"4156 N Oakland Ave, Shorewood, WI 53211, USA",http://www.benjisdeliandrestaurant.com/
Polish,Village Garden Llc,"255 W Oak Grove St, Juneau, WI 53039, USA",https://www.facebook.com/Village-Garden-Restaurant-442555969134220/
German,Dorf Haus Supper Club,"8931 County Hwy Y, Sauk City, WI 53583, USA",http://www.foodspot.com/Clients/WI/SaukCity/DorfHausSupperClub/default.aspx?fs=8&fsp=2109&accid=19510
French,Mocha Vino Bistro & Coffee Shop,"469 E Rubicon St, Hustisford, WI 53034, USA",https://www.facebook.com/mochavinobistro/
French,Walker's Diner & Bakery,"813 Park Ave, Beaver Dam, WI 53916, USA",http://www.walkersfamilyrestaurant.com/
French,Feil's Supper Club,"N8743 WI-73, Randolph, WI 53956, USA",http://www.feilssupperclub.com/
French,Wild Goose Cafe,"1707 Shaler Dr, Waupun, WI 53963, USA",http://www.edenmeat.com/wild-goose-cafe/
French,Sherwood Family Restaurant,"1145 Horicon St, Mayville, WI 53050, USA",
French,Sunview Restaurant,"827 Park Ave, Beaver Dam, WI 53916, USA",https://sunviewrestaurant.com/beaver-dam-sunview-restaurant-food-menu
French,Toppers Tap,"404 S Center St, Beaver Dam, WI 53916, USA",https://www.topperstap.com/
French,Voelker's Steak House,"415 E South St, Beaver Dam, WI 53916, USA",
French,Pastiche Bistro,"4313 W River Ln, Brown Deer, WI 53223, USA",https://www.pastichebistro.com/
French,Cantafio's Buckhorn Steakhouse,"N8802 Co Rd A, Beaver Dam, WI 53916, USA",https://www.cantafiosbuckhornsteakhouse.com/
French,The Bell Tavern,"W9735 Co Rd D, Beaver Dam, WI 53916, USA",https://www.facebook.com/belltavernbeaverdam/
French,Benvenuto's,"831 Park Ave, Beaver Dam, WI 53916, USA",http://www.benvenutos.com/
French,Our House 2,"400 S Center St, Beaver Dam, WI 53916, USA",https://www.facebook.com/Our-House-2-104546335129142
French,Village Garden Llc,"255 W Oak Grove St, Juneau, WI 53039, USA",https://www.facebook.com/Village-Garden-Restaurant-442555969134220/
French,Mother's Day Restaurant,"417 E Lake St, Horicon, WI 53032, USA",
French,Bayside Supper Club,"W9231 Co Rd G, Beaver Dam, WI 53916, USA",
French,Lake Street Inn,"147 N, S Lake St, Hustisford, WI 53034, USA",https://www.lakestreetinn.com/
French,Palenque Mexican Bar & Grill,"210 S Spring St, Beaver Dam, WI 53916, USA",https://palenquemexicanbarandgrill.com/
French,La Tapatia Mexican Grill,"1105 N Spring St, Beaver Dam, WI 53916, USA",https://www.latapatiamexicangrill.net/
French,Wendy's,"102 Frances Ln, Beaver Dam, WI 53916, USA",https://locations.wendys.com/united-states/wi/beaver-dam/102-frances-lane?utm_source=Yext&utm_medium=Google_My_Business&utm_campaign=Local_Search&utm_content=EN_US
Hawaiian,Hawaiian Bros Island Grill,"2955 E 53rd St, Davenport, IA 52807, USA",https://hawaiianbros.com/
Brazilian,Rodizio Grill Brazilian Steakhouse Milwaukee,"777 N Water St, Milwaukee, WI 53202, USA",https://www.rodiziogrill.com/milwaukee/
Brazilian,Texas de Brazil - Milwaukee,"2550 N Mayfair Rd, Wauwatosa, WI 53226, USA",https://texasdebrazil.com/locations/milwaukee/?utm_source=gmb&utm_medium=yext&y_source=1_NDg4MzA3MjAtNzE1LWxvY2F0aW9uLndlYnNpdGU%3D
Brazilian,Samba Brazilian Grill,"240 W Gilman St, Madison, WI 53703, USA",http://www.sambabraziliangrill.com/
Brazilian,Fogo de Chão Brazilian Steakhouse,"5460 Park Pl, Rosemont, IL 60018, USA",https://fogodechao.com/location/rosemont/
Peruvian,Chef Paz Restaurant,"9039 W National Ave, West Allis, WI 53227, USA",https://chefpaz.com/
Peruvian,Estacion Inka,"616 University Ave, Madison, WI 53715, USA",https://www.estacioninka.com/
Peruvian,PIKKITO,"3301 Parmenter St, Middleton, WI 53562, USA",http://www.pikkito.com/
Peruvian,Mishqui Cocina Peruana,"4604 Monona Dr, Madison, WI 53716, USA",https://menu.mishquiperu.com/
Peruvian,Rock River Tap,"110 W Lake St, Horicon, WI 53032, USA",http://rockrivertap.com/
Peruvian,Buchanan’s One Away,"118 Lake St, Hustisford, WI 53034, USA",https://www.facebook.com/profile.php?id=100083568060283&mibextid=ZbWKwL
Peruvian,Mishqui Cocina Peruana,"1901 Cayuga St, Middleton, WI 53562, USA",http://takeout.mishquiperu.com/
Peruvian,Gingers Hide Away LLC,"302 E Lake St, Horicon, WI 53032, USA",https://www.facebook.com/gingershideawayWI/
Salvadorian,El Salvador Restaurant MKE,"2316 S 6th St, Milwaukee, WI 53215, USA",
Salvadorian,Pupuseria Los Angeles LLC,"North Avenue Market, 5900 W North Ave, Milwaukee, WI 53208, USA",
Cuban,Cubanitas,"728 N Milwaukee St, Milwaukee, WI 53202, USA",https://www.getbianchini.com/cubanitasmilwaukee
Cuban,Rock River Tap,"110 W Lake St, Horicon, WI 53032, USA",http://rockrivertap.com/
Cuban,Buchanan’s One Away,"118 Lake St, Hustisford, WI 53034, USA",https://www.facebook.com/profile.php?id=100083568060283&mibextid=ZbWKwL
Cuban,Mocha Vino Bistro & Coffee Shop,"469 E Rubicon St, Hustisford, WI 53034, USA",https://www.facebook.com/mochavinobistro/
Cuban,Gingers Hide Away LLC,"302 E Lake St, Horicon, WI 53032, USA",https://www.facebook.com/gingershideawayWI/
Cuban,Señor Tomas Mexican - Latin Restaurant,"150 North Ave, Hartland, WI 53029, USA",http://senortomas.com/
Cuban,Amado Jr's,"403 E Main St, Watertown, WI 53094, USA",https://www.facebook.com/pages/category/Restaurant/AMADO-JRS-112084341129915/
Cuban,Sabor Tropical,"2258 S Kinnickinnic Ave, Milwaukee, WI 53207, USA",http://sabortropicalmke.com/
Cuban,Cubanitas Oak Creek,"7973 S Main St, Oak Creek, WI 53154, USA",https://www.getbianchini.com/
Cuban,Taco Bell,"1739 N Spring St, Beaver Dam, WI 53916, USA",https://locations.tacobell.com/wi/beaver-dam/1739-north-spring-street.html?utm_source=yext&utm_campaign=googlelistings&utm_medium=referral&utm_term=041416&utm_content=website&y_source=1_NjE0NTc3MS03MTUtbG9jYXRpb24ud2Vic2l0ZQ%3D%3D
Cuban,Village Garden Llc,"255 W Oak Grove St, Juneau, WI 53039, USA",https://www.facebook.com/Village-Garden-Restaurant-442555969134220/
Cuban,Old House Bar and Grill,"1002 W Main St, Watertown, WI 53098, USA",http://www.littleitalywisconsin.com/?utm_source=google&utm_medium=wix_google_business_profile&utm_campaign=8217233892278756286
Cuban,La Cabana,"3052 Hubertus Rd, Hubertus, WI 53033, USA",https://www.lacabanawi.com/hubertus
Cuban,Taco Bell,"114 Shaler Dr, Waupun, WI 53963, USA",https://locations.tacobell.com/wi/waupun/114-shaler.html?utm_source=yext&utm_campaign=googlelistings&utm_medium=referral&utm_term=041415&utm_content=website&y_source=1_NjE0NjkzNS03MTUtbG9jYXRpb24ud2Vic2l0ZQ%3D%3D
Cuban,Taco Bell,"663 East Ave, Lomira, WI 53048, USA",https://locations.tacobell.com/wi/lomira/663-east-ave.html?utm_source=yext&utm_campaign=googlelistings&utm_medium=referral&utm_term=041420&utm_content=website&y_source=1_NjE0MjU2Ny03MTUtbG9jYXRpb24ud2Vic2l0ZQ%3D%3D
Cuban,Skinny Vic's Diner & Coffee Stop,"804 W Paradise Dr, West Bend, WI 53095, USA",https://skinnyvicswestbend.com/
Cuban,Murdock's,"W8178 ST RD #16/60, Lowell, WI 53557, USA",http://www.murdocks.fun/
Cuban,The 1850's,"172 E Oak St, Juneau, WI 53039, USA",http://www.the1850s.com/
Cuban,Casa Tequila,"150 S Main St, West Bend, WI 53095, USA",http://casatequilawisconsin.com/
Cuban,The Mineshaft,"22 N Main St, Hartford, WI 53027, USA",http://www.mineshaftrestaurant.com/
Tibetan,Little Tibet Madison,"827 E Johnson St #1506, Madison, WI 53703, USA",http://littletibetonjohnson.square.site/
Egyptian,Egyptian Delights Cafe,"2310 W College Ave, Appleton, WI 54914, USA",
Greek,Marco's Pizza,"112 W Maple Ave, Beaver Dam, WI 53916, USA",https://www.marcos.com/
Greek,Brothers Gyros & Pizza,"5158 S 108th St, Hales Corners, WI 53130, USA",https://brothersgyrosandpizza.com/
Greek,Athens Grill of Westport,"5430 Willow Rd, Waunakee, WI 53597, USA",https://theathensgrill.com/
Greek,Santorini Grill,"6300 W Mequon Rd, Mequon, WI 53092, USA",http://santorinigrillmequon.com/
Greek,Pegasus Restaurant,"7727 W Greenfield Ave, West Allis, WI 53214, USA",https://pegasusrestaurantmke.com/
Greek,Village Garden Llc,"255 W Oak Grove St, Juneau, WI 53039, USA",https://www.facebook.com/Village-Garden-Restaurant-442555969134220/
Greek,Niko's Gyros,"532 Campus Pl, Oshkosh, WI 54901, USA",http://nikosgyrososhkosh.com/
Greek,Ouzo Cafe,"776 N Milwaukee St, Milwaukee, WI 53202, USA",http://www.ouzocafe.com/
Greek,Apple Tree Family Restaurant,"675 Park Ave, Columbus, WI 53925, USA",https://appletree.cloudwaitress.com/
Greek,Sunview Restaurant,"827 Park Ave, Beaver Dam, WI 53916, USA",https://sunviewrestaurant.com/beaver-dam-sunview-restaurant-food-menu
Greek,Marco's Pizza,"813 E Main St, Watertown, WI 53094, USA",https://www.marcos.com/
Greek,Rock River Tap,"110 W Lake St, Horicon, WI 53032, USA",http://rockrivertap.com/
Greek,The 1850's,"172 E Oak St, Juneau, WI 53039, USA",http://www.the1850s.com/
Greek,Gyro Palace of Walker’s Point,"602 S 2nd St, Milwaukee, WI 53204, USA",https://gyropalacetogo.com/
Greek,Arby's,"111 Frances Ln, Beaver Dam, WI 53916, USA",https://locations.arbys.com/wi/beaverdam/111-frances-ln.html?utm_source=google%20my%20business&utm_medium=organic&utm_campaign=website%20link
Greek,Benvenuto's,"831 Park Ave, Beaver Dam, WI 53916, USA",http://www.benvenutos.com/
Greek,Gyro Palace,"5336 N Port Washington Rd, Milwaukee, WI 53217, USA",https://gyropalacetogo.com/
Greek,Cosmos Cafe,"7203 W North Ave #1819, Wauwatosa, WI 53213, USA",http://www.cosmoscafetosa.com/
Greek,Parthenon Gyros,"316 State St, Madison, WI 53703, USA",https://www.parthenongyros.com/
Greek,Avli Milwaukee,"1818 N Hubbard St, Milwaukee, WI 53212, USA",https://www.avli.us/?utm_source=mke-googlebusiness&utm_medium=organic
Belgian,Walker's Diner & Bakery,"813 Park Ave, Beaver Dam, WI 53916, USA",http://www.walkersfamilyrestaurant.com/
Belgian,The Bell Tavern,"W9735 Co Rd D, Beaver Dam, WI 53916, USA",https://www.facebook.com/belltavernbeaverdam/
Belgian,Voelker's Steak House,"415 E South St, Beaver Dam, WI 53916, USA",
Belgian,Our House 2,"400 S Center St, Beaver Dam, WI 53916, USA",https://www.facebook.com/Our-House-2-104546335129142
Belgian,Wild Goose Cafe,"1707 Shaler Dr, Waupun, WI 53963, USA",http://www.edenmeat.com/wild-goose-cafe/
Belgian,Sunview Restaurant,"827 Park Ave, Beaver Dam, WI 53916, USA",https://sunviewrestaurant.com/beaver-dam-sunview-restaurant-food-menu
Belgian,Statz Ale House & Grill,"825 Madison St, Beaver Dam, WI 53916, USA",https://www.facebook.com/pg/statzalehouse/about/?ref=page_internal
Belgian,Cantafio's Buckhorn Steakhouse,"N8802 Co Rd A, Beaver Dam, WI 53916, USA",https://www.cantafiosbuckhornsteakhouse.com/
Belgian,The Mineshaft,"22 N Main St, Hartford, WI 53027, USA",http://www.mineshaftrestaurant.com/
Belgian,THE BELGIAN DELIGHT,"c 1100 County C, Brussels, WI 54204, USA",http://www.belgiandelightbrussels.com/
Belgian,Luxembourg Cafe,"100 Main St, Belgium, WI 53004, USA",
Belgian,Rock River Tap,"110 W Lake St, Horicon, WI 53032, USA",http://rockrivertap.com/
Belgian,Village Garden Llc,"255 W Oak Grove St, Juneau, WI 53039, USA",https://www.facebook.com/Village-Garden-Restaurant-442555969134220/
Belgian,Sherwood Family Restaurant,"1145 Horicon St, Mayville, WI 53050, USA",
Belgian,Kyote's Bar & Grill,"129 Spring St, Belgium, WI 53004, USA",
Belgian,Gingers Hide Away LLC,"302 E Lake St, Horicon, WI 53032, USA",https://www.facebook.com/gingershideawayWI/
Belgian,Bibinger's Bar & Restaurant,"3747 Cedar Creek Rd, Slinger, WI 53086, USA",https://www.bibingers.com/
Belgian,MJ Stevens Pub 'N' Restaurant,"5260 Aurora Rd, Hartford, WI 53027, USA",http://mj-stevens.com/
Belgian,Buchanan’s One Away,"118 Lake St, Hustisford, WI 53034, USA",https://www.facebook.com/profile.php?id=100083568060283&mibextid=ZbWKwL
Belgian,Perc Place,"43 N Main St, Hartford, WI 53027, USA",http://www.perc-place.com/
Irish,Danny Boys Irish Pub,"315 E Lake St #1242, Horicon, WI 53032, USA",https://dannyboysirishpubllc.com/
Irish,Lyon's Irish Pub,"201 E Main St, Watertown, WI 53094, USA",
Irish,Erin Inn Irish Pub,"6102 Donegal Rd, Hartford, WI 53027, USA",http://erininn.com/
Irish,Irish's Bar,"10 Western Ave, Fond du Lac, WI 54935, USA",
Welsh,MD Saloon,"220 W Summit Ave #1, Wales, WI 53183, USA",https://mdsaloon.com/
Cajun,Rock River Tap,"110 W Lake St, Horicon, WI 53032, USA",http://rockrivertap.com/
Cajun,Crawfish Junction,"W6376 Co Rd A, Johnson Creek, WI 53038, USA",http://www.crawfishjunction.com/
Cajun,Fishbone's Cajun & Creole Restaurant,"1704 Milwaukee St, Delafield, WI 53018, USA",http://www.fishbonesrestaurant.com/
Cajun,Sinissippi Lake Pub,"N4571 County Road E, Hustisford, WI 53034, USA",https://www.facebook.com/sinissippilakepub/
Cajun,Cantafio's Buckhorn Steakhouse,"N8802 Co Rd A, Beaver Dam, WI 53916, USA",https://www.cantafiosbuckhornsteakhouse.com/
Cajun,Feed Mill Bar & Grill,"W 2179 County Rd Y, Lomira, WI 53048, USA",https://feedmillknowles.wordpress.com/
Cajun,Lake Street Inn,"147 N, S Lake St, Hustisford, WI 53034, USA",https://www.lakestreetinn.com/
Cajun,Park Avenue Sports Cafe,"709 Park Ave, Beaver Dam, WI 53916, USA",http://www.parkavenuesportscafe.com/
Cajun,Crawdaddy's on Greenfield,"9427 W Greenfield Ave, West Allis, WI 53214, USA",http://www.crawdaddysccb.com/
Cajun,Damsels,"302 S Spring St, Beaver Dam, WI 53916, USA",https://www.damselsbd.com/
Cajun,Gingers Hide Away LLC,"302 E Lake St, Horicon, WI 53032, USA",https://www.facebook.com/gingershideawayWI/
Cajun,Benvenuto's,"831 Park Ave, Beaver Dam, WI 53916, USA",http://www.benvenutos.com/
Cajun,The Shores of Fox Lake,"N10604 Chief Kuno Trail, Fox Lake, WI 53933, USA",http://www.theshoresoffoxlake.com/
Cajun,Village Garden Llc,"255 W Oak Grove St, Juneau, WI 53039, USA",https://www.facebook.com/Village-Garden-Restaurant-442555969134220/
Cajun,Zwieg's Grill,"904 E Main St, Watertown, WI 53094, USA",https://www.facebook.com/Zwiegs-Grill-121512967859251/
Cajun,Bismarck's Main Street Bar,"103 - 105 E Main St, Watertown, WI 53094, USA",https://www.facebook.com/Bismarck.watertown
Cajun,Dam Chicken,"300 S Spring St, Beaver Dam, WI 53916, USA",https://www.damchicken.com/
Cajun,Mother's Day Restaurant,"417 E Lake St, Horicon, WI 53032, USA",
Cajun,On the Rocks Bar and Grill,"211 N Schuyler St, Neosho, WI 53059, USA",https://m.facebook.com/ontherocksneoshowi
Cajun,Murdock's,"W8178 ST RD #16/60, Lowell, WI 53557, USA",http://www.murdocks.fun/
Portuguese,Debby's Cuisine,"1429 Stanislaus St F, Escalon, CA 95320, USA",https://www.debbyscuisine.com/
Turkish,TURKISH KITCHEN,"2616 Monroe St, Madison, WI 53711, USA",https://turkishkitchenmadison.net/
Turkish,Doner Kebab,"31 Lone Oak Ln, Hartford, WI 53027, USA",https://donerkebabhartford.com/
Turkish,Meze Mediterranean Grill,"503 W Main St, Sun Prairie, WI 53590, USA",https://www.mezemediterranean.com/
Turkish,Truva Turkish Kitchen | Kenwood,"8060 Montgomery Rd Suite 400, Cincinnati, OH 45236, USA",http://truvaturkishkitchen.com/
Turkish,Gingers Hide Away LLC,"302 E Lake St, Horicon, WI 53032, USA",https://www.facebook.com/gingershideawayWI/
Turkish,Rock River Tap,"110 W Lake St, Horicon, WI 53032, USA",http://rockrivertap.com/
Turkish,Village Garden Llc,"255 W Oak Grove St, Juneau, WI 53039, USA",https://www.facebook.com/Village-Garden-Restaurant-442555969134220/
Turkish,Istanbul Kitchen,"7935 Tysons Corner Center, Tysons, VA 22102, USA",https://www.istanbulkitchenva.com/
Turkish,Efendi Turkish Restaurant (BAYVIEW LOCATION),"8190 Bayview Ave, Thornhill, ON L3T 2S2, Canada",https://efendirestaurants.com/
Turkish,Shahrazad | Persian & Middle Eastern Cuisine,"3133 N Oakland Ave, Milwaukee, WI 53211, USA",http://shahrazadrestaurant.com/
Turkish,OLIVA Italian Mediterranean Cuisine,"751 N High Point Rd, Madison, WI 53717, USA",http://www.olivacuisine.com/
Turkish,Efendi Restaurant (RUTHERFORD LOCATION),"1076 Rutherford Rd, Maple, ON L6A 1S2, Canada",http://efendirestaurants.com/
Turkish,Taste Of Istanbul,"1862 Explorer St, Reston, VA 20190, USA",http://tasteofistanbulcatering.com/
Turkish,The 1850's,"172 E Oak St, Juneau, WI 53039, USA",http://www.the1850s.com/
Turkish,Coffee Corner Bistro,"102 Main St, Kewaskum, WI 53040, USA",https://coffeecornerbistro.com/
Turkish,Buchanan’s One Away,"118 Lake St, Hustisford, WI 53034, USA",https://www.facebook.com/profile.php?id=100083568060283&mibextid=ZbWKwL
Turkish,Murdock's,"W8178 ST RD #16/60, Lowell, WI 53557, USA",http://www.murdocks.fun/
Turkish,Apollo Cafe,"1310 E Brady St, Milwaukee, WI 53202, USA",https://apollocafe.com/
Turkish,Cedar Kabob & Cafe,"34796 Van Dyke Ave, Sterling Heights, MI 48312, USA",https://cedarkabobcafegrill.menufy.com/
Turkish,Lake Street Inn,"147 N, S Lake St, Hustisford, WI 53034, USA",https://www.lakestreetinn.com/
Haitian,KAY CHOUBY HAITIAN RESTAURANT,"3947 N High School Rd, Indianapolis, IN 46254, USA",
Tahitian,Gingers Hide Away LLC,"302 E Lake St, Horicon, WI 53032, USA",https://www.facebook.com/gingershideawayWI/
Korean,Semper Fi BBQ,"3937 Wildlife Ct, Slinger, WI 53086, USA",https://www.semperfibbq.com/
Nigerian,Immy's African Cuisine,"2847 N Oakland Ave, Milwaukee, WI 53211, USA",http://immysafricancuisine.com/
Nigerian,Holisac Taste of Africa,"815 W Main St, Sun Prairie, WI 53590, USA",https://order.online/store/holisac-enterprise-llc-sun-prairie-24475829/?hideModal=true&pickup=true&redirected=true&utm_medium=wp_plugin&utm_source=sdk&visitorId=18dbecb672f7ee9b2
Nigerian,Kingdom Restaurant,"1865 Northport Dr, Madison, WI 53704, USA",https://kingdom-restaurant.com/
Nigerian,Pan-African Inc,"1107 N Old World 3rd St, Milwaukee, WI 53203, USA",http://africanpresentations.com/
Nigerian,Ogaga's African Kitchen and Catering Services,"1715 Waldorf Blvd #301, Madison, WI 53719, USA",https://www.youtube.com/channel/UCnfjyFbAgyUbJOKh_VOJT9w
Libyan,Lebnani house,"5051 S 27th St, Greenfield, WI 53221, USA",https://www.lebnanihouseinc.com/
Moroccan,Casablanca,"728 E Brady St, Milwaukee, WI 53202, USA",https://casablancaonbrady.com/casablanca-locations/
Lebanese,Karam Lebanese Deli & Catering,"2800 SW Cedar Hills Blvd, Beaverton, OR 97005, USA",https://www.karamldc.com/
Vietnamese,Ivy's Kitchen Vietnamese Restaurant,"4598 Main St, Vancouver, BC V5V 3R5, Canada",
Vietnamese,Kim Son Vietnamese Food,"555 W 12th Ave #030, Vancouver, BC V5Z 3X7, Canada",
Hungarian,Hungarian Rhapsody Restaurant,"14315 Northline Rd, Southgate, MI 48195, USA",https://www.therhapsodyrestaurant.com/
Mediterranean,Meze Mediterranean Grill,"503 W Main St, Sun Prairie, WI 53590, USA",https://www.mezemediterranean.com/
Mediterranean,Village Garden Llc,"255 W Oak Grove St, Juneau, WI 53039, USA",https://www.facebook.com/Village-Garden-Restaurant-442555969134220/
Mediterranean,Rock River Tap,"110 W Lake St, Horicon, WI 53032, USA",http://rockrivertap.com/
Mediterranean,Caspian Grill,"707 S Gammon Rd, Madison, WI 53719, USA",http://caspiangrillmadison.com/
Mediterranean,Mother's Day Restaurant,"417 E Lake St, Horicon, WI 53032, USA",
Mediterranean,Mediterranean Cafe,"625 State St, Madison, WI 53703, USA",http://www.medcafemadison.com/
Mediterranean,The 1850's,"172 E Oak St, Juneau, WI 53039, USA",http://www.the1850s.com/
Mediterranean,Harvest Market,"125 Hospital Dr, Watertown, WI 53098, USA",https://harvest-market-wrmc.square.site/
Mediterranean,Noodles and Company,"100 Frances Ln Ste. E, Beaver Dam, WI 53916, USA",https://locations.noodles.com/wi/beaver-dam/100-frances-ln.html?utm_campaign=yext&utm_medium=organic&utm_source=google
Mediterranean,Arby's,"111 Frances Ln, Beaver Dam, WI 53916, USA",https://locations.arbys.com/wi/beaverdam/111-frances-ln.html?utm_source=google%20my%20business&utm_medium=organic&utm_campaign=website%20link
Mediterranean,Lebnani house,"5051 S 27th St, Greenfield, WI 53221, USA",https://www.lebnanihouseinc.com/
Mediterranean,Freska Mediterranean Grill,"8310 Greenway Blvd UNIT 104, Middleton, WI 53562, USA",http://www.freskamediterraneangrill.com/
Mediterranean,Rose Garden/Leonardo's Italian Bistro,"500 Bernard St, Watertown, WI 53094, USA",https://www.facebook.com/RoseGarden920
Mediterranean,Niko's Gyros,"532 Campus Pl, Oshkosh, WI 54901, USA",http://nikosgyrososhkosh.com/
Mediterranean,Gingers Hide Away LLC,"302 E Lake St, Horicon, WI 53032, USA",https://www.facebook.com/gingershideawayWI/
Mediterranean,Angee B'z Subs,"625 W Sumner St Ste 700, Hartford, WI 53027, USA",https://www.angeebzsubs.com/
Mediterranean,"The Nest Eatery, LLC","40 S Main St, Mayville, WI 53050, USA",https://www.facebook.com/mayvillenest
Mediterranean,Arby's,"2200 W James St, Columbus, WI 53925, USA",https://locations.arbys.com/wi/columbus/2200-west-james-st.html?utm_source=google%20my%20business&utm_medium=organic&utm_campaign=website%20link
Mediterranean,The Mineshaft,"22 N Main St, Hartford, WI 53027, USA",http://www.mineshaftrestaurant.com/
Mediterranean,Murdock's,"W8178 ST RD #16/60, Lowell, WI 53557, USA",http://www.murdocks.fun/
Ethiopian,Ras Dashen Restaurant,"2801 E Cherry St, Seattle, WA 98122, USA",http://www.rasdashenseattle.com/
Caribbean,Andy's Jamaican Oasis,"State Hwy 33 Trunk, Horicon, WI 53032, USA",
Soul,Jackson's Soul Food Redefined,"4519 W Center St, Milwaukee, WI 53210, USA",https://www.jacksonssoulfoodmke.com/
Argentinian,El Gaucho Grill,"17800 W Bluemound Rd suite 7, Brookfield, WI 53045, USA",https://argentinianrestaurantbrookfield.com/
Argentinian,La Empanada argentine food,"206 W Locust St, Grafton, WI 53024, USA",https://laempanadaargentinefood.app/
Argentinian,La Empanada LLC,"1020 Washington St, Grafton, WI 53024, USA",
Argentinian,La Masa Empanada Bar,"1300 E Brady St, Milwaukee, WI 53202, USA",http://www.lamasaempanadas.com/
Argentinian,Rock River Tap,"110 W Lake St, Horicon, WI 53032, USA",http://rockrivertap.com/
Argentinian,Lola's Empanadas,"6207 W National Ave, West Allis, WI 53214, USA",https://www.lolasempanadasmke.com/
Chilean,Palenque Mexican Bar & Grill,"210 S Spring St, Beaver Dam, WI 53916, USA",https://palenquemexicanbarandgrill.com/
Colombian,La Pollera Colombiana Restaurant,"3579 E Washington Ave, Madison, WI 53704, USA",https://lapolleracolombianarestaurantwi.com/
Costa Rican,Cafe Costa Rica,"1219 N Sherman Ave, Madison, WI 53704, USA",https://elcafecostarica.com/
Danish,Damsels,"302 S Spring St, Beaver Dam, WI 53916, USA",https://www.damselsbd.com/
Dutch,Dutch Kitchen Restaurant,"6803 KS-61, Hutchinson, KS 67501, USA",http://www.dutchkitchenrestaurant.org/
Ecuadorian,Mi Patria Ecuadorian Restaurant,"1410 22nd St, West Des Moines, IA 50266, USA",https://mipatriadsm.com/
Finnish,Village Garden Llc,"255 W Oak Grove St, Juneau, WI 53039, USA",https://www.facebook.com/Village-Garden-Restaurant-442555969134220/
Ghanaian,Holisac Taste of Africa,"815 W Main St, Sun Prairie, WI 53590, USA",https://order.online/store/holisac-enterprise-llc-sun-prairie-24475829/?hideModal=true&pickup=true&redirected=true&utm_medium=wp_plugin&utm_source=sdk&visitorId=18dbecb672f7ee9b2
Guatemalan,"Marta's Tamales, Mexican and Guatemalan Food","551 W Becher St, Milwaukee, WI 53207, USA",
Honduran,LAS HAMACAS RESTAURANT,"454 N Green Bay Rd, Waukegan, IL 60085, USA",
Icelandic,Cantafio's Buckhorn Steakhouse,"N8802 Co Rd A, Beaver Dam, WI 53916, USA",https://www.cantafiosbuckhornsteakhouse.com/
Indonesian,Bandung Indonesian Restaurant,"600 Williamson St suite m, Madison, WI 53703, USA",http://bandungindorestaurant.com/
Iranian,Shahrazad | Persian & Middle Eastern Cuisine,"3133 N Oakland Ave, Milwaukee, WI 53211, USA",http://shahrazadrestaurant.com/
Israeli,Village Garden Llc,"255 W Oak Grove St, Juneau, WI 53039, USA",https://www.facebook.com/Village-Garden-Restaurant-442555969134220/
Jamaican,Andy's Jamaican Oasis,"State Hwy 33 Trunk, Horicon, WI 53032, USA",
Kuwaiti,Bayside Supper Club,"W9231 Co Rd G, Beaver Dam, WI 53916, USA",
Laotian,Lao Laan Xang Restaurant,"2098 Atwood Ave, Madison, WI 53704, USA",http://www.laolaan-xang.com/
Laotian,Pha Khao Thai-Lao Restaurant,"6316 52nd St, Kenosha, WI 53144, USA",
Laotian,Vientiane Noodle Shop,"3422 W National Ave, Milwaukee, WI 53215, USA",https://vientianenoodleshop.com/
Laotian,Hot-n-Spicy,"4602 Monona Dr, Madison, WI 53716, USA",https://hotnspicywi.square.site/
Laotian,Bamboo Restaurant,"3427 W National Ave, Milwaukee, WI 53215, USA",
Laotian,Lao'd District,"9393 Bellaire Blvd Ste B, Houston, TX 77036, USA",http://www.laoddistrict.com/
Laotian,EE-Sane Thai-Lao Cuisine,"1806 N Farwell Ave, Milwaukee, WI 53202, USA",https://www.eesanemke.com/
Malaysian,Rock River Tap,"110 W Lake St, Horicon, WI 53032, USA",http://rockrivertap.com/
Mongolian,Chang Jiang Buffet,"106 Frances Ln J, Beaver Dam, WI 53916, USA",https://www.changjiangbuffet.com/
Mongolian,HuHot Mongolian Grill,"3021 S 108th St, West Allis, WI 53227, USA",https://www.huhot.com/location/west-allis-wi/
Mongolian,New China Restaurant,"101 S Main St, Mayville, WI 53050, USA",https://m.facebook.com/newchinarestaurantmayville/
Mongolian,CHINA HOUSE,"620 Washington St, Horicon, WI 53032, USA",
Mongolian,Chang Jiang,"1118 W Main St, Waupun, WI 53963, USA",https://www.changjiangwaupunwi.com/
Mongolian,Ming's Garden Chinese Restaurant,"150 Front St, Beaver Dam, WI 53916, USA",
Mongolian,HuHot Mongolian Grill,"110 Wisconsin Dells Pkwy, Lake Delton, WI 53940, USA",https://www.huhot.com/location/lake-delton-wi/
Mongolian,HuHot Mongolian Grill,"3456 W College Ave, Appleton, WI 54914, USA",https://www.huhot.com/location/appleton-wi/
Mongolian,HuHot Mongolian Grill,"2621 S Oneida St, Green Bay, WI 54304, USA",https://www.huhot.com/location/green-bay-wi/
Mongolian,HuHot Mongolian Grill,"3800 State Road 16, Valley View Mall, La Crosse, WI 54601, USA",https://www.huhot.com/location/la-crosse-wi/
Mongolian,Palenque Mexican Bar & Grill,"210 S Spring St, Beaver Dam, WI 53916, USA",https://palenquemexicanbarandgrill.com/
Mongolian,Chinatown Restaurant,"1309 Memorial Dr, Watertown, WI 53098, USA",http://www.chinatownwatertownwi.com/
Mongolian,Zhou's Mongolian BBQ,"1122 E Grand Ave, Rothschild, WI 54474, USA",https://zhousbbqrothschild.kwickmenu.com/index.php
Mongolian,Golden Dragon Restaurant,"516 E Main St, Watertown, WI 53094, USA",https://www.goldendragonwatertown.com/
Nepalese,Authentic Momo And Bar,"1516 N Spring St Suite 1, Beaver Dam, WI 53916, USA",https://authenticmomo.netlify.app/
Nicaraguan,La Marimba Nicaraguan Cuisine,"824 Water Ave, Hillsboro, WI 54634, USA",https://www.facebook.com/profile.php?id=100092334115328&mibextid=LQQJ4d
Norwegian,Norske Nook - DeForest,"100 E Holum St, DeForest, WI 53532, USA",http://www.norskenook.com/
Pakistani,Anmol Restaurant - Milwaukee,"711 W Historic Mitchell St, Milwaukee, WI 53204, USA",http://www.eatanmol.com/
Pakistani,Shah Jee's,"770 N Jefferson St, Milwaukee, WI 53202, USA",https://www.shahjeesmke.com/
Pakistani,Sultan,"1054 Williamson St, Madison, WI 53703, USA",http://sultanmadison.com/
Pakistani,Mantra Indian Bistro,"511 E Wisconsin Ave, Oconomowoc, WI 53066, USA",https://mantraindianbistro.com/
Pakistani,Al-Wahid Tandoor Express Meat & Grocery,"896 E Roosevelt Rd, Lombard, IL 60148, USA",https://www.alwahidexpress.com/
Pakistani,Bayside Supper Club,"W9231 Co Rd G, Beaver Dam, WI 53916, USA",
Pakistani,Voelker's Steak House,"415 E South St, Beaver Dam, WI 53916, USA",
Paraguayan,Rock River Tap,"110 W Lake St, Horicon, WI 53032, USA",http://rockrivertap.com/
Peruvian,Chef Paz Restaurant,"9039 W National Ave, West Allis, WI 53227, USA",https://chefpaz.com/
Peruvian,Estacion Inka,"616 University Ave, Madison, WI 53715, USA",https://www.estacioninka.com/
Peruvian,PIKKITO,"3301 Parmenter St, Middleton, WI 53562, USA",http://www.pikkito.com/
Peruvian,Mishqui Cocina Peruana,"4604 Monona Dr, Madison, WI 53716, USA",https://menu.mishquiperu.com/
Peruvian,Rock River Tap,"110 W Lake St, Horicon, WI 53032, USA",http://rockrivertap.com/
Peruvian,Buchanan’s One Away,"118 Lake St, Hustisford, WI 53034, USA",https://www.facebook.com/profile.php?id=100083568060283&mibextid=ZbWKwL
Peruvian,Mishqui Cocina Peruana,"1901 Cayuga St, Middleton, WI 53562, USA",http://takeout.mishquiperu.com/
Peruvian,Gingers Hide Away LLC,"302 E Lake St, Horicon, WI 53032, USA",https://www.facebook.com/gingershideawayWI/
Philippine,Manila Resto,"107 Algoma Blvd, Oshkosh, WI 54901, USA",https://www.manilaresto.com/
Polish,Village Garden Llc,"255 W Oak Grove St, Juneau, WI 53039, USA",https://www.facebook.com/Village-Garden-Restaurant-442555969134220/
Puerto Rican,Shalom Puerto Rican Restaurant,"3500 W National Ave, Milwaukee, WI 53215, USA",https://shalompuertoricanrestaurantwi.com/
Puerto Rican,La Promesa Food Truck,"21300 W Greenfield Ave, New Berlin, WI 53146, USA",http://orderlapromesafoodtruck.com/
Puerto Rican,Lareños Restaurant,"1601 W Lincoln Ave, Milwaukee, WI 53215, USA",https://www.facebook.com/Lare%C3%B1os-en-Milwaukee-Restaurant-103201528152884/
Puerto Rican,Las Virellas Food Truck,"636 S 6th St, Milwaukee, WI 53215, USA",https://cashdrop.com/las-virellas
Puerto Rican,Goly & Eve Puerto Rican Kitchen,"114 S John St Suite D, Kimberly, WI 54136, USA",https://golyandevepuertoricankitchen.com/
Puerto Rican,La Caribeña,"1704 S Pearl St, Milwaukee, WI 53204, USA",https://www.orderlacaribena.com/
Puerto Rican,McCoco's Caribbean Restaurant,"7420 W Greenfield Ave, West Allis, WI 53214, USA",https://mccocos.com/
Puerto Rican,Sabor Tropical,"2258 S Kinnickinnic Ave, Milwaukee, WI 53207, USA",http://sabortropicalmke.com/
Puerto Rican,La Casa Boricua,"5506 N 2nd St, Loves Park, IL 61111, USA",
Puerto Rican,Antojitos Puerto Rico LLC,"410 Military Ave, Green Bay, WI 54303, USA",
Puerto Rican,Johanna's Cafe,"1239 S 11th St, Milwaukee, WI 53204, USA",https://johannascafe.com/
Singaporean,Shiok Singaporean Cuisine,"1716 Kingsway, Vancouver, BC V5N 2S4, Canada",http://shiok.ca/
Singaporean,Prata-Man Singapore Cuisine,"9060 Capstan Wy, Richmond, BC V6X 3N6, Canada",https://prata-man-richmond.business.site/
Slovak,Voelker's Steak House,"415 E South St, Beaver Dam, WI 53916, USA",
Somali,Holisac Taste of Africa,"815 W Main St, Sun Prairie, WI 53590, USA",https://order.online/store/holisac-enterprise-llc-sun-prairie-24475829/?hideModal=true&pickup=true&redirected=true&utm_medium=wp_plugin&utm_source=sdk&visitorId=18dbecb672f7ee9b2
South African,Holisac Taste of Africa,"815 W Main St, Sun Prairie, WI 53590, USA",https://order.online/store/holisac-enterprise-llc-sun-prairie-24475829/?hideModal=true&pickup=true&redirected=true&utm_medium=wp_plugin&utm_source=sdk&visitorId=18dbecb672f7ee9b2
Sri Lankan,Rock River Tap,"110 W Lake St, Horicon, WI 53032, USA",http://rockrivertap.com/
Swiss,Bayside Supper Club,"W9231 Co Rd G, Beaver Dam, WI 53916, USA",
Swiss,Swiss Street Pub & Grille,"11430 W Swiss St, Franklin, WI 53132, USA",https://swissstreetpubandgrille.com/
Swiss,Timmer's Resort,"5151 Timmer Bay Rd, West Bend, WI 53095, USA",https://timmersresort.com/
Swiss,6th Gear,"W7771 State Rd 33, Beaver Dam, WI 53916, USA",
Swiss,Our House 2,"400 S Center St, Beaver Dam, WI 53916, USA",https://www.facebook.com/Our-House-2-104546335129142
Swiss,Zig’s Lakeside Pub and Grill,"W11146 Co Rd G, Beaver Dam, WI 53916, USA",https://www.facebook.com/zigslakesidepubngrill/
Swiss,Sunview Restaurant,"827 Park Ave, Beaver Dam, WI 53916, USA",https://sunviewrestaurant.com/beaver-dam-sunview-restaurant-food-menu
Swiss,Voelker's Steak House,"415 E South St, Beaver Dam, WI 53916, USA",
Swiss,Walker's Diner & Bakery,"813 Park Ave, Beaver Dam, WI 53916, USA",http://www.walkersfamilyrestaurant.com/
Swiss,Zwieg's Grill,"904 E Main St, Watertown, WI 53094, USA",https://www.facebook.com/Zwiegs-Grill-121512967859251/
Swiss,The Mineshaft,"22 N Main St, Hartford, WI 53027, USA",http://www.mineshaftrestaurant.com/
Swiss,Sauers Old Fashioned Pub & Grill,"825 Madison St, Beaver Dam, WI 53916, USA",https://www.facebook.com/SauersOldFashioned
Swiss,Village Garden Llc,"255 W Oak Grove St, Juneau, WI 53039, USA",https://www.facebook.com/Village-Garden-Restaurant-442555969134220/
Swiss,The Stand,"119 S Main St, Iron Ridge, WI 53035, USA",
Swiss,Rock River Tap,"110 W Lake St, Horicon, WI 53032, USA",http://rockrivertap.com/
Swiss,Gingers Hide Away LLC,"302 E Lake St, Horicon, WI 53032, USA",https://www.facebook.com/gingershideawayWI/
Swiss,Sheryl's Club 175,"3545 WI-175, Slinger, WI 53086, USA",http://sherylsclub175.com/
Swiss,The 1850's,"172 E Oak St, Juneau, WI 53039, USA",http://www.the1850s.com/
Swiss,Wild Goose Cafe,"1707 Shaler Dr, Waupun, WI 53963, USA",http://www.edenmeat.com/wild-goose-cafe/
Swiss,Stoll's Olde 109,"N866 Co Rd R, Watertown, WI 53098, USA",https://stollsolde109.com/
Syrian,Shawarma Time truck,"45450 Petawawa Rd, Chilliwack, BC V2R 3M4, Canada",http://www.shawarmatimetruck.com/
Taiwanese,Taiwan Little Eats,"320 State St #2021, Madison, WI 53703, USA",https://www.toasttab.com/taiwan-little-eats-em-320-state-street
Tanzanian,Holisac Taste of Africa,"815 W Main St, Sun Prairie, WI 53590, USA",https://order.online/store/holisac-enterprise-llc-sun-prairie-24475829/?hideModal=true&pickup=true&redirected=true&utm_medium=wp_plugin&utm_source=sdk&visitorId=18dbecb672f7ee9b2
Thai,Yumyum Thai Kitchen,"128 E James St, Columbus, WI 53925, USA",http://www.yumyumthaikitchen.net/
Tunisian,The 1850's,"172 E Oak St, Juneau, WI 53039, USA",http://www.the1850s.com/
Ukrainian,Touch of Ukraine | Bar and Grill,"2438 Winnebago St, Madison, WI 53704, USA",http://www.touchofukrainemadison.com/
Venezuelan,La Arepa Maracaibera,"5098 Voges Rd, Madison, WI 53718, USA",http://www.laarepamaracaibera.com/
Venezuelan,Arepa’s Place WI,"95 N Moorland Rd, Brookfield, WI 53005, USA",http://www.arepasplacemke.com/
Venezuelan,Arepanita's Cafe,"804 Clinton St, Waukesha, WI 53186, USA",
Venezuelan,La Taguara Bar & Grill,"3010 Crossroads Dr, Madison, WI 53718, USA",http://www.lataguara-madison.com/
Venezuelan,Anytime Arepa (3rd STREET MARKET HALL),"275 W Wisconsin Ave, Milwaukee, WI 53203, USA",http://anytimearepa.com/
Venezuelan,Jb arepas,"2303 S Oneida St, Appleton, WI 54915, USA",https://instagram.com/jb.arepas?igshid=YzdkMWQ2MWU=
Venezuelan,MachiquesCity Venezuelan Restaurant,"638 State St, Madison, WI 53703, USA",https://machiquescityrestaurant.com/
Venezuelan,Dahlia's Bistro,"212 E North St, Waukesha, WI 53186, USA",http://www.dahliasbistrowi.com/
Venezuelan,Anytime Arepa,"636 S 6th St, Milwaukee, WI 53204, USA",https://www.anytimearepa.com/
Venezuelan,La Taguara,"3502 E Washington Ave, Madison, WI 53704, USA",http://lataguara-madison.com/
Vietnamese,Ivy's Kitchen Vietnamese Restaurant,"4598 Main St, Vancouver, BC V5V 3R5, Canada",
Vietnamese,Kim Son Vietnamese Food,"555 W 12th Ave #030, Vancouver, BC V5Z 3X7, Canada",
Yemeni,Shibam Yemeni Kitchen,"4807 N Elston Ave, Chicago, IL 60630, USA",http://shibam.com/
Zambian,Holisac Taste of Africa,"815 W Main St, Sun Prairie, WI 53590, USA",https://order.online/store/holisac-enterprise-llc-sun-prairie-24475829/?hideModal=true&pickup=true&redirected=true&utm_medium=wp_plugin&utm_source=sdk&visitorId=18dbecb672f7ee9b2
