Cuisine Type,Name,Address,Website
Mexican,Dos Amigos Mexican Grill,"745 Wilcox St, Castle Rock, CO 80104, USA",https://www.dosamigoscastlerock.com/
Mexican,Guadalajara Family Mexican,"150 E Wolfensberger Rd, Castle Rock, CO 80109, USA",
Mexican,Mexico Lindo Family Mexican Restaurant,"9064 US Hwy 285, Morrison, CO 80465, USA",http://mexicolindofamilymrestaurant.com/
Mexican,La Loma Castle Rock,"6361 Promenade Pkwy, Castle Rock, CO 80108, USA",http://lalomamexican.com/
Mexican,Adriana's Mexican Restaurant,"7272 CO-86, Franktown, CO 80116, USA",http://www.adrianasmexicanrestaurantco.com/
Mexican,Los Dos Potrillos Mexican Restaurant - Highlands Ranch,"35 Springer Dr, Littleton, CO 80129, USA",https://www.los2potrillos.com/
Mexican,Las Potrancas Mexican Restaurant,"19600 Solar Cir, Parker, CO 80134, USA",https://laspotrancasmexicanrestaurant.com/
Mexican,Romo’s Street Tacos,"221 Perry St, Castle Rock, CO 80104, USA",http://romosstreettacos.com/
Mexican,El Karajo Mexican Restaurant,"6600 S Quebec St A, Centennial, CO 80111, USA",https://www.mexicanrestaurantcentennial.com/
Mexican,Cafe Rio Fresh Modern Mexican,"832 New Memphis Ct, Castle Rock, CO 80108, USA",https://www.caferio.com/locations/castle-rock
Mexican,Casa Caliente Mexican Restaurant,"8800 S Colorado Blvd Unit G, Highlands Ranch, CO 80126, USA",http://www.casacalienterestaurant.com/
Mexican,El Poblano Mexican Eats,"11321 Dransfeldt Rd, Parker, CO 80134, USA",
Mexican,Sabroso! Fresh Mexican Grill,"8727 E Dry Creek Rd Unit F, Centennial, CO 80112, USA",https://sabroso-fresh-mexican-grill.business.site/
Mexican,El Cerrito Family Restaurant,"7517 CO-86, Franktown, CO 80116, USA",http://www.elcerritofranktown.com/
Mexican,Los Dos Potrillos Mexican Restaurant y Cerveceria,"19340 Cottonwood Dr, Parker, CO 80138, USA",https://www.los2potrillos.com/
Mexican,Los Dos Potrillos Mexican Restaurant,"8251 S Holly St, Centennial, CO 80122, USA",https://www.los2potrillos.com/
Mexican,Casa Mata Mexican Restaurant,"19585 Hess Rd Unit #10, Parker, CO 80134, USA",https://www.casamatamxparker.com/
Mexican,El Meson Mexican Restaurant,"3506 W Town Center Dr, Littleton, CO 80129, USA",https://mesonhighlandsranch.com/
Mexican,Las Fajitas Mexican Restaurant,"562 Castle Pines Pkwy, Castle Pines, CO 80108, USA",http://www.lasfajitascolorado.net/
Mexican,El 1800 Mexican Restaurant,"1600 Peterson Ave S, Douglas, GA 31533, USA",
Swedish,Taste of Scandinavia Bakery & Cafe,"845 Village Center Dr, North Oaks, MN 55127, USA",http://www.tasteofscandinavia.com/
Italian,Frankie's Italian Vancouver,"765 Beatty St, Vancouver, BC V6B 2M4, Canada",https://www.frankiesitaliankitchen.ca/
Italian,Venetis Restaurant,"20511 Douglas Cres, Langley, BC V3A 4B6, Canada",
Italian,"Z'Abbracci - Pizza, Pasta & Tap House","312 Wilcox St, Castle Rock, CO 80104, USA",https://www.zabbracci.com/
Italian,Scileppi's at The Old Stone Church,"210 Third St, Castle Rock, CO 80104, USA",http://www.scileppis.com/
Italian,Oliver's Italian,"4950 S Yosemite St F3, Greenwood Village, CO 80111, USA",https://www.oliversitalian.com/
Italian,Zane's Italian Bistro,"3535 S Yosemite St, Denver, CO 80237, USA",http://www.zanesbistro.com/
Italian,Olive Garden Italian Restaurant,"2520 E County Line Rd, Highlands Ranch, CO 80126, USA",https://www.olivegarden.com/locations/co/highlands-ranch/highlands-ranch/1329?cmpid=br:og_ag:ie_ch:loc_ca:OGGMB_sn:gmb_gt:highlands-ranch-co-1329_pl:locurl_rd:1250
Italian,C' Amore Italian Restaurant,"6232 S Parker Rd Unit 400, Centennial, CO 80016, USA",https://camoreitalian.com/
Italian,Antonio's Pizza Pasta Wings,"12947 S Parker Rd, Parker, CO 80134, USA",https://www.antoniospizzapastawings.com/
Italian,Mici Italian,"11290 Twenty Mile Rd, Parker, CO 80134, USA",https://miciitalian.com/
Italian,Mici Italian,"9245 S Broadway, Highlands Ranch, CO 80129, USA",https://miciitalian.com/
Italian,Granelli's Pizzeria,"21 Wilcox St ste a, Castle Rock, CO 80104, USA",https://granellispizzeria.com/
Italian,Portofinos Pizza and Pasta,"10920 S Parker Rd, Parker, CO 80134, USA",http://portofinopizzaandpasta.com/
Italian,Lil' Ricci's NY Pizza & Pasta - Parker,"16526 Keystone Blvd Unit G, Parker, CO 80134, USA",https://www.lilriccispizza.com/
Italian,Pino's Italian Kitchen & Bar,"361 Village Square Ln #130, Castle Pines, CO 80108, USA",http://ladolcevitacastlepines.net/?y_source=1_MTc4MjIzNDItNzE1LWxvY2F0aW9uLndlYnNpdGU%3D
Italian,Angelo's Taverna - Littleton,"6885 S Santa Fe Dr, Littleton, CO 80120, USA",http://angelostaverna.com/littleton
Italian,Romano's Pizzeria,"5666 S Windermere St, Littleton, CO 80120, USA",http://www.romanospizzeria.com/
Italian,Cranelli's Italian Restaurant,"10047 Park Meadows Dr Unit F, Lone Tree, CO 80124, USA",http://www.cranellis.com/
Italian,Vista Vino Modern Grill,"611 Wilcox St ste a, Castle Rock, CO 80104, USA",https://vistavino.co/
Italian,Olive Garden Italian Restaurant,"1151 E 120th Ave, Thornton, CO 80233, USA",https://www.olivegarden.com/locations/co/thornton/thornton/1593?cmpid=br:og_ag:ie_ch:loc_ca:OGGMB_sn:gmb_gt:thornton-co-1593_pl:locurl_rd:1459
Spanish,Las Brisas Restaurant,"6787 S Clinton St, Englewood, CO 80112, USA",http://orderlasbrisasrestaurant.com/
American,Union An American Bistro,"3 Wilcox St, Castle Rock, CO 80104, USA",http://www.theunionbistro.com/
American,True Kitchen + Bar,"629 SE Main St, Roseburg, OR 97470, USA",http://www.truekitchenandbar.com/
American,Manna Restaurant,"2350 Meadows Blvd, Castle Rock, CO 80109, USA",http://www.mannasbounty.com/
American,Hog N Bones -Douglas,"24 Ameris Dr, Douglas, GA 31535, USA",https://hognbones.com/menu/
American,Brix Grill,"527 SE Jackson St, Roseburg, OR 97470, USA",https://brixgrillroseburg.com/
American,Fin & Feathers Restaurants,"7430 Douglas Blvd, Douglasville, GA 30135, USA",http://finandfeathersrestaurants.com/
American,The Chef's Table,"6843 Lonetree Blvd Ste 103, Rocklin, CA 95765, USA",https://thechefstablerocklin.com/
American,Courtyard Social,"333 Perry St, Castle Rock, CO 80104, USA",https://courtyardsocialcr.com/
American,Fritz European Fry House,"718 Davie St, Vancouver, BC V6Z 1B6, Canada",
American,Grant's Burgers,"2254 Douglas Rd, Ferndale, WA 98248, USA",http://www.grantsburgers.com/
American,Frankie's Italian Vancouver,"765 Beatty St, Vancouver, BC V6B 2M4, Canada",https://www.frankiesitaliankitchen.ca/
American,Kodiak Bar & Grill,"929 SE Stephens St, Roseburg, OR 97470, USA",https://www.facebook.com/pg/kodiak.bar.1
American,Hawks,"5530 Douglas Blvd, Granite Bay, CA 95746, USA",http://www.hawksrestaurant.com/
American,Castle Cafe,"403 Wilcox St, Castle Rock, CO 80104, USA",https://www.castlecafe.com/
American,The Parrott House,"1851 SE Stephens St, Roseburg, OR 97470, USA",https://www.roseburgparrotthouse.com/
American,Farmhaus,"8230 Auburn Folsom Rd, Granite Bay, CA 95746, USA",https://www.farmhausgb.com/
American,McMenamins Roseburg Station Pub & Brewery,"700 SE Sheridan St, Roseburg, OR 97470, USA",https://www.mcmenamins.com/roseburg-station-pub-brewery?utm_source=Google%20Maps&utm_medium=Website%20Button&utm_campaign=Roseburg
American,Von's 1000 Spirits,"1225 1st Ave, Seattle, WA 98101, USA",https://www.vons1000spirits.com/?utm_source=gmb&utm_medium=organic&utm_campaign=gmbpost
American,Crave Real Burgers- Castle Rock,"3982 Limelight Ave, Castle Rock, CO 80109, USA",https://craverealburgers.com/
American,Fireside Burien,"15212 6th Ave SW, Burien, WA 98166, USA",https://www.firesideburien.com/?y_source=1_NzA3MjMxNDUtNzE1LWxvY2F0aW9uLndlYnNpdGU%3D
Scottish,The Scottish Pantry,"184-186 King St, Castle Douglas DG7 1DA, UK",http://www.scottishpantry.co.uk/
British,The Brit,"5905 Corporate Dr, Colorado Springs, CO 80919, USA",https://www.greatbritish.net/?utm_source=gmb&utm_medium=organic
Thai,Patsara Thai,"528 Carnarvon St, New Westminster, BC V3L 1C4, Canada",https://www.patsara.ca/
Japanese,Mt Fuji Hibachi & Sushi,"18260 Lincoln Ave, Parker, CO 80134, USA",http://www.mtfujiparker.com/?utm_source=gmb&utm_medium=website
Japanese,Okinawa Sushi,"12652 W Ken Caryl Ave STE E, Littleton, CO 80127, USA",http://okinawalittleton.com/
Japanese,Tokyo Express Japanese Steakhouse & Seafood Restaurant,"1308 S Madison Ave, Douglas, GA 31533, USA",http://www.douglastokyo.com/
Japanese,Kobe Japanese Hibachi & Sushi,"831 Peterson Ave S suite d, Douglas, GA 31533, USA",http://www.kobedouglas.com/
Japanese,Hapa Sushi Grill and Sake Bar,"5380 Greenwood Plaza Blvd #101, Greenwood Village, CO 80111, USA",http://hapasushi.com/
Japanese,Enso Sushi & Grill,"8000 E Belleview Ave D50, Greenwood Village, CO 80111, USA",https://www.ensosushigrill.com/?utm_source=gmb&utm_medium=website
Japanese,Mt. Fuji,"4714 Milestone Ln, Castle Rock, CO 80104, USA",http://mtfujicastlerockco.com/
Japanese,Shoyu Sushi (Parker),"10981 S Parker Rd, Parker, CO 80134, USA",http://shoyuparker.com/
Japanese,Sushi Castle,"729 Barranca Drive Suite #105, Castle Rock, CO 80104, USA",https://sushicastleco.com/
Japanese,Oyama Sushi & Ramen,"25587 Conifer Rd#120, Conifer, CO 80433, USA",https://www.oyamasushiandramen.com/
Japanese,Mt. Fuji Sushi & Hibachi (Aurora),"6100 S Main St H101, Aurora, CO 80016, USA",http://www.mtfujisushihibachi.com/?utm_source=gmb&utm_medium=website
Japanese,Asaka Sushi,"9623 E County Line Rd C, Centennial, CO 80112, USA",https://www.asakasushicentennial.com/
Japanese,Ninja Sushi,"7923 S Broadway, Littleton, CO 80122, USA",https://www.ninjasushico.com/?utm_source=gmb&utm_medium=website
Japanese,Fujiyama Japanese Hibachi & Sushi,"1100 Sergeant Jon Stiles Dr #106, Highlands Ranch, CO 80129, USA",https://fujiyamacotogo.com/
Japanese,Taku Sushi,"7530 S University Blvd Unit 100, Centennial, CO 80122, USA",https://www.takusushibar.com/
Japanese,Tokyo Joe's - Castle Rock,"South of the Outlet Mall, 820 New Memphis Ct, Castle Rock, CO 80108, USA",http://tokyojoes.com/
Japanese,Menya Sushi Bar,"5910 S University Blvd, Greenwood Village, CO 80121, USA",https://www.menyasushibar.com/
Japanese,Sushi Mango,"9579 S University Blvd #150, Highlands Ranch, CO 80126, USA",http://sushi-mango.com/
Japanese,Sawa Sushi,"7470 S Pierce St, Littleton, CO 80128, USA",https://sawasushitogo.com/
Japanese,Fontana Sushi,"8601 W Cross Dr #F4, Littleton, CO 80123, USA",https://www.fontanacuisine.com/littleton/online.html
Chinese,China Cafe,"734A S Perry St, Castle Rock, CO 80104, USA",http://www.chinacafecastlerock.com/?utm_source=gmb&utm_medium=website
Chinese,Chen's Family Dish,"968 NE Stephens St, Roseburg, OR 97470, USA",https://www.chensroseburg.com/
Chinese,Tasty House Chinese Restaurant,"804 N Ridge Rd B, Castle Rock, CO 80104, USA",http://tastyhouseasianco.com/
Chinese,China Lee,"4662 S Yosemite St, Greenwood Village, CO 80111, USA",https://chinaleeco.com/
Chinese,Golden Pine Chinese,"67348 US Highway #A, 67348 US Hwy 285, Pine, CO 80470, USA",http://goldenpinechinese.com/
Chinese,South Garden II,"4833 Front St unit A, Castle Rock, CO 80104, USA",http://southgardenii.com/
Chinese,Hunan Dynasty Restaurant,"9882 W Belleview Ave, Littleton, CO 80123, USA",https://www.hunandynastybistro.com/
Chinese,Jin Jin Chinese Restaurant,"112 Peterson Ave S, Douglas, GA 31533, USA",https://www.jinjindouglasga.com/
Chinese,Peking House Buffet Inc.,"907 Peterson Ave S, Douglas, GA 31533, USA",https://m.facebook.com/pages/Peking-House/117992318226440
Chinese,Dumpling Factory,"4660 S Yosemite St, Greenwood Village, CO 80111, USA",https://www.dumplingfactoryco.com/
Chinese,Hong Kong Station 港味小厨,"6878 S Yosemite St, Centennial, CO 80112, USA",https://www.hkstationdenver.com/
Chinese,Zao Asian Cafe,"18374 Cottonwood Dr #110, Parker, CO 80138, USA",https://www.zaoasiancafe.com/location/parker/
Chinese,Cherry Village Asian Grill,"17001 Lincoln Ave A, Parker, CO 80134, USA",https://www.cherryvillageasiangrill.com/
Chinese,Four Seasons Chinese Restaurant,"1020 E Richards St, Douglas, WY 82633, USA",
Chinese,South Garden III,"12919 Stroh Ranch Ct, Parker, CO 80134, USA",http://southgardenrest.com/
Chinese,Saigon Landing Restaurant,"28080 Douglas Park Rd, Evergreen, CO 80439, USA",https://www.saigonlanding.com/
Chinese,JP's Asian Bistro,"8351 N Rampart Range Rd #101, Littleton, CO 80125, USA",http://jpsasianbistro.com/
Chinese,Wang's Gourmet,"12 E Arapahoe Rd, Littleton, CO 80122, USA",http://www.wangsgourmetco.com/
Chinese,Egg Roll King,"7142 E County Line Rd, Littleton, CO 80126, USA",https://coeggrollking.com/
Chinese,NBX Asian Cuisine,"9068 Forsstrom Dr C20, Lone Tree, CO 80124, USA",https://nbxasiancuisine.com/
Indian,Zaika Indian Cuisine - Castle Rock,"78 E Allen St #104, Castle Rock, CO 80108, USA",https://www.zaikacastlerock.com/
Indian,Indian Spice Bistro,"14553 Bothell Way NE, Shoreline, WA 98155, USA",https://www.indianspicebistro.com/
Indian,Best Taste Of India Roseburg,"227 NW Garden Valley Blvd, Roseburg, OR 97470, USA",http://besttasteofindiaroseburg.com/
Indian,Tamarind Indian Cuisine,"514 Perry St, Castle Rock, CO 80104, USA",http://tamarindcastlerock.com/
Indian,Highlands Indian Cuisine,"9344 Dorchester St Ste#101, Highlands Ranch, CO 80129, USA",https://highlandscuisine.com/
Indian,Smoky Hill Indian Cuisine,"22942 E Smoky Hill Rd Unit A, Aurora, CO 80016, USA",http://www.smokyhillindian.com/
Indian,Persis Indian Grill,"6886 S Clinton St, Greenwood Village, CO 80112, USA",https://persisdenver.com/
Indian,Indian Taste Restaurant,"412 S Main St, Canyonville, OR 97417, USA",
Indian,India's Castle Restaurant and Bar,"9555 E Arapahoe Rd #19, Greenwood Village, CO 80112, USA",http://www.indiascastle.com/
Indian,Haveli Indian Cuisine,"301 E County Line Rd, Littleton, CO 80122, USA",https://www.clover.com/online-ordering/haveli-indian-cusine-littleton
Indian,Garnish Indian Fusion Cuisine,"6585 Greenwood Plaza Blvd, Greenwood Village, CO 80111, USA",https://garnishfusiondenver.com/store
Indian,Haldi Indian Cuisine,"24223 E Prospect Ave, Aurora, CO 80016, USA",http://www.haldiindiancuisine.com/
Indian,Bawarchi Biryani Point,"11001 E Arapahoe Pl b1, Centennial, CO 80112, USA",https://www.denverbawarchi.com/
Indian,India's Kitchen-Parker,"18701 Mainstreet, Parker, CO 80134, USA",https://www.indiaskitchen1.com/
Indian,Monsoon Cuisine Of India,"24107 E Commons Ave, Aurora, CO 80016, USA",http://www.monsoonsouthlands.com/
Indian,Godavari Denver,"6882 S Yosemite St, Centennial, CO 80112, USA",https://www.godavarius.com/food-menu-denver.html
Indian,India's Kitchen II-Centennial,"8236 S Holly St, Centennial, CO 80122, USA",http://www.indiaskitchen2.com/
Indian,Aahaar an Indian Eatery,"7726 Center Blvd SE # 135, Snoqualmie, WA 98065, USA",https://www.aahaaronline.com/
Indian,Tandoori Flames Indian Scratch Kitchen,"556 Village Square Ln Suite 200, Castle Pines, CO 80108, USA",http://tandooriflamesrestaurant.com/
Indian,Zaika Indian Cuisine,"151 W Mineral Ave #109, Littleton, CO 80120, USA",https://www.zaikalittleton.com/
Canadian,Fritz European Fry House,"718 Davie St, Vancouver, BC V6Z 1B6, Canada",
Russian,Restaurant National,"909 S Oneida St Ste 1b, Denver, CO 80224, USA",
Jewish,Gili's Kitchen Ormond Beach,"188 E Granada Blvd, Ormond Beach, FL 32176, USA",https://www.giliskitchen.com/
Polish,Sebi's Bistro,"1714 18th Ave, Seattle, WA 98122, USA",https://sebisbistro.com/
German,Rhein Haus Seattle,"912 12th Ave, Seattle, WA 98122, USA",http://www.rheinhausseattle.com/
French,Le French DTC Belleview Station,"4901 S Newport St, Denver, CO 80237, USA",http://lefrenchdenver.com/
Hawaiian,Kauai Family Restaurant,"6324 6th Ave S, Seattle, WA 98108, USA",http://www.kauaifamilyrestaurant.co/
Brazilian,Fogo de Chão Brazilian Steakhouse,"440 Bellevue Way NE, Bellevue, WA 98004, USA",https://fogodechao.com/location/bellevue/
Brazilian,Botteco Brazil Restaurant,"14561 Bothell Way NE, Shoreline, WA 98155, USA",http://bottecobrazil.com/
Brazilian,Novilhos Brazilian Steakhouse,"12405 SE 38th St, Bellevue, WA 98006, USA",https://novilhos.com/
Brazilian,The Grill From Ipanema,"2313 1st Ave, Seattle, WA 98121, USA",https://www.seattlegrillfromipanema.com/?y_source=1_OTE5OTMzODItNzE1LWxvY2F0aW9uLndlYnNpdGU%3D
Brazilian,Aroma do Brazil,"10722 E Iliff Ave, Aurora, CO 80014, USA",http://www.aromaofbrazil.com/
Brazilian,Rodizio Grill Brazilian Steakhouse Denver Tech Center,"7340 S Clinton St, Englewood, CO 80112, USA",https://www.rodiziogrill.com/denvertechcenter/
Brazilian,Fogo de Chão Brazilian Steakhouse,"18602 Alderwood Mall Pkwy Suite 1110, Lynnwood, WA 98037, USA",https://fogodechao.com/location/lynnwood/
Brazilian,Botteco Brazil,"15 Nickerson St, Seattle, WA 98109, USA",http://www.bottecobrazil.com/
Brazilian,Fogo de Chão Brazilian Steakhouse,"8419 Park Meadows Center Dr, Lone Tree, CO 80124, USA",https://fogodechao.com/location/lone-tree/
Peruvian,Don Lucho's,"7919 Roosevelt Way NE, Seattle, WA 98115, USA",http://donluchosinseattle.com/
Salvadorian,LA puerta Pdx Salvadorian Food Pupusas,"7339 NE Martin Luther King Jr Blvd, Portland, OR 97211, USA",
Salvadorian,El Salvador Pupuseria Tita's,"26026 Pacific Hwy S, Kent, WA 98032, USA",
Salvadorian,Morazan Salvadorian Restaurant,"410 W Bakerview Rd #108, Bellingham, WA 98226, USA",https://morazansalvadorianrestaurantwa.com/
Salvadorian,Pupuseria Lily LLC,"13675 Huron St, Broomfield, CO 80023, USA",http://orderpupuserialilyllc.com/
Salvadorian,El Chalate Restaurant,"8119 E Colfax Ave, Denver, CO 80220, USA",https://www.elchalate.com/
Salvadorian,El Lucero Salvadoran Restaurant #2,"2127 S Sheridan Blvd A, Denver, CO 80227, USA",http://www.ellucerorestaurant.com/
Salvadorian,Salvadorean Pupusas,"802 Valley Mall Pkwy, East Wenatchee, WA 98802, USA",http://salvadorean-pupusas.edan.io/
Cuban,El Cubano To Go,"19920 Aurora Ave N, Shoreline, WA 98133, USA",https://elcubanotogowa.com/
Cuban,Cuba Cuba Castle Rock,"6375 Promenade Pkwy, Castle Rock, CO 80108, USA",http://cubacubacafe.com/
Cuban,Cafe Con Leche,"2901 1st Ave S, Seattle, WA 98134, USA",http://www.cafeconlecheseattle.com/
Cuban,Isla Verde,"19757 Pikes Peak Avenue, Parker, CO 80138, USA",https://www.islaverderestaurant.com/
Cuban,Cuba Cuba DTC,"5322 DTC Blvd, Greenwood Village, CO 80111, USA",http://cubacubarestaurants.com/
Cuban,CUBA CUBA Highlands Ranch,"9567 S University Blvd, Highlands Ranch, CO 80126, USA",http://cubacubacafe.com/
Tibetan,Little Tibet,"4479 Broadway, Boulder, CO 80304, USA",http://www.littletibetrestaurant.com/
Egyptian,GIZALA SHAURMA,"14200 E Alameda Ave #1039B, Aurora, CO 80012, USA",https://qrco.de/bePCbT
Greek,Alexanders Greek Cuisine,"643 SE Jackson St, Roseburg, OR 97470, USA",https://alexanders-greek-cuisine.business.site/
Greek,Yanni's Greek Restaurant,"5425 Landmark Pl #D109, Greenwood Village, CO 80111, USA",http://www.yannisdenver.com/
Greek,GREEK 2 ME,"9251 E Peakview Ave A, Greenwood Village, CO 80111, USA",http://www.greek2medenver.com/
Greek,Opa Grill,"18366 Lincoln Ave, Parker, CO 80134, USA",https://www.opagrillparker.com/
Greek,Tzatziki's Restaurant,"5919 S University Blvd, Greenwood Village, CO 80121, USA",http://tzatzikis.com/
Greek,Byblos Greenwood Village,"4940 S Yosemite St Unit E4, Greenwood Village, CO 80111, USA",https://www.byblos-cafe.com/
Greek,CAVA,"4987 Factory Shops Blvd Unit 100, Castle Rock, CO 80108, USA",http://cava.com/
Greek,Byblos Express Greek and Lebanese,"9385 S Colorado Blvd #105, Highlands Ranch, CO 80126, USA",https://www.byblos-cafe.com/
Greek,"Spitz - Greenwood Village Restaurant - Mediterranean Food, Greek Food, Vegan, Paleo & More","8181 E Arapahoe Rd suite E, Greenwood Village, CO 80112, USA",https://spitz-restaurant.com/mediterranean-food-greenwood-village-restaurant-bar/
Greek,Renzios Greek Food,"8401 Park Meadows Center Dr, Lone Tree, CO 80124, USA",https://renzios.net/
Greek,Athenian Restaurant,"15350 E Iliff Ave, Aurora, CO 80013, USA",http://theathenianrestaurant.com/
Greek,The Simple Greek,"5846 S Wadsworth Blvd Ste 3300, Littleton, CO 80123, USA",https://restaurants.thesimplegreek.com/co/littleton/5846-S-Wadsworth-Ste-3300/
Greek,FelFel Mediterranean,"4401 S Tamarac Pkwy, Denver, CO 80237, USA",https://www.felfel-usa.com/
Greek,Mezza Mediterranean Grill,"15305 Compark Blvd #101, Parker, CO 80134, USA",http://mezzamedgrill.com/
Greek,The Simple Greek,"8225 S Chester St, Englewood, CO 80112, USA",https://restaurants.thesimplegreek.com/co/englewood/8225-S-Chester-St/
Greek,Garbanzo,"8225 S Chester St, Englewood, CO 80112, USA",https://restaurants.eatgarbanzo.com/co/englewood/8225-s.-chester-st
Greek,Garbanzo,"5846 S Wadsworth Blvd, Littleton, CO 80123, USA",https://restaurants.eatgarbanzo.com/co/littleton/5846-s.-wadsworth
Greek,CAVA,"1515 Park Central Dr, Highlands Ranch, CO 80129, USA",http://try.cava.com/colorado/
Greek,Taziki's Mediterranean Cafe - Hampden,"6345 E Hampden Ave #101, Denver, CO 80222, USA",https://www.tazikis.com/location/hampden/
Greek,Olive Branch Grill,"6583 S Parker Rd Ste 100, Centennial, CO 80016, USA",http://www.olivebranchgrill.com/
Belgian,Fritz European Fry House,"718 Davie St, Vancouver, BC V6Z 1B6, Canada",
Irish,Saints & Scholars Irish Pub,"7726 Center Blvd SE #110, Snoqualmie, WA 98065, USA",https://saintsandscholars.com/
Welsh,The Welsh House Cardiff,"5A High St, Cardiff CF10 1AW, UK",http://www.thewelsh-house.co.uk/
Cajun,"Gumbeaux's, A Cajun Cafe","12407 Veterans Memorial Hwy, Douglasville, GA 30134, USA",http://www.gumbeauxs.com/
Portuguese,Portuguese Tavern,"507 Crooks Ave, Clifton, NJ 07011, USA",http://theportuguesetavern.com/
Turkish,Bistro Turkuaz,"1114 34th Ave, Seattle, WA 98122, USA",https://www.bistroturkuazseattle.com/
Haitian,Tap Tap Cuisine,"3927 N Williams Ave, Portland, OR 97227, USA",https://instagram.com/taptap_cuisine?igshid=YzAwZjE1ZTI0Zg%3D%3D&utm_source=qr
Tahitian,Ohana Island Kitchen,"2563 15th St Ste. 105, Denver, CO 80211, USA",http://ohanadenver.com/
Kenyan,Akwaba Restaurant,"16251 E Colfax Ave, Aurora, CO 80011, USA",
Korean,Shilla Korean Restaurant,"1031 Kingsway, Vancouver, BC V5V 3C7, Canada",http://shillakorean.ca/
Algerian,Sahara Mediterranean Restaurant,"9636 E Arapahoe Rd, Greenwood Village, CO 80112, USA",http://saharadenver.com/
Nigerian,Pass D Jollof,"5600 Roosevelt Way NE #103, Seattle, WA 98105, USA",http://passdjollof.com/
Libyan,Sahara Mediterranean Restaurant,"9636 E Arapahoe Rd, Greenwood Village, CO 80112, USA",http://saharadenver.com/
Moroccan,Marrakesh | Moroccan Restaurant,"2334 2nd Ave, Seattle, WA 98121, USA",https://marrakeshseattle.com/
Lebanese,Mediterranean Kitchen,"11412 NE 124th St, Kirkland, WA 98034, USA",http://www.mediterraneankitchens.net/
Vietnamese,Kim Son Vietnamese Food,"555 W 12th Ave #030, Vancouver, BC V5Z 3X7, Canada",
Vietnamese,Ivy's Kitchen Vietnamese Restaurant,"4598 Main St, Vancouver, BC V5V 3R5, Canada",
Vietnamese,Phở 777,"323 Metzler Dr Suite 106, Castle Rock, CO 80108, USA",http://pho777cr.com/
Vietnamese,Pho 5,"363 Village Square Ln, Castle Pines, CO 80108, USA",https://sites.google.com/view/pho5castlepines/home
Vietnamese,Pho Ever Vietnamese Cuisine,"100 Triangle Shopping Center #140, Longview, WA 98632, USA",
Vietnamese,Saigon Landing Restaurant,"28080 Douglas Park Rd, Evergreen, CO 80439, USA",https://www.saigonlanding.com/
Hungarian,Balaton Restaurant,"8564 E Washington St, Chagrin Falls, OH 44023, USA",http://www.balaton-restaurant.com/
Mediterranean,Mezza Mediterranean Grill,"15305 Compark Blvd #101, Parker, CO 80134, USA",http://mezzamedgrill.com/
Mediterranean,CAVA,"4987 Factory Shops Blvd Unit 100, Castle Rock, CO 80108, USA",http://cava.com/
Mediterranean,FelFel Mediterranean,"4401 S Tamarac Pkwy, Denver, CO 80237, USA",https://www.felfel-usa.com/
Mediterranean,"Spitz - Greenwood Village Restaurant - Mediterranean Food, Greek Food, Vegan, Paleo & More","8181 E Arapahoe Rd suite E, Greenwood Village, CO 80112, USA",https://spitz-restaurant.com/mediterranean-food-greenwood-village-restaurant-bar/
Mediterranean,Zaytoon Mediterranean Grill,"8100 S Quebec St Ste B15, Centennial, CO 80112, USA",https://zaytooncuisine.com/
Mediterranean,Garbanzo,"5846 S Wadsworth Blvd, Littleton, CO 80123, USA",https://restaurants.eatgarbanzo.com/co/littleton/5846-s.-wadsworth
Mediterranean,Byblos Greenwood Village,"4940 S Yosemite St Unit E4, Greenwood Village, CO 80111, USA",https://www.byblos-cafe.com/
Mediterranean,Shawarma Mediterranean Grill,"7527 S University Blvd, Centennial, CO 80122, USA",http://shawarmamediterraneangrill.com/
Mediterranean,Byblos Express Greek and Lebanese,"9385 S Colorado Blvd #105, Highlands Ranch, CO 80126, USA",https://www.byblos-cafe.com/
Mediterranean,CAVA,"1515 Park Central Dr, Highlands Ranch, CO 80129, USA",http://try.cava.com/colorado/
Mediterranean,Garbanzo,"8225 S Chester St, Englewood, CO 80112, USA",https://restaurants.eatgarbanzo.com/co/englewood/8225-s.-chester-st
Mediterranean,Amir Grill,"103 N Rubey Dr Unit E, Golden, CO 80403, USA",http://amirgrill.com/
Mediterranean,Ali Baba Grill,"109 N Rubey Dr, Golden, CO 80403, USA",http://www.alibabagrill.com/
Mediterranean,CAVA,"8507 E Arapahoe Rd, Greenwood Village, CO 80112, USA",http://cava.com/
Mediterranean,Tzatziki's Restaurant,"5919 S University Blvd, Greenwood Village, CO 80121, USA",http://tzatzikis.com/
Mediterranean,Sultan Grill,"12650 W 64th Ave, Arvada, CO 80004, USA",http://sultangrill.com/
Mediterranean,YaYas Euro Bistro in Denver,"8310 E Belleview Ave, Greenwood Village, CO 80111, USA",http://www.yayasdenver.com/
Mediterranean,Opa Grill,"18366 Lincoln Ave, Parker, CO 80134, USA",https://www.opagrillparker.com/
Mediterranean,GREEK 2 ME,"9251 E Peakview Ave A, Greenwood Village, CO 80111, USA",http://www.greek2medenver.com/
Mediterranean,Taziki's Mediterranean Cafe - Hampden,"6345 E Hampden Ave #101, Denver, CO 80222, USA",https://www.tazikis.com/location/hampden/
Ethiopian,Harambe Ethiopian Restaurant,"2149 Commercial Dr, Vancouver, BC V5N 4B3, Canada",
Ethiopian,Gojo Café Ethiopia I Ethiopian Cuisine,"2838 Commercial Dr, Vancouver, BC V5N 4C6, Canada",http://www.gojocafe.com/
Ethiopian,Jebena Cafe,"1510 NE 117th St, Seattle, WA 98125, USA",https://www.jebenacafe.com/
Ethiopian,Adulis Eritrean and Ethiopian Restaurant,"10515 Greenwood Ave N, Seattle, WA 98133, USA",http://adulisrestaurant.com/
Ethiopian,Blue Nile Ethiopian Restaurant,"7821 Rainier Ave S, Seattle, WA 98118, USA",
Ethiopian,Ahadu Ethiopian Restaurant,"1508 NE 117th St, Seattle, WA 98125, USA",http://www.ahadu-ethiopian-restaurant.net/
Ethiopian,Cafe Selam,"2715 E Cherry St B, Seattle, WA 98122, USA",https://www.cafeselam.com/
Ethiopian,Abay Ethiopian Restaurant & Bar,"14855 Tukwila International Blvd, Tukwila, WA 98168, USA",
Ethiopian,Zagol Ethiopian Restaurant,"2722 E Cherry St, Seattle, WA 98122, USA",http://www.zagolethiopianrestaurant.com/
Ethiopian,Enat Ethiopian Restaurant,"11546-11552, 11546 15th Ave NE, Seattle, WA 98125, USA",https://m.facebook.com/EnatEthiopianRestaurant/
Ethiopian,Gursha Ethiopian Cuisine,"1821 Douglas Blvd suite c-5, Roseville, CA 95661, USA",http://www.gurshaetkitchen.com/
Ethiopian,Delish Ethiopian Cuisine,"5701 Rainier Ave S, Seattle, WA 98118, USA",http://delishethiopianfood.com/
Ethiopian,Senait Restaurant Ethiopian Cuisine,"3114 NE 125th St, Seattle, WA 98125, USA",
Ethiopian,Adey Abeba Ethiopian Restaurant,"2123 E Union St, Seattle, WA 98122, USA",https://adeyabeba.net/
Ethiopian,Agelgil Ethiopian Restaurant Seattle,"2800 E Cherry St a, Seattle, WA 98122, USA",https://www.seattleethiopianrestaurant.com/
Ethiopian,Gebeta Ethiopian Bar and restaurant,"7620 NE Killingsworth St, Portland, OR 97218, USA",
Ethiopian,Habesha Cafe,"5710 Rainier Ave S, Seattle, WA 98118, USA",https://habesha.cafe/
Ethiopian,Aberus Ethiopian Restaurant,"438 NE Killingsworth St, Portland, OR 97211, USA",
Ethiopian,Ras Dashen Restaurant,"2801 E Cherry St, Seattle, WA 98122, USA",http://www.rasdashenseattle.com/
Ethiopian,Zobel Ethiopian Cuisine,"1219 E Jefferson St, Seattle, WA 98122, USA",http://zobelethiopianwa.com/
Caribbean,Reggae Pot Jamaican Grill (Denver,"7562 S University Blvd C, Centennial, CO 80122, USA",http://reggaepotjamaicangrill.com/
Soul,Swirk Soul Food - Southern Catfish and BBQ,"2205 S Peoria St, Aurora, CO 80014, USA",
Argentinian,Patagōn,"1610 2nd Ave, Seattle, WA 98101, USA",https://www.patagonseattle.com/?utm_source=extnet&utm_medium=yext
Chilean,Al Chile,"1340 Davie St, Vancouver, BC V6E 1N6, Canada",https://instagram.com/alchilevan?igshid=MzRlODBiNWFlZA==
Colombian,El Parche Colombiano,"11740 15th Ave NE, Seattle, WA 98125, USA",http://www.elparchecolombiano.com/
Costa Rican,Isla Verde,"19757 Pikes Peak Avenue, Parker, CO 80138, USA",https://www.islaverderestaurant.com/
Czech,Vladimir's Czech Restaurant,"12785 Sir Francis Drake Blvd, Inverness, CA 94937, USA",
Danish,Taste of Denmark,"1901 S Kipling St, Lakewood, CO 80227, USA",https://www.tasteofdenmarkco.com/
Dutch,Dubbel Dutch,"4974 Lowell Blvd, Denver, CO 80221, USA",http://www.dubbeldutchdenver.com/
Ecuadorian,Amazonia Ecuatoriana,"178 E Blackwell St #4102, Dover, NJ 07801, USA",https://amazoniaecuatoriananj.com/
Ghanaian,Taste of Africa,"10663 King George Blvd, Surrey, BC V3T 2X6, Canada",
Guatemalan,La Guatemalteca,"10329 E Colfax Ave, Aurora, CO 80010, USA",https://www.laguatemaltecarestaurante.com/
Honduran,Honduras Breeze Restaurant,"1443 Chester St, Aurora, CO 80010, USA",https://m.facebook.com/profile.php?id=1273000329458997&tsid=0.4500492871865647&source=typeahead
Icelandic,Icelandic Street Food,"Lækjargata 8, 101 Reykjavík, Iceland",http://www.icelandicfoods.com/
Indonesian,Indo Cafe,"13754 Aurora Ave N Suite D, Seattle, WA 98133, USA",http://www.myindocafe.com/
Indonesian,Wajan,"4611 E Burnside St, Portland, OR 97215, USA",http://wajanpdx.com/
Iranian,Suren Persian cuisine,"4624 Hastings St, Burnaby, BC V5C 2K5, Canada",https://linktr.ee/surenrestaurant
Iranian,Pasargad Restaurant,"2565 Barnet Hwy #22, Coquitlam, BC V3H 4E2, Canada",http://pasargadrestaurant.ca/
Iranian,SadraRestaurantرستوران صدراونكوور,"SADRA Persian Restaurant, 1615 Lonsdale Ave, North Vancouver, BC V7M 2J5, Canada",http://sadrarestaurant.ca/
Iranian,Avishan,"20433 Douglas Cres, Langley, BC V3A 4B6, Canada",https://avishanrestaurant.com/
Iranian,Khaghan Restaurant North Shore,"935 Marine Dr Unit 66, North Vancouver, BC V7P 1S3, Canada",https://linktr.ee/khaghan
Iranian,Khaghan Restaurant,"851 Denman St, Vancouver, BC V6G 2L9, Canada",
Iranian,Farsi Food,"1480 Pemberton Ave, North Vancouver, BC V7P 2S1, Canada",http://www.farsifood.ca/
Iranian,Zeitoon Restaurant,"1795 Pendrell St, Vancouver, BC V6G 1T2, Canada",https://zeitoon.cloudwaitress.com/
Iranian,Gillaneh GrillHouse - Downtown,"1072 Denman St, Vancouver, BC V6G 2M8, Canada",https://gilane.ca/
Iranian,Grab and Go Persian Restaurant,"1805 Lonsdale Ave, North Vancouver, BC V7M 2J8, Canada",https://grabandgopersian.ca/
Iranian,Celeshmet Restaurant | Authentic Persian Halal Restaurant,"6956 Victoria Dr, Vancouver, BC V5P 3Y8, Canada",http://celeshmet.com/?utm_source=gmb&utm_medium=referral
Iraqi,Mediterranean Kitchen,"11412 NE 124th St, Kirkland, WA 98034, USA",http://www.mediterraneankitchens.net/
Israeli,ASLI Mediterranean grill,"970 S Oneida St unit 5, Denver, CO 80224, USA",http://www.asligrill.com/
Jamaican,Just Like Home Jamaican Kitchen,"9625 Renton Ave S, Seattle, WA 98118, USA",
Jamaican,Jamaican Homestyle Cuisine,"441 N Killingsworth St, Portland, OR 97217, USA",http://jamaicanhomestylepdx.com/
Jamaican,Reggae Pot Jamaican Grill (Denver,"7562 S University Blvd C, Centennial, CO 80122, USA",http://reggaepotjamaicangrill.com/
Jamaican,Contreju Jamaican Restaurant,"639 Thornton Rd, Lithia Springs, GA 30122, USA",
Jamaican,Caribbean Kitchen Bar & Grill,"6002 Fairburn Rd, Douglasville, GA 30134, USA",https://www.caribbeankitchenbarandgrill.com/
Jamaican,Golden Krust Caribbean Restaurant,"6920 Douglas Blvd, Douglasville, GA 30135, USA",https://locations.goldenkrust.com/ll/US/GA/Douglasville/6920-Douglas-Boulevard
Kuwaiti,Together & Co. Restaurant,"Ground Floor, Mutlaq Abbas Munawir St, Kuwait",
Kuwaiti,Doors Restaurant ( Modern Kuwaiti cuisine),Kuwait,
Kuwaiti,Mais Alghanim,"Kuwait Kuwait city, مدينة الكويت 13012, Kuwait",https://www.maisalghanim.com/
Kuwaiti,Olio Trattoria Italiana,"Beachfront, Jumeirah Messilah Beach Hotel & Spa, Kuwait City 13036, Kuwait",https://www.jumeirah.com/en/dine/kuwait/messilah-olio-trattoria-italiana
Kuwaiti,Pepper Steakhouse,"Jumeirah Messilah Beach Hotel & Spa, Al Ta'awun Street, Kuwait City 22084, Kuwait",https://www.jumeirah.com/en/dine/kuwait/messilah-pepper-steakhouse
Laotian,Zaap Der Thai-Lao Kitchen,"913 Croft Ave, Gold Bar, WA 98251, USA",https://www.facebook.com/ZaapDerThaiLaoKitchen?mibextid=LQQJ4d
Lithuanian,Old Vilnius Cafe Deli,"2601 75th St, Darien, IL 60561, USA",http://www.oldvilniuscafe.com/
Malaysian,Malaysian Hut,"14727 108 Ave, Surrey, BC V3R 1V9, Canada",http://www.malaysianhutrestaurant.com/
Malaysian,Penang Bistro Fine Malaysian Cuisine(10% OFF for Orders from Our Website!),"3932 Fraser St, Vancouver, BC V5V 4E4, Canada",https://penangbistro.zomi.menu/
Malaysian,Malay Satay Hut,"5540, 15230 NE 24th St, Redmond, WA 98052, USA",https://www.malaysatay.com/
Malaysian,Kedai Makan,"1449 E Pine St, Seattle, WA 98122, USA",http://www.kedaimakansea.com/
Malaysian,Reunion Malaysian Cafe + Kitchen,"339 Kirkland Ave C, Kirkland, WA 98033, USA",
Mongolian,The Great Mongolian BBQ,"British Columbia, Lougheed Hwy. #460 Maple Ridge, BC V2X 2V5, Canada",http://www.thegreatmongolianbbq.com/
Nepalese,Royal Nepalese Momo Palace - #1 Place for Momos + Sugarcane Juice,"3490 Kingsway, Vancouver, BC V5R 5L7, Canada",https://www.royalmomopalace.com/
Nicaraguan,Sabor Nicaragüense Restaurant,"1927 S Western Ave, Los Angeles, CA 90018, USA",http://sabornicaraguenserestaurant.com/
Norwegian,Broder Söder,"8800 SW Oleson Rd, Portland, OR 97223, USA",https://www.broderpdx.com/
Pakistani,Naan Curry Grill,"10639 E Briarwood Ave A, Centennial, CO 80112, USA",https://www.naancurrygrill.com/
Panamanian,Pana's Kitchen,"3518 Church Ave, Brooklyn, NY 11203, USA",
Paraguayan,I Love Paraguay Restaurant,"4316 Greenpoint Ave, Queens, NY 11104, USA",http://www.ilovepy.com/
Peruvian,Don Lucho's,"7919 Roosevelt Way NE, Seattle, WA 98115, USA",http://donluchosinseattle.com/
Philippine,D'Unik Filipino Restaurant,"18010 15th Ave NE, Shoreline, WA 98155, USA",
Philippine,88 Cues - Filipino Classics,"1601 Dexter Ave N, Seattle, WA 98109, USA",https://www.88cues.com/
Philippine,Cebu Restaurant,"9408 Martin Way E #4, Olympia, WA 98516, USA",https://ceburestaurantwa.squarespace.com/
Philippine,The Manila Fiesta,"1952 McGilchrist St SE, Salem, OR 97302, USA",https://m.facebook.com/THEMANILAFIESTA/
Polish,Sebi's Bistro,"1714 18th Ave, Seattle, WA 98122, USA",https://sebisbistro.com/
Puerto Rican,Isla Verde,"19757 Pikes Peak Avenue, Parker, CO 80138, USA",https://www.islaverderestaurant.com/
Romanian,Danubius,"4757 41st St, Queens, NY 11104, USA",http://danubiusnyc.com/
Saudi Arabian,Mediterranean Kitchen,"11412 NE 124th St, Kirkland, WA 98034, USA",http://www.mediterraneankitchens.net/
Singaporean,Singapore Hawker,"1169 Pacific St #120, Coquitlam, BC V3B 0J1, Canada",http://www.singaporehawker.ca/
Singaporean,Shiok Singaporean Cuisine,"1716 Kingsway, Vancouver, BC V5N 2S4, Canada",http://shiok.ca/
Singaporean,Prata-Man Singapore Cuisine,"9060 Capstan Wy, Richmond, BC V6X 3N6, Canada",https://prata-man-richmond.business.site/
Somali,Sahara Cafe Somali Cuisine,"13919 Tukwila International Blvd, Tukwila, WA 98168, USA",
South African,Simba's Grill,"3300 Boundary Rd, Burnaby, BC V5M 4A4, Canada",http://www.simbasgrill.com/
Swiss,Swiss Hibiscus,"4950 NE 14th Ave, Portland, OR 97211, USA",http://www.swisshibiscus.com/
Syrian,Damascus Grill Castle Rock,"703 Wilcox St, Castle Rock, CO 80104, USA",https://www.damascusgrillcastlerock.com/menu
Taiwanese,Bubble 88,"10209 King George Blvd #102, Surrey, BC V3T 2W6, Canada",https://bubble88.business.site/
Taiwanese,Wang's Taiwan Beef Noodle House,"8390 Granville St, Vancouver, BC V6P 4Z7, Canada",https://wangstaiwanhouse.com/
Taiwanese,台風 Typhoon Bubble Tea Taiwanese Cuisine,"11700 Cambie Rd. #175, Richmond, BC V6X 1L5, Canada",https://typhoonbbt.ca/
Taiwanese,Chef Hung Taiwanese Beef Noodle,"3313 Shrum Lane #102, Vancouver, BC V6S 0C8, Canada",http://www.chefhungnoodle.com/
Taiwanese,Joys Taiwanese Food,"4380 No. 3 Rd, Richmond, BC V6X 3V7, Canada",
Taiwanese,Looking for Chai Taiwanese Kitchen,"12121 Northup Way #205, Bellevue, WA 98005, USA",https://www.facebook.com/lookingforchai2/
Taiwanese,Looking for Chai,"22511 Hwy 99 Suite 100, Edmonds, WA 98026, USA",https://steve11977.wixsite.com/looking-for-chai
Taiwanese,Little Taipei Restaurant,"2245 140th Ave NE, Bellevue, WA 98005, USA",
Taiwanese,Chef Hung Taiwanese Beef Noodle,"4151 Hazelbridge Wy #2800, Richmond, BC V6X 4J7, Canada",http://www.chefhungnoodle.com/
Taiwanese,Chen’s kitchen,"5934 S Kipling Pkwy Ste E, Littleton, CO 80127, USA",https://smorefood.com/order-online/chens-kitchen-littleton-80127-0t7k5tla?utm_source=gmb&utm_medium=website
Thai,Patsara Thai,"528 Carnarvon St, New Westminster, BC V3L 1C4, Canada",https://www.patsara.ca/
Tunisian,Yummy Yummy Products LLC,"12191 Pennsylvania St, Thornton, CO 80241, USA",http://www.yummyyummyproducts.com/
Ukrainian,Sunflower Ukrainian Foods,"East 3rd Avenue &, Fillmore St, Denver, CO 80206, USA",https://m.facebook.com/people/Sunflower-Ukrainian-Foods/100094668743026/
Venezuelan,Paparepas Venezuelan Food,"21224 84th Ave S, Kent, WA 98031, USA",https://www.paparepas.com/
Venezuelan,Arepa Venezuelan Kitchen,"1405 NE 50th St, Seattle, WA 98105, USA",https://arepavenezuelakitchen.com/
Venezuelan,Castle Pines,"7437 Village Square Dr #125, Castle Pines, CO 80108, USA",
Venezuelan,Paparepas Venezuelan Food,"1620 Broadway, Seattle, WA 98122, USA",http://www.paparepas.com/
Vietnamese,Kim Son Vietnamese Food,"555 W 12th Ave #030, Vancouver, BC V5Z 3X7, Canada",
Vietnamese,Ivy's Kitchen Vietnamese Restaurant,"4598 Main St, Vancouver, BC V5V 3R5, Canada",
Vietnamese,Phở 777,"323 Metzler Dr Suite 106, Castle Rock, CO 80108, USA",http://pho777cr.com/
Vietnamese,Pho 5,"363 Village Square Ln, Castle Pines, CO 80108, USA",https://sites.google.com/view/pho5castlepines/home
Vietnamese,Pho Ever Vietnamese Cuisine,"100 Triangle Shopping Center #140, Longview, WA 98632, USA",
Vietnamese,Saigon Landing Restaurant,"28080 Douglas Park Rd, Evergreen, CO 80439, USA",https://www.saigonlanding.com/
Yemeni,Yemen Grill,"2353 S Havana St UnitD#15A, Aurora, CO 80014, USA",http://yemengrilldenver.com/
Zambian,African Sunsets Afro-Fusion Restaurant,"66 Twin Palms Rd, Lusaka, Zambia",
