Cuisine Type,Name,Address,Website
Mexican,Old Mission Mexican Restaurant,"1905 Fremont Dr, Cañon City, CO 81212, USA",https://m.facebook.com/OldMissionCanonCity
Mexican,El Caporal Family Mexican Restaurant,"1028 Main St, Cañon City, CO 81212, USA",
Mexican,El Alazan Mexican Restaurant ll,"401 E Main St, Florence, CO 81226, USA",
Mexican,Los Compas Mexican Restaurant,"1332 Royal Gorge Blvd, Cañon City, CO 81212, USA",http://orderloscompasmexicanrestaurant.com/
Mexican,El Reynaldo's,"2801 E Main St, Cañon City, CO 81212, USA",
Mexican,Ortega's Restaurant,"2301 E Main St, Cañon City, CO 81212, USA",
Mexican,Chili's Grill & Bar,"106 Latigo Ln, Cañon City, CO 81212, USA",https://www.chilis.com/locations/us/colorado/canon-city/canon-city?utm_source=google&utm_medium=local&utm_campaign=Chilis
Mexican,Julian's Taco Shop,"619 Main St, Cañon City, CO 81212, USA",https://julianstacoshopco.com/
Mexican,Fiesta Mexicana Family Restaurant,"1220 E Rainbow Blvd #2916, Salida, CO 81201, USA",https://www.instagram.com/fiesta.mexicana.restaurant/
Mexican,Taco Bell,"1112 Royal Gorge Blvd, Cañon City, CO 81212, USA",https://locations.tacobell.com/co/canon-city/1112-royal-gorge-blvd.html?utm_source=yext&utm_campaign=googlelistings&utm_medium=referral&utm_term=037396&utm_content=website&y_source=1_NjE0NzAyMC03MTUtbG9jYXRpb24ud2Vic2l0ZQ%3D%3D
Mexican,Tacos El Tapatio,"1070 E Rainbow Blvd, Salida, CO 81201, USA",
Mexican,Las Camelinas,"128 W 1st St, Salida, CO 81201, USA",https://www.facebook.com/salidacamelinas/
Mexican,Casa Calaca,"413 W Rainbow Blvd, Salida, CO 81201, USA",
Mexican,Mo Burrito,"311 H St, Salida, CO 81201, USA",http://www.moburritos.com/
Mexican,Boathouse Cantina,"228 N F St, Salida, CO 81201, USA",https://www.boathousesalida.com/
Mexican,El Rey Taco Shop Salida,"509 E Rainbow Blvd, Salida, CO 81201, USA",
Mexican,El Burro Loco at The Mercantile,"329 E Bennett Ave, Cripple Creek, CO 80813, USA",https://www.toasttab.com/the-mercantile-ccco-329-e-bennett-ave/v3
Mexican,El Zarape Taqueria,"125 E Sackett Ave, Salida, CO 81201, USA",https://m.facebook.com/profile.php?id=100092316714100
Mexican,Rancho Alegre Mexican Restaurant,"1899 S Nevada Ave, Colorado Springs, CO 80905, USA",http://orderranchoalegremexicanrestaurant.com/
Mexican,Arceo's Mexican Restaurant,"1605 S Nevada Ave, Colorado Springs, CO 80905, USA",https://www.arceosrestaurant.com/
Italian,Bobby's Grotto Italian Restaurant,"106 N 3rd St, Cañon City, CO 81212, USA",
Italian,DiRito’s Italian Restaurant,"231 Main St, Cañon City, CO 81212, USA",http://www.gotodiritos.com/
Italian,Papa's Italian Restaurant,"132 W Main St, Florence, CO 81226, USA",http://papasflorence.com/
Italian,Pizza Madness,"509 Main St, Cañon City, CO 81212, USA",
Italian,216 Ferraro's,"216 F St, Salida, CO 81201, USA",
Italian,Papa Murphy's | Take 'N' Bake Pizza,"1516 Main St, Cañon City, CO 81212, USA",https://locations.papamurphys.com/co/canon-city/1516-main-street?utm_source=organic&utm_medium=gmb&utm_campaign=yext&y_source=1_MTU0Mjk3OTYtNzE1LWxvY2F0aW9uLmdvb2dsZV93ZWJzaXRlX292ZXJyaWRl
Italian,Pizza Rio,"228 N F St Suite # 300, Salida, CO 81201, USA",https://www.pizzariosalida.com/
Italian,Paravicini's Italian Bistro,"2802 W Colorado Ave, Colorado Springs, CO 80904, USA",https://paravicinis.com/
Italian,Penrose Pizzeria & Pub,"103 Broadway unit 11 / 12, Penrose, CO 81240, USA",https://www.penrosepizzeriapub.com/
Italian,Red Gravy,"23 S Tejon St, Colorado Springs, CO 80903, USA",http://redgravyco.com/
Italian,Carrabba's Italian Grill,"2815 Geyser Dr, Colorado Springs, CO 80906, USA",https://locations.carrabbas.com/colorado/colorado-springs/2815-geyser-drive?y_source=1_MTU1MDMwNzYtNzE1LWxvY2F0aW9uLndlYnNpdGU%3D
Italian,Panino's Restaurant,"1721 S 8th St, Colorado Springs, CO 80905, USA",http://www.westsidepaninos.com/
Italian,Pizza Hut,"310 N 16th St A-C, Cañon City, CO 81212, USA",https://locations.pizzahut.com/co/canon-city/310-n-16th-street?utm_medium=organic&utm_source=local&utm_campaign=googlelistings&utm_content=website&utm_term=310212
Italian,Olive Garden Italian Restaurant,"513 N Academy Blvd, Colorado Springs, CO 80909, USA",https://www.olivegarden.com/locations/co/colorado-springs/south-colorado-springs-citadel-crossing-mall/1247?cmpid=br:og_ag:ie_ch:loc_ca:OGGMB_sn:gmb_gt:colorado-springs-co-1247_pl:locurl_rd:1186
Italian,Olive Garden Italian Restaurant,"7815 N Academy Blvd, Colorado Springs, CO 80920, USA",https://www.olivegarden.com/locations/co/colorado-springs/north-colorado-springs-chapel-hills-mall/1263?cmpid=br:og_ag:ie_ch:loc_ca:OGGMB_sn:gmb_gt:colorado-springs-co-1263_pl:locurl_rd:1199
Italian,Fremont Provisions,"507 Main St, Cañon City, CO 81212, USA",http://fremontprovisions.com/
Italian,Old Mission Mexican Restaurant,"1905 Fremont Dr, Cañon City, CO 81212, USA",https://m.facebook.com/OldMissionCanonCity
Italian,P74: The Downtown Paninos,"604 N Tejon St, Colorado Springs, CO 80903, USA",https://www.paninosdowntown.com/
Italian,Carrabba's Italian Grill,"7120 Campus Dr, Colorado Springs, CO 80920, USA",https://locations.carrabbas.com/colorado/colorado-springs/7120-campus-drive?y_source=1_MTU1MDMwMzctNzE1LWxvY2F0aW9uLndlYnNpdGU%3D
Italian,Romano's Macaroni Grill,"2510 Tenderfoot Hill St, Colorado Springs, CO 80906, USA",https://www.macaronigrill.com/locations/location?id=1712
Spanish,Old Mission Mexican Restaurant,"1905 Fremont Dr, Cañon City, CO 81212, USA",https://m.facebook.com/OldMissionCanonCity
Spanish,El Caporal Family Mexican Restaurant,"1028 Main St, Cañon City, CO 81212, USA",
Spanish,El Alazan Mexican Restaurant ll,"401 E Main St, Florence, CO 81226, USA",
Spanish,Los Compas Mexican Restaurant,"1332 Royal Gorge Blvd, Cañon City, CO 81212, USA",http://orderloscompasmexicanrestaurant.com/
Spanish,Ortega's Restaurant,"2301 E Main St, Cañon City, CO 81212, USA",
Spanish,TAPAteria,"2607 W Colorado Ave, Colorado Springs, CO 80904, USA",http://www.tapateria.com/
Spanish,Chili's Grill & Bar,"106 Latigo Ln, Cañon City, CO 81212, USA",https://www.chilis.com/locations/us/colorado/canon-city/canon-city?utm_source=google&utm_medium=local&utm_campaign=Chilis
Spanish,IHOP,"108 Latigo Ln, Cañon City, CO 81212, USA",https://restaurants.ihop.com/en-us/co/canon-city/breakfast-108-latigo-lane-3514?utm_source=google&utm_medium=organic&utm_campaign=google_my_business&utm_term=3514&utm_content=website
Spanish,El Reynaldo's,"2801 E Main St, Cañon City, CO 81212, USA",
Spanish,Julian's Taco Shop,"619 Main St, Cañon City, CO 81212, USA",https://julianstacoshopco.com/
Spanish,In N Out Conoco,"2801 E Main St, Cañon City, CO 81212, USA",
Spanish,Bale Bale Rumba,"4737 N Academy Blvd, Colorado Springs, CO 80918, USA",
Spanish,Fremont Provisions,"507 Main St, Cañon City, CO 81212, USA",http://fremontprovisions.com/
Spanish,Fiesta Mexicana Family Restaurant,"1220 E Rainbow Blvd #2916, Salida, CO 81201, USA",https://www.instagram.com/fiesta.mexicana.restaurant/
Spanish,El Corillo Pinchos De Puerto Rico,"824 Santa Fe St, Colorado Springs, CO 80903, USA",
Spanish,Nirvana Culinary Paradise,"413 Main St, Cañon City, CO 81212, USA",http://nirvanacanoncity.com/
Spanish,Taco Bell,"1112 Royal Gorge Blvd, Cañon City, CO 81212, USA",https://locations.tacobell.com/co/canon-city/1112-royal-gorge-blvd.html?utm_source=yext&utm_campaign=googlelistings&utm_medium=referral&utm_term=037396&utm_content=website&y_source=1_NjE0NzAyMC03MTUtbG9jYXRpb24ud2Vic2l0ZQ%3D%3D
Spanish,Casa Calaca,"413 W Rainbow Blvd, Salida, CO 81201, USA",
Spanish,Las Camelinas,"128 W 1st St, Salida, CO 81201, USA",https://www.facebook.com/salidacamelinas/
Spanish,Ito Japanese Steakhouse Sushi & Thai Restaurant,"114 W Main St, Florence, CO 81226, USA",https://www.itosteakhouse.com/
American,Bunk House Burgers,"2147 Fremont Dr, Cañon City, CO 81212, USA",http://www.bhburgers.com/
American,Oak Creek Grill And Tavern,"114 E Main St, Florence, CO 81226, USA",https://www.oakcreekgrillandtavern.com/
American,Village Inn,"1837 Fremont Dr, Cañon City, CO 81212, USA",https://www.villageinn.com/canon-city-co
American,Fremont Provisions,"507 Main St, Cañon City, CO 81212, USA",http://fremontprovisions.com/
American,Chili's Grill & Bar,"106 Latigo Ln, Cañon City, CO 81212, USA",https://www.chilis.com/locations/us/colorado/canon-city/canon-city?utm_source=google&utm_medium=local&utm_campaign=Chilis
American,Old Mission Mexican Restaurant,"1905 Fremont Dr, Cañon City, CO 81212, USA",https://m.facebook.com/OldMissionCanonCity
American,The Lost Cajun,"121 Justice Center Rd, Cañon City, CO 81212, USA",https://thelostcajun.com/locations/canon-city-colorado
American,IHOP,"108 Latigo Ln, Cañon City, CO 81212, USA",https://restaurants.ihop.com/en-us/co/canon-city/breakfast-108-latigo-lane-3514?utm_source=google&utm_medium=organic&utm_campaign=google_my_business&utm_term=3514&utm_content=website
American,McDonald's,"2305 Fremont Dr, Cañon City, CO 81212, USA",https://www.mcdonalds.com/us/en-us/location/CO/CANON-CITY/2305-FREMONT-DR/4754.html?cid=RF:YXT:GMB::Clicks
American,Burger King,"2795 Fremont Dr, Cañon City, CO 81212, USA",https://burgerking.com/store-locator/store/restaurant_2391
American,Two Sisters,"506 9th St, Penrose, CO 81240, USA",
American,Wendy's,"1101 Royal Gorge Blvd, Cañon City, CO 81212, USA",https://locations.wendys.com/united-states/co/canon-city/1101-royal-gorge-blvd?utm_source=Yext&utm_medium=Google_My_Business&utm_campaign=Local_Search&utm_content=EN_US
American,Subway,"1901 Fremont Dr, Cañon City, CO 81212, USA",https://restaurants.subway.com/united-states/co/canon-city/1901-fremont-drive?utm_source=yxt-goog&utm_medium=local&utm_term=acq&utm_content=4722&utm_campaign=evergreen-2020&y_source=1_MTQ5MDMyMTQtNzE1LWxvY2F0aW9uLndlYnNpdGU%3D
American,Carl’s Jr.,"502 E Main St, Florence, CO 81226, USA",https://locations.carlsjr.com/co/florence/502-e-main-st
American,Arby's,"690 Doc Holiday Dr, Cañon City, CO 81212, USA",https://locations.arbys.com/co/canoncity/690-doc-holiday-drive.html?utm_source=google%20my%20business&utm_medium=organic&utm_campaign=website%20link
American,Big Burger World,"1205 S 9th St, Cañon City, CO 81212, USA",
American,China Rice Restaurant,"Kendall Shopping Center, 1641 Fremont Dr, Cañon City, CO 81212, USA",
American,White Water Bar & Grill,"45045 W U.S. 50, Cañon City, CO 81212, USA",https://whitewaterbar.com/
American,El Caporal Family Mexican Restaurant,"1028 Main St, Cañon City, CO 81212, USA",
American,El Reynaldo's,"2801 E Main St, Cañon City, CO 81212, USA",
Scottish,Fremont Provisions,"507 Main St, Cañon City, CO 81212, USA",http://fremontprovisions.com/
British,The Brit,"5905 Corporate Dr, Colorado Springs, CO 80919, USA",https://www.greatbritish.net/?utm_source=gmb&utm_medium=organic
Thai,Yummy Thai,"1326 Main St, Cañon City, CO 81212, USA",https://yummythai.restaurant/
Thai,Ito Japanese Steakhouse Sushi & Thai Restaurant,"114 W Main St, Florence, CO 81226, USA",https://www.itosteakhouse.com/
Thai,Thai Mini Café LLC,"box 22, 11150 US-50, Poncha Springs, CO 81242, USA",
Thai,Thai Satay,"821 Cheyenne Meadows Rd, Colorado Springs, CO 80906, USA",https://www.smorefood.com/order-online/thai-satay-colorado-springs-80906-1srpj85h?utm_source=gmb&utm_medium=website
Thai,Thai Taste Cuisine,"5069 N Academy Blvd, Colorado Springs, CO 80918, USA",https://www.thaitastecuisineco.com/
Thai,Eim Thai,"1466 Garden of the Gods Rd #148, Colorado Springs, CO 80907, USA",http://www.eimthai.com/
Thai,CHAANG THAI,"7525 N Academy Blvd, Colorado Springs, CO 80920, USA",http://www.chaangthaicos.com/
Thai,Elephant Thai,"3408 N Academy Blvd, Colorado Springs, CO 80917, USA",https://www.elephantthaicos.com/
Thai,China Rice Restaurant,"Kendall Shopping Center, 1641 Fremont Dr, Cañon City, CO 81212, USA",
Thai,Thai Lily Cuisine & Yakitori 8,"319 N Chelton Rd, Colorado Springs, CO 80909, USA",http://thaililycuisine.com/
Thai,Somjai Thai Cuisine,"6827 Space Village Ave, Colorado Springs, CO 80915, USA",https://somjaithaicuisine.com/
Thai,Sushi Thai Salida,"123 W 1st St, Salida, CO 81201, USA",https://www.facebook.com/sushithaisalida
Thai,Aroi Thai Food,"1025 N Academy Blvd, Colorado Springs, CO 80909, USA",https://www.aroithaifood.com/
Thai,The Thai Guy Restaurant,"6821 Space Village Ave, Colorado Springs, CO 80915, USA",https://www.facebook.com/pages/Thai-Guy/167310366694398
Thai,NaRai Siam Cuisine,"120 E Cheyenne Mountain Blvd, Colorado Springs, CO 80906, USA",http://www.narai-thai.com/
Thai,Wild Ginger Thai Restaurant,"2628 W Colorado Ave, Colorado Springs, CO 80904, USA",https://www.facebook.com/wildgingerThairestaurant
Thai,Pho USA,"127 Justice Center Rd Suite F, Cañon City, CO 81212, USA",
Thai,Pho-N-Thai,"2819 N Nevada Ave, Colorado Springs, CO 80907, USA",
Thai,Nom Nom Thai,"3303 N Academy Blvd, Colorado Springs, CO 80917, USA",https://restaurantcoloradosprings.com/
Thai,Lanna Thai,"8810 N Union Blvd, Colorado Springs, CO 80920, USA",https://www.lannathaicoloradosprings.com/?utm_source=GMB&utm_medium=site_link&utm_campaign=eat&utm_id=1
Japanese,Ito Japanese Steakhouse Sushi & Thai Restaurant,"114 W Main St, Florence, CO 81226, USA",https://www.itosteakhouse.com/
Japanese,MoMo Sushi. Wok. Grill,"1540 Royal Gorge Blvd Suite D, Cañon City, CO 81212, USA",https://www.momocanoncity.com/
Japanese,Fremont Provisions,"507 Main St, Cañon City, CO 81212, USA",http://fremontprovisions.com/
Japanese,Musashi Japanese Restaurant,"1765 N Academy Blvd, Colorado Springs, CO 80909, USA",
Japanese,Umi Sushi,"7636 Dublin Blvd Suite 150&160, Colorado Springs, CO 80923, USA",http://www.umisushics.com/
Japanese,Sushi Row,"316 N Tejon St, Colorado Springs, CO 80903, USA",http://www.sushi-row.com/
Japanese,Fujiyama,"22 S Tejon St, Colorado Springs, CO 80903, USA",https://fujiyamasushi.com/
Japanese,Yuki Japanese Restaurant,"1932 Driscoll Rd, Fremont, CA 94539, USA",
Japanese,Jun Japanese Restaurant,"3276 Centennial Blvd, Colorado Springs, CO 80907, USA",http://jun-japanese.com/
Japanese,Bada Japanese Restaurant,"2777 Janitell Rd, Colorado Springs, CO 80906, USA",http://badajapaneserestaurant.com/
Japanese,Osae Sushi Ramen Bistro,"1825 Peterson Rd, Colorado Springs, CO 80915, USA",http://osaecolorado.com/
Japanese,Tomo Sushi,"975 N Academy Blvd, Colorado Springs, CO 80909, USA",http://tomosushicoloradosprings.com/
Japanese,Osake Steak and Sushi Bar,"137 E 1st St, Salida, CO 81201, USA",https://www.osakesteakandsushi.com/?y_source=1_NjExODgwMDUtNzE1LWxvY2F0aW9uLndlYnNpdGU%3D
Japanese,Fusion Japan,"765 Gold Hill Pl S, Woodland Park, CO 80863, USA",https://fusionjapanwp.com/
Japanese,Sushi Ken,"39156 Paseo Padre Pkwy, Fremont, CA 94538, USA",https://www.sushikenfremontca.com/
Japanese,Ninja Steak & Sushi House Fremont NE,"1410 E 23rd St, Fremont, NE 68025, USA",https://ninjasushisteakhousene.com/
Japanese,Little Madfish Fremont,"43337 Christy St #3032, Fremont, CA 94538, USA",http://www.littlemadfish.com/
Japanese,AI Sushi & Grill,"3215 Cinema Point, Colorado Springs, CO 80922, USA",http://www.aisushigrill.com/
Japanese,Kitayama,"129 Anza St, Fremont, CA 94539, USA",
Japanese,Bento Heaven,"107 N Tejon St, Colorado Springs, CO 80903, USA",https://m.facebook.com/pages/Bento-Heaven/906193909478900
Chinese,China Rice Restaurant,"Kendall Shopping Center, 1641 Fremont Dr, Cañon City, CO 81212, USA",
Chinese,China Garden Restaurant,"3245 US-50, Cañon City, CO 81212, USA",
Indian,Nirvana Culinary Paradise,"413 Main St, Cañon City, CO 81212, USA",http://nirvanacanoncity.com/
Indian,Turmeric Indian Cuisine at Power Center Point,"5535 Powers Center Point, Colorado Springs, CO 80920, USA",https://www.turmericcosprings.com/
Indian,Shri Ganesh,"11550 Ridgeline Dr #128, Colorado Springs, CO 80921, USA",http://www.shriganeshco.com/
Indian,Zaika Indian Cuisine - Colorado Springs,"4661 Centennial Blvd, Colorado Springs, CO 80919, USA",https://www.zaikacosprings.com/
Indian,Mausam Indian Flavors,"3167 W Colorado Ave, Colorado Springs, CO 80904, USA",https://mausamrestaurant.com/
Indian,Pakwan Indian restaurant and bar,"3604 Austin Bluffs Pkwy #140, Colorado Springs, CO 80918, USA",https://pakwancos.com/
Indian,Urban Tandoor,"8125 N Academy Blvd, Colorado Springs, CO 80920, USA",https://www.theurbantandoor.com/
Indian,Little Nepal: Indian Restaurant & Bar,"1747 S 8th St, Colorado Springs, CO 80905, USA",http://lnepal.com/
Indian,King Restaurant Indian Kitchen & Bar,"5660 Barnes Rd Suite 148, Colorado Springs, CO 80917, USA",https://www.kingrestaurantcos.com/
Indian,Gurkhas Kitchen Indian Restaurant & Bar,"5644 N Academy Blvd, Colorado Springs, CO 80918, USA",https://gurkhaskitchenco.com/
Indian,Chaat Bhavan Fremont,"5355 Mowry Ave, Fremont, CA 94538, USA",https://www.chaatbhavan.com/
Indian,Sherpa Garden Restaurant & Bar,"1005 W Colorado Ave, Colorado Springs, CO 80904, USA",http://sherpagarden.com/
Indian,Little Nepal: Indian Restaurant & Bar,"4820 Flintridge Dr, Colorado Springs, CO 80918, USA",http://www.lnepal.com/
Indian,Idly Express - Fremont,"39144 Paseo Padre Pkwy, Fremont, CA 94538, USA",https://idlyexpressfremont.withbites.com/
Indian,Indian Masala Hut,"556 Mowry Ave, Fremont, CA 94536, USA",https://indianmasalahut.com/
Indian,Masala Bites,"6829 Space Village Ave, Colorado Springs, CO 80915, USA",https://masalabiteco.com/
Indian,Mirch Masala,"5047 N Academy Blvd, Colorado Springs, CO 80918, USA",http://mirchmasalaa.com/
Indian,Taj e Chaat,"39497 Fremont Blvd, Fremont, CA 94538, USA",http://tajechaat.com/
Indian,Norbu’s Himalayan Hut,"915 Manitou Ave, Manitou Springs, CO 80829, USA",http://norbuskitchen.com/
Indian,Keeku da Dhaba,"3400 Mowry Ave, Fremont, CA 94538, USA",http://www.keekuz.com/
Canadian,Fremont Provisions,"507 Main St, Cañon City, CO 81212, USA",http://fremontprovisions.com/
Canadian,Village Inn,"1837 Fremont Dr, Cañon City, CO 81212, USA",https://www.villageinn.com/canon-city-co
Canadian,Nirvana Culinary Paradise,"413 Main St, Cañon City, CO 81212, USA",http://nirvanacanoncity.com/
Canadian,Happy Endings Caboose Cafe,"403 Water St, Cañon City, CO 81212, USA",http://happyendingscaboose.com/
Canadian,Fremont Public House,"631 Main St, Cañon City, CO 81212, USA",https://thehotelstcloud.com/fremont-public-house/
Canadian,1887 Historic Eatery,"631 Main St, Cañon City, CO 81212, USA",https://thehotelstcloud.com/1887-historic-eatery/
Canadian,White Water Bar & Grill,"45045 W U.S. 50, Cañon City, CO 81212, USA",https://whitewaterbar.com/
Russian,Masha and the Bear Russian Cafe,"12101 E Iliff Ave, Aurora, CO 80014, USA",http://www.mbrussiancafe.com/
Jewish,East Coast Deli,"24 S Tejon St, Colorado Springs, CO 80903, USA",http://www.eastcoastdeli.net/contact-us.html
Polish,Cracovia Polish-American Restaurant & Bar,"8121 W 94th Ave, Westminster, CO 80021, USA",http://www.cracoviarestaurant.com/
German,Rhein Haus Seattle,"912 12th Ave, Seattle, WA 98122, USA",http://www.rheinhausseattle.com/
German,Prost!,"7311 Greenwood Ave N, Seattle, WA 98103, USA",http://www.prosttavern.net/
German,Edelweiss German Restaurant,"34 E Ramona Ave, Colorado Springs, CO 80905, USA",https://www.edelweissrest.com/
German,Brouwer's Cafe,"400 N 35th St, Seattle, WA 98103, USA",http://www.brouwerscafe.com/
German,Teske's Germania,"255 N First St, San Jose, CA 95113, USA",http://www.teskes-germania.com/
German,Speisekammer,"2424 Lincoln Ave, Alameda, CA 94501, USA",http://speisekammer.com/?y_source=1_MTkxNjk3OTMtNzE1LWxvY2F0aW9uLndlYnNpdGU%3D
German,Helga's Haus & Bier Garden: German Restaurant & Bier Garden & Deli,"14197 E Exposition Ave, Aurora, CO 80012, USA",https://www.helgashaus.com/
German,Prost!,"4237 N Mississippi Ave, Portland, OR 97217, USA",http://prostportland.com/
German,Brotzeit Lokal,"1000 Embarcadero, Oakland, CA 94606, USA",http://brotzeitbiergarten.com/
German,German Restaurant Stammtisch,"1204 Echo Ave, Seaside, CA 93955, USA",http://www.stammtisch-seaside.com/
German,Izba Bistro,"1545 Lougheed Hwy., Port Coquitlam, BC V3B 1A5, Canada",https://www.izbabistro.com/
French,La Baguette French Bistro,"4440 N Chestnut St, Colorado Springs, CO 80907, USA",http://labaguettefrenchbistro.com/
French,La Baguette Cafe and Espresso Bar,"117 E Pikes Peak Ave, Colorado Springs, CO 80903, USA",
French,Fremont Provisions,"507 Main St, Cañon City, CO 81212, USA",http://fremontprovisions.com/
French,La Tartine French Bistro Cafe,"1420 Kelly Johnson Blvd, Colorado Springs, CO 80920, USA",http://www.latartinefrenchbistro.com/
French,La Baguette,"2417 W Colorado Ave, Colorado Springs, CO 80904, USA",http://labaguette-co.com/
French,Village Inn,"1837 Fremont Dr, Cañon City, CO 81212, USA",https://www.villageinn.com/canon-city-co
French,Old Mission Mexican Restaurant,"1905 Fremont Dr, Cañon City, CO 81212, USA",https://m.facebook.com/OldMissionCanonCity
French,Paris Crepe,"1019 S Tejon St, Colorado Springs, CO 80903, USA",https://www.pariscrepelove.com/home
French,Le French - 9+CO,"846 Albion St, Denver, CO 80220, USA",http://www.lefrenchdenver.com/
French,Burger King,"2795 Fremont Dr, Cañon City, CO 81212, USA",https://burgerking.com/store-locator/store/restaurant_2391
French,KFC,"2705 Fremont Dr, Cañon City, CO 81212, USA",https://locations.kfc.com/co/canon-city/2705-fremont-drive
French,Le Bilboquet Denver,"299 St Paul St, Denver, CO 80206, USA",http://lebilboquetdenver.com/
French,McDonald's,"2305 Fremont Dr, Cañon City, CO 81212, USA",https://www.mcdonalds.com/us/en-us/location/CO/CANON-CITY/2305-FREMONT-DR/4754.html?cid=RF:YXT:GMB::Clicks
French,La Merise French Bistro,"2700 E 3rd Ave North, Denver, CO 80206, USA",http://lamerisedenver.com/
French,Boudreauxs BBQ,"224 Main St, Cañon City, CO 81212, USA",https://www.boudreauxsofcanoncity.com/
French,Kopper Kettle Restaurant,"115 E Main St, Florence, CO 81226, USA",
French,Left Bank Restaurant,"183 Gore Creek Dr, Vail, CO 81657, USA",http://www.leftbankvail.com/
French,Le French DTC Belleview Station,"4901 S Newport St, Denver, CO 80237, USA",http://lefrenchdenver.com/
French,Royal Gorge Mansion,"12 Riverside Ave, Cañon City, CO 81212, USA",http://royalgorgemansion.com/
French,Penrose Room,"1 Lake Ave, Colorado Springs, CO 80906, USA",http://www.broadmoor.com/penrose-room/
Hawaiian,Kona Kitchen - Seattle,"8501 5th Ave NE, Seattle, WA 98115, USA",http://www.konakitchen.com/
Hawaiian,Noho's Hawaiian Cafe,"4627 NE Fremont St, Portland, OR 97213, USA",http://www.nohos.com/
Hawaiian,Ohana Hawaiian Barbecue,"43566 Christy St, Fremont, CA 94538, USA",https://ohanabbqcorp.com/
Hawaiian,Ono Hawaiian BBQ,"43811 Pacific Commons Blvd, Fremont, CA 94538, USA",http://www.onobbq.com/
Hawaiian,Just Poke Fremont,"734 N 34th St, Seattle, WA 98103, USA",http://www.justpoke.com/
Hawaiian,Ohana Belltown,"2207 1st Ave, Seattle, WA 98121, USA",http://www.ohanasushigrill.com/
Hawaiian,L&L Hawaiian Barbecue,"5255 Mowry Ave # S, Fremont, CA 94538, USA",https://www.hawaiianbarbecue.com/menu/
Hawaiian,Ate-Oh-Ate,"2454 E Burnside St, Portland, OR 97214, USA",http://www.ate-oh-ate.com/
Hawaiian,Ohana Hawaiian Barbecue,"100 Fremont Hub Courtyard, Fremont, CA 94538, USA",https://ohanabbqcorp.com/
Hawaiian,L&L Hawaiian Barbecue,"1668 Decoto Rd, Union City, CA 94587, USA",https://www.hawaiianbarbecue.com/menu/
Brazilian,Botteco Brazil Restaurant,"14561 Bothell Way NE, Shoreline, WA 98155, USA",http://bottecobrazil.com/
Brazilian,Novilhos Brazilian Steakhouse,"12405 SE 38th St, Bellevue, WA 98006, USA",https://novilhos.com/
Brazilian,Botteco Brazil,"15 Nickerson St, Seattle, WA 98109, USA",http://www.bottecobrazil.com/
Brazilian,Tucanos Brazilian Grill,"3294 Cinema Point, Colorado Springs, CO 80922, USA",http://www.tucanos.com/
Brazilian,Show de Carnes Brazilian Steakhouse,"196 Donahue St, Sausalito, CA 94965, USA",https://www.showdecarnesusa.com/
Brazilian,Fogo de Chão Brazilian Steakhouse,"377 Santana Row #1090, San Jose, CA 95128, USA",https://fogodechao.com/location/san-jose/
Brazilian,Taurinus Brazilian Steakhouse,"167 W San Fernando St, San Jose, CA 95113, USA",https://www.taurinussteakhouse.com/
Brazilian,Rodizio Grill Nevada- Henderson,"1300 W Sunset Rd, Henderson, NV 89014, USA",https://www.rodiziogrill.com/henderson-nv/
Brazilian,Espetus San Mateo,"710 S B St, San Mateo, CA 94401, USA",https://www.espetus.com/
Brazilian,Fogo de Chão Brazilian Steakhouse,"201 3rd St Suite 100, San Francisco, CA 94103, USA",https://fogodechao.com/location/san-francisco/
Brazilian,Taste of Brasil,"773 Garden of the Gods Rd, Colorado Springs, CO 80907, USA",http://www.thetasteofbrasil.com/
Brazilian,Gaucho Brazilian Steakhouse n Nightclub,"2410 San Ramon Valley Blvd #130, San Ramon, CA 94583, USA",https://www.gauchonight.com/
Brazilian,Galpão Gaucho Brazilian Steakhouse,"19780 Stevens Creek Blvd, Cupertino, CA 95014, USA",https://galpaogauchousa.com/
Brazilian,Via Brasil Steakhouse,"1225 S Fort Apache Rd, Las Vegas, NV 89117, USA",http://www.viabrasilsteakhouse.com/
Brazilian,Chama Nativa Brazilian Steakhouse,"6935 Camino Arroyo, Gilroy, CA 95020, USA",https://www.chamanativausa.com/
Brazilian,Texas de Brazil - Denver,"8390 Northfield Blvd Ste 1800, Denver, CO 80238, USA",https://texasdebrazil.com/locations/denver/?utm_source=gmb&utm_medium=yext&y_source=1_NDg4MzA3NDEtNzE1LWxvY2F0aW9uLndlYnNpdGU%3D
Brazilian,Brazilian Restaurant & Coffee House / Tempero Goiano,"12221 San Pablo Ave, Richmond, CA 94805, USA",https://zbynet.com/brazilianrestaurantgoiano
Brazilian,Asadero Ballard,"5405 Leary Ave NW, Seattle, WA 98107, USA",http://www.asaderoprime.com/
Brazilian,Fire of Brazil Express,"FE14, 845 Market St, San Francisco, CA 94103, USA",http://www.favoritebrazilian.com/
Brazilian,Brazuca Grill,"998 Indiana St, San Francisco, CA 94107, USA",http://brazucagrill.com/
Peruvian,Rotisserie Chicken Taytacha Peruvian,"2385 N Academy Blvd, Colorado Springs, CO 80909, USA",https://taytacha.com/
Peruvian,2 Luchos,"2810 S Academy Blvd, Colorado Springs, CO 80916, USA",
Peruvian,Pisco Sour Restaurant & Lounge,"14050 E Evans Ave, Aurora, CO 80014, USA",
Peruvian,Pollo Lima,"9614 E Arapahoe Rd, Greenwood Village, CO 80112, USA",https://pollolima.com/
Peruvian,Los Pollos,"2826 E Pikes Peak Ave, Colorado Springs, CO 80909, USA",
Peruvian,The Red Llama,"8331 Willow St B, Lone Tree, CO 80124, USA",https://www.redllamaco.com/
Peruvian,Yunza Peruvian cuisine,"7595 US-50, Salida, CO 81201, USA",https://www.toasttab.com/yunza-peruvian-cuisine-7595-west-highway-50/v3/
Peruvian,Los Cabos Puro Peru,"1525 Champa St, Denver, CO 80202, USA",https://www.loscabosii.com/
Salvadorian,Monse's Pupuseria,"115 S 25th St, Colorado Springs, CO 80904, USA",https://www.monsestasteofelsalvador.online/
Cuban,Arelita Authentic Cuban Food,"2306 E Platte Ave, Colorado Springs, CO 80909, USA",
Cuban,Bale Bale Rumba,"4737 N Academy Blvd, Colorado Springs, CO 80918, USA",
Cuban,Old Mission Mexican Restaurant,"1905 Fremont Dr, Cañon City, CO 81212, USA",https://m.facebook.com/OldMissionCanonCity
Cuban,La Changada,"638 S Academy Blvd B, Colorado Springs, CO 80910, USA",
Cuban,El Caporal Family Mexican Restaurant,"1028 Main St, Cañon City, CO 81212, USA",
Cuban,Cuba Cuba Castle Rock,"6375 Promenade Pkwy, Castle Rock, CO 80108, USA",http://cubacubacafe.com/
Cuban,Cuba Bakery & Café,"15028 E Mississippi Ave, Aurora, CO 80012, USA",https://cubabakeryandcafe.com/
Cuban,El Reynaldo's,"2801 E Main St, Cañon City, CO 81212, USA",
Cuban,La Isla del Encanto,"N Academy Blvd, Colorado Springs, CO 80918, USA",https://www.facebook.com/groups/607002254127328/?ref=share
Cuban,Tropical Food & Coffee Tropical Latin coffee,"1710 Briargate Blvd, Colorado Springs, CO 80920, USA",
Cuban,Cuba Cuba Cafe & Bar,"1173 Delaware St, Denver, CO 80204, USA",http://www.cubacubarestaurants.com/
Cuban,Cubaneate food and Bakery,"390 N Circle Dr, Colorado Springs, CO 80909, USA",
Cuban,Cucu Cuisine,"3958 N Academy Blvd, Colorado Springs, CO 80917, USA",https://facebook.com/profile.php?id=100063692193350
Cuban,El Corillo Pinchos De Puerto Rico,"824 Santa Fe St, Colorado Springs, CO 80903, USA",
Cuban,Fremont Provisions,"507 Main St, Cañon City, CO 81212, USA",http://fremontprovisions.com/
Cuban,Angie's Latin food,"2593 Airport Rd, Colorado Springs, CO 80910, USA",https://www.angieslatinfood.com/
Cuban,Village Inn,"1837 Fremont Dr, Cañon City, CO 81212, USA",https://www.villageinn.com/canon-city-co
Cuban,Cucuru Gallery Cafe,"2332 W Colorado Ave, Colorado Springs, CO 80904, USA",https://www.facebook.com/CucuruGalleryCafe/
Tibetan,Everest Nepal Restaurant Colorado Springs,"28 E Bijou St, Colorado Springs, CO 80903, USA",http://everestnepal.co/
Tibetan,Sherpa Garden Restaurant & Bar,"1005 W Colorado Ave, Colorado Springs, CO 80904, USA",http://sherpagarden.com/
Tibetan,Norbu’s Himalayan Hut,"915 Manitou Ave, Manitou Springs, CO 80829, USA",http://norbuskitchen.com/
Tibetan,Sherpa Cafe,"1110 US-50, Salida, CO 81201, USA",https://www.sherpacafesalida.com/
Tibetan,Tibet's Restaurant & Bar,"321 McCaslin Blvd A, Louisville, CO 80027, USA",https://www.tibetsrestaurant.com/
Tibetan,Little Nepal: Indian Restaurant & Bar,"1747 S 8th St, Colorado Springs, CO 80905, USA",http://lnepal.com/
Egyptian,Land of the Pyramids,"905 Garden of the Gods Rd Suite A, Colorado Springs, CO 80907, USA",
Greek,Jake and Telly’s Greek Taverna,"2616 Colorado Ave #24, Colorado Springs, CO 80904, USA",http://www.jakeandtellys.com/
Greek,Greek Cafe,"8844 N Union Blvd, Colorado Springs, CO 80920, USA",
Greek,Gyros Plus at Chapel Hills,"1710 Briargate Blvd Ste 457, Colorado Springs, CO 80920, USA",
Greek,Grand Gyros,"3980 Palmer Park Blvd, Colorado Springs, CO 80909, USA",
Greek,Greek Cafe,"4343 Integrity Center Point, Colorado Springs, CO 80917, USA",
Greek,Gyros Plus,"750 Citadel Dr E #1088, Colorado Springs, CO 80909, USA",
Greek,Mediterranean Cafe,"118 E Kiowa St, Colorado Springs, CO 80903, USA",https://medcafe-co.com/
Greek,The Simple Greek,"3779 Bloomington St, Colorado Springs, CO 80922, USA",https://restaurants.thesimplegreek.com/co/colorado-springs/3779-Bloomington-St/
Greek,Golden Grill (Mediterranean Kitchen),"6110 Martinez St, Fort Carson, CO 80913, USA",http://golden-grill.com/
Greek,Heart Of Jerusalem Cafe,"3242 Centennial Blvd, Colorado Springs, CO 80907, USA",http://www.heartofjerusalemcafe.com/
Greek,Heart Of Jerusalem,"4587 Austin Bluffs Pkwy, Colorado Springs, CO 80918, USA",http://www.heartofjerusalemcafe.com/
Greek,Meat the Greek,"1030 Stewart Ave, Colorado Springs, CO 80914, USA",
Greek,Briar Mart,"6799 N Academy Blvd, Colorado Springs, CO 80918, USA",
Greek,Sam's Gyros & Kabobs,"609 W Midland Ave, Woodland Park, CO 80863, USA",http://samgyro.com/
Greek,Heart of Jerusalem,"122 Tracker Dr #110, Colorado Springs, CO 80921, USA",https://www.heartofjerusalemcafe.com/
Greek,Caspian Cafe,"4375 Sinton Rd, Colorado Springs, CO 80907, USA",https://caspiancafe.com/
Greek,Arby's,"690 Doc Holiday Dr, Cañon City, CO 81212, USA",https://locations.arbys.com/co/canoncity/690-doc-holiday-drive.html?utm_source=google%20my%20business&utm_medium=organic&utm_campaign=website%20link
Greek,Garbanzo,"3779 Bloomington St, Colorado Springs, CO 80922, USA",https://restaurants.eatgarbanzo.com/co/colorado-springs/3779-bloomington-st.
Greek,Kebab and Gyro House,"3430 Austin Bluffs Pkwy, Colorado Springs, CO 80918, USA",https://kebabandgyrohouse.com/
Greek,Sahara Cafe,"954 Manitou Ave, Manitou Springs, CO 80829, USA",
Belgian,Brouwer's Cafe,"400 N 35th St, Seattle, WA 98103, USA",http://www.brouwerscafe.com/
Irish,Jack Quinn's Irish Pub and Restaurant,"21 S Tejon St, Colorado Springs, CO 80903, USA",https://www.jackquinnspub.com/
Irish,Pint and Platter,"256 E Bennett Ave, Cripple Creek, CO 80813, USA",https://www.triplecrowncasinos.com/pint-platter/
Irish,Abby's Irish Pub,"9697 Prominent Point, Colorado Springs, CO 80924, USA",https://www.abbysirishpub.com/
Irish,Mose Public House,"409 Main St, Cañon City, CO 81212, USA",https://www.mosepub.com/
Irish,Fremont Public House,"631 Main St, Cañon City, CO 81212, USA",https://thehotelstcloud.com/fremont-public-house/
Irish,O'Leary's Pub,"4856 Galley Rd, Colorado Springs, CO 80915, USA",http://olearyspubco.com/
Irish,Rilea's Pub,"5672 N Union Blvd, Colorado Springs, CO 80918, USA",
Irish,McGinty's Wood Oven Pub,"11115 W US-24, Divide, CO 80814, USA",https://www.mcgintyswoodovenpub.net/
Irish,Alchemy,"2625 W Colorado Ave, Colorado Springs, CO 80904, USA",http://www.alchemypubcolorado.com/
Irish,World's End Brewing Company,"401 Main St, Cañon City, CO 81212, USA",http://www.worldsendbrewingco.com/
Irish,Canon City MUGS,"1520 Royal Gorge Blvd a, Cañon City, CO 81212, USA",http://canoncitymugs.com/
Irish,Ned Kelly's Irish Pub,"5686 S Sycamore St, Littleton, CO 80120, USA",https://nedkellysirishpub.com/
Irish,Murphy's Tavern,"2729 N Nevada Ave, Colorado Springs, CO 80907, USA",https://murphyscs.com/
Irish,The Irish Rover Pub,"54 S Broadway, Denver, CO 80209, USA",https://theirishroverpub.com/
Irish,The Abbey Tavern,"5151 E Colfax Ave, Denver, CO 80220, USA",http://theabbeytaverndenver.com/
Irish,Kelly O'Brians Sports Bar,"239 N Academy Blvd, Colorado Springs, CO 80909, USA",https://www.kellyobrians.com/
Irish,Dublin House Sports Bar and Grill,"1850 Dominion Way, Colorado Springs, CO 80918, USA",
Cajun,The Lost Cajun,"121 Justice Center Rd, Cañon City, CO 81212, USA",https://thelostcajun.com/locations/canon-city-colorado
Portuguese,Fremont Provisions,"507 Main St, Cañon City, CO 81212, USA",http://fremontprovisions.com/
Turkish,Cafe Turko,"750 N 34th St, Seattle, WA 98103, USA",http://cafeturko.com/
Turkish,Hamdi,"4012 Leary Wy NW, Seattle, WA 98107, USA",http://www.hamdiseattle.com/
Turkish,Kebab and Gyro House,"3430 Austin Bluffs Pkwy, Colorado Springs, CO 80918, USA",https://kebabandgyrohouse.com/
Turkish,The Kebab Shop,"43834 Pacific Commons Blvd, Fremont, CA 94538, USA",https://thekebabshop.com/locations/ca/bay-area/fremont/
Turkish,Heart of Jerusalem,"122 Tracker Dr #110, Colorado Springs, CO 80921, USA",https://www.heartofjerusalemcafe.com/
Turkish,Gaters Restaurant,"3846 Mowry Ave, Fremont, CA 94538, USA",https://www.gaters.com/
Turkish,Sultana Mediterranean,"1149 El Camino Real, Menlo Park, CA 94025, USA",http://www.thesultana.net/
Turkish,Sultan's Kebab,"6654 Koll Center Pkwy, Pleasanton, CA 94566, USA",https://www.sultanskebab.net/
Turkish,Mr. Kebab,"1760 Decoto Rd, Union City, CA 94587, USA",https://mrkebabuc.com/
Turkish,The Purple Onion,"1840 N Academy Blvd, Colorado Springs, CO 80909, USA",http://purpleoniongrill.com/
Turkish,Heart Of Jerusalem Cafe,"3242 Centennial Blvd, Colorado Springs, CO 80907, USA",http://www.heartofjerusalemcafe.com/
Turkish,Briar Mart,"6799 N Academy Blvd, Colorado Springs, CO 80918, USA",
Turkish,A La Turca,"869 Geary St, San Francisco, CA 94109, USA",https://www.alaturcacalifornia.com/
Turkish,Caspian Cafe,"4375 Sinton Rd, Colorado Springs, CO 80907, USA",https://caspiancafe.com/
Turkish,Cafe Baklava,"341 Castro St, Mountain View, CA 94041, USA",https://www.cafebaklava.online/
Turkish,Heart Of Jerusalem,"4587 Austin Bluffs Pkwy, Colorado Springs, CO 80918, USA",http://www.heartofjerusalemcafe.com/
Turkish,Mangal Turkish BBQ,"502 Ross Dr, Sunnyvale, CA 94089, USA",http://mangalsv.com/
Turkish,Anatolian Kitchen,"340 California Ave, Palo Alto, CA 94306, USA",https://anatoliankitchen.com/
Turkish,"Falafel, etc.","39200 Fremont Blvd, Fremont, CA 94538, USA",http://www.falafeletc.com/
Turkish,Turkish Kitchen,"1986 Shattuck Ave., Berkeley, CA 94704, USA",http://www.turkishkitchenberkeley.com/
Haitian,Chez Rodine Caribbean Restaurant,"2806 US-130 Suite 2, Cinnaminson, NJ 08077, USA",https://www.crcaribbeanrestaurant.com/
Tahitian,Fremont Provisions,"507 Main St, Cañon City, CO 81212, USA",http://fremontprovisions.com/
Kenyan,Golden Safari,"22431 Foothill Blvd, Hayward, CA 94541, USA",https://www.goldensafari.net/
Korean,Korean Garden,"8025 Fountain Mesa Rd, Fountain, CO 80817, USA",https://www.koreangardenco.com/#
Korean,Tasty Korean,"1609 Lashelle Way, Colorado Springs, CO 80906, USA",
Korean,Sura Korean Restaurant,"1683 Jet Wing Dr, Colorado Springs, CO 80916, USA",https://m.facebook.com/officialsurakoreanrestaurant/
Korean,Yong's Korean Kitchen,"1712 S Circle Dr, Colorado Springs, CO 80910, USA",
Korean,Tong Tong,"2036 S Academy Blvd, Colorado Springs, CO 80916, USA",https://www.epipay.com/tongtong/en/WebOrder?STORE_CODE=MTAwMA==&table_num=MTAwMA==
Korean,Korean Garden,"7715 Dublin Blvd #170, Colorado Springs, CO 80923, USA",https://www.koreangardennorth.com/
Korean,Kang Nam Restaurant,"2917 Galley Rd, Colorado Springs, CO 80909, USA",https://www.kangnamrestaurantcos.com/
Korean,San Chang House,"3659 Austin Bluffs Pkwy #45, Colorado Springs, CO 80918, USA",https://www.sanchanghouse.com/
Korean,Seoul Korean BBQ,"1645 Briargate Pkwy #243, Colorado Springs, CO 80920, USA",http://www.seoulbbqco.com/
Korean,Shin Sa Dong | Korean Restaurant,"3845 E Pikes Peak Ave, Colorado Springs, CO 80909, USA",http://shinsadong.com/
Korean,Korean Express,"1030 Stewart Ave, Colorado Springs, CO 80914, USA",
Korean,Anju,"514 S Tejon St STE 140B, Colorado Springs, CO 80903, USA",http://www.coatiuprise.com/
Korean,Bonchon Colorado Springs - Cross Peak View,"11010 Cross Peak View Suite 110, Colorado Springs, CO 80921, USA",https://locations.bonchon.com/ll/US/CO/Colorado-Springs/11010-Cross-Peak-View
Korean,MoMo Sushi. Wok. Grill,"1540 Royal Gorge Blvd Suite D, Cañon City, CO 81212, USA",https://www.momocanoncity.com/
Korean,Momo Korean Restaurant,"2761 Briargate Blvd, Colorado Springs, CO 80920, USA",http://momokoreanrestaurant.net/
Korean,Happy Time,"5547 Powers Center Point, Colorado Springs, CO 80920, USA",
Korean,K Bop Korean Fusion Cafe,"3733 Bloomington St, Colorado Springs, CO 80922, USA",http://kbopfusioncafe.com/
Korean,Tokki,"182 E Cheyenne Mountain Blvd, Colorado Springs, CO 80906, USA",https://www.tokkicolorado.com/
Korean,Fremont Provisions,"507 Main St, Cañon City, CO 81212, USA",http://fremontprovisions.com/
Korean,Bobby's World cuisine,"Lake Ave, Colorado Springs, CO 80906, USA",
Algerian,Fremont Provisions,"507 Main St, Cañon City, CO 81212, USA",http://fremontprovisions.com/
Nigerian,ArkCleoRich African Kitchen,"1371 N Academy Blvd, Colorado Springs, CO 80909, USA",https://arkcleorich.com/
Libyan,Fremont Provisions,"507 Main St, Cañon City, CO 81212, USA",http://fremontprovisions.com/
Lebanese,Heart of Jerusalem,"122 Tracker Dr #110, Colorado Springs, CO 80921, USA",https://www.heartofjerusalemcafe.com/
Lebanese,Briar Mart,"6799 N Academy Blvd, Colorado Springs, CO 80918, USA",
Lebanese,Caspian Cafe,"4375 Sinton Rd, Colorado Springs, CO 80907, USA",https://caspiancafe.com/
Lebanese,Arabian Nights Cafe,"4845 N Academy Blvd, Colorado Springs, CO 80918, USA",http://www.arabiannightscafe.com/
Lebanese,Dish N Dash,"43514 Christy St, Fremont, CA 94538, USA",http://dishdash.com/
Lebanese,Golden Grill (Mediterranean Kitchen),"6110 Martinez St, Fort Carson, CO 80913, USA",http://golden-grill.com/
Lebanese,Heart Of Jerusalem Cafe,"3242 Centennial Blvd, Colorado Springs, CO 80907, USA",http://www.heartofjerusalemcafe.com/
Lebanese,"Falafel, etc.","39200 Fremont Blvd, Fremont, CA 94538, USA",http://www.falafeletc.com/
Lebanese,Heart Of Jerusalem,"4587 Austin Bluffs Pkwy, Colorado Springs, CO 80918, USA",http://www.heartofjerusalemcafe.com/
Lebanese,Fremont Provisions,"507 Main St, Cañon City, CO 81212, USA",http://fremontprovisions.com/
Lebanese,Garbanzo,"3779 Bloomington St, Colorado Springs, CO 80922, USA",https://restaurants.eatgarbanzo.com/co/colorado-springs/3779-bloomington-st.
Lebanese,Shah Kabob House,"829 Cheyenne Meadows Rd, Colorado Springs, CO 80906, USA",https://www.shahkabobhouse.com/?utm_source=google&utm_medium=wix_google_business_profile&utm_campaign=14780389418178768732
Lebanese,Mediterranean Cafe,"118 E Kiowa St, Colorado Springs, CO 80903, USA",https://medcafe-co.com/
Lebanese,Kebab and Gyro House,"3430 Austin Bluffs Pkwy, Colorado Springs, CO 80918, USA",https://kebabandgyrohouse.com/
Lebanese,Kabob Fusion,"41986 Fremont Blvd, Fremont, CA 94538, USA",https://order.online/business/kabob-fusion-11904032
Lebanese,Falafel Fremont,"43450 Grimmer Blvd, Fremont, CA 94538, USA",http://www.falafelfremont.com/
Lebanese,Lucy's Armenian-Mediterranean Grill,"2302 Cadet Dr, Air Force Academy, CO 80840, USA",https://lucysamgrill.com/
Lebanese,Sinbad Express,"3526 Fremont Pl N, Seattle, WA 98103, USA",https://qmenu.us/#/sinbad-express-seattle
Lebanese,Dish N Dash,"260 Ranch Dr, Milpitas, CA 95035, USA",http://dishdash.com/
Lebanese,Jake and Telly’s Greek Taverna,"2616 Colorado Ave #24, Colorado Springs, CO 80904, USA",http://www.jakeandtellys.com/
Vietnamese,Pho USA,"127 Justice Center Rd Suite F, Cañon City, CO 81212, USA",
Vietnamese,Pho Lan Noodles House,"39060 Fremont Blvd, Fremont, CA 94538, USA",https://www.orderpholannoodleshouse.com/
Vietnamese,Saigon Tapioca - Vietnamese Pho Restaurant,"3712 Galley Rd, Colorado Springs, CO 80909, USA",http://www.saigontapioca.com/
Vietnamese,Tan Phat Vietnamese Restaurant,"1512 N Academy Blvd Suite A, Colorado Springs, CO 80909, USA",http://www.tanphatrestaurant.com/
Vietnamese,Pho & Grill,"3357 Cinema Point, Colorado Springs, CO 80922, USA",https://m.facebook.com/pages/Pho-Grill/483108745057884
Vietnamese,Pho-nomenal,"5825 Stetson Hills Blvd #100, Colorado Springs, CO 80923, USA",https://app.masa.plus/store/5849
Vietnamese,Lucky's Pho,"3414 Fremont Ave N, Seattle, WA 98103, USA",https://www.clover.com/online-ordering/luckysphofremont
Vietnamese,Pho 99 Restaurant,"34400 Fremont Blvd ste b, Fremont, CA 94555, USA",https://pho99fremont.com/
Vietnamese,Pho King Wing,"4747 Flintridge Dr, Colorado Springs, CO 80918, USA",http://www.phokingwing.com/
Vietnamese,House of Sàigòn,"1014 S 21st St A, Colorado Springs, CO 80904, USA",https://www.houseofsaigonco.com/
Vietnamese,PHO HANCOCK ASIAN CUISINE,"3071 S Academy Blvd, Colorado Springs, CO 80916, USA",https://www.phohancock.com/
Vietnamese,Pho Buddy Self-Service & Togo Restaurant,"1861 S Academy Blvd, Colorado Springs, CO 80916, USA",https://www.orderphobuddy.com/
Vietnamese,Phở Sister,"1107 S Nevada Ave, Colorado Springs, CO 80903, USA",http://phosister.com/
Vietnamese,Buena Pho,"601 US Hwy 24 N, Buena Vista, CO 81211, USA",
Vietnamese,Spring Rollin',"600 S 21st St #150, Colorado Springs, CO 80904, USA",http://spring-rollin.com/
Vietnamese,Pho Banh Mi Restaurant,"696 Fremont Ave, Los Altos, CA 94024, USA",
Vietnamese,Viets restaurant,"7640 N Academy Blvd, Colorado Springs, CO 80920, USA",
Vietnamese,Pho Saigon Grill,"3071 S Academy Blvd, Colorado Springs, CO 80916, USA",
Vietnamese,Pho Viet Bistro,"1371 N Academy Blvd, Colorado Springs, CO 80909, USA",
Vietnamese,Saigon Cafe,"20 E Colorado Ave, Colorado Springs, CO 80903, USA",http://www.saigoncafe.online/
Mediterranean,Golden Grill (Mediterranean Kitchen),"6110 Martinez St, Fort Carson, CO 80913, USA",http://golden-grill.com/
Mediterranean,Mediterranean Cafe,"118 E Kiowa St, Colorado Springs, CO 80903, USA",https://medcafe-co.com/
Mediterranean,Heart Of Jerusalem Cafe,"3242 Centennial Blvd, Colorado Springs, CO 80907, USA",http://www.heartofjerusalemcafe.com/
Mediterranean,Briar Mart,"6799 N Academy Blvd, Colorado Springs, CO 80918, USA",
Mediterranean,Garbanzo,"3779 Bloomington St, Colorado Springs, CO 80922, USA",https://restaurants.eatgarbanzo.com/co/colorado-springs/3779-bloomington-st.
Mediterranean,Caspian Cafe,"4375 Sinton Rd, Colorado Springs, CO 80907, USA",https://caspiancafe.com/
Mediterranean,Sahara Cafe,"954 Manitou Ave, Manitou Springs, CO 80829, USA",
Mediterranean,Heart Of Jerusalem,"4587 Austin Bluffs Pkwy, Colorado Springs, CO 80918, USA",http://www.heartofjerusalemcafe.com/
Mediterranean,Lucy's Armenian-Mediterranean Grill,"2302 Cadet Dr, Air Force Academy, CO 80840, USA",https://lucysamgrill.com/
Mediterranean,Heart of Jerusalem,"122 Tracker Dr #110, Colorado Springs, CO 80921, USA",https://www.heartofjerusalemcafe.com/
Mediterranean,Fremont Provisions,"507 Main St, Cañon City, CO 81212, USA",http://fremontprovisions.com/
Mediterranean,Gyros Plus at Chapel Hills,"1710 Briargate Blvd Ste 457, Colorado Springs, CO 80920, USA",
Mediterranean,Jake and Telly’s Greek Taverna,"2616 Colorado Ave #24, Colorado Springs, CO 80904, USA",http://www.jakeandtellys.com/
Mediterranean,Arabian Nights Cafe,"4845 N Academy Blvd, Colorado Springs, CO 80918, USA",http://www.arabiannightscafe.com/
Mediterranean,Greek Cafe,"8844 N Union Blvd, Colorado Springs, CO 80920, USA",
Mediterranean,Sam's Gyros & Kabobs,"609 W Midland Ave, Woodland Park, CO 80863, USA",http://samgyro.com/
Mediterranean,Shah Kabob House,"829 Cheyenne Meadows Rd, Colorado Springs, CO 80906, USA",https://www.shahkabobhouse.com/?utm_source=google&utm_medium=wix_google_business_profile&utm_campaign=14780389418178768732
Mediterranean,Kebab and Gyro House,"3430 Austin Bluffs Pkwy, Colorado Springs, CO 80918, USA",https://kebabandgyrohouse.com/
Mediterranean,Grand Gyros,"3980 Palmer Park Blvd, Colorado Springs, CO 80909, USA",
Mediterranean,Greek Cafe,"4343 Integrity Center Point, Colorado Springs, CO 80917, USA",
Ethiopian,Uchenna Ethiopian Restaurant,"2501 W Colorado Ave # 105, Colorado Springs, CO 80904, USA",https://uchennaalive.com/
Ethiopian,Taste of Ethiopia Restaurant & Coffee Shop,"3680 Citadel Dr N, Colorado Springs, CO 80909, USA",https://www.tasteofethiopiacolorado.com/
Ethiopian,Megenagna,"306 S Ironton St Unit C, Aurora, CO 80012, USA",https://megenagnaethiopianrestaurant.com/
Ethiopian,Konjo Ethiopian Food,"inside the Edgewater Public Market, 5505 W 20th Ave Suite #106, Edgewater, CO 80214, USA",http://www.konjoethiopianfood.com/
Ethiopian,Langano Ethiopian Restaurant,"10180 E Colfax Ave Ste 116, Aurora, CO 80010, USA",https://langano-restaurant.com/
Ethiopian,Lucy Ethiopian Restaurant,"7401 E Colfax Ave, Denver, CO 80220, USA",https://lucyrestaurant.net/
Ethiopian,The Ethiopian Restaurant,"2816 E Colfax Ave, Denver, CO 80206, USA",https://m.facebook.com/The-Ethiopian-Restaurant-105937256138469/
Ethiopian,Mesob Ethiopian Restaurant,"1422 Poplar St, Denver, CO 80220, USA",https://www.mesobethiopianrestaurant.com/
Caribbean,PETES Jamaican restaurant,"1107 S Nevada Ave, Colorado Springs, CO 80903, USA",https://food.orders.co/petesjamaicanrestaurant
Caribbean,High Grade Foods Jamaican Restaurant and Bar,"1020 S Tejon St, Colorado Springs, CO 80903, USA",https://highgradefoods.com/
Caribbean,J's Jamaican Flava,"3016 S Academy Blvd, Colorado Springs, CO 80916, USA",http://www.js-jamaican-flava.com/
Caribbean,One Love Island Grill Take Out,"1107 S Nevada Ave, Colorado Springs, CO 80903, USA",https://www.oneloveislandgrill.com/
Caribbean,Dainty's Kitchen,"302 E Platte Ave, Colorado Springs, CO 80903, USA",https://daintyjamaicankitchen.blizzfull.com/
Caribbean,Reggae Pot Jamaican Grill (Denver,"7562 S University Blvd C, Centennial, CO 80122, USA",http://reggaepotjamaicangrill.com/
Soul,Sabrina's Soul Food,"3215 S Academy Blvd Suite B, Colorado Springs, CO 80916, USA",
Argentinian,Patagōn,"1610 2nd Ave, Seattle, WA 98101, USA",https://www.patagonseattle.com/?utm_source=extnet&utm_medium=yext
Chilean,Chile Colorado,"7 E Vermijo Ave, Colorado Springs, CO 80903, USA",http://www.chilecoloradocos.com/
Colombian,Los Parceros Colombian Restaurant,"15473 E Hampden Ave A, Aurora, CO 80013, USA",
Colombian,La Chiva Colombian Cuisine,"1446 S Broadway, Denver, CO 80210, USA",https://www.lachivacolombian.com/
Colombian,Bale Bale Rumba,"4737 N Academy Blvd, Colorado Springs, CO 80918, USA",
Colombian,Fremont Provisions,"507 Main St, Cañon City, CO 81212, USA",http://fremontprovisions.com/
Colombian,Fonda Colombiana,"1442 S White Rd, San Jose, CA 95127, USA",https://fondacolombianasj.com/
Colombian,Angie's Latin food,"2593 Airport Rd, Colorado Springs, CO 80910, USA",https://www.angieslatinfood.com/
Costa Rican,Land & Ocean,"185 Sherman St UNIT 101, Ridgway, CO 81432, USA",https://www.facebook.com/costaricanrestaurant/
Czech,Fremont Provisions,"507 Main St, Cañon City, CO 81212, USA",http://fremontprovisions.com/
Danish,Fremont Provisions,"507 Main St, Cañon City, CO 81212, USA",http://fremontprovisions.com/
Dutch,Fremont Provisions,"507 Main St, Cañon City, CO 81212, USA",http://fremontprovisions.com/
Ecuadorian,La Esquina Ambateña,"4300 Bergenline Ave, Union City, NJ 07087, USA",https://facebook.com/LaEsquinaAmbatena
Ghanaian,Akwaba Restaurant,"16251 E Colfax Ave, Aurora, CO 80011, USA",
Guatemalan,La Guatemalteca,"10329 E Colfax Ave, Aurora, CO 80010, USA",https://www.laguatemaltecarestaurante.com/
Honduran,El Rincon Catracho,"275 S Academy Blvd, Colorado Springs, CO 80910, USA",
Honduran,Las Catrachas,"908 N Circle Dr Suite A, Colorado Springs, CO 80909, USA",
Icelandic,Fremont Provisions,"507 Main St, Cañon City, CO 81212, USA",http://fremontprovisions.com/
Indonesian,Indo Cafe,"13754 Aurora Ave N Suite D, Seattle, WA 98133, USA",http://www.myindocafe.com/
Iranian,Darya Restaurant,"10890 E Dartmouth Ave, Denver, CO 80014, USA",
Iraqi,Ishtar Gate -بوابة عشتار Iraqi cuisine,"5222 SE Foster Rd, Portland, OR 97206, USA",
Israeli,Taste of Jerusalem Cafe,"15 E Bijou St, Colorado Springs, CO 80903, USA",https://tasteofjerusalemcafe.com/
Jamaican,PETES Jamaican restaurant,"1107 S Nevada Ave, Colorado Springs, CO 80903, USA",https://food.orders.co/petesjamaicanrestaurant
Jamaican,High Grade Foods Jamaican Restaurant and Bar,"1020 S Tejon St, Colorado Springs, CO 80903, USA",https://highgradefoods.com/
Jamaican,J's Jamaican Flava,"3016 S Academy Blvd, Colorado Springs, CO 80916, USA",http://www.js-jamaican-flava.com/
Jamaican,One Love Island Grill Take Out,"1107 S Nevada Ave, Colorado Springs, CO 80903, USA",https://www.oneloveislandgrill.com/
Jamaican,Reggae Pot Jamaican Grill (Denver,"7562 S University Blvd C, Centennial, CO 80122, USA",http://reggaepotjamaicangrill.com/
Jamaican,Dainty's Kitchen,"302 E Platte Ave, Colorado Springs, CO 80903, USA",https://daintyjamaicankitchen.blizzfull.com/
Jordanian,Fremont Provisions,"507 Main St, Cañon City, CO 81212, USA",http://fremontprovisions.com/
Kuwaiti,Fremont Provisions,"507 Main St, Cañon City, CO 81212, USA",http://fremontprovisions.com/
Laotian,Thai Satay,"821 Cheyenne Meadows Rd, Colorado Springs, CO 80906, USA",https://www.smorefood.com/order-online/thai-satay-colorado-springs-80906-1srpj85h?utm_source=gmb&utm_medium=website
Malaysian,Ipoh Malay Cuisine,"1316 W 73rd Ave, Vancouver, BC V6P 4M9, Canada",https://www.ipohmalaycuisine.ca/
Mongolian,HuHot Mongolian Grill,"5843 Constitution Ave, Colorado Springs, CO 80915, USA",https://www.huhot.com/location/colorado-springs-constitution-co/
Nepalese,Everest Nepal Restaurant Colorado Springs,"28 E Bijou St, Colorado Springs, CO 80903, USA",http://everestnepal.co/
Nepalese,Sherpa Cafe,"1110 US-50, Salida, CO 81201, USA",https://www.sherpacafesalida.com/
Nepalese,Norbu’s Himalayan Hut,"915 Manitou Ave, Manitou Springs, CO 80829, USA",http://norbuskitchen.com/
Nepalese,Little Nepal: Indian Restaurant & Bar,"1747 S 8th St, Colorado Springs, CO 80905, USA",http://lnepal.com/
Nepalese,Sherpa Garden Restaurant & Bar,"1005 W Colorado Ave, Colorado Springs, CO 80904, USA",http://sherpagarden.com/
Nepalese,Little Nepal: Indian Restaurant & Bar,"4820 Flintridge Dr, Colorado Springs, CO 80918, USA",http://www.lnepal.com/
Nicaraguan,Las Segovias,"8014 Seville Ave, Huntington Park, CA 90255, USA",https://lassegoviasca.com/
Pakistani,Masala Bites,"6829 Space Village Ave, Colorado Springs, CO 80915, USA",https://masalabiteco.com/
Panamanian,Fremont Provisions,"507 Main St, Cañon City, CO 81212, USA",http://fremontprovisions.com/
Paraguayan,Fremont Provisions,"507 Main St, Cañon City, CO 81212, USA",http://fremontprovisions.com/
Peruvian,Rotisserie Chicken Taytacha Peruvian,"2385 N Academy Blvd, Colorado Springs, CO 80909, USA",https://taytacha.com/
Peruvian,2 Luchos,"2810 S Academy Blvd, Colorado Springs, CO 80916, USA",
Peruvian,Pisco Sour Restaurant & Lounge,"14050 E Evans Ave, Aurora, CO 80014, USA",
Peruvian,Pollo Lima,"9614 E Arapahoe Rd, Greenwood Village, CO 80112, USA",https://pollolima.com/
Peruvian,Los Pollos,"2826 E Pikes Peak Ave, Colorado Springs, CO 80909, USA",
Peruvian,The Red Llama,"8331 Willow St B, Lone Tree, CO 80124, USA",https://www.redllamaco.com/
Peruvian,Yunza Peruvian cuisine,"7595 US-50, Salida, CO 81201, USA",https://www.toasttab.com/yunza-peruvian-cuisine-7595-west-highway-50/v3/
Peruvian,Los Cabos Puro Peru,"1525 Champa St, Denver, CO 80202, USA",https://www.loscabosii.com/
Philippine,Julie's Kitchen,"3750 Astrozon Blvd, Colorado Springs, CO 80910, USA",https://m.facebook.com/Julies-Kitchen-Colorado-Springs-1316043748422112/
Philippine,Isla Restaurant,"5720 Mowry School Rd, Newark, CA 94560, USA",http://www.myislarestaurant.com/
Philippine,Filipino food truck,"4305 E Platte Ave, Colorado Springs, CO 80915, USA",http://www.filipinofoodtruck.com/
Philippine,Bayanihan Café,"3743 Bloomington St, Colorado Springs, CO 80922, USA",http://thebayanihancafe.com/
Philippine,Manila Turo Turo,"3900 Lake Arrowhead Ave, Fremont, CA 94555, USA",https://manilaturoturo.com/
Philippine,Fremont Provisions,"507 Main St, Cañon City, CO 81212, USA",http://fremontprovisions.com/
Philippine,Maharlika Restaurant,"3671 Thornton Ave, Fremont, CA 94536, USA",
Philippine,Nayong Filipino,"1796 Whipple Rd, Union City, CA 94587, USA",http://www.nayongfilipino.com/
Philippine,Adobolicious,"4812 Thornton Ave, Fremont, CA 94536, USA",http://www.myadobolicious.com/
Philippine,ChowSun,"830 S Buckley Rd, Aurora, CO 80017, USA",https://www.chowsunaurora.com/
Philippine,Oming's Kitchen,"Sahara and Nellis, 2232 S Nellis Blvd Unit #1, Las Vegas, NV 89104, USA",http://www.omingskitchen.com/
Philippine,Toppings Too Restaurant,"Loyola building, 3910 Smith St, Union City, CA 94587, USA",http://www.toppingstree.com/
Philippine,Kulinarya Filipino Eatery,"2922 Glen Dr, Coquitlam, BC V3B 2P5, Canada",http://www.kulinarya.ca/
Philippine,Manila Sunrise,"Alvarado Place, 4122 Dyer St, Union City, CA 94587, USA",
Philippine,Hapag Ihaw-Ihaw Restaurant,"5432 Victoria Dr, Vancouver, BC V5P 3V7, Canada",http://hapagrestaurant.com/
Philippine,RJ Foodies & Catering Services,"1402 Harrison Rd, Colorado Springs, CO 80905, USA",https://rj-foodies-and-catering-services.ueniweb.com/
Polish,Cracovia Polish-American Restaurant & Bar,"8121 W 94th Ave, Westminster, CO 80021, USA",http://www.cracoviarestaurant.com/
Puerto Rican,Don Guillo Puerto Rican Native Cuisine,"2551 Delta Dr, Colorado Springs, CO 80910, USA",https://m.facebook.com/pages/category/Advertising-Marketing/Don-Guillo-878047759218636/
Puerto Rican,El Corillo Pinchos De Puerto Rico,"824 Santa Fe St, Colorado Springs, CO 80903, USA",
Puerto Rican,Tripletas Yeyo Will,"1402 Harrison Rd, Colorado Springs, CO 80905, USA",https://facebook.com/profile.php?id=100075943986927
Puerto Rican,Cucu Cuisine,"3958 N Academy Blvd, Colorado Springs, CO 80917, USA",https://facebook.com/profile.php?id=100063692193350
Puerto Rican,Pedacito Boricua Café,"296 S Academy Blvd unit d, Colorado Springs, CO 80910, USA",https://order.online/business/pedacito-boricua-llc-12638001
Puerto Rican,Areyto Puerto Rican Food,"3725 Buchtel Blvd S #508, Denver, CO 80210, USA",https://areytopuertorricanfood.com/
Puerto Rican,Bale Bale Rumba,"4737 N Academy Blvd, Colorado Springs, CO 80918, USA",
Puerto Rican,La Changada,"638 S Academy Blvd B, Colorado Springs, CO 80910, USA",
Puerto Rican,Piglatin Cocina,"2825 Dublin Blvd, Colorado Springs, CO 80918, USA",http://piglatincocina.com/
Puerto Rican,La Isla del Encanto,"N Academy Blvd, Colorado Springs, CO 80918, USA",https://www.facebook.com/groups/607002254127328/?ref=share
Puerto Rican,Sabor Del Campo - Puerto Rican Cuisine (Plaza38),"3550 W 38th Ave #96, Denver, CO 80211, USA",https://sabordelcampo5280.business.site/
Romanian,Fremont Provisions,"507 Main St, Cañon City, CO 81212, USA",http://fremontprovisions.com/
Saudi Arabian,Dish N Dash,"43514 Christy St, Fremont, CA 94538, USA",http://dishdash.com/
Singaporean,Fremont Provisions,"507 Main St, Cañon City, CO 81212, USA",http://fremontprovisions.com/
Slovak,Fremont Provisions,"507 Main St, Cañon City, CO 81212, USA",http://fremontprovisions.com/
Somali,Maandeeq East Africa Restaurant,"1535 S Havana St, Aurora, CO 80012, USA",https://maandeeqcafe.square.site/
Somali,Barwaaqo,"10200 E Mississippi Ave Ste B, Denver, CO 80247, USA",
Somali,Fremont Provisions,"507 Main St, Cañon City, CO 81212, USA",http://fremontprovisions.com/
Somali,1887 Historic Eatery,"631 Main St, Cañon City, CO 81212, USA",https://thehotelstcloud.com/1887-historic-eatery/
Somali,ArkCleoRich African Kitchen,"1371 N Academy Blvd, Colorado Springs, CO 80909, USA",https://arkcleorich.com/
South African,Fidel East African Restaurant,"1074 S Ironton St, Aurora, CO 80012, USA",
Sri Lankan,Rupee Bar,"6307 24th Ave NW, Seattle, WA 98107, USA",http://www.rupeeseattle.com/
Swiss,Bunk House Burgers,"2147 Fremont Dr, Cañon City, CO 81212, USA",http://www.bhburgers.com/
Swiss,Husky Burger,"106 W Main St, Florence, CO 81226, USA",
Swiss,"Chelseys Wings, Burgers, and Spirits Cañon City","1208 S 9th St, Cañon City, CO 81212, USA",
Swiss,1887 Historic Eatery,"631 Main St, Cañon City, CO 81212, USA",https://thehotelstcloud.com/1887-historic-eatery/
Swiss,Chili's Grill & Bar,"106 Latigo Ln, Cañon City, CO 81212, USA",https://www.chilis.com/locations/us/colorado/canon-city/canon-city?utm_source=google&utm_medium=local&utm_campaign=Chilis
Swiss,Fremont Provisions,"507 Main St, Cañon City, CO 81212, USA",http://fremontprovisions.com/
Swiss,White Water Bar & Grill,"45045 W U.S. 50, Cañon City, CO 81212, USA",https://whitewaterbar.com/
Syrian,Hamdi,"4012 Leary Wy NW, Seattle, WA 98107, USA",http://www.hamdiseattle.com/
Taiwanese,Formosa Bites,"315 E Pikes Peak Ave Suite 100, Colorado Springs, CO 80903, USA",http://www.wellinthesprings.com/
Tanzanian,Africa Lounge,"17801 International Blvd, SeaTac, WA 98158, USA",
Thai,Yummy Thai,"1326 Main St, Cañon City, CO 81212, USA",https://yummythai.restaurant/
Thai,Ito Japanese Steakhouse Sushi & Thai Restaurant,"114 W Main St, Florence, CO 81226, USA",https://www.itosteakhouse.com/
Thai,Thai Mini Café LLC,"box 22, 11150 US-50, Poncha Springs, CO 81242, USA",
Thai,Thai Satay,"821 Cheyenne Meadows Rd, Colorado Springs, CO 80906, USA",https://www.smorefood.com/order-online/thai-satay-colorado-springs-80906-1srpj85h?utm_source=gmb&utm_medium=website
Thai,Thai Taste Cuisine,"5069 N Academy Blvd, Colorado Springs, CO 80918, USA",https://www.thaitastecuisineco.com/
Thai,Eim Thai,"1466 Garden of the Gods Rd #148, Colorado Springs, CO 80907, USA",http://www.eimthai.com/
Thai,CHAANG THAI,"7525 N Academy Blvd, Colorado Springs, CO 80920, USA",http://www.chaangthaicos.com/
Thai,Elephant Thai,"3408 N Academy Blvd, Colorado Springs, CO 80917, USA",https://www.elephantthaicos.com/
Thai,China Rice Restaurant,"Kendall Shopping Center, 1641 Fremont Dr, Cañon City, CO 81212, USA",
Thai,Thai Lily Cuisine & Yakitori 8,"319 N Chelton Rd, Colorado Springs, CO 80909, USA",http://thaililycuisine.com/
Thai,Somjai Thai Cuisine,"6827 Space Village Ave, Colorado Springs, CO 80915, USA",https://somjaithaicuisine.com/
Thai,Sushi Thai Salida,"123 W 1st St, Salida, CO 81201, USA",https://www.facebook.com/sushithaisalida
Thai,Aroi Thai Food,"1025 N Academy Blvd, Colorado Springs, CO 80909, USA",https://www.aroithaifood.com/
Thai,The Thai Guy Restaurant,"6821 Space Village Ave, Colorado Springs, CO 80915, USA",https://www.facebook.com/pages/Thai-Guy/167310366694398
Thai,NaRai Siam Cuisine,"120 E Cheyenne Mountain Blvd, Colorado Springs, CO 80906, USA",http://www.narai-thai.com/
Thai,Wild Ginger Thai Restaurant,"2628 W Colorado Ave, Colorado Springs, CO 80904, USA",https://www.facebook.com/wildgingerThairestaurant
Thai,Pho USA,"127 Justice Center Rd Suite F, Cañon City, CO 81212, USA",
Thai,Pho-N-Thai,"2819 N Nevada Ave, Colorado Springs, CO 80907, USA",
Thai,Nom Nom Thai,"3303 N Academy Blvd, Colorado Springs, CO 80917, USA",https://restaurantcoloradosprings.com/
Thai,Lanna Thai,"8810 N Union Blvd, Colorado Springs, CO 80920, USA",https://www.lannathaicoloradosprings.com/?utm_source=GMB&utm_medium=site_link&utm_campaign=eat&utm_id=1
Tunisian,Moun Of Tunis Restaurant,"7445 1/2 Sunset Blvd, Los Angeles, CA 90046, USA",http://www.mounoftunis.com/index.html
Ukrainian,Fremont Provisions,"507 Main St, Cañon City, CO 81212, USA",http://fremontprovisions.com/
Venezuelan,Makaw's Food Truck,"Rotating Locations, Colorado Springs, CO 80903, USA",https://makaws.com/
Venezuelan,Kariacos Venezuelan Restaurant,"1169 N Circle Dr, Colorado Springs, CO 80909, USA",https://kariacos.square.site/
Venezuelan,Apera Venezuelan,"3750 Astrozon Blvd, Colorado Springs, CO 80910, USA",
Venezuelan,El Taco & La Arepa,"3748 Astrozon Blvd, Colorado Springs, CO 80910, USA",http://ordereltacoylaarepa.com/
Vietnamese,Pho USA,"127 Justice Center Rd Suite F, Cañon City, CO 81212, USA",
Vietnamese,Pho Lan Noodles House,"39060 Fremont Blvd, Fremont, CA 94538, USA",https://www.orderpholannoodleshouse.com/
Vietnamese,Saigon Tapioca - Vietnamese Pho Restaurant,"3712 Galley Rd, Colorado Springs, CO 80909, USA",http://www.saigontapioca.com/
Vietnamese,Tan Phat Vietnamese Restaurant,"1512 N Academy Blvd Suite A, Colorado Springs, CO 80909, USA",http://www.tanphatrestaurant.com/
Vietnamese,Pho & Grill,"3357 Cinema Point, Colorado Springs, CO 80922, USA",https://m.facebook.com/pages/Pho-Grill/483108745057884
Vietnamese,Pho-nomenal,"5825 Stetson Hills Blvd #100, Colorado Springs, CO 80923, USA",https://app.masa.plus/store/5849
Vietnamese,Lucky's Pho,"3414 Fremont Ave N, Seattle, WA 98103, USA",https://www.clover.com/online-ordering/luckysphofremont
Vietnamese,Pho 99 Restaurant,"34400 Fremont Blvd ste b, Fremont, CA 94555, USA",https://pho99fremont.com/
Vietnamese,Pho King Wing,"4747 Flintridge Dr, Colorado Springs, CO 80918, USA",http://www.phokingwing.com/
Vietnamese,House of Sàigòn,"1014 S 21st St A, Colorado Springs, CO 80904, USA",https://www.houseofsaigonco.com/
Vietnamese,PHO HANCOCK ASIAN CUISINE,"3071 S Academy Blvd, Colorado Springs, CO 80916, USA",https://www.phohancock.com/
Vietnamese,Pho Buddy Self-Service & Togo Restaurant,"1861 S Academy Blvd, Colorado Springs, CO 80916, USA",https://www.orderphobuddy.com/
Vietnamese,Phở Sister,"1107 S Nevada Ave, Colorado Springs, CO 80903, USA",http://phosister.com/
Vietnamese,Buena Pho,"601 US Hwy 24 N, Buena Vista, CO 81211, USA",
Vietnamese,Spring Rollin',"600 S 21st St #150, Colorado Springs, CO 80904, USA",http://spring-rollin.com/
Vietnamese,Pho Banh Mi Restaurant,"696 Fremont Ave, Los Altos, CA 94024, USA",
Vietnamese,Viets restaurant,"7640 N Academy Blvd, Colorado Springs, CO 80920, USA",
Vietnamese,Pho Saigon Grill,"3071 S Academy Blvd, Colorado Springs, CO 80916, USA",
Vietnamese,Pho Viet Bistro,"1371 N Academy Blvd, Colorado Springs, CO 80909, USA",
Vietnamese,Saigon Cafe,"20 E Colorado Ave, Colorado Springs, CO 80903, USA",http://www.saigoncafe.online/
Yemeni,House of Mandi - Yemeni Restaurant -مطعم بيت المندي اليمني,"518 S Brookhurst St #1, Anaheim, CA 92804, USA",https://www.houseofmandianaheim.com/online-ordering/menu/yemeni-lunch-individual-dishes
Zimbabwean,Akwaba Restaurant,"16251 E Colfax Ave, Aurora, CO 80011, USA",
