Cuisine Type,Name,Address,Website
Mexican,Taqueria Miranda,"18870 Blue Star Hwy, Quincy, FL 32351, USA",
Italian,Domino's Pizza,"1990 Pat Thomas Pkwy, Quincy, FL 32351, USA",https://www.dominos.com/en/?utm_source=google&utm_medium=loclist&utm_campaign=localmaps
Italian,Mom & Dad's Italian Restaurant,"3421 Bannerman Rd Suite #104, Tallahassee, FL 32312, USA",http://www.momanddadstally.com/
Italian,Olive Garden Italian Restaurant,"835 Rainbow Dr, Gadsden, AL 35901, USA",https://www.olivegarden.com/locations/al/gadsden/gadsden-al-rainbow-dr/6474?cmpid=br:og_ag:ie_ch:loc_ca:OGGMB_sn:gmb_gt:gadsden-al-6474_pl:locurl_rd:1899
Spanish,Las Delicias,"1123 W Jefferson St, Quincy, FL 32351, USA",https://lasdeliciasfl.com/
Spanish,Taqueria Miranda,"18870 Blue Star Hwy, Quincy, FL 32351, USA",
Spanish,Laredo Grill,"Historic District, 6765 Ben Bostick Rd, Quincy, FL 32351, USA",
American,BIG PAPAS CHOPHOUSE,"18 N Adams St, Quincy, FL 32351, USA",http://www.bigpapaschophouse.com/
American,Carol's Country Cooking,"323 S Cleveland St, Quincy, FL 32351, USA",https://www.facebook.com/Carols-Country-Cookin-202839950310330/
American,Mama's House,"Historic District, 2004 W Jefferson St, Quincy, FL 32351, USA",
American,Country Boys,"38 Alma Yates St, Quincy, FL 32351, USA",
American,The Edison - Restaurant Tallahassee,"470 Suwannee St, Tallahassee, FL 32301, USA",http://www.edisontally.com/?utm_source=Google%20My%20Business&utm_medium=Website%20Button&utm_campaign=Tallahassee
American,Downtown Chief,"210 Locust St, Gadsden, AL 35901, USA",
American,Ted's Montana Grill,"1954 Village Green Way, Tallahassee, FL 32308, USA",https://www.tedsmontanagrill.com/tmg039.html
American,Hardee’s,"100 W Jefferson St, Quincy, FL 32351, USA",https://locations.hardees.com/fl/quincy/100-w-jefferson-st
Scottish,Country Boys,"38 Alma Yates St, Quincy, FL 32351, USA",
Scottish,Northside Seafood,"10 Main St, Chattahoochee, FL 32324, USA",
Scottish,"Harp & Clover, ""The Clover""","124 Court St, Gadsden, AL 35901, USA",
Scottish,Maryland Fried Chicken,"605 E Jefferson St, Quincy, FL 32351, USA",https://marylandfriedchickenfl.com/
Scottish,MaDukes Grab and Go,"6859 Florida Georgia Hwy, Havana, FL 32333, USA",https://www.ordermadukesgrabngo.com/
British,Best of British Pub,"150 California Blvd, Davenport, FL 33897, USA",http://www.bestofbritishpub.com/
Thai,Royal Thai Cuisine,"6212 E Hwy 98, Panama City, FL 32404, USA",https://www.royalthaicuisineorder.com/
Thai,Thai Chef Restaurant,"301 Cherry St, Panama City, FL 32401, USA",https://www.thaichefpanamacity.net/
Thai,Kati Thai Cuisine,"102 Eble St, Gadsden, AL 35904, USA",https://www.facebook.com/Kati-Thai-Cuisine-204237716274689/
Thai,Sue's Thai Cafe,"2727 Joan Ave, Panama City, FL 32408, USA",http://www.suesthaicafe.com/
Thai,Oishi Thai Restaurant and Sushi Bar,"16920 Front Beach Rd, Panama City Beach, FL 32413, USA",https://www.oishithaisushi.com/
Thai,A J Chicken & Things,"203 W Jefferson St, Quincy, FL 32351, USA",
Japanese,Sakura Japanese Cuisine Hibachi & Sushibar,"1704 E Meighan Blvd, Gadsden, AL 35903, USA",https://sakuraal.com/
Japanese,Kobe Japanese,"1001 Rainbow Dr #32, Gadsden, AL 35901, USA",https://kobesteakhouse.com/menu/
Japanese,Rock N Roll Sushi,"504 Broad St, Gadsden, AL 35901, USA",https://rocknrollsushi.com/locations/gadsden-al/
Japanese,Fuji Restaurant,"1419 Rainbow Dr, Gadsden, AL 35901, USA",https://fujirestaurantgadsden.com/
Japanese,Yamato Steak House of Japan,"105 Mountain St NW, Jacksonville, AL 36265, USA",http://jacksonvilleyamato.com/
Japanese,Super Hibachi Buffet & Grill,"127 River Rd, Gadsden, AL 35901, USA",http://www.superhibachi.com/?utm_source=gmb&utm_medium=website
Japanese,Gadsden County,"Gadsden County, FL, USA",
Japanese,Oishi Hibachi Express,"3506 Rainbow Dr, Rainbow City, AL 35906, USA",https://www.oishihibachirainbowcity.com/
Japanese,Top O' the River,"1606 Rainbow Dr, Gadsden, AL 35901, USA",http://www.topotheriverrestaurant.com/
Japanese,Chop Stix,"3741 Alford Bend Rd, Gadsden, AL 35903, USA",
Japanese,Shanghai Express,"118 E Broad St, Gadsden, AL 35903, USA",
Japanese,Kobe Japanese Steak House & Sushi Bar,"340 Inverness Cors, Birmingham, AL 35242, USA",https://www.ekobe.com/
Japanese,Chongwah Express,"1001 Rainbow Dr # 80, Gadsden, AL 35901, USA",
Japanese,Isshin,"815 Pelham Rd S, Jacksonville, AL 36265, USA",http://www.isshinjacksonville.com/
Chinese,Domino's Pizza,"1990 Pat Thomas Pkwy, Quincy, FL 32351, USA",https://www.dominos.com/en/?utm_source=google&utm_medium=loclist&utm_campaign=localmaps
Chinese,Carol's Country Cooking,"323 S Cleveland St, Quincy, FL 32351, USA",https://www.facebook.com/Carols-Country-Cookin-202839950310330/
Chinese,Chongwah Express,"1001 Rainbow Dr # 80, Gadsden, AL 35901, USA",
Chinese,Panda Express,"500 E Meighan Blvd, Gadsden, AL 35903, USA",https://www.pandaexpress.com/locations/al/gadsden/2465
Chinese,Super Hibachi Buffet & Grill,"127 River Rd, Gadsden, AL 35901, USA",http://www.superhibachi.com/?utm_source=gmb&utm_medium=website
Chinese,Golden China Restaurant,"957 W Meighan Blvd, Gadsden, AL 35901, USA",https://goldenchinaal.com/
Chinese,Shanghai Express,"118 E Broad St, Gadsden, AL 35903, USA",
Chinese,New China Restaurant,"110 Sutton Bridge Rd, Rainbow City, AL 35906, USA",
Chinese,Chop Stix,"3741 Alford Bend Rd, Gadsden, AL 35903, USA",
Chinese,No.1 China Buffet,"5624 McClellan Blvd, Anniston, AL 36206, USA",
Chinese,Hong Kong King Buffet,"866 Hwy 411, Etowah, TN 37331, USA",
Chinese,"KT Pho Asian restaurant - Jacksonville , AL","2 Public Square W, Jacksonville, AL 36265, USA",
Chinese,Fuji Restaurant,"1419 Rainbow Dr, Gadsden, AL 35901, USA",https://fujirestaurantgadsden.com/
Chinese,China Buffet,"2044 US-431, Boaz, AL 35957, USA",https://usmapz.me/china-buffet-825316-us
Chinese,China Buffet Talladega,"728 Battle St E, Talladega, AL 35160, USA",https://chinabuffettalladega.kwickmenu.com/index.php
Chinese,Mae Khan's Eggrolls,"2225 W Meighan Blvd, Gadsden, AL 35904, USA",
Chinese,Sakura Japanese Cuisine Hibachi & Sushibar,"1704 E Meighan Blvd, Gadsden, AL 35903, USA",https://sakuraal.com/
Chinese,Oishi Hibachi Express,"3506 Rainbow Dr, Rainbow City, AL 35906, USA",https://www.oishihibachirainbowcity.com/
Indian,Jessi's Indian Kitchen,"2319 Gillionville Rd, Albany, GA 31707, USA",https://jessisindiankitchen.com/
Jewish,Cafe Yerushalmi,"910 Lake Bradford Rd, Tallahassee, FL 32304, USA",
Polish,Salt & Sweet Restaurant,"3092 Lake Washington Rd, Melbourne, FL 32934, USA",http://www.saltandsweet.net/
Polish,Anna's Polish Restaurant,"3586 Aloma Ave #7, Winter Park, FL 32792, USA",
Polish,Cracovia Polish Restaurant - Deli & Bakery,"3007 Commercial Way, Spring Hill, FL 34606, USA",https://cracoviapolishspringhill.com/
Polish,Grace's Taste of Poland,"18513 Satsuma Ave, 19190 Cochran Blvd, Port Charlotte, FL 33948, USA",https://www.facebook.com/GracesTasteofPoland/
Polish,Rogie Pierogies,"1445 N Congress Ave Suite 11, Delray Beach, FL 33445, USA",http://www.rogiepierogies.com/
Polish,Old World Polish Deli,"1390 Federal Hwy, Pompano Beach, FL 33062, USA",http://www.oldworldpolishdeli.com/
Polish,Polish Delicatessen,"1322 W N Blvd, Leesburg, FL 34748, USA",
Polish,PL Market (Pierogis) Polish Deli,"6945 66th St N, Pinellas Park, FL 33781, USA",http://www.plmarketflorida.com/
Polish,Europol Polish Deli,"3090 Aloma Ave, Winter Park, FL 32792, USA",
German,Schnitzel & More,"4504 E Hwy 20, Niceville, FL 32578, USA",https://www.schnitzelandmore.com/
French,Little Paris Tallahassee,"1355 Market St a7, Tallahassee, FL 32312, USA",http://littleparistallahassee.com/
French,Taqueria Miranda,"18870 Blue Star Hwy, Quincy, FL 32351, USA",
French,Carol's Country Cooking,"323 S Cleveland St, Quincy, FL 32351, USA",https://www.facebook.com/Carols-Country-Cookin-202839950310330/
French,Off the Rails Irish Pub,"306 1st St NW, Havana, FL 32333, USA",https://facebook.com/offtherailsirishpub/
French,The Edison - Restaurant Tallahassee,"470 Suwannee St, Tallahassee, FL 32301, USA",http://www.edisontally.com/?utm_source=Google%20My%20Business&utm_medium=Website%20Button&utm_campaign=Tallahassee
French,Gulf Bistro,"15225 Gulf Blvd, Madeira Beach, FL 33708, USA",http://www.gulfbistro.com/
French,The Blu Halo,"3431 Bannerman Rd Suite #102, Tallahassee, FL 32312, USA",https://www.thebluhalo.com/
French,Hardee’s,"100 W Jefferson St, Quincy, FL 32351, USA",https://locations.hardees.com/fl/quincy/100-w-jefferson-st
French,A J Chicken & Things,"203 W Jefferson St, Quincy, FL 32351, USA",
French,Maryland Fried Chicken,"605 E Jefferson St, Quincy, FL 32351, USA",https://marylandfriedchickenfl.com/
French,Mimi's Table,"1311 Miccosukee Rd, Tallahassee, FL 32308, USA",https://www.mimistabletally.com/
Hawaiian,Island Fin Poke Co. - Tallahassee,"1415 Timberlane Rd Ste 407, Tallahassee, FL 32312, USA",https://www.islandfinpoke.com/location/tallahassee-fl/
Brazilian,Terra Gaucha Brazilian Steakhouse - Jacksonville,"4483 Southside Blvd, Jacksonville, FL 32216, USA",http://terragaucha.com/
Brazilian,Fogo de Chão Brazilian Steakhouse,"4784 Town Center Pkwy, Jacksonville, FL 32246, USA",https://fogodechao.com/location/jacksonville/
Brazilian,Ipanema Brazilian Steak House,"2023 S Pine Ave, Ocala, FL 34471, USA",https://www.ipanemaocala.com/
Brazilian,Porto Brasil Restaurant,"7887 Roswell Rd, Atlanta, GA 30350, USA",http://portobrasilrestaurant.com/
Brazilian,Passador Brazilian Steakhouse,"2355 Mansell Rd, Alpharetta, GA 30022, USA",http://www.passadorsteak.com/
Brazilian,Picanha Brazil,"22797 FL-7, Boca Raton, FL 33428, USA",http://www.picanhabrazil.net/
Brazilian,Picanha Brazil Steakhouse,"5650 W Sample Rd, Margate, FL 33073, USA",http://picanhabrazilsteakhouse.com/
Brazilian,Red & Green Brazilian Steak House,"5979 Buford Hwy NE suite b-1, Atlanta, GA 30340, USA",http://www.redandgreensteakhouse.com/
Brazilian,Fogo de Chão Brazilian Steakhouse,"3101 Piedmont Rd, Atlanta, GA 30305, USA",https://fogodechao.com/location/atlanta/
Brazilian,Fogo de Chão Brazilian Steakhouse,"4671 Ashford Dunwoody Rd, Dunwoody, GA 30346, USA",https://fogodechao.com/location/dunwoody/
Peruvian,Don Cha Peruvian Food,"100 Perry Ave SE, Fort Walton Beach, FL 32548, USA",http://donchaperuvianfood.com/
Peruvian,Taste of Peru,"9521 S Orange Blossom Trl ste. 117a, Orlando, FL 32837, USA",http://www.tasteofperu.net/
Peruvian,Pisco Peruvian Gastrobar Orlando,"9344 Narcoossee Rd, Orlando, FL 32827, USA",https://linktr.ee/piscogastrobarorlando
Peruvian,Pisco Restaurant and Bar,"7507 N Armenia Ave, Tampa, FL 33604, USA",http://piscorest.com/
Peruvian,Peruvian Food Blessing,"7249 NW 4th Blvd, Gainesville, FL 32607, USA",http://www.peruvianfoodblessing.com/
Peruvian,Pisco Express-Eagle Creek,"9717 Eagle Creek Center Blvd #100, Orlando, FL 32832, USA",
Peruvian,Pisco y Nazca Ceviche Gastrobar,"8551 NW 53rd St A101, Doral, FL 33166, USA",https://piscoynazca.com/doral
Peruvian,Gadsden Seafood Company llc,"1509a W Jefferson St, Quincy, FL 32351, USA",
Salvadorian,Taqueria Miranda,"18870 Blue Star Hwy, Quincy, FL 32351, USA",
Cuban,Habana's Boardwalk - Cuban Restaurant,"2819 Mahan Dr #126, Tallahassee, FL 32308, USA",http://habanasboardwalk.com/
Cuban,Gordos,"1907 W Pensacola St, Tallahassee, FL 32304, USA",http://gordoscubanfood.com/
Cuban,Off the Rails Irish Pub,"306 1st St NW, Havana, FL 32333, USA",https://facebook.com/offtherailsirishpub/
Cuban,Gordos Northside,"1460 Market St Suite #3-4, Tallahassee, FL 32312, USA",http://www.gordoscubanfood.com/
Tibetan,May Flower,"1986 Pat Thomas Pkwy, Quincy, FL 32351, USA",https://www.smorefood.com/order-online/may-flower-quincy-32351-dk4kxihz?utm_source=gmb&utm_medium=websitehttps://www.smorefood.com/order-online/may-flower-quincy-32351-dk4kxihz?utm_source=gmb&utm_medium=website
Egyptian,Gourmet 2 GO (The Egyptian Restaurant)‎,"3050 Alafaya Trail #1008, Oviedo, FL 32765, USA",https://gourmet2goovideo.kwickmenu.com/
Greek,Kairos Mediterranean,"1415 Timberlane Rd, Tallahassee, FL 32312, USA",https://www.eatkairos.com/
Greek,Taziki's Mediterranean Cafe - Tallahassee,"216 S Magnolia Dr, Tallahassee, FL 32301, USA",https://www.tazikis.com/location/tallahassee
Greek,Pitaria,"1935 Apalachee Pkwy, Tallahassee, FL 32301, USA",https://www.thepitariatallahassee.com/
Greek,Little Athens Gyro,"666 W Tennessee St #5, Tallahassee, FL 32304, USA",https://runinos.com/places/little-athens-gyro-tallahassee-fl/
Greek,Captain Pete's House of Gyros,"1184B Capital Cir NE, Tallahassee, FL 32301, USA",http://www.captainpetesgyros.com/
Greek,Sahara Cafe. Mediterranean Cuisine,"1135 Apalachee Pkwy, Tallahassee, FL 32301, USA",http://www.saharacafeone.com/
Greek,Domino's Pizza,"1990 Pat Thomas Pkwy, Quincy, FL 32351, USA",https://www.dominos.com/en/?utm_source=google&utm_medium=loclist&utm_campaign=localmaps
Greek,Locals Gon Greek - Food Truck,"6654 Caroline St, Milton, FL 32570, USA",https://linktr.ee/localsgongreek
Irish,Off the Rails Irish Pub,"306 1st St NW, Havana, FL 32333, USA",https://facebook.com/offtherailsirishpub/
Irish,Finnegan's Wake,"1122 Thomasville Rd # 2, Tallahassee, FL 32303, USA",http://finnspub.com/
Irish,"Harp & Clover, ""The Clover""","124 Court St, Gadsden, AL 35901, USA",
Cajun,Gadsden Seafood Company llc,"1509a W Jefferson St, Quincy, FL 32351, USA",
Cajun,Dat Cajun Place Cafe,"2705 Thomas Dr, Panama City, FL 32408, USA",http://datcajunplace.com/
Cajun,JP & Son,"1640 AL-77, Gadsden, AL 35907, USA",https://jpandsoncafeal.com/
Cajun,Cajun Seafood House,"2531 Rocky Ridge Rd SUITE 107, Vestavia Hills, AL 35243, USA",https://www.thecajunseafoodhouse.com/
Cajun,Boudreaux's Cajun Grill,"29249 US-98, Daphne, AL 36526, USA",http://www.boudreauxscajungrill.com/
Cajun,Top O' the River,"1606 Rainbow Dr, Gadsden, AL 35901, USA",http://www.topotheriverrestaurant.com/
Cajun,C & J’s Crab Shack & Bar,"1504 Rainbow Dr, Gadsden, AL 35901, USA",https://cjscrab.com/
Cajun,Crazy Cajuns' Boiling Pot,"125 Inverness Plaza, Birmingham, AL 35242, USA",http://www.crazycajuns.net/
Cajun,Popeyes Louisiana Kitchen,"406 E Meighan Blvd, Gadsden, AL 35903, USA",https://www.popeyes.com/store-locator/store/restaurant_81746?utm_source=yext&utm_medium=referral&utm_campaign=organic-local-listings
Cajun,Papa Dubi's,"9510 US-431, Albertville, AL 35950, USA",http://www.papadubis.com/
Cajun,Cajun's Seafood Restaurant,"4301 N Jackson Hwy, Sheffield, AL 35660, USA",https://www.facebook.com/Cajuns-Seafood-544055409019043/
Cajun,USA Cajun Station-Smiths Station,"9063 Lee County 246 Suite 2, Smiths Station, AL 36877, USA",http://www.usacajunstation.com/
Portuguese,Portugal Wine Bar & Grill,"15 Palm Harbor Village Way W, Palm Coast, FL 32137, USA",http://www.portugalwinebarandgrill.com/
Turkish,64 Tally Gyro & Kebabs,"2039 W Pensacola St, Tallahassee, FL 32304, USA",https://64tally.com/
Turkish,Kebabas Mediterranean Grill,"601 W Gaines St, Tallahassee, FL 32304, USA",http://kebabasgrill.com/
Turkish,Mr Kebab & Shawarma,"300 N 12th St, Gadsden, AL 35901, USA",https://online.skytab.com/s/schawarma
Turkish,Ali Baba Grill Cafe,"550 Mary Esther Cut Off NW #13, Fort Walton Beach, FL 32548, USA",https://alibabagrillcafe.weebly.com/
Turkish,Alaturka Mediterranean Grill & Bakery,"36055 US Hwy 19 N, Palm Harbor, FL 34684, USA",http://www.alaturkagrillbakery.com/
Turkish,Little Athens Gyro,"666 W Tennessee St #5, Tallahassee, FL 32304, USA",https://runinos.com/places/little-athens-gyro-tallahassee-fl/
Turkish,Mashawy,"3297 Caverns Rd, Marianna, FL 32446, USA",http://mashawygrills.com/
Haitian,509 Caribbean Cuisine,"2450 Springhill Rd unit 4, Tallahassee, FL 32305, USA",https://www.toasttab.com/509-caribbean-cuisine
Haitian,Caribbean Crossroads,"3708 Carrington Pl, Tallahassee, FL 32303, USA",http://www.caribbeanxroads.com/
Kenyan,Halisi Africa,"62517 Railroad Sq, Tallahassee, FL 32310, USA",http://www.halisiafrica.com/
Korean,Chow Won Korean Steakhouse,"1107 Apalachee Pkwy Suite 10, Tallahassee, FL 32301, USA",
Korean,Korean BBQ & More,"1490 Apalachee Pkwy, Tallahassee, FL 32301, USA",https://mykbbq.com/
Korean,Takko Korean Taqueria - Tallahassee,"218 S Magnolia Dr Suite 101, Tallahassee, FL 32301, USA",https://takkoeats.com/
Korean,Korean House Restaurant,"489 N Daleville Ave, Daleville, AL 36322, USA",http://www.facebook.com/koreanhouse
Korean,Volcano Hot Pot & BBQ,"1872 Thomasville Rd unit A, Tallahassee, FL 32303, USA",http://www.volcanohotpot.com/
Korean,Takko Korean Taqueria - Market Street,"1415 Timberlane Rd #301, Tallahassee, FL 32312, USA",https://takkoeats.com/
Algerian,Mashawy,"3297 Caverns Rd, Marianna, FL 32446, USA",http://mashawygrills.com/
Nigerian,Flavors Nigerian Restaurant,"3530 S Orange Ave, Orlando, FL 32806, USA",
Moroccan,Merguez Restaurant,"11901 International Dr, Orlando, FL 32821, USA",https://www.merguez.restaurant/
Lebanese,Mr Kebab & Shawarma,"300 N 12th St, Gadsden, AL 35901, USA",https://online.skytab.com/s/schawarma
Vietnamese,Pho Me Vietnamese Noodle Bar,"2320 Apalachee Pkwy, Tallahassee, FL 32301, USA",http://www.phomenoodlebar.com/
Vietnamese,Viet Pho,"717 N Westover Blvd #1406, Albany, GA 31707, USA",http://facebook.com/vietpho229
Vietnamese,Vietnamese Grille,"16 NW 18th St, Gainesville, FL 32603, USA",
Vietnamese,Paris Banh Mi - Tallahassee,"1875 N Monroe St Ste. 100, Tallahassee, FL 32303, USA",https://www.parisbanhmi.com/locations/paris-banh-mi-tallahassee
Mediterranean,Mr Kebab & Shawarma,"300 N 12th St, Gadsden, AL 35901, USA",https://online.skytab.com/s/schawarma
Mediterranean,The Purple Onion,"3318 Rainbow Dr, Rainbow City, AL 35906, USA",http://thepurpleonion.co/
Mediterranean,Taziki's Mediterranean Cafe - Florence,"261 Cox Creek Pkwy, Florence, AL 35630, USA",https://tazikiscafe.com/location/florence/
Mediterranean,Istanbul - Turkish Mediterranean Cuisine,"488 S Yonge St, Ormond Beach, FL 32174, USA",https://www.istanbulflorida.com/
Mediterranean,Delight Grill Mediterranean Restaurant,"802 Dacula Rd #101, Dacula, GA 30019, USA",https://www.delightgrillmediterranean.com/
Mediterranean,Samad Grill,"8897 Roswell Rd, Sandy Springs, GA 30350, USA",http://samadgrill.com/
Mediterranean,Abby's Mediterranean Grill,"11877 Douglas Rd #103, Alpharetta, GA 30005, USA",https://www.abbysmedgrill.com/
Mediterranean,Baba's Gyro & Kabob,"2310 Ronald Reagan Blvd Suite A, Cumming, GA 30041, USA",http://www.babasgyros.com/
Mediterranean,Santorini Greek Cuisine,"136 N Woodland Blvd, DeLand, FL 32720, USA",http://www.santoriniindeland.com/
Mediterranean,Mediterranean Breeze Bar And Grill,"130 John W Morrow Jr Pkwy Suite i and j, Gainesville, GA 30501, USA",https://www.medbreezebarandgrill.com/
Mediterranean,Taziki's Mediterranean Cafe - Huntsville,"4855 Whitesburg Dr, Huntsville, AL 35802, USA",https://www.tazikis.com/location/huntsville/
Mediterranean,JT's Falafel & Kababs,"1012 US-72, Corinth, MS 38834, USA",https://www.facebook.com/jtsgrill
Mediterranean,PITA Mediterranean Street Food,"720 Dacula Rd, Dacula, GA 30019, USA",
Mediterranean,Medi's Mediterranean Fusion Restaurant,"1687 Bass Rd #103, Macon, GA 31210, USA",http://www.medisonbass.com/
Mediterranean,Greektown Taverna,"150 N Nova Rd, Ormond Beach, FL 32174, USA",http://www.greektowntaverna.com/
Mediterranean,Gardenia Mediterranean Restaurant,"4335 Bethelview Rd, Cumming, GA 30040, USA",https://www.gardeniarestaurant.com/
Mediterranean,Jamo's Cafe,"413 Jordan Ln NW, Huntsville, AL 35805, USA",
Mediterranean,Costa's Mediterranean Cafe,"5891 Trussville Crossings Pkwy, Birmingham, AL 35235, USA",
Mediterranean,Delbar Middle Eastern - Alpharetta OM,"4120 Old Milton Pkwy, Alpharetta, GA 30005, USA",https://www.delbaratl.com/home-old-milton
Ethiopian,Halisi Africa,"62517 Railroad Sq, Tallahassee, FL 32310, USA",http://www.halisiafrica.com/
Caribbean,G&G Eat In & Takeout,"745 Apalachee Pkwy, Tallahassee, FL 32301, USA",
Caribbean,Jamaican Paradise Grill,"3101 W Tennessee St, Tallahassee, FL 32304, USA",https://best-jamaican-restaurant-tallahassee.business.site/
Caribbean,509 Caribbean Cuisine,"2450 Springhill Rd unit 4, Tallahassee, FL 32305, USA",https://www.toasttab.com/509-caribbean-cuisine
Caribbean,William's Jamaican Jerk & BBQ,"2520 W Tharpe St, Tallahassee, FL 32303, USA",
Caribbean,People's Choice Jamaican Food Mobile Kitchen,"1940 S Monroe St, Tallahassee, FL 32301, USA",https://order.online/business/peoples-choice-jamaican-food-mobile-kitchen-950605
Caribbean,Caribbean Sunshine Restaurant,"16112 Marsh Rd #417, Winter Garden, FL 34787, USA",https://www.caribbeansunshine.getsauce.com/
Caribbean,Famous Jamaican Jerk Seafood,"7945 103rd St, Jacksonville, FL 32210, USA",https://www.facebook.com/pages/Famous-Jamaican-Jerk-Seafood/167584396595061
Caribbean,Gadsden Seafood Company llc,"1509a W Jefferson St, Quincy, FL 32351, USA",
Caribbean,Maryland Fried Chicken,"605 E Jefferson St, Quincy, FL 32351, USA",https://marylandfriedchickenfl.com/
Caribbean,Caribbean Sunshine Bakery,"2528 W Colonial Dr, Orlando, FL 32804, USA",https://www.caribbeansunshine.getsauce.com/
Caribbean,CARRIBEAN ISLAND CUISINE,"221 Martin Luther King Blvd, Winter Haven, FL 33881, USA",
Soul,Soul Food Express,"119 W Jefferson St, Quincy, FL 32351, USA",
Argentinian,Alma Argentina,"3607 Aloma Ave Unit 107, Oviedo, FL 32765, USA",https://linktr.ee/AlmaArgentina
Argentinian,Alma Argentina,"6266 W Irlo Bronson Memorial Hwy, Celebration, FL 34747, USA",https://linktr.ee/AlmaArgentina
Argentinian,Parrillada Argentina,"University Park, FL 33165, USA",
Argentinian,Empanada’s Factory Latin Fusion,"8060 Philips Hwy, Jacksonville, FL 32256, USA",http://www.empanadasfactoryjax.com/
Argentinian,Terra Gaucha Brazilian Steakhouse - Jacksonville,"4483 Southside Blvd, Jacksonville, FL 32216, USA",http://terragaucha.com/
Argentinian,The Equestrian Grill,"10155 SW Hwy 484, Dunnellon, FL 34432, USA",
Chilean,Las Delicias,"1123 W Jefferson St, Quincy, FL 32351, USA",https://lasdeliciasfl.com/
Chilean,Taqueria Miranda,"18870 Blue Star Hwy, Quincy, FL 32351, USA",
Colombian,El Rincón Latino Colombian Restaurant,"2010 W Tennessee St, Tallahassee, FL 32304, USA",http://www.superperroscolombian.com/
Colombian,Las Delicias,"1123 W Jefferson St, Quincy, FL 32351, USA",https://lasdeliciasfl.com/
Costa Rican,Lapa's Costa Rican Bistro,"26251 S Tamiami Trail, Bonita Springs, FL 34134, USA",http://www.lapascr.com/
Ecuadorian,Café Pintón EC,"11062 International Dr #140, Orlando, FL 32821, USA",https://instagram.com/cafepinton_ec?igshid=YmMyMTA2M2Y=
Guatemalan,Guatemala Restaurant,"3671 Davie Blvd, Fort Lauderdale, FL 33312, USA",
Honduran,Honduras Kitchen / Comida Hondureña / envios de dinero,"340 Palm Beach Dr, Panama City Beach, FL 32413, USA",
Iranian,Persepolis Persian Cuisine,"6435-B Roswell Rd, Sandy Springs, GA 30328, USA",http://www.persepoliscuisine.com/
Israeli,Cafe Yerushalmi,"910 Lake Bradford Rd, Tallahassee, FL 32304, USA",
Jamaican,G&G Eat In & Takeout,"745 Apalachee Pkwy, Tallahassee, FL 32301, USA",
Laotian,Savanh Of Laos,"5667 Seminole Blvd, Seminole, FL 33772, USA",https://www.savanhoflaos.com/
Lithuanian,Smilga,"2819 83rd St, Darien, IL 60561, USA",http://www.smilgabakery.com/
Malaysian,Mamak Asian Street Food,"1231 E Colonial Dr, Orlando, FL 32803, USA",https://www.mamakeats.com/
Mongolian,China Buffet,"1620 W Jefferson St, Quincy, FL 32351, USA",
Nepalese,Gorkhali Kitchen,"10044 Cross Creek Blvd, Tampa, FL 33647, USA",http://www.gorkhalikitchentampa.com/
Nicaraguan,Fritanga La Nueva,"29 S Semoran Blvd, Orlando, FL 32807, USA",
Norwegian,Kubby Kub's BBQ,"2121 W Jefferson St, Quincy, FL 32351, USA",
Pakistani,Tarka Karahi and Kabab House,"7881 W Sample Rd, Coral Springs, FL 33065, USA",
Panamanian,Salomas Panamanian Cuisine,"1810 Town Center Blvd Suite 13, Fleming Island, FL 32003, USA",
Peruvian,Don Cha Peruvian Food,"100 Perry Ave SE, Fort Walton Beach, FL 32548, USA",http://donchaperuvianfood.com/
Peruvian,Taste of Peru,"9521 S Orange Blossom Trl ste. 117a, Orlando, FL 32837, USA",http://www.tasteofperu.net/
Peruvian,Pisco Peruvian Gastrobar Orlando,"9344 Narcoossee Rd, Orlando, FL 32827, USA",https://linktr.ee/piscogastrobarorlando
Peruvian,Pisco Restaurant and Bar,"7507 N Armenia Ave, Tampa, FL 33604, USA",http://piscorest.com/
Peruvian,Peruvian Food Blessing,"7249 NW 4th Blvd, Gainesville, FL 32607, USA",http://www.peruvianfoodblessing.com/
Peruvian,Pisco Express-Eagle Creek,"9717 Eagle Creek Center Blvd #100, Orlando, FL 32832, USA",
Peruvian,Pisco y Nazca Ceviche Gastrobar,"8551 NW 53rd St A101, Doral, FL 33166, USA",https://piscoynazca.com/doral
Peruvian,Gadsden Seafood Company llc,"1509a W Jefferson St, Quincy, FL 32351, USA",
Philippine,Real Sarap,"435 W Tennessee St, Tallahassee, FL 32301, USA",
Polish,Salt & Sweet Restaurant,"3092 Lake Washington Rd, Melbourne, FL 32934, USA",http://www.saltandsweet.net/
Polish,Anna's Polish Restaurant,"3586 Aloma Ave #7, Winter Park, FL 32792, USA",
Polish,Cracovia Polish Restaurant - Deli & Bakery,"3007 Commercial Way, Spring Hill, FL 34606, USA",https://cracoviapolishspringhill.com/
Polish,Grace's Taste of Poland,"18513 Satsuma Ave, 19190 Cochran Blvd, Port Charlotte, FL 33948, USA",https://www.facebook.com/GracesTasteofPoland/
Polish,Rogie Pierogies,"1445 N Congress Ave Suite 11, Delray Beach, FL 33445, USA",http://www.rogiepierogies.com/
Polish,Old World Polish Deli,"1390 Federal Hwy, Pompano Beach, FL 33062, USA",http://www.oldworldpolishdeli.com/
Polish,Polish Delicatessen,"1322 W N Blvd, Leesburg, FL 34748, USA",
Polish,PL Market (Pierogis) Polish Deli,"6945 66th St N, Pinellas Park, FL 33781, USA",http://www.plmarketflorida.com/
Polish,Europol Polish Deli,"3090 Aloma Ave, Winter Park, FL 32792, USA",
Puerto Rican,Papi's Cafe & Grill,"723 Eglin Pkwy NE, Fort Walton Beach, FL 32547, USA",http://www.papiscafeandgrill.com/
Puerto Rican,El Punto PR,"17010 W Newberry Rd, Newberry, FL 32669, USA",http://facebook.com/elpuntofoodtruck1
Puerto Rican,Lelo's BBQ,"1270 Saxon Blvd #103, Orange City, FL 32763, USA",http://lelosbbq.com/
Puerto Rican,La Garita Chinchorreo y Algo Más,"28067 US Hwy 27, Dundee, FL 33838, USA",https://www.facebook.com/la.garita.wh
Puerto Rican,El Sabor Ponceño #2,"2255 U.S. Hwy 17-92 N, Haines City, FL 33844, USA",https://www.facebook.com/ElSaborPoncenoFL/
Puerto Rican,Sabor Latino Puerto Rican Cuisine & Gallery,"777 Deltona Blvd, Deltona, FL 32725, USA",http://www.saborlatinodeltona.com/
Puerto Rican,Gordos,"1907 W Pensacola St, Tallahassee, FL 32304, USA",http://gordoscubanfood.com/
Puerto Rican,Mi Patria Restaurant Sobre Ruedas,"2255 U.S. Hwy 17-92 N, Haines City, FL 33844, USA",
Puerto Rican,Rincon del Sabor,"2735 S Woodland Blvd, DeLand, FL 32720, USA",http://rdslatinfood.com/
Puerto Rican,Sabor a Mi Tierra,"3762 Tamiami Trl STE F, Port Charlotte, FL 33952, USA",https://m.facebook.com/SaborAmiTierraPR
Puerto Rican,Manny’s Pinchos & More,"1647 Providence Blvd, Deltona, FL 32725, USA",https://facebook.com/mannyspinchos2022
Puerto Rican,Boricuba Cafe,"11206 Hutchison Blvd, Panama City Beach, FL 32407, USA",
Puerto Rican,Flamingoz A Taste of Miami,"620-1 Railroad Sq, Tallahassee, FL 32310, USA",https://itzsmackin.kwickmenu.com/
Puerto Rican,Puerto Rican Spice Restaurant,"12765 S Tamiami Trail, North Port, FL 34287, USA",https://www.puertoricanspicefl.com/
Saudi Arabian,Mr Kebab & Shawarma,"300 N 12th St, Gadsden, AL 35901, USA",https://online.skytab.com/s/schawarma
Singaporean,Gadsden Seafood Company llc,"1509a W Jefferson St, Quincy, FL 32351, USA",
Somali,East African Restaurant- Somali,"7277 Turfway Rd SUITE C, Florence, KY 41042, USA",http://earestaurant.com/
South African,Halisi Africa,"62517 Railroad Sq, Tallahassee, FL 32310, USA",http://www.halisiafrica.com/
Swiss,Hardee’s,"100 W Jefferson St, Quincy, FL 32351, USA",https://locations.hardees.com/fl/quincy/100-w-jefferson-st
Syrian,Mr Kebab & Shawarma,"300 N 12th St, Gadsden, AL 35901, USA",https://online.skytab.com/s/schawarma
Taiwanese,Dao Restaurant,"3425 Bannerman Rd Unit A102, Tallahassee, FL 32312, USA",http://www.daotally.com/
Tanzanian,Halisi Africa,"62517 Railroad Sq, Tallahassee, FL 32310, USA",http://www.halisiafrica.com/
Thai,Royal Thai Cuisine,"6212 E Hwy 98, Panama City, FL 32404, USA",https://www.royalthaicuisineorder.com/
Thai,Thai Chef Restaurant,"301 Cherry St, Panama City, FL 32401, USA",https://www.thaichefpanamacity.net/
Thai,Kati Thai Cuisine,"102 Eble St, Gadsden, AL 35904, USA",https://www.facebook.com/Kati-Thai-Cuisine-204237716274689/
Thai,Sue's Thai Cafe,"2727 Joan Ave, Panama City, FL 32408, USA",http://www.suesthaicafe.com/
Thai,Oishi Thai Restaurant and Sushi Bar,"16920 Front Beach Rd, Panama City Beach, FL 32413, USA",https://www.oishithaisushi.com/
Thai,A J Chicken & Things,"203 W Jefferson St, Quincy, FL 32351, USA",
Tunisian,Tunis Fresh 'N Fast,"5201 Baymeadows Rd, Jacksonville, FL 32217, USA",https://www.tunisfreshnfast.com/
Ukrainian,Maryland Fried Chicken,"605 E Jefferson St, Quincy, FL 32351, USA",https://marylandfriedchickenfl.com/
Uruguayan,Casa de Uruguay Food Truck and Bakery,"14803 a Tamiami Trl, North Port, FL 34287, USA",
Venezuelan,VeneBites,"217 E 3rd Ave, Tallahassee, FL 32303, USA",https://www.ordervenebites.com/
Venezuelan,Dejavu Venezuelan Food,"Thomasville Rd, Tallahassee, FL 32309, USA",http://www.dejavuvenezuelanfood.com/
Vietnamese,Pho Me Vietnamese Noodle Bar,"2320 Apalachee Pkwy, Tallahassee, FL 32301, USA",http://www.phomenoodlebar.com/
Vietnamese,Viet Pho,"717 N Westover Blvd #1406, Albany, GA 31707, USA",http://facebook.com/vietpho229
Vietnamese,Vietnamese Grille,"16 NW 18th St, Gainesville, FL 32603, USA",
Vietnamese,Paris Banh Mi - Tallahassee,"1875 N Monroe St Ste. 100, Tallahassee, FL 32303, USA",https://www.parisbanhmi.com/locations/paris-banh-mi-tallahassee
Zambian,Halisi Africa,"62517 Railroad Sq, Tallahassee, FL 32310, USA",http://www.halisiafrica.com/
Zimbabwean,Ayo African Restaurant bar and lounge,"5150 Austell Rd, Austell, GA 30106, USA",http://ayoafricanarestaurant.com/?utm_source=gmb&utm_medium=referral
