Cuisine Type,Name,Address,Website
Mexican,El Paraiso Restaurant y Taqueria,"17312 U.S. Hwy 19, Fanning Springs, FL 32693, USA",
Mexican,El Taco Regio,"321 N Main St, Trenton, FL 32693, USA",
Mexican,Elle Cocina,"222 NW 1st Ave, Trenton, FL 32693, USA",https://www.ellecocina.com/
Mexican,Viejo Amigo Mexican Restaurant,"2193 NW 11th Dr, Chiefland, FL 32626, USA",
Mexican,Los Avina Mexican Restaurant,"2008 NW 11th Dr, Chiefland, FL 32626, USA",https://losavinarestaurantchiefland.com/
Mexican,Los Avina Mexican Restaurant,"25461 W Newberry Rd, Newberry, FL 32669, USA",
Mexican,El Patio,"18576 High Spring Main Street, 60 High Springs Main St, High Springs, FL 32643, USA",
Mexican,Los Avina Mexican Restaurant,"830 E Hathaway Ave, Bronson, FL 32621, USA",
Mexican,Taco Bell,"2025 N Young Blvd, Chiefland, FL 32626, USA",https://locations.tacobell.com/fl/chiefland/2025-north-young-blvd.html?utm_source=yext&utm_campaign=googlelistings&utm_medium=referral&utm_term=036300&utm_content=website&y_source=1_NjE0NTM1OS03MTUtbG9jYXRpb24ud2Vic2l0ZQ%3D%3D
Mexican,Los Quina Mexican restaurant,"830 E Hathaway Ave, Bronson, FL 32621, USA",
Mexican,Tacos Nuestro Sabor LLC,"107 US-129, Chiefland, FL 32626, USA",
Mexican,Cracker Shack,"408 N Main St, Trenton, FL 32693, USA",
Mexican,Back Porch Burgers Food Truck,"4790 SW Co Rd 341, Bell, FL 32619, USA",https://back-porch-burgers.business.site/?utm_source=gmb&utm_medium=referral
Mexican,Mexican tacos el compadre,"980 E Hathaway Ave, Bronson, FL 32621, USA",
Mexican,El Potro Mexican Restaurant,"2470 W US Hwy 90, Lake City, FL 32025, USA",https://www.elpotrolakecity.com/
Mexican,Green Barn Prime,"110 NW 2nd St, Trenton, FL 32693, USA",http://gbprime1.com/
Mexican,Salsas of Lake City,"4578 SW Heritage Oaks Cir, Lake City, FL 32024, USA",http://www.salsasmexrestaurants.com/
Mexican,Adelitas,"4039 W US Hwy 90, Lake City, FL 32055, USA",
Mexican,El Tapatio,"14019 US-441, Lake City, FL 32024, USA",
Mexican,Mexican Restaurant,"16368 SE Hwy 19, Cross City, FL 32628, USA",
Swedish,Chompers Diner,"17951 U.S. Hwy 19, Fanning Springs, FL 32693, USA",https://www.chompersdiner.com/
Latvian,Golden Drumstick,"3862 NE County Rd 340, High Springs, FL 32643, USA",
Italian,Off The Beet,"517 N Main St, Trenton, FL 32693, USA",http://offthebeet.net/home
Italian,Fratello's Pizza,"508 E Wade St, Trenton, FL 32693, USA",https://www.facebook.com/fratellospizzatrenton/
Italian,Papa Luigi's,"143 SE 349 Hwy, Old Town, FL 32680, USA",https://www.facebook.com/PapaLuigisOldTown/
Italian,O Sole Mio Cucina Italiana,"14230 W Newberry Rd, Newberry, FL 32669, USA",http://osolemios.com/
Italian,Our Place Pizzeria​ and Ristorante,"403 SW Suwannee Ave, Branford, FL 32008, USA",https://www.ourplacepizzeriaristorante.com/?utm_source=gbp
Italian,Italian Pizzeria and Restaurant,"1077 W US Hwy 90, Lake City, FL 32055, USA",https://www.italianpizzeriafl.com/
Italian,Villaggios Pizzeria,"179 SW 250th St, Newberry, FL 32669, USA",http://www.villaggios-pizzeria.com/
Italian,Frankie's Place,"297 N Marion Ave, Lake City, FL 32055, USA",http://frankies-place.com/
Italian,PEPPERONI'S PIZZERIA,"19975 NW 244th St Unit 10, High Springs, FL 32643, USA",http://pepperonispizzeria.com/
Italian,Lighthouse Restaurant,"7600 U.S. Hwy 19, Fanning Springs, FL 32693, USA",https://www.facebook.com/lighthouse.fanning.springs/
Italian,Akins BBQ,"1159 S Main St, Bell, FL 32619, USA",https://akinsbbq.com/
Italian,BubbaQue's BBQ - Trenton,"115 NW 1st St, Trenton, FL 32693, USA",http://bubbaquesbbq.com/
Italian,Sbarro,"3970 Northeast County Road #340, High Springs, FL 32643, USA",http://www.sbarro.com/
Italian,Olive Garden Italian Restaurant,"3072 W US Hwy 90, Lake City, FL 32055, USA",https://www.olivegarden.com/locations/fl/lake-city/lake-city/4442?cmpid=br:og_ag:ie_ch:loc_ca:OGGMB_sn:gmb_gt:lake-city-fl-4442_pl:locurl_rd:1783
Italian,Elle Cocina,"222 NW 1st Ave, Trenton, FL 32693, USA",https://www.ellecocina.com/
Italian,Suwannee Belle Landing,"282 SE 989th St, Old Town, FL 32680, USA",
Italian,Bella Vista Italian Restaurant,"540 State Rd 13 N, Fruit Cove, FL 32259, USA",https://www.bellavistaitalian.com/
Italian,Prohibition Pizza,"18559 NW 237th St, High Springs, FL 32643, USA",http://www.prohibitionpizza.com/
Italian,Great Outdoors Restaurant,"18587 High Springs Main St, High Springs, FL 32643, USA",http://www.gohighsprings.com/
Italian,Farmhouse 1906,"25405 W Newberry Rd, Newberry, FL 32669, USA",
Spanish,El Paraiso Restaurant y Taqueria,"17312 U.S. Hwy 19, Fanning Springs, FL 32693, USA",
Spanish,Elle Cocina,"222 NW 1st Ave, Trenton, FL 32693, USA",https://www.ellecocina.com/
Spanish,El Taco Regio,"321 N Main St, Trenton, FL 32693, USA",
Spanish,Cherry's Restaurant,"408 N Main St, Trenton, FL 32693, USA",http://www.facebook.com/Cherrys-Seafood-Steak-629278543855361
Spanish,Back Porch Burgers Food Truck,"4790 SW Co Rd 341, Bell, FL 32619, USA",https://back-porch-burgers.business.site/?utm_source=gmb&utm_medium=referral
Spanish,España Restaurant & Tapas,"22 S 4th St, Fernandina Beach, FL 32034, USA",https://www.espanaamelia.com/
Spanish,Los Avina Mexican Restaurant,"2008 NW 11th Dr, Chiefland, FL 32626, USA",https://losavinarestaurantchiefland.com/
Spanish,Los Avina Mexican Restaurant,"25461 W Newberry Rd, Newberry, FL 32669, USA",
Spanish,Arepas Milko,"285 SW 250th St Suite A, Newberry, FL 32669, USA",https://www.facebook.com/arepasmilko/
Spanish,Viejo Amigo Mexican Restaurant,"2193 NW 11th Dr, Chiefland, FL 32626, USA",
Spanish,Tacos Nuestro Sabor LLC,"107 US-129, Chiefland, FL 32626, USA",
Spanish,Farmhouse 1906,"25405 W Newberry Rd, Newberry, FL 32669, USA",
Spanish,Filipino Flavors,"25740 W Newberry Rd, Newberry, FL 32669, USA",https://filipinoflavorsfl.com/
Spanish,Treasure Camp,"15249 NW 46th Ln, Chiefland, FL 32626, USA",http://www.treasurecamp.online/
Spanish,Los Avina Mexican Restaurant,"830 E Hathaway Ave, Bronson, FL 32621, USA",
Spanish,Salsas of Lake City,"4578 SW Heritage Oaks Cir, Lake City, FL 32024, USA",http://www.salsasmexrestaurants.com/
Spanish,El Patio,"18576 High Spring Main Street, 60 High Springs Main St, High Springs, FL 32643, USA",
Spanish,Cottage Cafe,"139 SE 349 Hwy, Old Town, FL 32680, USA",
Spanish,Pampy's Cuban Bakery,"4475 FL-47, Lake City, FL 32024, USA",https://www.pampyslatinfood.com/
Spanish,Lelo's BBQ,"1270 Saxon Blvd #103, Orange City, FL 32763, USA",http://lelosbbq.com/
Scottish,Golden Drumstick,"3862 NE County Rd 340, High Springs, FL 32643, USA",
British,The Queen's Arms Pub,"5323 SW 91st Terrace, Gainesville, FL 32608, USA",http://www.queensarmspub.com/
Thai,Kombo Kitchen - Thai and American,"505 NW 21 Ave, Chiefland, FL 32626, USA",
Japanese,SHO GUN Japanese Restaurant,"143 W Noble Ave, Williston, FL 32696, USA",http://www.shogunwilliston.com/
Japanese,A'xin Sushi&Hibachi,"14218 W Newberry Rd, Newberry, FL 32669, USA",https://axinsushinewberry.kwickmenu.com/index.php
Japanese,Ace China,"1122 E Wade St, Trenton, FL 32693, USA",
Japanese,Sakura Buffet,"2469 W US Hwy 90 #148, Lake City, FL 32055, USA",
Japanese,Red Ginger Asian Bistro,"2143 W US Hwy 90 Suite 101, Lake City, FL 32055, USA",http://www.redgingerfl.com/
Japanese,Wasabi,"313 NW Commons Loop, Lake City, FL 32055, USA",https://lakecitywasabi.com/
Japanese,Mya's Chinese Restaurant,"2202 N Young Blvd Suite #703, Chiefland, FL 32626, USA",http://myas-chinese.paqe.io/
Japanese,Off The Beet,"517 N Main St, Trenton, FL 32693, USA",http://offthebeet.net/home
Japanese,Mya's Noodle House,"2130 N Young Blvd, Chiefland, FL 32626, USA",
Japanese,Fuji Japanese Steakhouse,"17860 SE 109th Ave #619, Summerfield, FL 34491, USA",http://www.fujishibachi.com/
Japanese,China One,"2165 NW 11th Dr, Chiefland, FL 32626, USA",
Japanese,Kiku Hibachi & Sushi,"15211 US-441, Eustis, FL 32726, USA",http://www.kikuhibachiandsushi.com/
Japanese,Sakura Restaurant,"1104 Bichara Blvd, Lady Lake, FL 32159, USA",https://www.sakurathevillagesfl.com/
Japanese,Sakura Japanese Restaurant,"265 Colony Blvd, The Villages, FL 32162, USA",https://www.sakurathevillagesfl.com/
Japanese,Sushi-2-Go University,"1412 W University Ave suite c, Gainesville, FL 32603, USA",http://www.sushi2go.com/
Japanese,Red Wok,"24204 W Newberry Rd #2211, Newberry, FL 32669, USA",https://www.redwoksushifl.com/
Japanese,VKI JAPANESE STEAKHOUSE,"1004 Old Mill Run, The Villages, FL 32162, USA",
Japanese,Takeya Japanese Steak House and Sushi Bar,"220 N Williamson Blvd, Ormond Beach, FL 32174, USA",https://www.takeyasteakhouse.com/
Chinese,Ace China,"1122 E Wade St, Trenton, FL 32693, USA",
Chinese,China One,"2165 NW 11th Dr, Chiefland, FL 32626, USA",
Chinese,Mya's Chinese Restaurant,"2202 N Young Blvd Suite #703, Chiefland, FL 32626, USA",http://myas-chinese.paqe.io/
Chinese,Myas,"Chiefland, FL 32626, USA",
Chinese,Mya's Noodle House,"2130 N Young Blvd, Chiefland, FL 32626, USA",
Chinese,China 1 Restaurant,"16714 SE Hwy 19, Cross City, FL 32628, USA",
Chinese,China House,"508 Plant Ave SW, Branford, FL 32008, USA",http://chinahousebranford.com/
Chinese,Red Wok,"24204 W Newberry Rd #2211, Newberry, FL 32669, USA",https://www.redwoksushifl.com/
Chinese,Eabyss,"20201 US-441, High Springs, FL 32643, USA",http://www.eabysshighspringsfl.com/?utm_source=gmb&utm_medium=website
Chinese,Lighthouse Restaurant,"7600 U.S. Hwy 19, Fanning Springs, FL 32693, USA",https://www.facebook.com/lighthouse.fanning.springs/
Chinese,China House,"48 E Noble Ave, Williston, FL 32696, USA",
Canadian,Golden Drumstick,"3862 NE County Rd 340, High Springs, FL 32643, USA",
Russian,Gainesville Russian Food,"5200 NW 34th Blvd C, Gainesville, FL 32605, USA",
Jewish,The Wandering Jew,"219 NW 10th Ave, Gainesville, FL 32601, USA",https://wanderingjewfoods.com/
Polish,Pierogi Grill,"1535 Gulf to Bay Blvd, Clearwater, FL 33755, USA",https://www.facebook.com/pierogigrill/
Polish,Cracovia Polish Restaurant - Deli & Bakery,"3007 Commercial Way, Spring Hill, FL 34606, USA",https://cracoviapolishspringhill.com/
Polish,Grace's Taste of Poland,"18513 Satsuma Ave, 19190 Cochran Blvd, Port Charlotte, FL 33948, USA",https://www.facebook.com/GracesTasteofPoland/
Polish,Anna's Polish Restaurant,"3586 Aloma Ave #7, Winter Park, FL 32792, USA",
Polish,Pierogi Market Place,"1008 White St, Key West, FL 33040, USA",
Polish,Polish Delicatessen,"1322 W N Blvd, Leesburg, FL 34748, USA",
Polish,Babushka's - Temple Terrace,"12639 N 56th St, Temple Terrace, FL 33617, USA",https://www.babushkas.us/temple-terrace
Polish,Krakus Polish Deli,"7306 Southgate Blvd, North Lauderdale, FL 33068, USA",http://www.krakusdelifl.com/
Polish,kendogs,"16041 U.S. Hwy 19, Fanning Springs, FL 32693, USA",
Polish,Lacomka Bakery & Russian Store - Orlando FL,"2050 FL-436 #140, Winter Park, FL 32792, USA",https://www.lacomkaorlando.com/
Polish,Europol Polish Deli,"3090 Aloma Ave, Winter Park, FL 32792, USA",
German,Hollerbach's German Restaurant,"201-205 E 1st St, Sanford, FL 32771, USA",https://hollerbachs.com/
German,Old Heidelberg Restaurant,"900 W State Rd 84, Fort Lauderdale, FL 33315, USA",http://www.heidelbergfl.com/
German,Heidi's German Restaurant,"12791 Kenwood Ln, Fort Myers, FL 33907, USA",http://heidisgermanrestaurant.com/
German,Hofbrau Amelia,"19 S 3rd St, Fernandina Beach, FL 32034, USA",https://www.hofbrauamelia.com/
German,The Hoffmann,"3825 NE Indian River Dr, Jensen Beach, FL 34957, USA",https://www.the-hoffmann.com/
German,Hollerbach's German Market,"117 Magnolia Ave, Sanford, FL 32771, USA",http://hollerbachs.com/
German,Checkers Old Munchen,"2209 E Atlantic Blvd, Pompano Beach, FL 33062, USA",http://checkersoldmunchen.com/
German,Schnitzel-Time,"Directly at the BP gas Station, 1755 Palm Harbor Pkwy, Palm Coast, FL 32137, USA",https://schnitzel-time.com/
German,The Bavarian Haus,"433 Alexander St, Mt Dora, FL 32757, USA",http://www.eatatthebavarianhaus.com/
German,Village Bier Garten Restaurant - Cocoa,"415 Delannoy Ave, Cocoa, FL 32922, USA",https://www.villagebier.com/
German,Buchner's Bierhalle,"Enter through Blackhat Vapor, 1188 Edgewood Ave S, Jacksonville, FL 32205, USA",http://www.buchnersbierhalle.com/
German,Cafe Coconut Cove,"4210 S Hwy A1A, Melbourne Beach, FL 32951, USA",https://www.cafecoconutcove.com/contact
German,Biergarten,"309 Via De Palmas #90, Boca Raton, FL 33432, USA",http://www.biergartenboca.com/
German,Nurnberger Bierhaus,"2136 Lake Ariel Hwy, Lake Ariel, PA 18436, USA",http://www.nurnbergerbierhaus.info/
German,Yalaha Bakery,"8210 FL-48, Yalaha, FL 34797, USA",http://www.yalahabakery.com/
German,Hollerbach's ÜberKeller,"205 E 1st St 2nd Floor, Sanford, FL 32771, USA",https://hollerbachs.com/uberkeller
German,Schweini's Delicatessen,"108 S Main St, Winter Garden, FL 34787, USA",https://schweinis-deli.com/
German,Old Heidelberg Deli,"914 W State Rd 84, Fort Lauderdale, FL 33315, USA",http://oldheidelbergdeli.com/
German,Michele's Cuisine,"At The Links of Spruce Creek, 18050 SE 102nd Terrace, Lady Lake, FL 34491, USA",http://michelescuisine.com/
German,Sebastian's Schnitzelhaus,"43 Fort Dix St, Wrightstown, NJ 08562, USA",http://www.enjoysebastians.com/
Hawaiian,Akins BBQ,"1159 S Main St, Bell, FL 32619, USA",https://akinsbbq.com/
Hawaiian,L&L Hawaiian Grill,"6001 Argyle Forest Blvd #60, Jacksonville, FL 32244, USA",https://www.hawaiianbarbecue.com/locations/jacksonville/
Hawaiian,Aloha To Go,"19711A Gulf Blvd, Indian Shores, FL 33785, USA",http://alohatogo.com/
Hawaiian,Ohana Hawaiian Grill,"2493 S Ferdon Blvd, Crestview, FL 32536, USA",https://www.ohanahawaiiangrill.com/
Hawaiian,Fowl Play - Chiefland,"1564 NW 27th Ave, Chiefland, FL 32626, USA",http://fowlplaytenders.com/
Hawaiian,Hunt Brothers Pizza,"7050 FL-26, Trenton, FL 32693, USA",
Hawaiian,Kalai’s Hawaiian Kitchen,"2200 US-98, Mary Esther, FL 32569, USA",https://www.facebook.com/profile.php?id=100090217727703&mibextid=LQQJ4d
Hawaiian,L & L Hawaiian Grill,"8380 Baymeadows Rd #4, Jacksonville, FL 32256, USA",
Hawaiian,Aloha to Go Harbor,"33135 US Hwy 19 N, Palm Harbor, FL 34684, USA",http://www.alohatogo.com/
Hawaiian,Fratello's Pizza,"508 E Wade St, Trenton, FL 32693, USA",https://www.facebook.com/fratellospizzatrenton/
Hawaiian,Pounders Hawaiian Grill - Crestview,"6276 Old Bethel Rd, Crestview, FL 32536, USA",http://www.poundershawaiiangrill.com/
Hawaiian,Papa Luigi's,"143 SE 349 Hwy, Old Town, FL 32680, USA",https://www.facebook.com/PapaLuigisOldTown/
Hawaiian,Hungry Howie's Pizza & Subs,"25861 U.S. Hwy 19, Old Town, FL 32680, USA",https://www.hungryhowies.com/stores/fl/old-town/25861-se-hwy-19?utm_source=google&utm_medium=organic&utm_campaign=googlebusinessprofile
Hawaiian,Papa Nalu Aloha Grill,"3499 Gulf Breeze Pkwy, Gulf Breeze, FL 32563, USA",http://www.papanalu.com/
Hawaiian,Hungry Howie's Pizza & Subs,"1708 N Young Blvd, Chiefland, FL 32626, USA",https://www.hungryhowies.com/stores/fl/chiefland/1708-n-young-blvd?utm_source=google&utm_medium=organic&utm_campaign=googlebusinessprofile
Hawaiian,Little Caesars Pizza,"2202 N Young Blvd Suite 406, Chiefland, FL 32626, USA",https://littlecaesars.com/en-us/store/8155
Hawaiian,Domino's Pizza,"715 N Main St, Trenton, FL 32693, USA",https://www.dominos.com/en/?utm_source=google&utm_medium=loclist&utm_campaign=localmaps
Hawaiian,Hunt Brothers Pizza,"7905 US Hwy 27, Fort White, FL 32038, USA",
Hawaiian,Little Caesars Pizza,"45 SW 250th St, Newberry, FL 32669, USA",https://littlecaesars.com/en-us/store/10684
Hawaiian,Hungry Howie's Pizza & Subs,"7788 US Hwy 27, Fort White, FL 32038, USA",https://www.hungryhowies.com/stores/fl/fort-white/7788-us-hwy-27?utm_source=google&utm_medium=organic&utm_campaign=googlebusinessprofile
Brazilian,Terra Gaucha Brazilian Steakhouse - Jacksonville,"4483 Southside Blvd, Jacksonville, FL 32216, USA",http://terragaucha.com/
Brazilian,Texas de Brazil - Jacksonville,"4634 Town Center Pkwy, Jacksonville, FL 32246, USA",https://texasdebrazil.com/locations/jacksonville/?utm_source=gmb&utm_medium=yext&y_source=1_NDg4MzA3NDMtNzE1LWxvY2F0aW9uLndlYnNpdGU%3D
Brazilian,Cherry's Restaurant,"408 N Main St, Trenton, FL 32693, USA",http://www.facebook.com/Cherrys-Seafood-Steak-629278543855361
Brazilian,Miami to Brazil Rodizio,"15750 SW 56th St, Miami, FL 33185, USA",http://www.miamitobrazilrodizio.com/
Brazilian,Estampa Gaucha Brazilian Steakhouse,"1700 W New Haven Ave, Melbourne, FL 32904, USA",http://www.estampagaucha.com/
Brazilian,Pardon My Cheesesteak,"245 SW Commerce Dr, Lake City, FL 32025, USA",https://pardonmycheesesteak.com/?e=1250116827
Brazilian,Viva Brazil Restaurant,"1657 S 21st Ave, Hollywood, FL 33020, USA",http://vivabrazilfl.com/
Brazilian,Texas de Brazil - Palm Beach Gardens,"4645 PGA Boulevard, Palm Beach Gardens, FL 33418, USA",https://texasdebrazil.com/locations/beach-gardens/?utm_source=gmb&utm_medium=yext&y_source=1_NDg4MzA3MDktNzE1LWxvY2F0aW9uLndlYnNpdGU%3D
Brazilian,Texas de Brazil - Hallandale Beach,"800 Silks Run, Hallandale Beach, FL 33009, USA",https://texasdebrazil.com/locations/hallandale-beach/?utm_source=gmb&utm_medium=yext&y_source=1_NDg4MzA3MzctNzE1LWxvY2F0aW9uLndlYnNpdGU%3D
Brazilian,Restaurante Brasil,"23160 Sandalfoot Plaza Dr, Boca Raton, FL 33428, USA",https://restaurantebrasil.com/
Brazilian,Cafe Brazil Restaurant,"1436 East Atlantic Boulevard bay d, Pompano Beach, FL 33060, USA",
Brazilian,Chef's Steakhouse Cafe & Bakery,"334 SW Commerce Dr, Lake City, FL 32025, USA",
Brazilian,Red Trio Concept,"3224 S US Hwy 1, Fort Pierce, FL 34982, USA",https://redtrioconcept.com/
Salvadorian,El Paraiso Restaurant y Taqueria,"17312 U.S. Hwy 19, Fanning Springs, FL 32693, USA",
Cuban,TKO CUBAN CAFE,"6459 County Rd 18 unit 1, Fort White, FL 32038, USA",
Cuban,Mi Apá Latin Café of Alachua,"15634 NW US Hwy 441, Alachua, FL 32615, USA",http://www.miapalatincafe.com/
Cuban,Two Cuban Guy's Home of Garcia's Place,"3529 NW Bascom Norris Dr, Lake City, FL 32055, USA",
Cuban,The City Bar,"115 NW 2nd Ave, Trenton, FL 32693, USA",http://www.facebook.com/thecitybar
Cuban,Pampy's Cuban Bakery,"4475 FL-47, Lake City, FL 32024, USA",https://www.pampyslatinfood.com/
Cuban,El Paraiso Restaurant y Taqueria,"17312 U.S. Hwy 19, Fanning Springs, FL 32693, USA",
Cuban,Jessica's Bistro,"426 SW Commerce Dr # 115, Lake City, FL 32025, USA",
Cuban,Maggie's Place Latin Cafe,"132 SE Hernando Ave, Lake City, FL 32025, USA",
Cuban,Pink Flamingo Diner,"19726 NW US Hwy 441, High Springs, FL 32643, USA",http://www.pinkflamingodiner.com/
Cuban,Elle Cocina,"222 NW 1st Ave, Trenton, FL 32693, USA",https://www.ellecocina.com/
Tibetan,Potala Tibetan Restaurant,"574 Main St, Middletown, CT 06457, USA",https://potalatibetanrestaurant.com/
Greek,Off The Beet,"517 N Main St, Trenton, FL 32693, USA",http://offthebeet.net/home
Greek,Taverna Manos Mediterranean Grille,"5705 W Gulf to Lake Hwy, Crystal River, FL 34429, USA",http://tavernamanos.com/
Greek,Cherry's Restaurant,"408 N Main St, Trenton, FL 32693, USA",http://www.facebook.com/Cherrys-Seafood-Steak-629278543855361
Greek,Fratello's Pizza,"508 E Wade St, Trenton, FL 32693, USA",https://www.facebook.com/fratellospizzatrenton/
Greek,Olive Tree Restaurant,"963 N Suncoast Blvd, Crystal River, FL 34429, USA",http://www.olivetreedining.com/
Greek,The Olive Tree Mediterranean Grille,"1705 Hendricks Ave, Jacksonville, FL 32207, USA",http://www.theolivetreemediterraneangrille.com/
Greek,Bodrum Mediterranean Kitchen,"5907 Roosevelt Blvd UNIT 200, Jacksonville, FL 32244, USA",https://bodrumjax.com/
Greek,Greek Grille,"14828 Tamiami Trl, North Port, FL 34287, USA",http://www.mygreekgrille.com/
Greek,Santorini Greek Cuisine,"136 N Woodland Blvd, DeLand, FL 32720, USA",http://www.santoriniindeland.com/
Greek,Toula's,"119 W Marion Ave, Punta Gorda, FL 33950, USA",https://www.facebook.com/toulasrestaurant/
Greek,Kombo Kitchen - Thai and American,"505 NW 21 Ave, Chiefland, FL 32626, USA",
Greek,Pink Flamingo Diner,"19726 NW US Hwy 441, High Springs, FL 32643, USA",http://www.pinkflamingodiner.com/
Greek,Farmhouse 1906,"25405 W Newberry Rd, Newberry, FL 32669, USA",
Greek,Athenian Owl,"9551 Baymeadows Rd suite #21-23, Jacksonville, FL 32256, USA",http://athenianowljaxfl.com/
Greek,Baba's Mediterranean,"11 N 3rd St, Fernandina Beach, FL 32034, USA",https://www.babasmediterranean.com/?utm_source=google&utm_medium=business-profile
Greek,Stone House Neighborhood Grill,"1759 SW 248th Dr, Newberry, FL 32669, USA",https://www.stonehousenewberry.com/
Greek,Pita Kebob,"3028 E College Ave, Ruskin, FL 33570, USA",https://pitakebob.com/
Greek,BlueStar Grill,"23352 W U.S. Hwy 27, High Springs, FL 32643, USA",http://www.bluestargril.com/
Greek,Little Greek Fresh Grill,"8310 Market St, Lakewood Ranch, FL 34202, USA",https://littlegreekfreshgrill.com/store/lakewood-ranch/
Greek,Treasure Camp,"15249 NW 46th Ln, Chiefland, FL 32626, USA",http://www.treasurecamp.online/
Belgian,Bett's Big T Restaurant,"2525 N Young Blvd, Chiefland, FL 32626, USA",https://m.facebook.com/Betts-Big-T-Restaurant-of-Chiefland-108839129141133
Irish,Beef 'O' Brady's,"7050 NW 140th St, Chiefland, FL 32626, USA",https://www.beefobradys.com/chiefland
Irish,The Tavern Brewery and Irish Pub,"277 N Marion Ave, Lake City, FL 32055, USA",http://thetavernbreweryandirishpub.com/
Irish,Stone's Irish Pub,"323 NE Commercial Cir, Keystone Heights, FL 32656, USA",
Irish,Kelly's Half Shell Pub,"390 N Suncoast Blvd, Crystal River, FL 34429, USA",http://www.kellyshalfshell.com/
Irish,Culhane's Irish Pub & Restaurant,"967 Atlantic Blvd, Atlantic Beach, FL 32233, USA",https://www.culhanesirishpub.com/
Irish,O'Keefe's Irish Pub & Restaurant,"115 S Rockingham Ave, Tavares, FL 32778, USA",https://okeefesirishpub.net/
Irish,The Queen's Arms Pub,"5323 SW 91st Terrace, Gainesville, FL 32608, USA",http://www.queensarmspub.com/
Irish,Wolfhound Irish Pub,"16909 High Grove Blvd, Clermont, FL 34714, USA",http://www.wolfhoundirishpub.com/
Irish,Pine Street Pub,"108 N Pine Ave, Inverness, FL 34450, USA",http://www.pinestreetpub.com/
Irish,Culhane's Irish Pub & Restaurant,"9720 Deer Lake Ct, Jacksonville, FL 32246, USA",https://www.culhanesirishpub.com/
Irish,Irish 31 Pub House & Eatery,"7724 113th St, Seminole, FL 33772, USA",https://irish31.com/
Irish,Kelley's Irish Pub,"484 21st St B, Vero Beach, FL 32960, USA",https://www.facebook.com/Kelleys-Irish-Pub-735644356495051/
Irish,Great Outdoors Restaurant,"18587 High Springs Main St, High Springs, FL 32643, USA",http://www.gohighsprings.com/
Irish,JJ Manning's,"740 S Fleming St, Sebastian, FL 32958, USA",https://jjmanningsirishpub.wordpress.com/
Irish,Our Place Pizzeria​ and Ristorante,"403 SW Suwannee Ave, Branford, FL 32008, USA",https://www.ourplacepizzeriaristorante.com/?utm_source=gbp
Irish,Irish Pub & Fish & Chips Inc,"125 Harrison St, Titusville, FL 32780, USA",http://www.irishpubtitusville.com/
Irish,Sean Ryan Pub,"2019 14th Ave, Vero Beach, FL 32960, USA",http://seanryanspubvero.com/
Irish,Fitzgerald's Irish Tavern,"5811 Nebraska Ave, New Port Richey, FL 34652, USA",https://fitzgeraldstavern.com/
Irish,McGarvey's Wee Pub South,"2603 Osborne Road Suite N-P, St Marys, GA 31558, USA",https://weepub.com/
Irish,Celtic Conch Public House,"528 Front St, Key West, FL 33040, USA",https://celticconch.godaddysites.com/
Cajun,Cajun Jimmy's Seafood Seller & Cafe,"300 SE US Hwy 19, Crystal River, FL 34429, USA",https://www.seafoodsellerandcafe.net/
Cajun,Tibby's New Orleans Kitchen,"494 FL-436, Altamonte Springs, FL 32714, USA",http://tibbys.com/
Cajun,MudBugs Cajun Kitchen,"1473 Periwinkle Way, Sanibel, FL 33957, USA",http://www.mudbugssanibel.com/
Cajun,Great Outdoors Restaurant,"18587 High Springs Main St, High Springs, FL 32643, USA",http://www.gohighsprings.com/
Cajun,Bett's Big T Restaurant,"2525 N Young Blvd, Chiefland, FL 32626, USA",https://m.facebook.com/Betts-Big-T-Restaurant-of-Chiefland-108839129141133
Cajun,Cajun Crab Juicy Seafood & Bar,"410 Commerce Center Dr, Jacksonville, FL 32225, USA",https://www.cajuncrabjax.com/
Cajun,Chompers Diner,"17951 U.S. Hwy 19, Fanning Springs, FL 32693, USA",https://www.chompersdiner.com/
Cajun,Blackwater Restaurant,"6301 Riverside Dr, Yankeetown, FL 34498, USA",https://www.blackwateryankeetownfl.com/
Cajun,The Galloping Gourmet at Black Prong,"450 SE Co Rd 337, Bronson, FL 32621, USA",https://blackprong.com/galloping-gourmet/
Cajun,Chompers Diner,"23508 NW 185th Rd, High Springs, FL 32643, USA",https://www.chompersdiner.com/
Cajun,Pink Flamingo Diner,"19726 NW US Hwy 441, High Springs, FL 32643, USA",http://www.pinkflamingodiner.com/
Cajun,Burger Spot,"1760 N Main St, Bell, FL 32619, USA",
Cajun,Louisiana Lagniappe,"775 Gulf Shore Dr, Destin, FL 32541, USA",http://www.thelouisianalagniappe.com/
Cajun,Captain Crab,"2329 W US Hwy 90 #5, Lake City, FL 32055, USA",
Cajun,Popeyes Louisiana Kitchen,"1124 N Young Blvd, Chiefland, FL 32626, USA",https://www.popeyes.com/store-locator/store/restaurant_241087?utm_source=yext&utm_medium=referral&utm_campaign=organic-local-listings
Cajun,Cajun Soul Bistro & Bar,"333 King St, Cocoa, FL 32922, USA",https://www.facebook.com/cajunsoulbistro
Cajun,Beef 'O' Brady's,"7050 NW 140th St, Chiefland, FL 32626, USA",https://www.beefobradys.com/chiefland
Cajun,Gator's Dockside Lake City,"313 NW Commons Loop, Lake City, FL 32055, USA",http://www.gatorsdockside.com/
Cajun,Restaurant NOLA,"523 E Gregory St, Pensacola, FL 32502, USA",https://www.therestaurantnola.com/
Cajun,Brazin Cajun,"1250 Whitfield Ave, Sarasota, FL 34243, USA",
Portuguese,Portugal Wine Bar & Grill,"15 Palm Harbor Village Way W, Palm Coast, FL 32137, USA",http://www.portugalwinebarandgrill.com/
Turkish,Turkish Mediterranean Cuisine,"1921 W Bay Dr, Largo, FL 33770, USA",http://www.turkishmediterraneancuisine.com/
Turkish,Marash Turkish Cuisine,"710 W Hallandale Beach Blvd, Hallandale Beach, FL 33009, USA",
Turkish,Alaturka Mediterranean Grill & Bakery,"36055 US Hwy 19 N, Palm Harbor, FL 34684, USA",http://www.alaturkagrillbakery.com/
Turkish,Shiraz Bistro & Market,"9630 SW 77th Ave, Kendall, FL 33156, USA",http://www.shirazbistro.com/
Turkish,Garden Mediterranean grill,"1900 Oak Grove Blvd, Lutz, FL 33559, USA",http://www.gardenmediterraneangrill.com/
Haitian,Clauta's Caribbean Shack,"577 E Duval St, Lake City, FL 32055, USA",https://www.facebook.com/clautasshack/
Tahitian,Mai-Kai Restaurant and Polynesian Show,"3599 N Federal Hwy, Fort Lauderdale, FL 33308, USA",http://www.maikai.com/
Kenyan,Ivoire Delice African Restaurant,"1116 N Main St, Gainesville, FL 32601, USA",
Korean,Beque Holic,"3812 Newberry Rd, Gainesville, FL 32607, USA",http://www.bequeholic.com/
Korean,KPOT Korean BBQ & Hot Pot,"2621 SW 19th Avenue Rd, Ocala, FL 34471, USA",https://thekpot.com/
Korean,Seoul Pocha Korean Pub/Grill,"3610 SW 13th St, Gainesville, FL 32608, USA",https://www.seoulpochafl.com/
Korean,Haeorum Foods Korean BBQ,"3045 SE 3rd Ave, Ocala, FL 34471, USA",http://koreanfoodocala.com/
Korean,A Taste of Korea Carrabelle,"103 St James Ave suite A, Carrabelle, FL 32322, USA",
Korean,Gangnam Korean Restaurant,"5161 Beach Blvd #5, Jacksonville, FL 32207, USA",https://www.facebook.com/GangnamInJax
Korean,Mini Momo,"2441 NW 43rd St, Gainesville, FL 32606, USA",http://www.momoyaki.com/
Korean,Gabose Korean BBQ,"4991 N University Dr, Lauderhill, FL 33351, USA",http://www.gabosebbq.com/
Korean,Bae Korean Grill,"5711 Seminole Way #100, Hollywood, FL 33314, USA",http://baegrill.com/
Korean,Red Ginger Asian Bistro,"2143 W US Hwy 90 Suite 101, Lake City, FL 32055, USA",http://www.redgingerfl.com/
Korean,HALLYU KOREAN BBQ & BAR,"6800 N University Dr, Tamarac, FL 33321, USA",http://hallyukbbq.com/
Korean,Chow One Korean Steakhouse,"8369 Pines Blvd, Pembroke Pines, FL 33024, USA",http://www.chowonekoreansteakhouse.com/?utm_source=GMB&utm_medium=GMB&utm_campaign=Organic
Korean,Frankie's Place,"297 N Marion Ave, Lake City, FL 32055, USA",http://frankies-place.com/
Nigerian,M&D West African Cuisine,"405 NW 13th St, Gainesville, FL 32601, USA",http://mdwestafricancuisine.com/
Nigerian,Ivoire Delice African Restaurant,"1116 N Main St, Gainesville, FL 32601, USA",
Libyan,Kareem's Lebanese Kitchen,"4270 Tamiami Trail E ste 18, Naples, FL 34112, USA",http://kareemskitchen.com/
Moroccan,Off The Beet,"517 N Main St, Trenton, FL 32693, USA",http://offthebeet.net/home
Lebanese,Off The Beet,"517 N Main St, Trenton, FL 32693, USA",http://offthebeet.net/home
Vietnamese,Pho Sai Gon,"11717 US-301, Oxford, FL 34484, USA",https://phosaigon1oxford.com/
Vietnamese,Vietnamese Grille,"16 NW 18th St, Gainesville, FL 32603, USA",
Vietnamese,Viet Deli,"1221 US-41, Inverness, FL 34450, USA",https://www.ordervietdeli.com/
Vietnamese,Pho Ha Noi,"Gainesville, FL 32608, USA",https://phohanoignv.com/
Vietnamese,Phở Village,"17860 SE 109th Ave Unit 600, Summerfield, FL 34491, USA",
Vietnamese,AK Pho & Boba Tea,"2635 SW College Rd #200, Ocala, FL 34471, USA",
Vietnamese,Pho 84 Vietnamese Cuisine,"374 N Suncoast Blvd, Crystal River, FL 34429, USA",https://www.skiplinow.com/shop/336191l
Vietnamese,Kombo Kitchen - Thai and American,"505 NW 21 Ave, Chiefland, FL 32626, USA",
Vietnamese,Pho Quyen Vietnamese Restaurant,"4505 Park Blvd #10, Pinellas Park, FL 33781, USA",https://phoquyenpinellas.com/
Vietnamese,Saigon Fusion,"16700 US-441, Mt Dora, FL 32757, USA",http://www.saigonfusionfl.com/
Vietnamese,Eabyss,"20201 US-441, High Springs, FL 32643, USA",http://www.eabysshighspringsfl.com/?utm_source=gmb&utm_medium=website
Vietnamese,Saigon Bistro,"111 E Rich Ave, DeLand, FL 32724, USA",
Vietnamese,Ha Long Bay Restaurant,"5944 34th St N, St. Petersburg, FL 33714, USA",https://halongbayrestaurant.com/
Vietnamese,Red Ginger Asian Bistro,"2143 W US Hwy 90 Suite 101, Lake City, FL 32055, USA",http://www.redgingerfl.com/
Vietnamese,Fu King Chinese Restaurant,"649 SW Main Blvd, Lake City, FL 32025, USA",
Vietnamese,Saigon Noodle & Grill,"101 N Bumby Ave, Orlando, FL 32803, USA",https://www.sngbumby.com/online-ordering
Vietnamese,Little Saigon,"16752 N Miami Ave, North Miami Beach, FL 33169, USA",
Vietnamese,Hong Yip Restaurant,"905 SW Main Blvd, Lake City, FL 32025, USA",http://hongyiplakecity.kwickmenu.com/
Vietnamese,Pho Mi 2Go,"17010 W Dixie Hwy, North Miami Beach, FL 33160, USA",https://m.facebook.com/pages/Pho-Mi-2Go/267449023597165
Vietnamese,Michael Asian Cuisine,"1010 E Alfred St, Tavares, FL 32778, USA",
Hungarian,Vernona Gourmet,"711 Manatee Ave E, Bradenton, FL 34208, USA",https://www.vernonagourmet.com/
Mediterranean,Off The Beet,"517 N Main St, Trenton, FL 32693, USA",http://offthebeet.net/home
Mediterranean,Elle Cocina,"222 NW 1st Ave, Trenton, FL 32693, USA",https://www.ellecocina.com/
Mediterranean,Taverna Manos Mediterranean Grille,"5705 W Gulf to Lake Hwy, Crystal River, FL 34429, USA",http://tavernamanos.com/
Mediterranean,BlueStar Grill,"23352 W U.S. Hwy 27, High Springs, FL 32643, USA",http://www.bluestargril.com/
Mediterranean,Baba's Mediterranean,"11 N 3rd St, Fernandina Beach, FL 32034, USA",https://www.babasmediterranean.com/?utm_source=google&utm_medium=business-profile
Mediterranean,Hovan Gourmet Mediterranean,"2005 Park St, Jacksonville, FL 32204, USA",https://www.hovan5points.com/
Mediterranean,Olive Garden Italian Restaurant,"3072 W US Hwy 90, Lake City, FL 32055, USA",https://www.olivegarden.com/locations/fl/lake-city/lake-city/4442?cmpid=br:og_ag:ie_ch:loc_ca:OGGMB_sn:gmb_gt:lake-city-fl-4442_pl:locurl_rd:1783
Mediterranean,Mediterranean Fresh Grill,"6035 Cypress Gardens Blvd Across From Legoland In Publix Shopping Ctr, Winter Haven, FL 33884, USA",https://mediterraneanfreshgrill.com/
Mediterranean,Istanbul - Turkish Mediterranean Cuisine,"488 S Yonge St, Ormond Beach, FL 32174, USA",https://www.istanbulflorida.com/
Mediterranean,Mediterranean Gourmet,"451 E Altamonte Dr, Altamonte Springs, FL 32701, USA",http://ordermediterraneangourmetaltamonte.com/
Mediterranean,Al Shishkebab,"7045 Ridge Rd, Port Richey, FL 34668, USA",
Mediterranean,Mediterranean Diner,"11836 U.S. Hwy 19, Port Richey, FL 34668, USA",http://www.mediterraneandiner.info/
Mediterranean,Mediterranean Gourmet,"777 E Merritt Island Cswy, Merritt Island, FL 32952, USA",
Mediterranean,Harvest Thyme Alachua,"14816 Main St, Alachua, FL 32615, USA",http://harvestthymexpress.com/
Mediterranean,Piesanos Lake City,"2465 W US Hwy 90, Lake City, FL 32055, USA",http://www.piesanostogo.com/
Mediterranean,Pita Xpress Mediterranean Grill,"2445 Stirling Rd, Fort Lauderdale, FL 33312, USA",https://www.pitaxpress.getsauce.com/
Mediterranean,Deb's Deli,"DEB'S DELI, 26628 SE Hwy 19, Old Town, FL 32680, USA",
Ethiopian,Lalibela Ethiopian restaurant,"2151 Lane Ave S #206, Jacksonville, FL 32210, USA",https://www.lilabelaethiopianrestaurant.com/
Ethiopian,Lalibela Eithiopian Restaraunt,"2151 Lane Ave S, Jacksonville, FL 32210, USA",https://lalibelaethiopian.getbento.com/
Ethiopian,Nile Ethiopian,"7048 International Dr, Orlando, FL 32819, USA",https://nileorlando.com/
Ethiopian,Selam Ethiopian & Eritrean Cuisine,"5494 Central Florida Pkwy, Orlando, FL 32821, USA",http://ethiopianrestaurantorlando.com/
Caribbean,Clauta's Caribbean Shack,"577 E Duval St, Lake City, FL 32055, USA",https://www.facebook.com/clautasshack/
Caribbean,Caribbean Queen,"507 NW 5th Ave, Gainesville, FL 32601, USA",
Caribbean,Spices Caribbean Restaurant,"1319 Rogero Rd, Jacksonville, FL 32211, USA",https://www.spicesjax.com/
Caribbean,Temptress Caribbean Restaurant,"2410 W Beaver St, Jacksonville, FL 32209, USA",http://www.temptressrestaurant.com/
Caribbean,Night Owl Caribbean Cuisine,"929 S Bay St, Eustis, FL 32726, USA",http://www.nightowlcaribbeancuisine.com/?_escaped_fragment_=contact/c24vq
Caribbean,JJ's Caribbean Restaurant,"872 Cypress Pkwy, Kissimmee, FL 34759, USA",https://www.jjskissimmee.com/
Caribbean,Chef JJ Creations,"1225 NW 10th Ave, Gainesville, FL 32601, USA",http://www.chefjjcreations.com/
Caribbean,Raziyah Caribbean Cuisine,"214 N 25th St, Fort Pierce, FL 34947, USA",https://www.raziyahcaribbean.com/
Caribbean,Great Outdoors Restaurant,"18587 High Springs Main St, High Springs, FL 32643, USA",http://www.gohighsprings.com/
Caribbean,Caribbean Spice,"1310 NW 23rd Ave, Gainesville, FL 32605, USA",
Caribbean,Jerk City Jamaican Restaurant,"8007 S U.S. Hwy 1, Port St. Lucie, FL 34952, USA",https://sites.google.com/view/jerkcity-mini-lunch772-871-255/home
Caribbean,Mavis' Jerk Shack,"334 N Donnelly St suite 8, Mt Dora, FL 32757, USA",https://linktr.ee/mavisjerkshack
Soul,Tay Way Soul Shack,"1036 E Duval St, Lake City, FL 32055, USA",
Argentinian,Fuegos del Sur - Kendall,"8202 Mills Dr, Kendall, FL 33183, USA",https://fuegosdelsur.us/
Chilean,Elle Cocina,"222 NW 1st Ave, Trenton, FL 32693, USA",https://www.ellecocina.com/
Colombian,Elle Cocina,"222 NW 1st Ave, Trenton, FL 32693, USA",https://www.ellecocina.com/
Colombian,Arepas Milko,"285 SW 250th St Suite A, Newberry, FL 32669, USA",https://www.facebook.com/arepasmilko/
Colombian,Delicias Colombianas Jax,"10771 Beach Blvd #107, Jacksonville, FL 32246, USA",http://deliciascolombianasjax.com/
Colombian,LA TRI COLOR “Antojitos Colombianos “,"444 U.S. Hwy 17-92 N, Haines City, FL 33844, USA",
Colombian,El Antojo Colombiano,"300 E Hinson Ave, Haines City, FL 33844, USA",https://elantojocolombianofl.com/
Colombian,Rinconcito colombiano,"481 N State Rd 434 Suit 1010, Altamonte Springs, FL 32714, USA",
Colombian,Simon Parrilla Bar and Grill of Longwood Fl.,"295 S Ronald Reagan Blvd, Longwood, FL 32750, USA",https://simonparrillaorlando.com/
Colombian,Altoque Jacksonville,"9825 San Jose Blvd #20, Jacksonville, FL 32257, USA",https://altoquejacksonvillefl.com/
Colombian,Empanadas Típicas Colombiana Botia,"300 E Hinson Ave, Haines City, FL 33844, USA",https://instagram.com/empanadastipicascolombiana
Colombian,Medellin Burger Steak & Bar,"1349 E Altamonte Dr suite 1011, Altamonte Springs, FL 32701, USA",https://medellinburgersteakbarfl.com/
Colombian,Salento Steakhouse,"11018 Old St Augustine Rd, Jacksonville, FL 32257, USA",http://salentosteakhouse.com/
Colombian,El Patio Colombian Restaurant,"5416 FL-7, Fort Lauderdale, FL 33314, USA",http://elpatiocolombian954.com/
Colombian,La Pequeña Colombia Bakery & Restaurant,"1300 SW 160th Ave, Weston, FL 33326, USA",http://lapequenacolombia.com/
Colombian,Fonda Sabaneta,"10855 SW 72nd St #47, Miami, FL 33173, USA",https://www.facebook.com/Fonda-Sabaneta-183252780008884/?ref=page_internal
Colombian,Aguardiente Colombian Steak House,"11048 International Dr, Orlando, FL 32821, USA",http://www.aguardientecolombiansteakhouse.com/
Colombian,El Colombiano,"2221 N Commerce Pkwy, Weston, FL 33326, USA",https://elcolombianocuisine.com/
Colombian,Colombia's Grill Restaurant,"1360 NE 163rd St, North Miami Beach, FL 33162, USA",https://www.colombiasgrill1.com/
Colombian,Las Delicias Colombianas,"16310 W Dixie Hwy, North Miami Beach, FL 33162, USA",
Colombian,El Patio Colombian Restaurant,"8450 W Oakland Park Blvd, Sunrise, FL 33351, USA",https://www.facebook.com/El-Patio-Colombian-Restaurant-2-103324478981515/
Colombian,Mi Colombia cafeteria Miami Beach,"702 71st St, Miami Beach, FL 33141, USA",https://micolombiacafeteriamiamibeachfl.com/
Costa Rican,Elle Cocina,"222 NW 1st Ave, Trenton, FL 32693, USA",https://www.ellecocina.com/
Czech,Cherry's Restaurant,"408 N Main St, Trenton, FL 32693, USA",http://www.facebook.com/Cherrys-Seafood-Steak-629278543855361
Danish,The Steakout,"18617 High Springs Main St, High Springs, FL 32643, USA",https://www.facebook.com/THE-STEAKOUT-at-High-Springs-107949641088829/
Dutch,Golden Drumstick,"3862 NE County Rd 340, High Springs, FL 32643, USA",
Ecuadorian,Mi Lindo Ecuador,"8726 NW 26th St #18, Doral, FL 33172, USA",https://www.milindoecuador.getsauce.com/?utm_source=GMB&utm_medium=Website%20button&utm_id=Mi%20Lindo%20Ecuador
Finnish,Golden Drumstick,"3862 NE County Rd 340, High Springs, FL 32643, USA",
Ghanaian,Ivoire Delice African Restaurant,"1116 N Main St, Gainesville, FL 32601, USA",
Guatemalan,Mi Guatelinda Restaurant,"3164 SE Dixie Hwy, Stuart, FL 34997, USA",
Honduran,Tipicos Antojitos Hondureños,"5912 University Blvd W, Jacksonville, FL 32216, USA",
Icelandic,Gili's Kitchen Ormond Beach,"188 E Granada Blvd, Ormond Beach, FL 32176, USA",https://www.giliskitchen.com/
Indonesian,Bali Cafe,"109 NE 2nd Ave, Miami, FL 33132, USA",
Iranian,Persepolis Cafe,"6082 St Augustine Rd, Jacksonville, FL 32217, USA",https://www.persepoliscafe.com/
Israeli,Gili's Kitchen Ormond Beach,"188 E Granada Blvd, Ormond Beach, FL 32176, USA",https://www.giliskitchen.com/
Jamaican,Caribbean Queen,"507 NW 5th Ave, Gainesville, FL 32601, USA",
Jamaican,Clauta's Caribbean Shack,"577 E Duval St, Lake City, FL 32055, USA",https://www.facebook.com/clautasshack/
Jamaican,Spices Caribbean Restaurant,"1319 Rogero Rd, Jacksonville, FL 32211, USA",https://www.spicesjax.com/
Jamaican,Jamaican and Soul Restaurant,"229 E Voorhis Ave, DeLand, FL 32724, USA",https://jandsresturant.wixsite.com/jamaican-and-soul
Jamaican,Jerk Flavas Restaurant,"935 School St, Cocoa, FL 32922, USA",http://jerkflavasrestaurant.com/
Jamaican,Night Owl Caribbean Cuisine,"929 S Bay St, Eustis, FL 32726, USA",http://www.nightowlcaribbeancuisine.com/?_escaped_fragment_=contact/c24vq
Jamaican,Jam Rock,"896 Deltona Blvd, Deltona, FL 32725, USA",https://www.jamrockjerk.com/
Jamaican,Sweet Delight Jamaican Cuisine LLC,"4500 Dixie Hwy NE, Palm Bay, FL 32905, USA",
Jamaican,Temptress Caribbean Restaurant,"2410 W Beaver St, Jacksonville, FL 32209, USA",http://www.temptressrestaurant.com/
Jamaican,Caribbean Spice,"1310 NW 23rd Ave, Gainesville, FL 32605, USA",
Jamaican,JJ's Caribbean Restaurant,"872 Cypress Pkwy, Kissimmee, FL 34759, USA",https://www.jjskissimmee.com/
Jamaican,Chef JJ Creations,"1225 NW 10th Ave, Gainesville, FL 32601, USA",http://www.chefjjcreations.com/
Jamaican,Jerk City Jamaican Restaurant,"8007 S U.S. Hwy 1, Port St. Lucie, FL 34952, USA",https://sites.google.com/view/jerkcity-mini-lunch772-871-255/home
Jamaican,Mo Bay Grill,"1401 Indian River Dr, Sebastian, FL 32958, USA",https://mobaygrill.com/
Jamaican,BubbaQue's BBQ - Chiefland,"1306 N Young Blvd, Chiefland, FL 32626, USA",http://www.bubbaquesbbq.com/
Jamaican,Kenton’s chance,"712 N 14th St, Leesburg, FL 34748, USA",
Jamaican,Jamaica House Restaurant,"19555 NW 2nd Ave, Miami, FL 33169, USA",https://www.jamaicahouserestaurant.com/
Jamaican,Curly's Caribbean,"1892 Abbey Rd, West Palm Beach, FL 33415, USA",
Jamaican,Reggae Jerk,"2178 Jog Rd, Greenacres, FL 33415, USA",https://www.reggaejerkpbc.com/home
Jamaican,Mavis' Jerk Shack,"334 N Donnelly St suite 8, Mt Dora, FL 32757, USA",https://linktr.ee/mavisjerkshack
Kuwaiti,Gilchrist County,"Gilchrist County, FL, USA",
Laotian,Thai & Lao Bistro,"9527 Regency Square Blvd #106, Jacksonville, FL 32225, USA",http://thaiandlaobistro.com/
Malaysian,Golden Drumstick,"3862 NE County Rd 340, High Springs, FL 32643, USA",
Mongolian,Ace China,"1122 E Wade St, Trenton, FL 32693, USA",
Nepalese,Gorkhali Kitchen,"10044 Cross Creek Blvd, Tampa, FL 33647, USA",http://www.gorkhalikitchentampa.com/
Nicaraguan,The Charcoal Grill,"7249 NW 4th Blvd, Gainesville, FL 32607, USA",
Norwegian,Golden Drumstick,"3862 NE County Rd 340, High Springs, FL 32643, USA",
Pakistani,Tarka Karahi and Kabab House,"7881 W Sample Rd, Coral Springs, FL 33065, USA",
Panamanian,Salomas Panamanian Cuisine,"1810 Town Center Blvd Suite 13, Fleming Island, FL 32003, USA",
Peruvian,Aromas Del Peru,"17225 S Dixie Hwy STE 100, Palmetto Bay, FL 33157, USA",https://aromasperu.com/locations/palmetto-bay/
Peruvian,Peruvian Food Blessing,"7249 NW 4th Blvd, Gainesville, FL 32607, USA",http://www.peruvianfoodblessing.com/
Peruvian,La Perla Peruvian Restaurant,"13746 SW 152nd St, Miami, FL 33177, USA",http://www.laperlakendall.com/
Peruvian,Mares-Winter Park Real Peruvian Cuisine,"528 S Park Ave, Winter Park, FL 32789, USA",http://www.mareswinterpark.com/
Peruvian,Peruvian Ceviches + Bar,"14501 S Dixie Hwy, Miami, FL 33176, USA",https://instagram.com/peruviancevichesbar?igshid=YWJhMjlhZTc=
Peruvian,Inkawasi Restaurant,"10667 Boardwalk Loop, Lakewood Ranch, FL 34202, USA",http://www.inkawasirestaurant.com/
Peruvian,CVI.CHE 105,"19501 Biscayne Blvd, Aventura, FL 33180, USA",https://www.ceviche105.com/
Peruvian,Elle Cocina,"222 NW 1st Ave, Trenton, FL 32693, USA",https://www.ellecocina.com/
Peruvian,Pachamanka Authentic Peruvian Cuisine,"Access by side Alley, 321 Johnson St, Hollywood, FL 33019, USA",http://pachamankarestaurant.com/
Peruvian,Bravo Peruvian Kitchen,"9711 W Sample Rd, Coral Springs, FL 33076, USA",http://www.bravoperuviankitchen.com/
Peruvian,El Pollon Restaurant,"355 N Ronald Reagan Blvd UNIT 1001, Longwood, FL 32750, USA",https://www.elpollonrestaurant.com/
Peruvian,Pisco Peruvian Gastrobar Orlando,"9344 Narcoossee Rd, Orlando, FL 32827, USA",https://linktr.ee/piscogastrobarorlando
Peruvian,Taste of Peru,"9521 S Orange Blossom Trl ste. 117a, Orlando, FL 32837, USA",http://www.tasteofperu.net/
Peruvian,Kousine Fort Lauderdale,"841 N Fort Lauderdale Beach Blvd, Fort Lauderdale, FL 33304, USA",https://www.kousine.getsauce.com/?utm_source=GMB&utm_medium=Website+Button&utm_id=kousine
Peruvian,Ceviche Arigato,"1447 10th St, Lake Park, FL 33403, USA",https://www.cevichearigato.com/
Peruvian,Locura Marina Peruvian Restaurant,"7118 Collins Ave, Miami Beach, FL 33141, USA",https://amzn.to/3PQVDqQ
Peruvian,El Rinconcito de Lima,"7300 Beach Blvd, Jacksonville, FL 32216, USA",http://rinconcitodelima.com/
Peruvian,Ají Ceviche Bar,"11236 S Orange Blossom Trl, Orlando, FL 32837, USA",http://www.ajicevichebarorlando.com/
Peruvian,Cabo Blanco Restaurant & Bar,"1936 Hollywood Blvd, Hollywood, FL 33020, USA",https://caboblancorestaurant.dine.online/locations/924052/category/1299931566?fulfillment=pickup&lat=26.011136&lng=-80.146493
Peruvian,Ceviches Peru Beach,"7101 Collins Ave, Miami Beach, FL 33141, USA",http://www.cevichesperufl.com/
Philippine,Filipino Flavors,"25740 W Newberry Rd, Newberry, FL 32669, USA",https://filipinoflavorsfl.com/
Polish,kendogs,"16041 U.S. Hwy 19, Fanning Springs, FL 32693, USA",
Puerto Rican,Elle Cocina,"222 NW 1st Ave, Trenton, FL 32693, USA",https://www.ellecocina.com/
Puerto Rican,El Pegao Restaurant,"2177 Kingsley Ave #13, Orange Park, FL 32073, USA",https://facebook.com/eloegaorestaurant
Puerto Rican,La Garita Chinchorreo y Algo Más,"28067 US Hwy 27, Dundee, FL 33838, USA",https://www.facebook.com/la.garita.wh
Puerto Rican,Sabor Latino Puerto Rican Cuisine & Gallery,"777 Deltona Blvd, Deltona, FL 32725, USA",http://www.saborlatinodeltona.com/
Puerto Rican,Lelo's BBQ,"1270 Saxon Blvd #103, Orange City, FL 32763, USA",http://lelosbbq.com/
Puerto Rican,El Sabor Ponceño #2,"2255 U.S. Hwy 17-92 N, Haines City, FL 33844, USA",https://www.facebook.com/ElSaborPoncenoFL/
Puerto Rican,El Rincón Isleño,"2255 U.S. Hwy 17-92 N, Haines City, FL 33844, USA",https://instagram.com/elrinconisleno
Puerto Rican,Palermo Puerto Rican Kitchen,"556 Kingsley Ave, Orange Park, FL 32073, USA",http://palermopuertoricankitchen.com/?utm_source=gmb&utm_medium=referral
Puerto Rican,La Criolla Cafe & Restaurant,"39895 US Hwy 27, Davenport, FL 33837, USA",http://www.lacriollacafe.com/
Puerto Rican,Puerto Riquísimo,"9019 SW 107th Ave, Miami, FL 33176, USA",https://puertoriquisimorestaurant.com/
Puerto Rican,Sabor a Mi Tierra,"3762 Tamiami Trl STE F, Port Charlotte, FL 33952, USA",https://m.facebook.com/SaborAmiTierraPR
Puerto Rican,Manny’s Pinchos & More,"1647 Providence Blvd, Deltona, FL 32725, USA",https://facebook.com/mannyspinchos2022
Puerto Rican,Mi Casa Kitchen,"2520 N Ronald Reagan Blvd #148, Longwood, FL 32750, USA",http://www.micasakitchen.com/
Puerto Rican,La Reina Del Cuajo,"3798 U.S. Hwy 17-92 N, Davenport, FL 33836, USA",https://facebook.com/LaReinaDelCuajo
Puerto Rican,Latin Quarters,"935 N Beneva Rd, Sarasota, FL 34232, USA",
Puerto Rican,Rincon del Sabor,"2735 S Woodland Blvd, DeLand, FL 32720, USA",http://rdslatinfood.com/
Puerto Rican,Papi's Cafe & Grill,"723 Eglin Pkwy NE, Fort Walton Beach, FL 32547, USA",http://www.papiscafeandgrill.com/
Puerto Rican,Puerto Rican Spice Restaurant,"12765 S Tamiami Trail, North Port, FL 34287, USA",https://www.puertoricanspicefl.com/
Saudi Arabian,Falafel King,"3252 SW 35th Blvd, Gainesville, FL 32608, USA",http://falafelkingsandwiches.com/
Singaporean,Ace China,"1122 E Wade St, Trenton, FL 32693, USA",
South African,Ivoire Delice African Restaurant,"1116 N Main St, Gainesville, FL 32601, USA",
Sri Lankan,Banana Leaf Resturant ( Sri Lankan Fusion ),"2504 S Alafaya Trail, Orlando, FL 32828, USA",http://www.bananaleafllc.com/
Swiss,Chompers Diner,"17951 U.S. Hwy 19, Fanning Springs, FL 32693, USA",https://www.chompersdiner.com/
Syrian,Golden Drumstick,"3862 NE County Rd 340, High Springs, FL 32643, USA",
Taiwanese,Eabyss,"20201 US-441, High Springs, FL 32643, USA",http://www.eabysshighspringsfl.com/?utm_source=gmb&utm_medium=website
Tanzanian,Ivoire Delice African Restaurant,"1116 N Main St, Gainesville, FL 32601, USA",
Thai,Kombo Kitchen - Thai and American,"505 NW 21 Ave, Chiefland, FL 32626, USA",
Tunisian,"Tunis Seafood, Wings & Subs","4309 University Blvd S, Jacksonville, FL 32216, USA",https://www.ordertunisseafoodws.com/
Ukrainian,Odessa Slava Ukrainian Cafe,"3901 813 Lomax St, Riverside, FL 32204, USA",http://odessaslava.com/
Uruguayan,Casa de Uruguay Food Truck and Bakery,"14803 a Tamiami Trl, North Port, FL 34287, USA",
Venezuelan,Arepas Milko,"285 SW 250th St Suite A, Newberry, FL 32669, USA",https://www.facebook.com/arepasmilko/
Vietnamese,Pho Sai Gon,"11717 US-301, Oxford, FL 34484, USA",https://phosaigon1oxford.com/
Vietnamese,Vietnamese Grille,"16 NW 18th St, Gainesville, FL 32603, USA",
Vietnamese,Viet Deli,"1221 US-41, Inverness, FL 34450, USA",https://www.ordervietdeli.com/
Vietnamese,Pho Ha Noi,"Gainesville, FL 32608, USA",https://phohanoignv.com/
Vietnamese,Phở Village,"17860 SE 109th Ave Unit 600, Summerfield, FL 34491, USA",
Vietnamese,AK Pho & Boba Tea,"2635 SW College Rd #200, Ocala, FL 34471, USA",
Vietnamese,Pho 84 Vietnamese Cuisine,"374 N Suncoast Blvd, Crystal River, FL 34429, USA",https://www.skiplinow.com/shop/336191l
Vietnamese,Kombo Kitchen - Thai and American,"505 NW 21 Ave, Chiefland, FL 32626, USA",
Vietnamese,Pho Quyen Vietnamese Restaurant,"4505 Park Blvd #10, Pinellas Park, FL 33781, USA",https://phoquyenpinellas.com/
Vietnamese,Saigon Fusion,"16700 US-441, Mt Dora, FL 32757, USA",http://www.saigonfusionfl.com/
Vietnamese,Eabyss,"20201 US-441, High Springs, FL 32643, USA",http://www.eabysshighspringsfl.com/?utm_source=gmb&utm_medium=website
Vietnamese,Saigon Bistro,"111 E Rich Ave, DeLand, FL 32724, USA",
Vietnamese,Ha Long Bay Restaurant,"5944 34th St N, St. Petersburg, FL 33714, USA",https://halongbayrestaurant.com/
Vietnamese,Red Ginger Asian Bistro,"2143 W US Hwy 90 Suite 101, Lake City, FL 32055, USA",http://www.redgingerfl.com/
Vietnamese,Fu King Chinese Restaurant,"649 SW Main Blvd, Lake City, FL 32025, USA",
Vietnamese,Saigon Noodle & Grill,"101 N Bumby Ave, Orlando, FL 32803, USA",https://www.sngbumby.com/online-ordering
Vietnamese,Little Saigon,"16752 N Miami Ave, North Miami Beach, FL 33169, USA",
Vietnamese,Hong Yip Restaurant,"905 SW Main Blvd, Lake City, FL 32025, USA",http://hongyiplakecity.kwickmenu.com/
Vietnamese,Pho Mi 2Go,"17010 W Dixie Hwy, North Miami Beach, FL 33160, USA",https://m.facebook.com/pages/Pho-Mi-2Go/267449023597165
Vietnamese,Michael Asian Cuisine,"1010 E Alfred St, Tavares, FL 32778, USA",
Yemeni,Taste of Yemen restaurant,"12822 N 56th St, Temple Terrace, FL 33617, USA",https://www.tasteofyemenusa.com/
Zimbabwean,Ivoire Delice African Restaurant,"1116 N Main St, Gainesville, FL 32601, USA",
