Cuisine Type,Name,Address,Website
Mexican,El Zarape Restaurant Inc,"139 S Imperial Ave, Imperial, CA 92251, USA",
Mexican,Ma Lupe's Restaurant,"390 W Aten Rd, Imperial, CA 92251, USA",https://riny.top/ma-lupe-s-restaurant-2
Mexican,Letty's Casita,"705 S 4th St, El Centro, CA 92243, USA",https://www.facebook.com/Lettyscasita/
Mexican,Nana’s Kitchen,"502 W Aten Rd #103, Imperial, CA 92251, USA",
Mexican,Antojitos Como En Casa,"425 Desert Gardens Dr # C, El Centro, CA 92243, USA",https://www.antojitoscomoencasa.com/
Mexican,Antojitos Como en Casa,"841 Main St, El Centro, CA 92243, USA",http://antojitoscomoencasa.com/
Mexican,El Merendero,"1702 N Imperial Ave Ste A, El Centro, CA 92243, USA",https://elmerenderomexican.com/
Mexican,La Fonda Bar & Grill,"1950 S 4th St #1, El Centro, CA 92243, USA",https://bit.ly/LaFondaBarGrill
Mexican,Jalisco's Bar And Grill,"844 N Imperial Ave, El Centro, CA 92243, USA",
Mexican,The Burrito Factory,"130 S Imperial Ave, El Centro, CA 92243, USA",http://www.theburritofactory.shop/
Mexican,Sobe's,"1151 S 4th St, El Centro, CA 92243, USA",http://sobesrestaurant.com/
Mexican,Mami's Flavor Mexican Cuisine,"3451 Dogwood Rd, El Centro, CA 92243, USA",
Mexican,Chiliberto's Taco & Breakfast,"717 Imperial Ave, Calexico, CA 92231, USA",https://www.facebook.com/profile.php?id=100073040659612&mibextid=ZbWKwL
Mexican,Johnny's Burritos of Imperial,"105 S Imperial Ave, Imperial, CA 92251, USA",https://www.toasttab.com/johnny's-burritos-imperial
Mexican,Puerto Nuevo Patio and Grill,"395 Broadway, El Centro, CA 92243, USA",https://puertonuevoelcentro.com/
Mexican,Celia's Restaurant,"1530 Adams Ave, El Centro, CA 92243, USA",
Mexican,Flautas & Sopes (Food 4 Less Shopping Center),"1531 Ford Dr, El Centro, CA 92243, USA",https://flautassopesca.com/
Mexican,Cilantros La Taqueria,"643 S 4th St Ste 1, El Centro, CA 92243, USA",
Mexican,"D'Poly Taco, Grill & Beer","1573 Main St, El Centro, CA 92243, USA",
Mexican,Las Tias Comida Mexicana,"2334 S Marina Dr, Thermal, CA 92274, USA",
Swedish,Famous Dave's Bar-B-Que,"3103 S Dogwood Rd, El Centro, CA 92243, USA",https://www.famousdaves.com/El-Centro
Latvian,Maranatha Steakhouse,"612 S J St, Imperial, CA 92251, USA",http://maranathasteakhouse.wixsite.com/eatsteak
Italian,Olive Garden Italian Restaurant,"504 E Danenberg Dr, El Centro, CA 92243, USA",https://www.olivegarden.com/locations/ca/el-centro/el-centro/4450?cmpid=br:og_ag:ie_ch:loc_ca:OGGMB_sn:gmb_gt:el-centro-ca-4450_pl:locurl_rd:1791
Italian,Johnny Carino's Corporate,"3203 S Dogwood Rd, El Centro, CA 92243, USA",http://www.carinos.com/
Italian,Grasso's Italian Restaurant,"1902 Main St, El Centro, CA 92243, USA",http://www.grassositalianrestaurant.com/
Italian,Italia Express,"3451 Dogwood Rd, El Centro, CA 92243, USA",
Italian,Mozarelli Artisan Bistro,"123 W Barioni Blvd, Imperial, CA 92251, USA",https://mozzarellirestaurants.com/
Italian,Mozzarelli’s Pizza & Gelato,"950 N Imperial Ave, El Centro, CA 92243, USA",
Italian,Assaggio Ristorante Italiano,"538 E St, Brawley, CA 92227, USA",https://qrco.de/Assaggio
Italian,Rene anaya,"591 Park Ave, El Centro, CA 92243, USA",
Spanish,Los Cabos Seafood & Grill,"201 N Imperial Ave, El Centro, CA 92243, USA",https://www.facebook.com/LosCabosSeafoodGrill/
Spanish,La Fonda Bar & Grill,"1950 S 4th St #1, El Centro, CA 92243, USA",https://bit.ly/LaFondaBarGrill
Spanish,El Zarape Restaurant Inc,"139 S Imperial Ave, Imperial, CA 92251, USA",
Spanish,La Resaca Seafood Bar,"143 S 6th St, El Centro, CA 92243, USA",http://laresacaseafoodbar.com/
Spanish,Letty's Casita,"705 S 4th St, El Centro, CA 92243, USA",https://www.facebook.com/Lettyscasita/
Spanish,Ma Lupe's Restaurant,"390 W Aten Rd, Imperial, CA 92251, USA",https://riny.top/ma-lupe-s-restaurant-2
Spanish,El Merendero,"1702 N Imperial Ave Ste A, El Centro, CA 92243, USA",https://elmerenderomexican.com/
Spanish,Antojitos Como en Casa,"841 Main St, El Centro, CA 92243, USA",http://antojitoscomoencasa.com/
Spanish,Mami's Flavor Mexican Cuisine,"3451 Dogwood Rd, El Centro, CA 92243, USA",
Spanish,Jalisco's Bar And Grill,"844 N Imperial Ave, El Centro, CA 92243, USA",
Spanish,Sobe's,"1151 S 4th St, El Centro, CA 92243, USA",http://sobesrestaurant.com/
Spanish,Ruben's Raspados,"734 S 4th St, El Centro, CA 92243, USA",https://www.rubensraspados.com/
Spanish,LOS CEBCHES EL CENTRO,"1427 Adams Ave, El Centro, CA 92243, USA",
Spanish,El Pollo Loco,"1403 N Imperial Ave, El Centro, CA 92243, USA",https://restaurants.elpolloloco.com/ca/el-centro/1403-n-imperial-ave?utm_source=gmb&utm_medium=yext
Spanish,The Burrito Factory,"130 S Imperial Ave, El Centro, CA 92243, USA",http://www.theburritofactory.shop/
Spanish,La Lonchera,"260 S Imperial Ave, Imperial, CA 92251, USA",
Spanish,Nicarao,"El Centro, CA 92243, USA",https://www.imperialvalleymall.com/store/nicarao
Spanish,Puerto Nuevo Patio and Grill,"395 Broadway, El Centro, CA 92243, USA",https://puertonuevoelcentro.com/
Spanish,Las Palmitas Taco Shop,"2003 S 4th St, El Centro, CA 92243, USA",
Spanish,"D'Poly Taco, Grill & Beer","1573 Main St, El Centro, CA 92243, USA",
American,Burgers & Beer,"260 N Imperial Ave #2325, El Centro, CA 92243, USA",http://www.burgersandbeer.com/
American,Applebee's Grill + Bar,"2421 Cottonwood Dr, El Centro, CA 92243, USA",https://restaurants.applebees.com/en-us/ca/el-centro/2421-n.-cottonwood-98043?utm_source=google&utm_medium=organic&utm_campaign=google_my_business&utm_term=98043&utm_content=website
American,Maranatha Steakhouse,"612 S J St, Imperial, CA 92251, USA",http://maranathasteakhouse.wixsite.com/eatsteak
American,Sizzler,"707 N Imperial Ave, El Centro, CA 92243, USA",https://sizzler.com/locations/sizzler-el-centro/
American,Ma Lupe's Restaurant,"390 W Aten Rd, Imperial, CA 92251, USA",https://riny.top/ma-lupe-s-restaurant-2
American,El Zarape Restaurant Inc,"139 S Imperial Ave, Imperial, CA 92251, USA",
American,Hamburger Stand,"825 S Imperial Ave, El Centro, CA 92243, USA",https://www.hamburgerstand.com/location/south-imperial-hamilton-el-centro-825-south-imperial-ave-ca-92243/?utm_source=google&utm_medium=profiles&utm_campaign=local_profiles
American,Famous Dave's Bar-B-Que,"3103 S Dogwood Rd, El Centro, CA 92243, USA",https://www.famousdaves.com/El-Centro
American,Denny's,"3403 Dogwood Rd, El Centro, CA 92243, USA",https://locations.dennys.com/CA/EL-CENTRO/202356?utm_source=yext&utm_medium=local-listing&utm_campaign=yext-listing&y_source=1_MzUxNDE2OS03MTUtbG9jYXRpb24ud2Vic2l0ZQ%3D%3D
American,Farmer Boys,"1532 Cruickshank Dr, El Centro, CA 92243, USA",https://www.farmerboys.com/locations/el-centro-cruickshank-dr
American,Broken Yolk Cafe,"3049 N Imperial Ave, El Centro, CA 92243, USA",https://www.thebrokenyolkcafe.com/location/broken-yolk-cafe-el-centro/
American,Saltcedar Barbecue,"297 S Imperial Ave, Imperial, CA 92251, USA",http://saltcedarbbq.com/
American,Carl’s Jr.,"1498 Adams Ave, El Centro, CA 92243, USA",https://locations.carlsjr.com/ca/el-centro/1498-adams-ave
American,Mona Lisa Cocktails & Cuisine,"2393 CA-86, Imperial, CA 92251, USA",https://www.opentable.com/r/mona-lisa-cocktails-and-cuisine-imperial?corrid=92820a7c-64e4-4506-9add-33638a702636&avt=eyJ2IjoyLCJtIjoxLCJwIjowLCJzIjowLCJuIjowfQ&p=2&sd=2023-09-02T19%3A00%3A00
American,Buckshot Deli & Diner,"8120 CA-111, Niland, CA 92257, USA",
American,Burger King,"2903 S Dogwood Rd, El Centro, CA 92243, USA",https://burgerking.com/store-locator/store/restaurant_17645
American,Junior's Cafe,"1791 Adams Ave, El Centro, CA 92243, USA",http://juniors-cafe.com/
Scottish,Burgers & Beer,"260 N Imperial Ave #2325, El Centro, CA 92243, USA",http://www.burgersandbeer.com/
British,"Britain Farms 4330 W. Riverside Drive - Yuma, AZ","Yuma, AZ 85364, USA",
Thai,The Thai Bistro,"775 E Danenberg Dr STE. 104/105, El Centro, CA 92243, USA",
Japanese,K Sushi Bar and Grill,"416 S J St, Imperial, CA 92251, USA",http://www.ksushibarandgrill.com/
Japanese,Sushi Spot,"115 North Imperial Avenue Ste F-G, Imperial, CA 92251, USA",http://www.facebook.com/sushispotiv/
Japanese,Sushi Park,"330 Wake Ave, El Centro, CA 92243, USA",https://www.facebook.com/pages/category/Sushi-Restaurant/Sushi-Park-589597514465447/
Japanese,Poke & Noodle Japanese Cuisine,"799 E Danenberg Dr, El Centro, CA 92243, USA",
Japanese,Fujisan Sushi,"1560 Ocotillo Dr Suite O, El Centro, CA 92243, USA",http://www.fujisaniv.com/
Japanese,Sushi & Noodle,"800 N Imperial Ave, El Centro, CA 92243, USA",https://www.sushiandnoodles.com/
Japanese,Kotori Japanese Food Calexico,"300 E Cole Blvd, Calexico, CA 92231, USA",https://www.facebook.com/kotoricalexico/
Japanese,Big sushi,"3603 S Dogwood Rd, El Centro, CA 92243, USA",
Japanese,Volcano Asian Restaurant,"445 E Main St, El Centro, CA 92243, USA",http://volcanoelcentro.com/
Japanese,El Sol Market,"124-A W Barioni Blvd, Imperial, CA 92251, USA",
Japanese,Sushi & Noodles,"630 S Brawley Ave Unit #6, Brawley, CA 92227, USA",https://www.sushiandnoodles.com/
Japanese,Komaki Sushi & Sea Food,"1133 Ben Hulse Hwy, Brawley, CA 92227, USA",
Chinese,Mah's Kitchen,"290 N Imperial Ave, El Centro, CA 92243, USA",
Chinese,Fortune Garden,"3309 S Dogwood Rd, El Centro, CA 92243, USA",http://www.fortunegardenelcentro.com/?utm_source=gmb&utm_medium=website
Chinese,Chef Lee's Food Express,"1049 N Imperial Ave, El Centro, CA 92243, USA",
Chinese,Chinese Gourmet Express,"3451 Dogwood Rd FC - 6, El Centro, CA 92243, USA",http://www.chinese-gourmet-express.com/
Chinese,Panda Express,"2380 S 4th St, El Centro, CA 92243, USA",https://www.pandaexpress.com/locations/ca/el-centro/2276
Chinese,Volcano Asian Restaurant,"445 E Main St, El Centro, CA 92243, USA",http://volcanoelcentro.com/
Chinese,Lucky Chinese Restaurant,"500 S 4th St, El Centro, CA 92243, USA",http://www.luckyrestaurant.com/
Chinese,El Sol Market,"124-A W Barioni Blvd, Imperial, CA 92251, USA",
Chinese,Fortune House,"1627 Main St, El Centro, CA 92243, USA",https://www.smorefood.com/order-online/new-fortune-house-el-centro-92243-8qa5l32e?utm_source=gmb&utm_medium=website
Chinese,China Palace Restaurants,"1075 Adams Ave, El Centro, CA 92243, USA",http://chinapalacerestaurants.com/
Chinese,Bamboo Bistro,"3451 Dogwood Rd #1609, El Centro, CA 92243, USA",
Chinese,Peony Pavilion,"1505 Main St, Brawley, CA 92227, USA",
Chinese,Wong's Kitchen,"102 W 5th St, Holtville, CA 92250, USA",
Chinese,China Inn Restaurant,"461 W Main St, Brawley, CA 92227, USA",https://usmapz.me/china-inn-restaurant-146712-us
Chinese,Rico food,"1404 S 4th St, El Centro, CA 92243, USA",
Chinese,Golden Dragon Chinese Restaurant,"928 Imperial Ave, Calexico, CA 92231, USA",
Chinese,Panda Express,"2530 Rockwood Ave, Calexico, CA 92231, USA",https://www.pandaexpress.com/locations/ca/calexico/2587
Chinese,Imperial Restaurant,"1505 Main St, Brawley, CA 92227, USA",http://imperial.elax.io/
Chinese,Sushi & Noodle,"800 N Imperial Ave, El Centro, CA 92243, USA",https://www.sushiandnoodles.com/
Chinese,Yum Yum Chinese Food Inc,"528 Imperial Ave, Calexico, CA 92231, USA",
Indian,Curries Indian Cuisine and Bar,"711 E 32nd St, Yuma, AZ 85365, USA",http://www.azcurries.com/
Indian,The Thai Bistro,"775 E Danenberg Dr STE. 104/105, El Centro, CA 92243, USA",
Indian,Mah's Kitchen,"290 N Imperial Ave, El Centro, CA 92243, USA",
Indian,Maxzamora93,"San Bruno, Misión de San Antonio, 21165 Mexicali, B.C., Mexico",
Indian,Frutas El Primo #2,"62400 Chiriaco Rd, Chiriaco Summit, CA 92201, USA",
Indian,Imperial Restaurant,"1505 Main St, Brawley, CA 92227, USA",http://imperial.elax.io/
Indian,Himalayan Tandoori & Curry House,"555 Broadway Suite 140, Chula Vista, CA 91910, USA",http://himalayantandoorisd.com/
Indian,Himalayan House Restaurant,"201 Broadway Ste 102, Chula Vista, CA 91910, USA",http://himalayanrestaurantsd.com/
Indian,Restaurante Purpura,"Mar Báltico 344, Anáhuac, 21060 Mexicali, B.C., Mexico",
Indian,Nana’s Kitchen,"502 W Aten Rd #103, Imperial, CA 92251, USA",
Indian,Jack in the Box,"203 E Cole Rd, Calexico, CA 92231, USA",https://locations.jackinthebox.com/us/ca/calexico/203-e-cole-rd?utm_source=google&utm_medium=local&utm_campaign=google-local
Indian,Tandoori Palace - Indian Restaurant & Catering,"257 N El Camino Real, Encinitas, CA 92024, USA",http://tandooripalacesd.com/
Indian,Curry Hut,"15850 Imperial Hwy., La Mirada, CA 90638, USA",http://www.curryhutla.com/
Indian,Zaiqa Grill,"8814 Imperial Hwy., Downey, CA 90242, USA",
Indian,Panda Express,"2530 Rockwood Ave, Calexico, CA 92231, USA",https://www.pandaexpress.com/locations/ca/calexico/2587
Canadian,Maranatha Steakhouse,"612 S J St, Imperial, CA 92251, USA",http://maranathasteakhouse.wixsite.com/eatsteak
Canadian,Sizzler,"707 N Imperial Ave, El Centro, CA 92243, USA",https://sizzler.com/locations/sizzler-el-centro/
Canadian,Famous Dave's Bar-B-Que,"3103 S Dogwood Rd, El Centro, CA 92243, USA",https://www.famousdaves.com/El-Centro
Canadian,Burgers & Beer,"260 N Imperial Ave #2325, El Centro, CA 92243, USA",http://www.burgersandbeer.com/
Canadian,Buckshot Deli & Diner,"8120 CA-111, Niland, CA 92257, USA",
Canadian,Humble Farmer Brewing- Imperial,"116 S Imperial Ave STE C, Imperial, CA 92251, USA",http://humblefarmerbrewing.com/
Canadian,Brickhouse deli,"447 W Aten Rd Suite 2, Imperial, CA 92243, USA",https://www.bhdeli.co/
Canadian,Denny's,"3403 Dogwood Rd, El Centro, CA 92243, USA",https://locations.dennys.com/CA/EL-CENTRO/202356?utm_source=yext&utm_medium=local-listing&utm_campaign=yext-listing&y_source=1_MzUxNDE2OS03MTUtbG9jYXRpb24ud2Vic2l0ZQ%3D%3D
Canadian,Broken Yolk Cafe,"3049 N Imperial Ave, El Centro, CA 92243, USA",https://www.thebrokenyolkcafe.com/location/broken-yolk-cafe-el-centro/
Canadian,Tropical Delights,"219 W E St, Brawley, CA 92227, USA",
Canadian,Fortune Garden,"3309 S Dogwood Rd, El Centro, CA 92243, USA",http://www.fortunegardenelcentro.com/?utm_source=gmb&utm_medium=website
Canadian,Mami's Flavor Mexican Cuisine,"3451 Dogwood Rd, El Centro, CA 92243, USA",
Canadian,Brownie's Diner,"990 Main St, Brawley, CA 92227, USA",https://www.facebook.com/browniesdinerca/
Canadian,Komaki Sushi & Sea Food,"1133 Ben Hulse Hwy, Brawley, CA 92227, USA",
Canadian,Italia Express,"3451 Dogwood Rd, El Centro, CA 92243, USA",
Canadian,Applebee's Grill + Bar,"2505 Scaroni Ave, Calexico, CA 92231, USA",https://restaurants.applebees.com/en-us/ca/calexico/2505-scaroni-rd.-98000?utm_source=google&utm_medium=organic&utm_campaign=google_my_business&utm_term=98000&utm_content=website
Canadian,Town Pump Steakhouse,"200 W Main St, Westmorland, CA 92281, USA",https://www.facebook.com/The-Original-Town-Pump-Steakhouse-236837489694242/
Canadian,Kennedys Taco,"1560 Ocotillo Dr, El Centro, CA 92243, USA",http://orderkennedystaco.com/
Russian,Kalinka Russian Cuisine,"1714 Victory Blvd, Glendale, CA 91201, USA",
Russian,Robert's Russian Cuisine,"1603 N La Brea Ave, Los Angeles, CA 90028, USA",http://www.robertsrussiancuisine.com/
Russian,Pomegranate,"2312 El Cajon Blvd, San Diego, CA 92104, USA",http://pomegranatesd.com/
Jewish,Brickhouse deli,"447 W Aten Rd Suite 2, Imperial, CA 92243, USA",https://www.bhdeli.co/
Jewish,Maranatha Steakhouse,"612 S J St, Imperial, CA 92251, USA",http://maranathasteakhouse.wixsite.com/eatsteak
Jewish,El Zarape Restaurant Inc,"139 S Imperial Ave, Imperial, CA 92251, USA",
Jewish,Congregation Beth Jacob,"530 Adams Ave, El Centro, CA 92243, USA",
Jewish,Imperial Restaurant,"1505 Main St, Brawley, CA 92227, USA",http://imperial.elax.io/
Jewish,Imperial Market & Deli,"737 E Glendale Ave, Phoenix, AZ 85020, USA",http://www.imperialkosher.com/
Polish,"D'Poly Taco, Grill & Beer","1573 Main St, El Centro, CA 92243, USA",
Polish,El Zarape Restaurant Inc,"139 S Imperial Ave, Imperial, CA 92251, USA",
Polish,Grasso's Italian Restaurant,"1902 Main St, El Centro, CA 92243, USA",http://www.grassositalianrestaurant.com/
Polish,Famous Dave's Bar-B-Que,"3103 S Dogwood Rd, El Centro, CA 92243, USA",https://www.famousdaves.com/El-Centro
Polish,Rosas Plane Food,"1523 Main St, El Centro, CA 92243, USA",
Polish,Burgers & Beer,"260 N Imperial Ave #2325, El Centro, CA 92243, USA",http://www.burgersandbeer.com/
Polish,Rosa’s Plane Food Inc.,"445 Imperial Ave, Calexico, CA 92231, USA",
Polish,Celia's Restaurant,"1530 Adams Ave, El Centro, CA 92243, USA",
Polish,Polka Restaurant,"4112 Verdugo Rd, Los Angeles, CA 90065, USA",http://polkarestaurant.com/
Polish,Lazy Lizard Saloon,"1194 N Imperial Hwy, Ocotillo, CA 92259, USA",
Polish,Sombrero Mexican Food,"703 E Danenberg Dr, El Centro, CA 92243, USA",https://sombreromex.com/
Polish,Hamburger Stand,"825 S Imperial Ave, El Centro, CA 92243, USA",https://www.hamburgerstand.com/location/south-imperial-hamilton-el-centro-825-south-imperial-ave-ca-92243/?utm_source=google&utm_medium=profiles&utm_campaign=local_profiles
Polish,Tacos Marlyn El Centro,"1614 S 4th St, El Centro, CA 92243, USA",https://tacosmarlyn.com/
Polish,Denny's,"3403 Dogwood Rd, El Centro, CA 92243, USA",https://locations.dennys.com/CA/EL-CENTRO/202356?utm_source=yext&utm_medium=local-listing&utm_campaign=yext-listing&y_source=1_MzUxNDE2OS03MTUtbG9jYXRpb24ud2Vic2l0ZQ%3D%3D
Polish,Lutes Casino,"221 S Main St, Yuma, AZ 85364, USA",https://www.lutescasino.com/
Polish,Wienerschnitzel,"1775 S 4th Ave, Yuma, AZ 85364, USA",http://www.wienerschnitzel.com/location/79-4th-west-18th-yuma-1775-fourth-avenue-yuma-az-85364/?utm_source=google&utm_medium=profiles&utm_campaign=local_profiles
Polish,Polka Polish Goodies,"1291 Simpson Way, Escondido, CA 92029, USA",https://polka-traditional-goodies.company.site/
Polish,Tacos Lalo,"21510 La Rumorosa, Baja California, Mexico",
Polish,Bianco Storico,"Av. Francisco I. Madero 665, Primera, 21100 Mexicali, B.C., Mexico",http://www.gruppobianco.com.mx/
Polish,Pomegranate,"2312 El Cajon Blvd, San Diego, CA 92104, USA",http://pomegranatesd.com/
German,Alps Village,"77734 Country Club Dr f, Palm Desert, CA 92211, USA",http://www.alpsvillage.com/
German,Wurstküche,"800 E 3rd St, Los Angeles, CA 90013, USA",http://www.wurstkuche.com/
German,Kaiserhof Restaurant,"2253 Sunset Cliffs Blvd, San Diego, CA 92107, USA",https://www.kaiserhofrestaurant.com/
German,Himmel Haus,"3819 Saddle Rd, South Lake Tahoe, CA 96150, USA",https://himmelhausslt.com/
German,Duner's Diner,"6626 Evan Hewes Hwy, Winterhaven, CA 92283, USA",https://m.facebook.com/pages/Duners-Diner/135420293178800
German,Upland German Deli,"983 W Foothill Blvd, Upland, CA 91786, USA",http://restaurantwebexpert.com/Upland/
German,Heidelberg Restaurante,"Ave. Fco. I. Madero y Calle H S/N, Nueva, 21100 Mexicali, B.C., Mexico",http://www.restauranteheidelberg.com/
German,Rasselbock Kitchen & Beer Garden,"4020 Atlantic Ave, Long Beach, CA 90807, USA",http://www.rasselbocklb.com/
German,Grasso's Italian Restaurant,"1902 Main St, El Centro, CA 92243, USA",http://www.grassositalianrestaurant.com/
German,Julian Beer Co.,"2307 Main St, Julian, CA 92036, USA",http://www.julianbeerco.com/
German,The Old German Deli,"40645 Village Dr, Big Bear Lake, CA 92315, USA",
German,German Restaurant Stammtisch,"1204 Echo Ave, Seaside, CA 93955, USA",http://www.stammtisch-seaside.com/
German,Lazy Lizard Saloon,"1194 N Imperial Hwy, Ocotillo, CA 92259, USA",
German,Prison Hill Brewing Company,"278 S Main St, Yuma, AZ 85364, USA",http://www.prisonhillbrewing.com/
German,Kathrin's Biergarten,"4810 Granite Dr A1, Rocklin, CA 95677, USA",http://kathrinsbiergarten.com/
German,Hope Cafe and Creperie,"605 E 2nd St, Calexico, CA 92231, USA",https://m.facebook.com/Hope-Cafe-Creperie-1499453900367858/
German,Sherman's Deli & Bakery,"73-161 Country Club Dr, Palm Desert, CA 92260, USA",https://shermansdeli.com/
German,Lutes Casino,"221 S Main St, Yuma, AZ 85364, USA",https://www.lutescasino.com/
German,Johannes,"196 S Indian Canyon Dr, Palm Springs, CA 92262, USA",http://www.johannespalmsprings.com/
German,The Fox Bistro (previously The Butterfield Room),"3845 Yaqui Pass Rd, Borrego Springs, CA 92004, USA",https://lacasadelzorro.com/
French,Brasserie Ridgewood,"1 Las Flores Dr, Calexico, CA 92231, USA",
Hawaiian,Big Kahuna's,"600 Palm Ave, Imperial Beach, CA 91932, USA",http://bigkahunasib.com/
Hawaiian,Maui Hawaiian BBQ,"105 W Imperial Hwy C, Brea, CA 92821, USA",http://www.mauihawaiianbbq.com/
Hawaiian,Nana’s Kitchen,"502 W Aten Rd #103, Imperial, CA 92251, USA",
Hawaiian,Tropical Delights,"219 W E St, Brawley, CA 92227, USA",
Hawaiian,King's Hawaiian Bakery and Restaurant,"2808 Sepulveda Blvd, Torrance, CA 90505, USA",https://www.khbakery.com/
Hawaiian,Quechan Casino Resort,"525 Algodones Rd, Winterhaven, CA 92283, USA",http://playqcr.com/
Hawaiian,Komaki Sushi & Sea Food,"1133 Ben Hulse Hwy, Brawley, CA 92227, USA",
Hawaiian,Big Island Hawaiian BBQ,"1016 Riley St #5, Folsom, CA 95630, USA",https://eatbigisland.com/
Hawaiian,Rancho 86 Restaurant & Bar,"3790 Scott Dr, Thermal, CA 92274, USA",
Hawaiian,K Sushi Bar and Grill,"416 S J St, Imperial, CA 92251, USA",http://www.ksushibarandgrill.com/
Hawaiian,Grindz Poke (Brea),"2500 E Imperial Hwy #166, Brea, CA 92821, USA",https://grindzpoke.com/
Hawaiian,Loft Hawaiian Grill,"5950 Corporate Ave # 300, Cypress, CA 90630, USA",
Hawaiian,Broken Yolk Cafe,"3049 N Imperial Ave, El Centro, CA 92243, USA",https://www.thebrokenyolkcafe.com/location/broken-yolk-cafe-el-centro/
Hawaiian,Honeyfish Poke,"1040 W Imperial Hwy #2c, La Habra, CA 90631, USA",
Hawaiian,Lazy Lizard Saloon,"1194 N Imperial Hwy, Ocotillo, CA 92259, USA",
Hawaiian,Loft Hawaiian Grill Restaurant,"20157 South, 20157 Pioneer Blvd, Lakewood, CA 90715, USA",http://www.lofthawaiian.com/
Hawaiian,King's Hawaiian Bakery and Restaurant,"18605 S Western Ave, Torrance, CA 90504, USA",https://www.khbakery.com/
Hawaiian,Hapa J's,"2016 S El Camino Real, San Clemente, CA 92672, USA",http://www.hapajs.com/
Hawaiian,The Loft,"2210 Artesia Blvd, Torrance, CA 90504, USA",http://thelofthawaii.com/
Hawaiian,Sizzler,"707 N Imperial Ave, El Centro, CA 92243, USA",https://sizzler.com/locations/sizzler-el-centro/
Brazilian,Pampas Do Brasil,"Plaza del Norte, Paseo de los Pinos 1201, Los Pinos, 21230 Mexicali, B.C., Mexico",
Brazilian,Mr. Pampas Justo Sierra,"Calz. Justo Sierra 1051, Los Pinos, 21230 Mexicali, B.C., Mexico",http://www.mrpampas.com/
Brazilian,Sizzler,"707 N Imperial Ave, El Centro, CA 92243, USA",https://sizzler.com/locations/sizzler-el-centro/
Brazilian,Maranatha Steakhouse,"612 S J St, Imperial, CA 92251, USA",http://maranathasteakhouse.wixsite.com/eatsteak
Brazilian,Sonora Fusion,"560 W State St, El Centro, CA 92243, USA",
Brazilian,Fogo de Chão Brazilian Steakhouse,"668 Sixth Ave, San Diego, CA 92101, USA",https://fogodechao.com/location/san-diego/
Brazilian,Brazil by the Bay,"3770 Hancock St G, San Diego, CA 92110, USA",http://www.brazilbythebay.com/
Brazilian,Rei Do Gado Brazilian Steakhouse,"939 Fourth Ave, San Diego, CA 92101, USA",http://www.reidogado.net/
Brazilian,Hope Cafe El Centro,"1027 W State St, El Centro, CA 92243, USA",https://www.hopecafeelcentro.com/
Brazilian,Mr. Pampas Caballito,"Blvd. Lopez Mateos 701, Zona Industrial, 21010 Mexicali, B.C., Mexico",http://www.mrpampas.com/
Brazilian,Jalisco's Bar And Grill,"844 N Imperial Ave, El Centro, CA 92243, USA",
Brazilian,Rio Picanha Steakhouse,"381 N Azusa Ave, West Covina, CA 91791, USA",http://www.riopicanha.com/
Brazilian,Mona Lisa Cocktails & Cuisine,"2393 CA-86, Imperial, CA 92251, USA",https://www.opentable.com/r/mona-lisa-cocktails-and-cuisine-imperial?corrid=92820a7c-64e4-4506-9add-33638a702636&avt=eyJ2IjoyLCJtIjoxLCJwIjowLCJzIjowLCJuIjowfQ&p=2&sd=2023-09-02T19%3A00%3A00
Brazilian,Grasso's Italian Restaurant,"1902 Main St, El Centro, CA 92243, USA",http://www.grassositalianrestaurant.com/
Brazilian,Fogo de Chão Brazilian Steakhouse,"311 S State College Blvd, Brea, CA 92821, USA",https://fogodechao.com/location/brea/
Brazilian,Picanha Brazilian Churrascaria,"14328 Valley Blvd, City of Industry, CA 91746, USA",https://www.picanhabc.com/
Brazilian,Rio Brazilian Grill,"628, 630 W Lancaster Blvd, Lancaster, CA 93534, USA",http://www.riobraziliangrill.com/
Brazilian,O Prego San Diego,"980 Los Vallecitos Blvd, San Marcos, CA 92069, USA",https://www.opregosd.com/
Peruvian,Sol Inka Peruvian Restaurant,"15720 Imperial Hwy., La Mirada, CA 90638, USA",http://website.uniquemobileapps.com/free/rios12345/sol_inka_peruvian_food
Salvadorian,El Salvadoreno,"2845 Imperial Ave, San Diego, CA 92102, USA",http://www.elsalvadorenosd.com/
Cuban,Valley Vida,"1560 Ocotillo Dr Suite C, El Centro, CA 92243, USA",
Cuban,Havanazucar Cuban Restaurant,"15550 Main St c14, Hesperia, CA 92345, USA",
Cuban,3:16 Cafe,"123 N Imperial Ave, Imperial, CA 92251, USA",
Cuban,The House of Cuban Flavor,"1372 3rd Ave, Chula Vista, CA 91911, USA",https://thehouseofcubanflavor.com/
Cuban,Pupuseria Cabanas,"1945 W 8th St, Yuma, AZ 85364, USA",
Cuban,Coco Palm Restaurant,"1600 Fairplex Dr, Pomona, CA 91768, USA",http://www.cocopalmrestaurant.com/
Cuban,El Zarape Restaurant Inc,"139 S Imperial Ave, Imperial, CA 92251, USA",
Cuban,Letty's Casita,"705 S 4th St, El Centro, CA 92243, USA",https://www.facebook.com/Lettyscasita/
Cuban,El Cubano,"23360 Valencia Blvd Unit I, Valencia, CA 91355, USA",http://www.elcubano-restaurant.com/
Cuban,Mami's Flavor Mexican Cuisine,"3451 Dogwood Rd, El Centro, CA 92243, USA",
Cuban,Johnny’s Burritos Brawley,"490 D St, Brawley, CA 92227, USA",https://www.toasttab.com/johnnys-burritos-brawley
Cuban,Chapalas Restaurant,"66351 Harrison St, Thermal, CA 92274, USA",
Cuban,La Cubana Restaurant,"801 S Glendale Ave #3, Glendale, CA 91205, USA",http://lacubanarestaurantglendale.com/
Cuban,Grasso's Italian Restaurant,"1902 Main St, El Centro, CA 92243, USA",http://www.grassositalianrestaurant.com/
Cuban,Dos Alas CubaRican Café & Lounge,"101 Sherwin Creek Rd Building A, Mammoth Lakes, CA 93546, USA",http://www.dosalascafe.com/
Cuban,Panera Bread,"2321 S 4th St, El Centro, CA 92243, USA",https://www.panerabread.com/en-us/cafe/locations/ca/el-centro/2321-s-4th-st?utm_medium=local&utm_source=google&utm_campaign=dpm-dist&utm_term=204877&utm_content=main
Cuban,Sol Cubano,"5734 Watt Ave, North Highlands, CA 95660, USA",https://facebook.com/pages/category/Caribbean-Restaurant/Sol-Cubano-Restaurant-148076171929035/
Cuban,Lazy Lizard Saloon,"1194 N Imperial Hwy, Ocotillo, CA 92259, USA",
Cuban,Latin American Club,"136 Sorensen Ave, Calipatria, CA 92233, USA",
Cuban,El Charro Cafe,"601 W 8th St, Yuma, AZ 85364, USA",https://elcharromexicancafe.com/
Tibetan,The Thai Bistro,"775 E Danenberg Dr STE. 104/105, El Centro, CA 92243, USA",
Egyptian,El Zarape Restaurant Inc,"139 S Imperial Ave, Imperial, CA 92251, USA",
Greek,Valley Vida,"1560 Ocotillo Dr Suite C, El Centro, CA 92243, USA",
Greek,Olive Garden Italian Restaurant,"504 E Danenberg Dr, El Centro, CA 92243, USA",https://www.olivegarden.com/locations/ca/el-centro/el-centro/4450?cmpid=br:og_ag:ie_ch:loc_ca:OGGMB_sn:gmb_gt:el-centro-ca-4450_pl:locurl_rd:1791
Greek,Brickhouse deli,"447 W Aten Rd Suite 2, Imperial, CA 92243, USA",https://www.bhdeli.co/
Greek,La Grieguita,"Av. Venustiano Carranza 292, Jardines del Valle, 21270 Mexicali, B.C., Mexico",http://www.lagrieguita.com/
Greek,Sonora Fusion,"560 W State St, El Centro, CA 92243, USA",
Greek,Dõn Habibi Grill,"Blvd. Lopez Mateos 701-9, Industrial, 21000 Mexicali, B.C., Mexico",
Greek,La Grieguita Novena,"C. Novena 4734, Calles, 21378 Mexicali, B.C., Mexico",http://www.lagrieguita.com/
Greek,Rio Bend Bar & Grill,"1589 Drew Rd, El Centro, CA 92243, USA",https://www.facebook.com/RioBendBarGrill/?ref=pages_you_manage
Greek,Panera Bread,"2321 S 4th St, El Centro, CA 92243, USA",https://www.panerabread.com/en-us/cafe/locations/ca/el-centro/2321-s-4th-st?utm_medium=local&utm_source=google&utm_campaign=dpm-dist&utm_term=204877&utm_content=main
Greek,Hope Cafe El Centro,"1027 W State St, El Centro, CA 92243, USA",https://www.hopecafeelcentro.com/
Greek,La Grieguita,"21254 Mexicali, Baja California, Mexico",http://www.lagrieguita.com/
Greek,Puerto Nuevo Patio and Grill,"395 Broadway, El Centro, CA 92243, USA",https://puertonuevoelcentro.com/
Greek,Broken Yolk Cafe,"3049 N Imperial Ave, El Centro, CA 92243, USA",https://www.thebrokenyolkcafe.com/location/broken-yolk-cafe-el-centro/
Greek,Sobe's,"1151 S 4th St, El Centro, CA 92243, USA",http://sobesrestaurant.com/
Greek,Denny's,"1445 Ocotillo Dr, El Centro, CA 92243, USA",https://locations.dennys.com/CA/EL-CENTRO/202354?utm_source=yext&utm_medium=local-listing&utm_campaign=yext-listing&y_source=1_MzUyODg0MC03MTUtbG9jYXRpb24ud2Vic2l0ZQ%3D%3D
Greek,Shawarma Vibes,"2855 S 4th Ave, Yuma, AZ 85364, USA",https://order.online/store/shawarma-vibes-yuma-24462799/?hideModal=true&pickup=true
Greek,Grecian Cafe,"9676 Campo Rd, Spring Valley, CA 91977, USA",
Greek,Denny's,"3403 Dogwood Rd, El Centro, CA 92243, USA",https://locations.dennys.com/CA/EL-CENTRO/202356?utm_source=yext&utm_medium=local-listing&utm_campaign=yext-listing&y_source=1_MzUxNDE2OS03MTUtbG9jYXRpb24ud2Vic2l0ZQ%3D%3D
Greek,Burgers & Beer,"260 N Imperial Ave #2325, El Centro, CA 92243, USA",http://www.burgersandbeer.com/
Greek,Nick The Greek,"14948 E Imperial Hwy, La Mirada, CA 90638, USA",https://www.nickthegreek.com/
Belgian,Burgers & Beer,"260 N Imperial Ave #2325, El Centro, CA 92243, USA",http://www.burgersandbeer.com/
Belgian,Broken Yolk Cafe,"3049 N Imperial Ave, El Centro, CA 92243, USA",https://www.thebrokenyolkcafe.com/location/broken-yolk-cafe-el-centro/
Belgian,Brickhouse deli,"447 W Aten Rd Suite 2, Imperial, CA 92243, USA",https://www.bhdeli.co/
Belgian,Si Bon,"40101 Monterey Ave STE E5, Rancho Mirage, CA 92270, USA",https://www.sibon-sogood.com/
Belgian,Brussels Bistro,"222 Forest Ave, Laguna Beach, CA 92651, USA",http://www.brusselsbistro.com/
Belgian,Hope Cafe and Creperie,"605 E 2nd St, Calexico, CA 92231, USA",https://m.facebook.com/Hope-Cafe-Creperie-1499453900367858/
Belgian,Tropical Delights,"219 W E St, Brawley, CA 92227, USA",
Belgian,Maranatha Steakhouse,"612 S J St, Imperial, CA 92251, USA",http://maranathasteakhouse.wixsite.com/eatsteak
Belgian,Brownie's Diner,"990 Main St, Brawley, CA 92227, USA",https://www.facebook.com/browniesdinerca/
Belgian,Brussels Bistro,"218 Avenida Del Mar, San Clemente, CA 92672, USA",https://www.brusselsbistro.com/
Belgian,Grasso's Italian Restaurant,"1902 Main St, El Centro, CA 92243, USA",http://www.grassositalianrestaurant.com/
Belgian,Famous Dave's Bar-B-Que,"3103 S Dogwood Rd, El Centro, CA 92243, USA",https://www.famousdaves.com/El-Centro
Belgian,Belgian Cafe,"1671 Copenhagen Dr, Solvang, CA 93463, USA",https://www.solvangusa.com/directory/belgian-cafe/
Belgian,Lazy Lizard Saloon,"1194 N Imperial Hwy, Ocotillo, CA 92259, USA",
Belgian,"Walter's Restaurant, Bar and Lounge","310 N Yale Ave, Claremont, CA 91711, USA",http://www.waltersrestaurant.com/
Belgian,Julep Cast Iron Kitchen + Drink,"3325 E Imperial Hwy, Brea, CA 92823, USA",https://www.julepbrea.com/
Belgian,Komaki Sushi & Sea Food,"1133 Ben Hulse Hwy, Brawley, CA 92227, USA",
Belgian,Tacos Marlyn El Centro,"1614 S 4th St, El Centro, CA 92243, USA",https://tacosmarlyn.com/
Belgian,Denny's,"3403 Dogwood Rd, El Centro, CA 92243, USA",https://locations.dennys.com/CA/EL-CENTRO/202356?utm_source=yext&utm_medium=local-listing&utm_campaign=yext-listing&y_source=1_MzUxNDE2OS03MTUtbG9jYXRpb24ud2Vic2l0ZQ%3D%3D
Belgian,TAPS Fish House & Brewery,"101 E Imperial Hwy, Brea, CA 92821, USA",http://www.tapsfishhouse.com/
Irish,O'Caine's Irish Pub,"36101 Bob Hope Dr, Rancho Mirage, CA 92270, USA",http://ocainesirishpub.com/
Irish,The Field Irish Pub,"544 Fifth Ave Apt. A, San Diego, CA 92101, USA",https://thefield.com/
Irish,Silky Sullivan's Restaurant & Irish Pub,"10201 Slater Ave, Fountain Valley, CA 92708, USA",http://www.silkysullivans.com/
Irish,Lazy Lizard Saloon,"1194 N Imperial Hwy, Ocotillo, CA 92259, USA",
Irish,Muldoon's Irish Pub,"202 Newport Center Dr, Newport Beach, CA 92660, USA",http://www.muldoonspub.com/
Irish,"La Clandestina, Dogs Bar ""Irish Pub""","Blvd. Benito Juárez 1799, Los Pinos, 21230 Mexicali, B.C., Mexico",https://www.facebook.com/IrishPubMexicali/
Irish,O'Sullivan's Irish Pub Escondido,"118 E Grand Ave, Escondido, CA 92025, USA",http://www.osullivansescondido.com/
Irish,O'Malley's On Main,"140 Main St, Seal Beach, CA 90740, USA",http://www.omalleyssealbeach.com/
Irish,The Harp Inn,"130 E 17th St, Costa Mesa, CA 92627, USA",http://www.harpinn.com/
Irish,Brickhouse deli,"447 W Aten Rd Suite 2, Imperial, CA 92243, USA",https://www.bhdeli.co/
Irish,Poway's Irish Pub,"13314 Poway Rd, Poway, CA 92064, USA",http://www.powaysirishpub.com/
Irish,The Auld Dubliner,"71 S Pine Ave, Long Beach, CA 90802, USA",http://www.aulddubliner.com/
Irish,The Shamrock Irish Pub & Eatery,"39252 Winchester Rd Ste 145, Murrieta, CA 92563, USA",http://www.theshamrockirishpubandeatery.com/
Irish,The Ould Sod,"3373 Adams Ave, San Diego, CA 92116, USA",http://www.theouldsod.com/
Irish,Dargans Irish Pub & Restaurant,"593 E Main St, Ventura, CA 93001, USA",http://www.dargansventura.com/
Irish,The Irish Times Pub & Restaurant,"3267 Motor Ave, Los Angeles, CA 90034, USA",http://www.theirishtimesla.com/
Irish,The Auld Fella - Culver City,"9375 Culver Blvd, Culver City, CA 90232, USA",https://www.theauldfella.com/
Irish,Malarky's Irish Pub,"3011 Newport Blvd, Newport Beach, CA 92663, USA",http://www.malarkyspub.com/
Irish,Macallans Public House,"330 W Birch St, Brea, CA 92821, USA",http://www.macallanspubbrea.com/
Irish,Hennessey's Tavern,"2777 Roosevelt St, Carlsbad, CA 92008, USA",http://hennesseystavern.com/
Cajun,El Zarape Restaurant Inc,"139 S Imperial Ave, Imperial, CA 92251, USA",
Cajun,K Sushi Bar and Grill,"416 S J St, Imperial, CA 92251, USA",http://www.ksushibarandgrill.com/
Cajun,Grasso's Italian Restaurant,"1902 Main St, El Centro, CA 92243, USA",http://www.grassositalianrestaurant.com/
Cajun,Lazy Lizard Saloon,"1194 N Imperial Hwy, Ocotillo, CA 92259, USA",
Cajun,N&N Creole Soul Kitchen,"1133 13th St, Imperial Beach, CA 91932, USA",https://nncreolesoulkitchen.com/
Cajun,Louisiana Charlie's,"859 W Harbor Dr Ste W11B, San Diego, CA 92101, USA",https://www.louisianacharlies.com/
Cajun,Bayou Kitchen,"815 F St, San Diego, CA 92101, USA",http://bayoukitchensd.com/
Cajun,Julieanna's Steak and Seafood by Chef Eddie Guzman,"1951 W 25th St, Yuma, AZ 85364, USA",https://julieannas.com/?y_source=1_NjIzNzE3MTEtNzE1LWxvY2F0aW9uLndlYnNpdGU=
Cajun,Church's Texas Chicken,"480 N Imperial Ave, El Centro, CA 92243, USA",https://locations.churchs.com/ca/el-centro/480-n-imperial-avenue
Cajun,King Crab Cajun Seafood Boil Restaurant,"3960 W Point Loma Blvd suite p-t, San Diego, CA 92110, USA",https://www.kingcrabcajunseafoodboilca.com/
Cajun,Chef Char Seafood N Soul,"415 Fletcher Pkwy, El Cajon, CA 92020, USA",https://chefcharseafoodnsoul.com/
Cajun,Louisiana Purchase,"2305 University Ave, San Diego, CA 92104, USA",https://www.louisianapurchasesd.com/
Cajun,Pirates Kitchen La Habra,"1464 S Harbor Blvd, La Habra, CA 90631, USA",
Cajun,Tin Fish,"910 Seacoast Dr, Imperial Beach, CA 91932, USA",http://tinfishonline.com/
Cajun,The Kickin' Crab Lynwood,"3170 E Imperial Hwy 102 B, Lynwood, CA 90626, USA",http://www.thekickincrab.com/
Cajun,Stinkin Crawfish of Lakewood,"3221 E Carson St, Lakewood, CA 90712, USA",http://www.stinkincrawfishlw.com/
Cajun,The Crab Shack La Habra,"1367 W Whittier Blvd, La Habra, CA 90631, USA",
Cajun,Camacho's Place,"796 W Wahl Rd, El Centro, CA 92243, USA",
Portuguese,Debby's Cuisine,"1429 Stanislaus St F, Escalon, CA 95320, USA",https://www.debbyscuisine.com/
Portuguese,O Prego San Diego,"980 Los Vallecitos Blvd, San Marcos, CA 92069, USA",https://www.opregosd.com/
Portuguese,Antojitos Como En Casa,"425 Desert Gardens Dr # C, El Centro, CA 92243, USA",https://www.antojitoscomoencasa.com/
Portuguese,El Zarape Restaurant Inc,"139 S Imperial Ave, Imperial, CA 92251, USA",
Portuguese,Fogo de Chão Brazilian Steakhouse,"668 Sixth Ave, San Diego, CA 92101, USA",https://fogodechao.com/location/san-diego/
Portuguese,Uma Casa,"1550 Church St, San Francisco, CA 94131, USA",https://www.umacasarestaurant.com/
Portuguese,Lazy Lizard Saloon,"1194 N Imperial Hwy, Ocotillo, CA 92259, USA",
Portuguese,Cafe Sevilla of San Diego,"353 Fifth Ave, San Diego, CA 92101, USA",https://www.cafesevilla.com/
Portuguese,Gaucho Grill,"8830 Apollo Way #100, Downey, CA 90242, USA",http://www.gauchogrill.com/
Portuguese,Silva's Sports Bar & Grill,"3672 S Bristol St, Santa Ana, CA 92704, USA",http://www.silvassportsbar.com/
Portuguese,Baltaire Restaurant,"11647 San Vicente Blvd, Los Angeles, CA 90049, USA",http://baltaire.com/?y_source=1_MTAwMjE5NTM4NC03MTUtbG9jYXRpb24ud2Vic2l0ZQ%3D%3D
Portuguese,Longo Seafood Restaurant,"7540 Garvey Ave, Rosemead, CA 91770, USA",https://longoseafoodrestaurant.site/
Portuguese,Portugal Imports,"8780 Warner Ave, Fountain Valley, CA 92708, USA",http://www.portugalimports.net/home.html
Portuguese,Silvio's South American Lounge & Grill,"20 Pier Ave, Hermosa Beach, CA 90254, USA",https://www.silviosloungeandgrill.com/
Portuguese,Mariscos Barba Negra,"Estatal Núm. 2, Michoacán de Ocampo, 21700 Michoacán de Ocampo, Michoacán de Ocampo, 21705 Michoacán de Ocampo, B.C., Mexico",
Portuguese,Salt Creek Grille Valencia,"24415 Town Center Dr #115, Valencia, CA 91355, USA",https://saltcreekgrille.com/
Portuguese,Brazil by the Bay,"3770 Hancock St G, San Diego, CA 92110, USA",http://www.brazilbythebay.com/
Portuguese,TRES Cazuelas Artisanal Latin Cuisine,"3355 Spring Mountain Rd UNIT 35, Las Vegas, NV 89103, USA",http://trescazuelas.com/
Portuguese,Cardenas Markets,"1620 N Imperial Ave, El Centro, CA 92243, USA",https://cardenasmarkets.com/
Portuguese,C Level Lounge,"880 Harbor Island Dr, San Diego, CA 92101, USA",https://www.clevelsd.com/?y_source=1_MTU2Njg3ODgtNzE1LWxvY2F0aW9uLndlYnNpdGU%3D
Turkish,El Zarape Restaurant Inc,"139 S Imperial Ave, Imperial, CA 92251, USA",
Turkish,Dõn Habibi Grill,"Blvd. Lopez Mateos 701-9, Industrial, 21000 Mexicali, B.C., Mexico",
Turkish,Turkish Kitchen,"17090 Magnolia St, Fountain Valley, CA 92708, USA",https://turkishkitchenoc.com/
Turkish,Koftegi,"816 S Brookhurst St, Anaheim, CA 92804, USA",https://koftegi.com/
Turkish,Adana Grill,"1105 S Euclid St, Fullerton, CA 92832, USA",https://adanagrillca.com/menu
Turkish,Damasco Mediterranean Cuisine,"35045 Ave D, Yucaipa, CA 92399, USA",
Turkish,Kan Zaman Restaurant,"39400 Murrieta Hot Springs Rd #112, Murrieta, CA 92563, USA",http://www.kzrestaurant.com/
Turkish,Galata Halal Restaurant and Grill,"5205 2nd St, Long Beach, CA 90803, USA",
Turkish,Turk's Restaurant,"34683 Golden Lantern St, Dana Point, CA 92629, USA",http://www.turksdpharbor.com/
Turkish,Lazy Lizard Saloon,"1194 N Imperial Hwy, Ocotillo, CA 92259, USA",
Turkish,Baran Mediterranean Restaurant Bar & Catering,"5645 E La Palma Ave #170, Anaheim, CA 92807, USA",https://baranrestaurantoc.com/
Turkish,Trigo Salvaje,"Calz. Cuauhtémoc 1424-local 5, Vista Hermosa, 21225 Mexicali, B.C., Mexico",https://instagram.com/trigosalvaje
Turkish,Dvine Mediterranean Experience,"955 E Birch St, Brea, CA 92821, USA",http://www.dvineexperience.com/
Turkish,The Olive RestoBar,"8830 Apollo Way Suite 104, Downey, CA 90242, USA",http://theoliverestobar.com/
Turkish,Tacos Lalo,"21510 La Rumorosa, Baja California, Mexico",
Turkish,Angry Italian,"2680 S 4th Ave, Yuma, AZ 85364, USA",https://www.facebook.com/angryitalianyuma/
Haitian,"Restaurante Haitiano ""Bon Goût""","Blvd. Lopez Mateos 499, Primera, 21100 Mexicali, B.C., Mexico",
Tahitian,Maranatha Steakhouse,"612 S J St, Imperial, CA 92251, USA",http://maranathasteakhouse.wixsite.com/eatsteak
Tahitian,El Zarape Restaurant Inc,"139 S Imperial Ave, Imperial, CA 92251, USA",
Tahitian,Famous Dave's Bar-B-Que,"3103 S Dogwood Rd, El Centro, CA 92243, USA",https://www.famousdaves.com/El-Centro
Tahitian,Imperial Restaurant,"1505 Main St, Brawley, CA 92227, USA",http://imperial.elax.io/
Tahitian,Tacos Marlyn El Centro,"1614 S 4th St, El Centro, CA 92243, USA",https://tacosmarlyn.com/
Tahitian,Big Kahuna's,"600 Palm Ave, Imperial Beach, CA 91932, USA",http://bigkahunasib.com/
Tahitian,Grasso's Italian Restaurant,"1902 Main St, El Centro, CA 92243, USA",http://www.grassositalianrestaurant.com/
Tahitian,The Thai Bistro,"775 E Danenberg Dr STE. 104/105, El Centro, CA 92243, USA",
Tahitian,Burgers & Beer,"260 N Imperial Ave #2325, El Centro, CA 92243, USA",http://www.burgersandbeer.com/
Tahitian,Sombrero Mexican Food,"703 E Danenberg Dr, El Centro, CA 92243, USA",https://sombreromex.com/
Tahitian,Denny's,"3403 Dogwood Rd, El Centro, CA 92243, USA",https://locations.dennys.com/CA/EL-CENTRO/202356?utm_source=yext&utm_medium=local-listing&utm_campaign=yext-listing&y_source=1_MzUxNDE2OS03MTUtbG9jYXRpb24ud2Vic2l0ZQ%3D%3D
Tahitian,Tacos Lalo,"21510 La Rumorosa, Baja California, Mexico",
Kenyan,PONIA'S PALACE,"2250 E Palmdale Blvd, Palmdale, CA 93550, USA",
Korean,Khan Korean BBQ,"330 Wake Ave, El Centro, CA 92243, USA",https://m.facebook.com/100058869716787/
Algerian,Mona Lisa Cocktails & Cuisine,"2393 CA-86, Imperial, CA 92251, USA",https://www.opentable.com/r/mona-lisa-cocktails-and-cuisine-imperial?corrid=92820a7c-64e4-4506-9add-33638a702636&avt=eyJ2IjoyLCJtIjoxLCJwIjowLCJzIjowLCJuIjowfQ&p=2&sd=2023-09-02T19%3A00%3A00
Nigerian,Sumptuous African Restaurant,"1170 S La Brea Ave, Inglewood, CA 90301, USA",http://sumptuousafricanrestaurant.com/
Libyan,Maranatha Steakhouse,"612 S J St, Imperial, CA 92251, USA",http://maranathasteakhouse.wixsite.com/eatsteak
Libyan,Mona Lisa Cocktails & Cuisine,"2393 CA-86, Imperial, CA 92251, USA",https://www.opentable.com/r/mona-lisa-cocktails-and-cuisine-imperial?corrid=92820a7c-64e4-4506-9add-33638a702636&avt=eyJ2IjoyLCJtIjoxLCJwIjowLCJzIjowLCJuIjowfQ&p=2&sd=2023-09-02T19%3A00%3A00
Libyan,El Zarape Restaurant Inc,"139 S Imperial Ave, Imperial, CA 92251, USA",
Libyan,La Resaca Seafood Bar,"143 S 6th St, El Centro, CA 92243, USA",http://laresacaseafoodbar.com/
Libyan,Ma Lupe's Restaurant,"390 W Aten Rd, Imperial, CA 92251, USA",https://riny.top/ma-lupe-s-restaurant-2
Libyan,Las Chabelas Restaurant,"749 S Brawley Ave, Brawley, CA 92227, USA",http://www.laschabelas.com/
Libyan,Ma Lupe’s Food Truck,"150 E Main St, Heber, CA 92249, USA",
Libyan,El Tapatio Restaurant,"260 Palm Ave, Imperial Beach, CA 91932, USA",https://www.eltapatio-restaurant.com/
Libyan,El Tapatio Catering,"667 Silver Strand Blvd, Imperial Beach, CA 91932, USA",https://www.eltapatiocatering.com/
Libyan,Corazón Artesano,"Calz. Cetys 2731-Interior 1101, Residencial Calzada, 21225 Mexicali, B.C., Mexico",https://corazonartesano.com.mx/
Libyan,Tacos Lalo,"21510 La Rumorosa, Baja California, Mexico",
Libyan,BODEGA 8,"Calz. Cetys 1950, Rivera, 21259 Mexicali, B.C., Mexico",https://www.facebook.com/bodega8baja/
Moroccan,Casablanca Moroccan Kitchens,"6919 Melrose Ave, Los Angeles, CA 90038, USA",https://www.fooddiscoveryapp.com/los-angeles/-casablanca-moroccan-kitchens
Lebanese,Olive Garden Italian Restaurant,"504 E Danenberg Dr, El Centro, CA 92243, USA",https://www.olivegarden.com/locations/ca/el-centro/el-centro/4450?cmpid=br:og_ag:ie_ch:loc_ca:OGGMB_sn:gmb_gt:el-centro-ca-4450_pl:locurl_rd:1791
Lebanese,El Zarape Restaurant Inc,"139 S Imperial Ave, Imperial, CA 92251, USA",
Lebanese,Dõn Habibi Grill,"Blvd. Lopez Mateos 701-9, Industrial, 21000 Mexicali, B.C., Mexico",
Lebanese,Sonora Fusion,"560 W State St, El Centro, CA 92243, USA",
Lebanese,Panera Bread,"2321 S 4th St, El Centro, CA 92243, USA",https://www.panerabread.com/en-us/cafe/locations/ca/el-centro/2321-s-4th-st?utm_medium=local&utm_source=google&utm_campaign=dpm-dist&utm_term=204877&utm_content=main
Lebanese,Maranatha Steakhouse,"612 S J St, Imperial, CA 92251, USA",http://maranathasteakhouse.wixsite.com/eatsteak
Lebanese,Ma Lupe's Restaurant,"390 W Aten Rd, Imperial, CA 92251, USA",https://riny.top/ma-lupe-s-restaurant-2
Lebanese,Shawarma Vibes,"2855 S 4th Ave, Yuma, AZ 85364, USA",https://order.online/store/shawarma-vibes-yuma-24462799/?hideModal=true&pickup=true
Lebanese,Alforon Mediterranean / Lebanese Cuisine,"5965 El Cajon Blvd, San Diego, CA 92115, USA",http://www.alforon.com/
Lebanese,Imperial Restaurant,"1505 Main St, Brawley, CA 92227, USA",http://imperial.elax.io/
Lebanese,S.D. KABOB SHACK,"200 Broadway, Chula Vista, CA 91910, USA",http://www.sdkabobshack.com/
Lebanese,Olive Garden Italian Restaurant,"1720 E 16th St, Yuma, AZ 85365, USA",https://www.olivegarden.com/locations/az/yuma/yuma/1671?cmpid=br:og_ag:ie_ch:loc_ca:OGGMB_sn:gmb_gt:yuma-az-1671_pl:locurl_rd:1524
Lebanese,Damasco Mediterranean Cuisine,"35045 Ave D, Yucaipa, CA 92399, USA",
Lebanese,River City Grill,"600 W 3rd St, Yuma, AZ 85364, USA",http://www.rivercitygrill.com/
Lebanese,Kan Zaman Restaurant,"39400 Murrieta Hot Springs Rd #112, Murrieta, CA 92563, USA",http://www.kzrestaurant.com/
Lebanese,Layas Place,"E County 12th St, 4102 S Avenue 3 1/2 E, Yuma, AZ 85365, USA",http://www.facebook.com/layasplacellc
Lebanese,Subway,"551 W Main St, Westmorland, CA 92281, USA",https://restaurants.subway.com/united-states/ca/westmorland/551-west-main-street?utm_source=yxt-goog&utm_medium=local&utm_term=acq&utm_content=69505&utm_campaign=evergreen-2020&y_source=1_MTQ4OTc5NzQtNzE1LWxvY2F0aW9uLndlYnNpdGU%3D
Lebanese,La Grieguita,"21254 Mexicali, Baja California, Mexico",http://www.lagrieguita.com/
Lebanese,Panini Kabob Grill - Brea,"Plaza Shopping Center, 1617 E Imperial Hwy, Brea, CA 92821, USA",https://paninikabobgrill.com/
Lebanese,Dvine Mediterranean Experience,"955 E Birch St, Brea, CA 92821, USA",http://www.dvineexperience.com/
Vietnamese,Pho House,"Catemaco, Sánchez Taboada, 21360 Mexicali, B.C., Mexico",https://www.facebook.com/Pho-House-112175131103140/
Vietnamese,Sushi & Noodle,"800 N Imperial Ave, El Centro, CA 92243, USA",https://www.sushiandnoodles.com/
Vietnamese,Yuma Pho,"394 E 16th St, Yuma, AZ 85364, USA",
Vietnamese,Saigon Pho Restaurant,"700 E 32nd St, Yuma, AZ 85365, USA",http://www.saigonphoyuma.com/
Vietnamese,Volcano Asian Restaurant,"445 E Main St, El Centro, CA 92243, USA",http://volcanoelcentro.com/
Vietnamese,The Thai Bistro,"775 E Danenberg Dr STE. 104/105, El Centro, CA 92243, USA",
Vietnamese,Poke & Noodle Japanese Cuisine,"799 E Danenberg Dr, El Centro, CA 92243, USA",
Vietnamese,Sushi Spot,"115 North Imperial Avenue Ste F-G, Imperial, CA 92251, USA",http://www.facebook.com/sushispotiv/
Vietnamese,Khan Korean BBQ,"330 Wake Ave, El Centro, CA 92243, USA",https://m.facebook.com/100058869716787/
Vietnamese,Sushi & Noodles,"630 S Brawley Ave Unit #6, Brawley, CA 92227, USA",https://www.sushiandnoodles.com/
Vietnamese,Chef Lee's Food Express,"1049 N Imperial Ave, El Centro, CA 92243, USA",
Vietnamese,Ye Lam Inc,"1075 Adams Ave, El Centro, CA 92243, USA",
Vietnamese,Sushi Park,"330 Wake Ave, El Centro, CA 92243, USA",https://www.facebook.com/pages/category/Sushi-Restaurant/Sushi-Park-589597514465447/
Vietnamese,K Sushi Bar and Grill,"416 S J St, Imperial, CA 92251, USA",http://www.ksushibarandgrill.com/
Vietnamese,Rico food,"1404 S 4th St, El Centro, CA 92243, USA",
Vietnamese,Fortune Garden,"3309 S Dogwood Rd, El Centro, CA 92243, USA",http://www.fortunegardenelcentro.com/?utm_source=gmb&utm_medium=website
Vietnamese,The Lemon Grass Asian Cuisine,"2585 E 16th St, Yuma, AZ 85365, USA",http://lemongrassyuma.square.site/
Vietnamese,Umai Progressive Asian Food,"Calzada Justo Sierra 1700, Los Pinos, Eguía, 21230 Mexicali, B.C., Mexico",https://umaimxl.com/
Vietnamese,Pho Ha,"1619 E Imperial Hwy, Brea, CA 92821, USA",
Vietnamese,Pho Tay Bac Restaurant,"860 W Imperial Hwy # A, Brea, CA 92821, USA",
Hungarian,Posto 896 Italian & Hungarian Cuisine,"15615 Ventura Blvd, Encino, CA 91436, USA",http://www.posto896.com/?utm_source=google&utm_medium=wix_google_business_profile&utm_campaign=10550072610273710244
Mediterranean,Olive Garden Italian Restaurant,"504 E Danenberg Dr, El Centro, CA 92243, USA",https://www.olivegarden.com/locations/ca/el-centro/el-centro/4450?cmpid=br:og_ag:ie_ch:loc_ca:OGGMB_sn:gmb_gt:el-centro-ca-4450_pl:locurl_rd:1791
Mediterranean,Maranatha Steakhouse,"612 S J St, Imperial, CA 92251, USA",http://maranathasteakhouse.wixsite.com/eatsteak
Mediterranean,Mozarelli Artisan Bistro,"123 W Barioni Blvd, Imperial, CA 92251, USA",https://mozzarellirestaurants.com/
Mediterranean,Sonora Fusion,"560 W State St, El Centro, CA 92243, USA",
Mediterranean,Dõn Habibi Grill,"Blvd. Lopez Mateos 701-9, Industrial, 21000 Mexicali, B.C., Mexico",
Mediterranean,Panera Bread,"2321 S 4th St, El Centro, CA 92243, USA",https://www.panerabread.com/en-us/cafe/locations/ca/el-centro/2321-s-4th-st?utm_medium=local&utm_source=google&utm_campaign=dpm-dist&utm_term=204877&utm_content=main
Mediterranean,Shawarma Vibes,"2855 S 4th Ave, Yuma, AZ 85364, USA",https://order.online/store/shawarma-vibes-yuma-24462799/?hideModal=true&pickup=true
Mediterranean,La Grieguita,"21254 Mexicali, Baja California, Mexico",http://www.lagrieguita.com/
Mediterranean,Olive Garden Italian Restaurant,"1720 E 16th St, Yuma, AZ 85365, USA",https://www.olivegarden.com/locations/az/yuma/yuma/1671?cmpid=br:og_ag:ie_ch:loc_ca:OGGMB_sn:gmb_gt:yuma-az-1671_pl:locurl_rd:1524
Mediterranean,River City Grill,"600 W 3rd St, Yuma, AZ 85364, USA",http://www.rivercitygrill.com/
Mediterranean,Subway,"551 W Main St, Westmorland, CA 92281, USA",https://restaurants.subway.com/united-states/ca/westmorland/551-west-main-street?utm_source=yxt-goog&utm_medium=local&utm_term=acq&utm_content=69505&utm_campaign=evergreen-2020&y_source=1_MTQ4OTc5NzQtNzE1LWxvY2F0aW9uLndlYnNpdGU%3D
Mediterranean,S.D. KABOB SHACK,"200 Broadway, Chula Vista, CA 91910, USA",http://www.sdkabobshack.com/
Mediterranean,Damasco Mediterranean Cuisine,"35045 Ave D, Yucaipa, CA 92399, USA",
Mediterranean,Garbanzo Mediterranean Fresh,"141 E Imperial Hwy, Fullerton, CA 92835, USA",https://restaurants.eatgarbanzo.com/ca/fullerton/141-e-imperial-hwy
Mediterranean,La Grieguita,"Av. Venustiano Carranza 292, Jardines del Valle, 21270 Mexicali, B.C., Mexico",http://www.lagrieguita.com/
Mediterranean,Mediterraneo,"1347 Tavern Rd, Alpine, CA 91901, USA",http://mediterraneobistro.com/
Mediterranean,Panini Kabob Grill - Brea,"Plaza Shopping Center, 1617 E Imperial Hwy, Brea, CA 92821, USA",https://paninikabobgrill.com/
Mediterranean,Olive Pit Grill - Brea,"240 S Brea Blvd, Brea, CA 92821, USA",http://www.olivepitgrill.com/
Mediterranean,Layas Place,"E County 12th St, 4102 S Avenue 3 1/2 E, Yuma, AZ 85365, USA",http://www.facebook.com/layasplacellc
Mediterranean,Shaks Mediterranean Bistro,"406 Main St, Vista, CA 92084, USA",http://www.shaksbistro.com/
Ethiopian,Lucy Ethiopian Restaurant,"4155 University Ave, San Diego, CA 92105, USA",http://www.lucysd.com/
Ethiopian,Abay Ethiopian market and restaurant,"2425 El Cajon Blvd, San Diego, CA 92104, USA",
Ethiopian,Awash Ethiopian Restaurant,"2884 El Cajon Blvd, San Diego, CA 92104, USA",https://www.awashethiopiansandiego.com/
Ethiopian,Addis Resturant,"3647 El Cajon Blvd, San Diego, CA 92104, USA",
Ethiopian,Awaze Ethio Fusion & Vegan Restaurant,"18764 Pioneer Blvd, Artesia, CA 90701, USA",https://awaze-restaurant.com/
Ethiopian,Red Sea Ethiopian Restaurant,"4717 University Ave, San Diego, CA 92105, USA",http://www.redsearestaurantsd.com/
Ethiopian,Abyssinia Restaurant,"2801 W Ball Rd, Anaheim, CA 92804, USA",
Ethiopian,Tana Ethiopian Restaurant & Market,"2622 W La Palma Ave, Anaheim, CA 92801, USA",http://tanaethio.com/
Ethiopian,Lucy Ethiopian restaurant,"2018 W Washington Blvd, Los Angeles, CA 90018, USA",https://smorefood.com/order-online/lucy-ethiopian-restaurant-los-angeles-90018-2worv8mc?utm_source=gmb&utm_medium=website
Ethiopian,Muzita Abyssinian Bistro,"4651 Park Blvd, San Diego, CA 92116, USA",
Ethiopian,Beteseb Ethio-Eritrean Restaurant,"1212 S Dale Ave, Anaheim, CA 92804, USA",https://thebeteseb.com/
Ethiopian,El Zarape Restaurant Inc,"139 S Imperial Ave, Imperial, CA 92251, USA",
Ethiopian,Messob Ethiopian Restaurant,"1041 S Fairfax Ave, Los Angeles, CA 90019, USA",http://www.messob.com/
Ethiopian,Kategna Ethiopian Restaurant,"1663 W San Carlos St, San Jose, CA 95128, USA",https://www.kategna.com/
Ethiopian,Rahel Ethiopian Vegan Cuisine,"1047 S Fairfax Ave, Los Angeles, CA 90019, USA",http://rahelvegancuisine.com/
Ethiopian,Meskie's Ethiopia Restaurant,"2955 Telegraph Ave, Berkeley, CA 94705, USA",http://orderethiopiarestaurant.com/
Ethiopian,Jaliz Cuisine of East Africa,"14747 Kittridge St, Van Nuys, CA 91405, USA",
Ethiopian,Meals By Genet,"1053 S Fairfax Ave, Los Angeles, CA 90019, USA",http://mealsbygenetla.com/
Ethiopian,Barcote Ethiopian Restaurant,"6430 Telegraph Ave, Oakland, CA 94609, USA",https://barcote.com/
Ethiopian,House of Tadu Ethiopian Kitchen,"1130 4th St, San Francisco, CA 94158, USA",http://taduethiopiankitchen.com/home-house-of-tadu/
Caribbean,Caribbean Taste,"6171 Imperial Ave, San Diego, CA 92114, USA",
Soul,SOUL N SIDES BBQ,"1617 Southwind Dr, El Centro, CA 92243, USA",https://www.soulnsidesbbqllc.com/
Argentinian,Maranatha Steakhouse,"612 S J St, Imperial, CA 92251, USA",http://maranathasteakhouse.wixsite.com/eatsteak
Argentinian,Puerto La Boca,"2060 India St, San Diego, CA 92101, USA",https://www.puertolaboca.com/
Argentinian,Gaucho Grill,"8830 Apollo Way #100, Downey, CA 90242, USA",http://www.gauchogrill.com/
Argentinian,Un Rinconcito Argentino,"16500 Bellflower Blvd, Bellflower, CA 90706, USA",https://unrinconcitoargentinoca.com/
Argentinian,El Merendero,"1702 N Imperial Ave Ste A, El Centro, CA 92243, USA",https://elmerenderomexican.com/
Argentinian,El Gaucho Argentino,"Blvd. Popotla 104, Playa Encantada, 22710 Playas de Rosarito, B.C., Mexico",http://www.elgauchoargentinorosarito.com/
Argentinian,Carlitos Gardel Argentine Steakhouse,"7963 Melrose Ave, Los Angeles, CA 90046, USA",http://www.carlitosgardel.com/
Argentinian,El Morfi Grill,"241 N Brand Blvd, Glendale, CA 91203, USA",https://www.elmorfigrillmenu.com/
Argentinian,Gaucho Grill Buena Park,"5980 Orangethorpe Ave, Buena Park, CA 90620, USA",http://www.gauchogrill.com/
Argentinian,Gaucho Grill,"1129 W Covina Pkwy, West Covina, CA 91790, USA",
Argentinian,Malbec Argentinean Cuisine,"1001 E Green St, Pasadena, CA 91106, USA",https://www.malbeccuisine.com/
Argentinian,"Corrientes 348, Argentinian Steakhouse Restaurant","6113 Reseda Blvd, Reseda, CA 91335, USA",https://corrientes348.wixsite.com/my-site-1
Argentinian,Origen Argentino,"Escuadrón 201 3151, Aviacion, 22014 Tijuana, B.C., Mexico",
Argentinian,Julieanna's Steak and Seafood by Chef Eddie Guzman,"1951 W 25th St, Yuma, AZ 85364, USA",https://julieannas.com/?y_source=1_NjIzNzE3MTEtNzE1LWxvY2F0aW9uLndlYnNpdGU=
Argentinian,Lazy Lizard Saloon,"1194 N Imperial Hwy, Ocotillo, CA 92259, USA",
Chilean,Chili's Grill & Bar,"3303 S Dogwood Rd, El Centro, CA 92243, USA",https://www.chilis.com/locations/us/california/el-centro/el-centro?utm_source=google&utm_medium=local&utm_campaign=Chilis
Chilean,The Burrito Factory,"130 S Imperial Ave, El Centro, CA 92243, USA",http://www.theburritofactory.shop/
Chilean,Antojitos Como en Casa,"841 Main St, El Centro, CA 92243, USA",http://antojitoscomoencasa.com/
Chilean,Chilenazo,"7238 Canoga Ave, Canoga Park, CA 91303, USA",http://www.chilenazo.net/
Chilean,Rincon Chileno Deli,"15418 3828, 15418 Hawthorne Blvd # B, Lawndale, CA 90260, USA",http://rinconchilenola.com/
Chilean,The Chile Pepper,"By the hospital, 1030 W 24th St, Yuma, AZ 85364, USA",http://chilepepperyuma.com/index.html
Chilean,Antojitos Como En Casa,"425 Desert Gardens Dr # C, El Centro, CA 92243, USA",https://www.antojitoscomoencasa.com/
Chilean,Paleteria La Cachanilla,"1643 Main St, El Centro, CA 92243, USA",http://orderpaleterialacachanilla.com/
Chilean,Rincón Chileno,"4354 Melrose Ave, Los Angeles, CA 90029, USA",http://rinconchilenola.com/
Chilean,Buckshot Deli & Diner,"8120 CA-111, Niland, CA 92257, USA",
Chilean,The Green Chile (New Mexico Style),"2050 W Whittier Blvd, La Habra, CA 90631, USA",http://greenchilerestaurant.com/
Chilean,Alamo Restaurant,"2100 S Marina Dr, Thermal, CA 92274, USA",
Chilean,Chile Lindo Empanadas,"2944 16th St, San Francisco, CA 94103, USA",http://chilelindo.com/
Chilean,Sombrero Mexican Food,"703 E Danenberg Dr, El Centro, CA 92243, USA",https://sombreromex.com/
Chilean,La Fayuca,"33 E Main St, Heber, CA 92249, USA",
Chilean,Johnny’s Burritos Brawley,"490 D St, Brawley, CA 92227, USA",https://www.toasttab.com/johnnys-burritos-brawley
Chilean,Fortune Garden,"3309 S Dogwood Rd, El Centro, CA 92243, USA",http://www.fortunegardenelcentro.com/?utm_source=gmb&utm_medium=website
Chilean,Las Tias Comida Mexicana,"2334 S Marina Dr, Thermal, CA 92274, USA",
Chilean,The Plaza Restaurant,"91280 2nd St, Mecca, CA 92254, USA",
Chilean,A Mi Estilo Mexican Restaurant,"98940 70th Ave, Mecca, CA 92254, USA",
Colombian,Antojitos Colombianos Restaurant,"2040 Imperial Ave, San Diego, CA 92102, USA",https://antojitoscolombianosrestaurantca.com/
Costa Rican,Costa Rica Restaurant,"6421, 6421, 2500 W Lincoln Ave, Anaheim, CA 92801, USA",
Czech,Burgers & Beer,"260 N Imperial Ave #2325, El Centro, CA 92243, USA",http://www.burgersandbeer.com/
Danish,Bit O'Denmark Restaurant,"473 Alisal Rd, Solvang, CA 93463, USA",http://www.bitbarandbistro.com/
Dutch,Denny's,"3403 Dogwood Rd, El Centro, CA 92243, USA",https://locations.dennys.com/CA/EL-CENTRO/202356?utm_source=yext&utm_medium=local-listing&utm_campaign=yext-listing&y_source=1_MzUxNDE2OS03MTUtbG9jYXRpb24ud2Vic2l0ZQ%3D%3D
Ecuadorian,...donde Angie,"7552 11th St, Buena Park, CA 90621, USA",http://orderdondeangie.com/
Ecuadorian,La Manaba Comida Ecuatoriana de Yanine,"Academy Rd, Los Angeles, CA 90026, USA",
Ecuadorian,"Dulcisfama Ecuadorian Bakery, Homemade Restaurant and minimart","2151 W 108th St, Los Angeles, CA 90047, USA",http://www.dulcisfamaecuadorianbakery.com/
Ecuadorian,La Casa de Gina,"9303 Cecilia St, Downey, CA 90241, USA",
Finnish,Maranatha Steakhouse,"612 S J St, Imperial, CA 92251, USA",http://maranathasteakhouse.wixsite.com/eatsteak
Ghanaian,Sumptuous African Restaurant,"1170 S La Brea Ave, Inglewood, CA 90301, USA",http://sumptuousafricanrestaurant.com/
Guatemalan,Guatemala Grill Bar & Music,"68100 Ramon Rd c6, Cathedral City, CA 92234, USA",
Honduran,Mi Bella Honduras Restaurante,"755 Foothill Blvd, Rialto, CA 92376, USA",http://ordermibellahondurasrestaurante.com/
Icelandic,Famous Dave's Bar-B-Que,"3103 S Dogwood Rd, El Centro, CA 92243, USA",https://www.famousdaves.com/El-Centro
Indonesian,Banana Leaf,"5835 Temple City Blvd, Temple City, CA 91780, USA",
Iranian,Hatam Restaurant,"25800 Jeronimo Rd 402, 403, Mission Viejo, CA 92691, USA",https://www.myhatam.com/
Iranian,Soltani Restaurant,"610 E 1st St, Santa Ana, CA 92701, USA",
Iranian,Maranatha Steakhouse,"612 S J St, Imperial, CA 92251, USA",http://maranathasteakhouse.wixsite.com/eatsteak
Iranian,Food House Restaurant,"22230 E La Palma Ave, Yorba Linda, CA 92887, USA",https://www.food1house1restaurant.com/
Iranian,Fanoos Grill,"25336 Crenshaw Blvd, Torrance, CA 90505, USA",https://smorefood.com/order-online/fanoos-grill-torrance-90505-81fkl32e?utm_source=gmb&utm_medium=website
Iranian,Sadaf Restaurant,"16240 Ventura Blvd, Encino, CA 91436, USA",https://www.sadafencino.com/
Iranian,Jino's Pars - Persian restaurant,"5844 W Manchester Ave, Los Angeles, CA 90045, USA",
Iranian,Hatam Restaurant,"2383 W Lincoln Ave, Anaheim, CA 92801, USA",http://www.hatamrestaurant.net/
Iranian,Seaside Palace,"3720 Sepulveda Blvd, Torrance, CA 90505, USA",https://seasidepalacemenu.com/
Iranian,Ali Baba Persian Restaurant,"17513 Chatsworth St, Granada Hills, CA 91344, USA",http://orderalibabapersianrestaurant.com/
Iranian,Shirin Restaurant,"21826 Ventura Blvd, Los Angeles, CA 91364, USA",https://shirinrestaurant.com/
Iranian,Taste of Tehran Restaurant,"1915 Westwood Blvd, Los Angeles, CA 90025, USA",http://tasteoftehran.com/
Iranian,Caspian Mediterranean Kitchen,"26772 Portola Pkwy, Foothill Ranch, CA 92610, USA",https://www.caspianrestaurant.com/
Iranian,Kourosh Restaurant,"22635 Ventura Blvd Unit A, Woodland Hills, CA 91364, USA",http://www.kouroshrestaurant.com/
Iranian,Hafez Cafe,"24781 Alicia Pkwy b, Laguna Hills, CA 92653, USA",https://hafezcafe.com/
Iranian,Tah Deeg Persian Cuisine,"1250 Shaw Ave Suite 109, Clovis, CA 93612, USA",https://food.orders.co/tahdeegpersiancuisine
Iranian,Parmiss Restaurant & Bar,"31952 Camino Capistrano Suite A1 & A2, San Juan Capistrano, CA 92675, USA",https://parmissrestaurant.com/
Iranian,TehranRo Grill,"414 S Western Ave # D, Los Angeles, CA 90020, USA",http://www.tehranro.com/
Israeli,El Zarape Restaurant Inc,"139 S Imperial Ave, Imperial, CA 92251, USA",
Israeli,Ma Lupe's Restaurant,"390 W Aten Rd, Imperial, CA 92251, USA",https://riny.top/ma-lupe-s-restaurant-2
Israeli,Maranatha Steakhouse,"612 S J St, Imperial, CA 92251, USA",http://maranathasteakhouse.wixsite.com/eatsteak
Israeli,Hamburguesas El Isra,"Calz. 1810 805, Hidalgo, 21389 Hidalgo, B.C., Mexico",
Israeli,Sombrero Mexican Food,"703 E Danenberg Dr, El Centro, CA 92243, USA",https://sombreromex.com/
Israeli,Burgers & Beer,"260 N Imperial Ave #2325, El Centro, CA 92243, USA",http://www.burgersandbeer.com/
Israeli,Tacos Marlyn El Centro,"1614 S 4th St, El Centro, CA 92243, USA",https://tacosmarlyn.com/
Israeli,Famous Dave's Bar-B-Que,"3103 S Dogwood Rd, El Centro, CA 92243, USA",https://www.famousdaves.com/El-Centro
Israeli,Denny's,"3403 Dogwood Rd, El Centro, CA 92243, USA",https://locations.dennys.com/CA/EL-CENTRO/202356?utm_source=yext&utm_medium=local-listing&utm_campaign=yext-listing&y_source=1_MzUxNDE2OS03MTUtbG9jYXRpb24ud2Vic2l0ZQ%3D%3D
Israeli,"Elijah's Restaurant, Delicatessen and Catering","7061 Clairemont Mesa Blvd, San Diego, CA 92111, USA",http://www.elijahsrestaurant.com/
Israeli,Bavel,"500 Mateo St #102, Los Angeles, CA 90013, USA",https://baveldtla.com/
Israeli,Damasco Mediterranean Cuisine,"35045 Ave D, Yucaipa, CA 92399, USA",
Israeli,Dvine Mediterranean Experience,"955 E Birch St, Brea, CA 92821, USA",http://www.dvineexperience.com/
Israeli,Pomegranate,"2312 El Cajon Blvd, San Diego, CA 92104, USA",http://pomegranatesd.com/
Israeli,260 Grill & Bar Mexicali,"Calz. Manuel Gómez Morín, 21259 Mexicali, B.C., Mexico",
Israeli,El Gallo De Oro,"CALLE 3 ENTRE A Y B, Vicente Guerrero, 21970 Vicente Guerrero, B.C., Mexico",
Israeli,Tacos Lalo,"21510 La Rumorosa, Baja California, Mexico",
Israeli,The Grill on Main,"78065 Main St, La Quinta, CA 92253, USA",http://thegrillonmainlq.com/
Israeli,El Pirul Asadero,"Urbano Vásquez 290, González Ortega, 21397 Mexicali, B.C., Mexico",
Israeli,Cardenas Markets,"1620 N Imperial Ave, El Centro, CA 92243, USA",https://cardenasmarkets.com/
Jamaican,Caribbean Taste,"6171 Imperial Ave, San Diego, CA 92114, USA",
Kuwaiti,K Sushi Bar and Grill,"416 S J St, Imperial, CA 92251, USA",http://www.ksushibarandgrill.com/
Laotian,The Thai Bistro,"775 E Danenberg Dr STE. 104/105, El Centro, CA 92243, USA",
Lithuanian,El Zarape Restaurant Inc,"139 S Imperial Ave, Imperial, CA 92251, USA",
Malaysian,Mah's Kitchen,"290 N Imperial Ave, El Centro, CA 92243, USA",
Mongolian,Bamboo Bistro,"3451 Dogwood Rd #1609, El Centro, CA 92243, USA",
Mongolian,Mah's Kitchen,"290 N Imperial Ave, El Centro, CA 92243, USA",
Mongolian,Volcano Asian Restaurant,"445 E Main St, El Centro, CA 92243, USA",http://volcanoelcentro.com/
Mongolian,Ye Lam Inc,"1075 Adams Ave, El Centro, CA 92243, USA",
Mongolian,Chef Lee's Food Express,"1049 N Imperial Ave, El Centro, CA 92243, USA",
Mongolian,Peony Pavilion,"1505 Main St, Brawley, CA 92227, USA",
Mongolian,Chi+Mac,"330 Wake Ave, El Centro, CA 92243, USA",
Mongolian,Fortune Garden,"3309 S Dogwood Rd, El Centro, CA 92243, USA",http://www.fortunegardenelcentro.com/?utm_source=gmb&utm_medium=website
Mongolian,LINS GRAND BUFFET- YUMA,"1605 S Pacific Ave, Yuma, AZ 85365, USA",http://www.linsrestaurant.com/
Mongolian,Fortune House,"1627 Main St, El Centro, CA 92243, USA",https://www.smorefood.com/order-online/new-fortune-house-el-centro-92243-8qa5l32e?utm_source=gmb&utm_medium=website
Mongolian,Panda Express,"2380 S 4th St, El Centro, CA 92243, USA",https://www.pandaexpress.com/locations/ca/el-centro/2276
Mongolian,China Palace Restaurants,"1075 Adams Ave, El Centro, CA 92243, USA",http://chinapalacerestaurants.com/
Mongolian,Lucky Chinese Restaurant,"500 S 4th St, El Centro, CA 92243, USA",http://www.luckyrestaurant.com/
Mongolian,China Inn Restaurant,"461 W Main St, Brawley, CA 92227, USA",https://usmapz.me/china-inn-restaurant-146712-us
Mongolian,Imperial Restaurant,"1505 Main St, Brawley, CA 92227, USA",http://imperial.elax.io/
Mongolian,Golden Dragon Chinese Restaurant,"928 Imperial Ave, Calexico, CA 92231, USA",
Mongolian,Rico food,"1404 S 4th St, El Centro, CA 92243, USA",
Mongolian,GK Grill Mongolian Taste,"3030 Plaza Bonita Rd FC1, National City, CA 91950, USA",https://order.online/store/gk-grill-mongolian-taste-1061382
Mongolian,EAT Asian Super Buffet,"1960 E Palo Verde St, Yuma, AZ 85365, USA",https://smorefood.com/order-online/eat-asian-super-buffet-yuma-85365-k2csfbyu?utm_source=gmb&utm_medium=website
Mongolian,Chinese Gourmet Express,"3451 Dogwood Rd FC - 6, El Centro, CA 92243, USA",http://www.chinese-gourmet-express.com/
Nepalese,Himalayan Cuisine,"7918 El Cajon Blvd P, La Mesa, CA 91942, USA",http://himalayancuisineone.com/
Nicaraguan,Nicarao,"El Centro, CA 92243, USA",https://www.imperialvalleymall.com/store/nicarao
Norwegian,Viking Garden Restaurant,"446 Alisal Rd, Solvang, CA 93463, USA",https://www.beyondmenu.com/59277.aspx
Pakistani,Zaiqa Grill,"8814 Imperial Hwy., Downey, CA 90242, USA",
Pakistani,Al-Karam Pakistani Cuisine,"3457 Arlington Ave STE 101, Riverside, CA 92506, USA",http://www.akpakistanicuisine.com/
Pakistani,Maranatha Steakhouse,"612 S J St, Imperial, CA 92251, USA",http://maranathasteakhouse.wixsite.com/eatsteak
Pakistani,Mah's Kitchen,"290 N Imperial Ave, El Centro, CA 92243, USA",
Pakistani,El Zarape Restaurant Inc,"139 S Imperial Ave, Imperial, CA 92251, USA",
Pakistani,Famous Dave's Bar-B-Que,"3103 S Dogwood Rd, El Centro, CA 92243, USA",https://www.famousdaves.com/El-Centro
Pakistani,Pak Halal Kitchen,"18743 Pioneer Blvd #101, Artesia, CA 90701, USA",https://www.pak-halal.com/
Pakistani,Shahnawaz Restaurant,"18728 Pioneer Blvd 2nd floor, Artesia, CA 90701, USA",https://www.shahnawazcalifornia.com/
Pakistani,Himalayan House Restaurant,"201 Broadway Ste 102, Chula Vista, CA 91910, USA",http://himalayanrestaurantsd.com/
Pakistani,Burgers & Beer,"260 N Imperial Ave #2325, El Centro, CA 92243, USA",http://www.burgersandbeer.com/
Pakistani,Dõn Habibi Grill,"Blvd. Lopez Mateos 701-9, Industrial, 21000 Mexicali, B.C., Mexico",
Pakistani,Curry Hut,"15850 Imperial Hwy., La Mirada, CA 90638, USA",http://www.curryhutla.com/
Pakistani,AL-Maidah Restaurant & Banquet,"11354 White Rock Rd, Rancho Cordova, CA 95742, USA",https://almaidahrestaurantsacramento.com/
Pakistani,Kabab N Chutney,"7850 Stockton Blvd suite 100, Sacramento, CA 95823, USA",
Pakistani,Shalimar Grill,"75 Quinta Ct A, Sacramento, CA 95823, USA",
Pakistani,Darbar Halal Restaurant,"3022 Stockton Blvd #5, Sacramento, CA 95820, USA",https://darbarhalalrestaurantca.com/
Pakistani,S.D. KABOB SHACK,"200 Broadway, Chula Vista, CA 91910, USA",http://www.sdkabobshack.com/
Pakistani,Tacos Marlyn El Centro,"1614 S 4th St, El Centro, CA 92243, USA",https://tacosmarlyn.com/
Pakistani,India Palace Banquet & Catering,"3960 Fifth Ave, San Diego, CA 92103, USA",https://www.indiapalacehc.com/
Pakistani,New Delhi Palace-Cuisine of India,"2001 Diners Ct, San Bernardino, CA 92408, USA",
Panamanian,Rosas Plane Food,"1523 Main St, El Centro, CA 92243, USA",
Paraguayan,Sonora Fusion,"560 W State St, El Centro, CA 92243, USA",
Peruvian,Sol Inka Peruvian Restaurant,"15720 Imperial Hwy., La Mirada, CA 90638, USA",http://website.uniquemobileapps.com/free/rios12345/sol_inka_peruvian_food
Philippine,Tita's Kitchenette,"2720 E Plaza Blvd E, National City, CA 91950, USA",https://www.facebook.com/pages/Titas-Kitchenette/118178764860248
Philippine,Kujo Eats,"3400 E 8th St Suite 115 -117, National City, CA 91950, USA",http://www.kujoeats.com/
Philippine,Filipino Grill,"1828 Coronado Ave, San Diego, CA 92154, USA",http://filipino-grill.keeq.io/
Philippine,Bamboo Bistro,"3451 Dogwood Rd #1609, El Centro, CA 92243, USA",
Philippine,White Rice Bodega,"3586 Adams Ave Suite 100, San Diego, CA 92116, USA",https://www.toasttab.com/white-rice-bodega/v3/
Philippine,Kusinang Pinoy,"1080 E Washington St, Colton, CA 92324, USA",
Philippine,Mami's Flavor Mexican Cuisine,"3451 Dogwood Rd, El Centro, CA 92243, USA",
Philippine,Mexipino Craft,"1660 Broadway #14, Chula Vista, CA 91911, USA",http://mexipinocraftrestaurant.com/
Philippine,Famous Dave's Bar-B-Que,"3103 S Dogwood Rd, El Centro, CA 92243, USA",https://www.famousdaves.com/El-Centro
Philippine,Fortune Garden,"3309 S Dogwood Rd, El Centro, CA 92243, USA",http://www.fortunegardenelcentro.com/?utm_source=gmb&utm_medium=website
Philippine,EsKiNiTa,"1840 Coronado Ave, San Diego, CA 92154, USA",
Philippine,White Rice Morena,"5299 Linda Vista Rd B, San Diego, CA 92110, USA",https://www.ricebowlsforall.com/
Philippine,Bistro Filipino Los Angeles,"1559 E Amar Rd SUITE AB, West Covina, CA 91792, USA",
Philippine,Tacos Marlyn El Centro,"1614 S 4th St, El Centro, CA 92243, USA",https://tacosmarlyn.com/
Philippine,Gaslamp Lumpia Factory,"423 F St, San Diego, CA 92101, USA",http://gaslamplumpiafactory.com/
Philippine,Gerry's Grill,"3050 Plaza Bonita Rd Suite 2510, National City, CA 91950, USA",http://gerrysgrill.com/usa/#branches
Philippine,Lia’s Lumpia,"2219 Logan Ave, San Diego, CA 92113, USA",https://www.liaslumpia.com/
Philippine,El Zarape Restaurant Inc,"139 S Imperial Ave, Imperial, CA 92251, USA",
Philippine,Toto's Grill Isawan sa San Diego,"1615 Sweetwater Rd, National City, CA 91950, USA",http://www.totos-grill.com/
Polish,"D'Poly Taco, Grill & Beer","1573 Main St, El Centro, CA 92243, USA",
Polish,El Zarape Restaurant Inc,"139 S Imperial Ave, Imperial, CA 92251, USA",
Polish,Grasso's Italian Restaurant,"1902 Main St, El Centro, CA 92243, USA",http://www.grassositalianrestaurant.com/
Polish,Famous Dave's Bar-B-Que,"3103 S Dogwood Rd, El Centro, CA 92243, USA",https://www.famousdaves.com/El-Centro
Polish,Rosas Plane Food,"1523 Main St, El Centro, CA 92243, USA",
Polish,Burgers & Beer,"260 N Imperial Ave #2325, El Centro, CA 92243, USA",http://www.burgersandbeer.com/
Polish,Rosa’s Plane Food Inc.,"445 Imperial Ave, Calexico, CA 92231, USA",
Polish,Celia's Restaurant,"1530 Adams Ave, El Centro, CA 92243, USA",
Polish,Polka Restaurant,"4112 Verdugo Rd, Los Angeles, CA 90065, USA",http://polkarestaurant.com/
Polish,Lazy Lizard Saloon,"1194 N Imperial Hwy, Ocotillo, CA 92259, USA",
Polish,Sombrero Mexican Food,"703 E Danenberg Dr, El Centro, CA 92243, USA",https://sombreromex.com/
Polish,Hamburger Stand,"825 S Imperial Ave, El Centro, CA 92243, USA",https://www.hamburgerstand.com/location/south-imperial-hamilton-el-centro-825-south-imperial-ave-ca-92243/?utm_source=google&utm_medium=profiles&utm_campaign=local_profiles
Polish,Tacos Marlyn El Centro,"1614 S 4th St, El Centro, CA 92243, USA",https://tacosmarlyn.com/
Polish,Denny's,"3403 Dogwood Rd, El Centro, CA 92243, USA",https://locations.dennys.com/CA/EL-CENTRO/202356?utm_source=yext&utm_medium=local-listing&utm_campaign=yext-listing&y_source=1_MzUxNDE2OS03MTUtbG9jYXRpb24ud2Vic2l0ZQ%3D%3D
Polish,Lutes Casino,"221 S Main St, Yuma, AZ 85364, USA",https://www.lutescasino.com/
Polish,Wienerschnitzel,"1775 S 4th Ave, Yuma, AZ 85364, USA",http://www.wienerschnitzel.com/location/79-4th-west-18th-yuma-1775-fourth-avenue-yuma-az-85364/?utm_source=google&utm_medium=profiles&utm_campaign=local_profiles
Polish,Polka Polish Goodies,"1291 Simpson Way, Escondido, CA 92029, USA",https://polka-traditional-goodies.company.site/
Polish,Tacos Lalo,"21510 La Rumorosa, Baja California, Mexico",
Polish,Bianco Storico,"Av. Francisco I. Madero 665, Primera, 21100 Mexicali, B.C., Mexico",http://www.gruppobianco.com.mx/
Polish,Pomegranate,"2312 El Cajon Blvd, San Diego, CA 92104, USA",http://pomegranatesd.com/
Puerto Rican,Rico food,"1404 S 4th St, El Centro, CA 92243, USA",
Puerto Rican,Señor Big Ed,"5490 Lincoln Ave, Cypress, CA 90630, USA",https://puertoricanrestaurant.com/
Puerto Rican,Ma Lupe's Restaurant,"390 W Aten Rd, Imperial, CA 92251, USA",https://riny.top/ma-lupe-s-restaurant-2
Puerto Rican,Nana’s Kitchen,"502 W Aten Rd #103, Imperial, CA 92251, USA",
Puerto Rican,Mofongos,"5757 Lankershim Blvd, North Hollywood, CA 91601, USA",https://www.mofongosrestaurant.com/
Puerto Rican,Antojitos Como En Casa,"425 Desert Gardens Dr # C, El Centro, CA 92243, USA",https://www.antojitoscomoencasa.com/
Puerto Rican,Tropical Star Restaurant & Specialty Market,"6163 Balboa Ave, San Diego, CA 92111, USA",https://tropicalstar.com/
Puerto Rican,La Resaca,"221 Avenue Campillo, Calexico, CA 92231, USA",http://laresacaseafoodbar.com/
Puerto Rican,El Coqui Puerto Rican Cuisine,"400 Mendocino Ave, Santa Rosa, CA 95401, USA",http://elcoqui2eat.com/
Puerto Rican,Sol Food,"903 Lincoln Ave, San Rafael, CA 94901, USA",https://www.solfoodrestaurant.com/
Puerto Rican,La Perla Puerto Rican Cuisine,"3409 Fruitvale Ave, Oakland, CA 94602, USA",http://www.findlaperla.com/
Puerto Rican,Costa Rica Restaurant,"6421, 6421, 2500 W Lincoln Ave, Anaheim, CA 92801, USA",
Puerto Rican,Tacos Lalo,"21510 La Rumorosa, Baja California, Mexico",
Romanian,Mami's Flavor Mexican Cuisine,"3451 Dogwood Rd, El Centro, CA 92243, USA",
Saudi Arabian,Maranatha Steakhouse,"612 S J St, Imperial, CA 92251, USA",http://maranathasteakhouse.wixsite.com/eatsteak
Singaporean,Bamboo Bistro,"3451 Dogwood Rd #1609, El Centro, CA 92243, USA",
Slovak,Brickhouse deli,"447 W Aten Rd Suite 2, Imperial, CA 92243, USA",https://www.bhdeli.co/
Slovenian,Celia's Restaurant,"1530 Adams Ave, El Centro, CA 92243, USA",
Somali,Aalami Restaurant - Somali Cuisine,"4879 University Ave # C, San Diego, CA 92105, USA",
Somali,Faridas Somali Cuisine,"1754 Euclid Ave, San Diego, CA 92105, USA",
Somali,Banadir Somali Restaurant,"137 Arbor Vitae St, Inglewood, CA 90301, USA",https://order.banadirsomalirestaurant.com/
Somali,Cafe Royale,"6511 University Ave, San Diego, CA 92115, USA",https://www.caferoyalesandiego.com/
Somali,Fatuma Restaurant,"4869 University Ave, San Diego, CA 92105, USA",https://fatumacuisine.menufy.com/
Somali,Taste of African Cuisine,"5241 University Ave, San Diego, CA 92105, USA",
Somali,African Spices,"6197 University Ave, San Diego, CA 92115, USA",https://africancuisinesandiego.com/
South African,Maranatha Steakhouse,"612 S J St, Imperial, CA 92251, USA",http://maranathasteakhouse.wixsite.com/eatsteak
Sri Lankan,Pearl Island Restaurant,"16045 Sherman Way, Van Nuys, CA 91406, USA",https://instagram.com/pearlislandla?igshid=1qdpf711f00t5
Sri Lankan,Maranatha Steakhouse,"612 S J St, Imperial, CA 92251, USA",http://maranathasteakhouse.wixsite.com/eatsteak
Sri Lankan,Plate50LA Indian & Sri Lankan Restaurant,"2411 W Olympic Blvd #5, Los Angeles, CA 90006, USA",http://plate50la.com/
Sri Lankan,Baja Subs Market & Deli,"8801 Reseda Blvd Suite A, Northridge, CA 91324, USA",https://asianflavorsstore.com/
Sri Lankan,Colombo Attitude | Sri Lankan Halal Cuisine,"23460 Cinema Dr Unit C, Valencia, CA 91355, USA",https://www.colomboattitude.com/
Swiss,Sizzler,"707 N Imperial Ave, El Centro, CA 92243, USA",https://sizzler.com/locations/sizzler-el-centro/
Swiss,Burgers & Beer,"260 N Imperial Ave #2325, El Centro, CA 92243, USA",http://www.burgersandbeer.com/
Swiss,Brickhouse deli,"447 W Aten Rd Suite 2, Imperial, CA 92243, USA",https://www.bhdeli.co/
Swiss,Broken Yolk Cafe,"3049 N Imperial Ave, El Centro, CA 92243, USA",https://www.thebrokenyolkcafe.com/location/broken-yolk-cafe-el-centro/
Swiss,Grasso's Italian Restaurant,"1902 Main St, El Centro, CA 92243, USA",http://www.grassositalianrestaurant.com/
Swiss,Maranatha Steakhouse,"612 S J St, Imperial, CA 92251, USA",http://maranathasteakhouse.wixsite.com/eatsteak
Swiss,Junior's Cafe,"1791 Adams Ave, El Centro, CA 92243, USA",http://juniors-cafe.com/
Swiss,Swiss Restaurant,"516 N Broadway, Santa Maria, CA 93454, USA",http://www.swissrestaurantandbar.com/
Swiss,Hope Cafe and Creperie,"605 E 2nd St, Calexico, CA 92231, USA",https://m.facebook.com/Hope-Cafe-Creperie-1499453900367858/
Swiss,Italia Express,"3451 Dogwood Rd, El Centro, CA 92243, USA",
Swiss,Humble Farmer Brewing- Imperial,"116 S Imperial Ave STE C, Imperial, CA 92251, USA",http://humblefarmerbrewing.com/
Swiss,Famous Dave's Bar-B-Que,"3103 S Dogwood Rd, El Centro, CA 92243, USA",https://www.famousdaves.com/El-Centro
Swiss,Fortune Garden,"3309 S Dogwood Rd, El Centro, CA 92243, USA",http://www.fortunegardenelcentro.com/?utm_source=gmb&utm_medium=website
Swiss,China Palace Restaurants,"1075 Adams Ave, El Centro, CA 92243, USA",http://chinapalacerestaurants.com/
Swiss,Denny's,"3403 Dogwood Rd, El Centro, CA 92243, USA",https://locations.dennys.com/CA/EL-CENTRO/202356?utm_source=yext&utm_medium=local-listing&utm_campaign=yext-listing&y_source=1_MzUxNDE2OS03MTUtbG9jYXRpb24ud2Vic2l0ZQ%3D%3D
Swiss,Carl’s Jr.,"1498 Adams Ave, El Centro, CA 92243, USA",https://locations.carlsjr.com/ca/el-centro/1498-adams-ave
Swiss,Stox Restaurant Bakery & Bar,"9518 Imperial Hwy., Downey, CA 90242, USA",http://stoxrestaurant.com/
Swiss,Camacho's Place,"796 W Wahl Rd, El Centro, CA 92243, USA",
Syrian,Alforon Mediterranean / Lebanese Cuisine,"5965 El Cajon Blvd, San Diego, CA 92115, USA",http://www.alforon.com/
Syrian,Maranatha Steakhouse,"612 S J St, Imperial, CA 92251, USA",http://maranathasteakhouse.wixsite.com/eatsteak
Syrian,El Zarape Restaurant Inc,"139 S Imperial Ave, Imperial, CA 92251, USA",
Syrian,Damasco Mediterranean Cuisine,"35045 Ave D, Yucaipa, CA 92399, USA",
Syrian,Mami's Flavor Mexican Cuisine,"3451 Dogwood Rd, El Centro, CA 92243, USA",
Syrian,Ma Lupe's Restaurant,"390 W Aten Rd, Imperial, CA 92251, USA",https://riny.top/ma-lupe-s-restaurant-2
Syrian,Tacos Marlyn El Centro,"1614 S 4th St, El Centro, CA 92243, USA",https://tacosmarlyn.com/
Syrian,S.D. KABOB SHACK,"200 Broadway, Chula Vista, CA 91910, USA",http://www.sdkabobshack.com/
Syrian,Panini Kabob Grill - Brea,"Plaza Shopping Center, 1617 E Imperial Hwy, Brea, CA 92821, USA",https://paninikabobgrill.com/
Syrian,Kan Zaman Restaurant,"39400 Murrieta Hot Springs Rd #112, Murrieta, CA 92563, USA",http://www.kzrestaurant.com/
Syrian,Fortune Garden,"3309 S Dogwood Rd, El Centro, CA 92243, USA",http://www.fortunegardenelcentro.com/?utm_source=gmb&utm_medium=website
Syrian,Bavel,"500 Mateo St #102, Los Angeles, CA 90013, USA",https://baveldtla.com/
Syrian,Burgers & Beer,"260 N Imperial Ave #2325, El Centro, CA 92243, USA",http://www.burgersandbeer.com/
Syrian,Sombrero Mexican Food,"703 E Danenberg Dr, El Centro, CA 92243, USA",https://sombreromex.com/
Syrian,Dvine Mediterranean Experience,"955 E Birch St, Brea, CA 92821, USA",http://www.dvineexperience.com/
Syrian,Pomegranate,"2312 El Cajon Blvd, San Diego, CA 92104, USA",http://pomegranatesd.com/
Syrian,Baran Mediterranean Restaurant Bar & Catering,"5645 E La Palma Ave #170, Anaheim, CA 92807, USA",https://baranrestaurantoc.com/
Syrian,Zaiqa Grill,"8814 Imperial Hwy., Downey, CA 90242, USA",
Syrian,Famous Dave's Bar-B-Que,"3103 S Dogwood Rd, El Centro, CA 92243, USA",https://www.famousdaves.com/El-Centro
Syrian,Italia Express,"3451 Dogwood Rd, El Centro, CA 92243, USA",
Taiwanese,Chef Lee's Food Express,"1049 N Imperial Ave, El Centro, CA 92243, USA",
Taiwanese,Bamboo Bistro,"3451 Dogwood Rd #1609, El Centro, CA 92243, USA",
Taiwanese,Rico food,"1404 S 4th St, El Centro, CA 92243, USA",
Taiwanese,Mah's Kitchen,"290 N Imperial Ave, El Centro, CA 92243, USA",
Taiwanese,Chinese Gourmet Express,"3451 Dogwood Rd FC - 6, El Centro, CA 92243, USA",http://www.chinese-gourmet-express.com/
Taiwanese,The Thai Bistro,"775 E Danenberg Dr STE. 104/105, El Centro, CA 92243, USA",
Taiwanese,Imperial Restaurant,"1505 Main St, Brawley, CA 92227, USA",http://imperial.elax.io/
Taiwanese,Dago Taiwanese Cuisine,"13089 Peyton Dr Suite I, Chino Hills, CA 91709, USA",https://www.fetail.com/storev2/shop?store_id=20&t=1605839726
Taiwanese,Mimi 5 Bobee -Rowland Heights,"1756 Nogales St, Rowland Heights, CA 91748, USA",https://www.mimi5bobee.com/
Taiwanese,Fortune House,"1627 Main St, El Centro, CA 92243, USA",https://www.smorefood.com/order-online/new-fortune-house-el-centro-92243-8qa5l32e?utm_source=gmb&utm_medium=website
Taiwanese,Yi Mei Taiwanese Restaurant,"3210 Chino Ave, Chino Hills, CA 91709, USA",https://yimeideli.com/
Taiwanese,QQ Kitchen,"9441 1/2 Las Tunas Dr, Temple City, CA 91780, USA",
Taiwanese,Monja Taiker,"18558 Gale Ave #108, City of Industry, CA 91748, USA",http://www.monjataikerca.com/?utm_source=gmb&utm_medium=website
Taiwanese,Bafang Dumpling,"1552 S Azusa Ave suite b, City of Industry, CA 91748, USA",https://www.bafangdumpling.com/
Taiwanese,Dago Taiwanese Restaurant- West Covina,"648 S Sunset Ave, West Covina, CA 91790, USA",https://www.fetail.com/storev2/shop?store_id=41
Taiwanese,Pine and Crane Silverlake,"1521 Griffith Park Blvd, Los Angeles, CA 90026, USA",http://www.pineandcrane.com/
Taiwanese,Yumi Time,"15261 Gale Ave, City of Industry, CA 91745, USA",
Taiwanese,SinBala,"651 W Duarte Rd f, Arcadia, CA 91007, USA",http://www.lasinbala.com/
Taiwanese,Taipei Bistro,"704 W Las Tunas Dr, San Gabriel, CA 91776, USA",
Tanzanian,Ma Lupe's Restaurant,"390 W Aten Rd, Imperial, CA 92251, USA",https://riny.top/ma-lupe-s-restaurant-2
Thai,The Thai Bistro,"775 E Danenberg Dr STE. 104/105, El Centro, CA 92243, USA",
Tunisian,Maranatha Steakhouse,"612 S J St, Imperial, CA 92251, USA",http://maranathasteakhouse.wixsite.com/eatsteak
Ukrainian,Unni,"330 Wake Ave, El Centro, CA 92243, USA",https://instagram.com/unni_el_centro?igshid=MjEwN2IyYWYwYw==
Uruguayan,Sizzler,"707 N Imperial Ave, El Centro, CA 92243, USA",https://sizzler.com/locations/sizzler-el-centro/
Venezuelan,Mil Jugos,"320 W 5th St, Santa Ana, CA 92701, USA",http://www.miljugos.com/
Vietnamese,Pho House,"Catemaco, Sánchez Taboada, 21360 Mexicali, B.C., Mexico",https://www.facebook.com/Pho-House-112175131103140/
Vietnamese,Sushi & Noodle,"800 N Imperial Ave, El Centro, CA 92243, USA",https://www.sushiandnoodles.com/
Vietnamese,Yuma Pho,"394 E 16th St, Yuma, AZ 85364, USA",
Vietnamese,Saigon Pho Restaurant,"700 E 32nd St, Yuma, AZ 85365, USA",http://www.saigonphoyuma.com/
Vietnamese,Volcano Asian Restaurant,"445 E Main St, El Centro, CA 92243, USA",http://volcanoelcentro.com/
Vietnamese,The Thai Bistro,"775 E Danenberg Dr STE. 104/105, El Centro, CA 92243, USA",
Vietnamese,Poke & Noodle Japanese Cuisine,"799 E Danenberg Dr, El Centro, CA 92243, USA",
Vietnamese,Sushi Spot,"115 North Imperial Avenue Ste F-G, Imperial, CA 92251, USA",http://www.facebook.com/sushispotiv/
Vietnamese,Khan Korean BBQ,"330 Wake Ave, El Centro, CA 92243, USA",https://m.facebook.com/100058869716787/
Vietnamese,Sushi & Noodles,"630 S Brawley Ave Unit #6, Brawley, CA 92227, USA",https://www.sushiandnoodles.com/
Vietnamese,Chef Lee's Food Express,"1049 N Imperial Ave, El Centro, CA 92243, USA",
Vietnamese,Ye Lam Inc,"1075 Adams Ave, El Centro, CA 92243, USA",
Vietnamese,Sushi Park,"330 Wake Ave, El Centro, CA 92243, USA",https://www.facebook.com/pages/category/Sushi-Restaurant/Sushi-Park-589597514465447/
Vietnamese,K Sushi Bar and Grill,"416 S J St, Imperial, CA 92251, USA",http://www.ksushibarandgrill.com/
Vietnamese,Rico food,"1404 S 4th St, El Centro, CA 92243, USA",
Vietnamese,Fortune Garden,"3309 S Dogwood Rd, El Centro, CA 92243, USA",http://www.fortunegardenelcentro.com/?utm_source=gmb&utm_medium=website
Vietnamese,The Lemon Grass Asian Cuisine,"2585 E 16th St, Yuma, AZ 85365, USA",http://lemongrassyuma.square.site/
Vietnamese,Umai Progressive Asian Food,"Calzada Justo Sierra 1700, Los Pinos, Eguía, 21230 Mexicali, B.C., Mexico",https://umaimxl.com/
Vietnamese,Pho Ha,"1619 E Imperial Hwy, Brea, CA 92821, USA",
Vietnamese,Pho Tay Bac Restaurant,"860 W Imperial Hwy # A, Brea, CA 92821, USA",
Yemeni,MONASABA Yemeni Cuisine,"11382 Beach Blvd #4, Stanton, CA 90680, USA",http://www.monasabafoods.com/
Zambian,Maranatha Steakhouse,"612 S J St, Imperial, CA 92251, USA",http://maranathasteakhouse.wixsite.com/eatsteak
Zambian,Ma Lupe's Restaurant,"390 W Aten Rd, Imperial, CA 92251, USA",https://riny.top/ma-lupe-s-restaurant-2
Zambian,Grasso's Italian Restaurant,"1902 Main St, El Centro, CA 92243, USA",http://www.grassositalianrestaurant.com/
Zambian,Sumptuous African Restaurant,"1170 S La Brea Ave, Inglewood, CA 90301, USA",http://sumptuousafricanrestaurant.com/
Zambian,Tacos Lalo,"21510 La Rumorosa, Baja California, Mexico",
Zimbabwean,Ma Lupe's Restaurant,"390 W Aten Rd, Imperial, CA 92251, USA",https://riny.top/ma-lupe-s-restaurant-2
