Cuisine Type,Name,Address,Website
Mexican,El Ranchito,"281 N Main St, Bishop, CA 93514, USA",
Mexican,Taqueria Las Palmas,"136 E Line St B, Bishop, CA 93514, USA",
Mexican,Salsa's Taqueria - Bishop,"1347 Rocking W Dr, Bishop, CA 93514, USA",
Mexican,Taqueria mi Guadalajara,"995 Tu-Su Ln, 395 N Sierra Hwy, Bishop, CA 93514, USA",
Mexican,Astorga's Mexican Restaurant,"2206 N Sierra Hwy, Bishop, CA 93514, USA",http://www.astorgasmexicanrestaurant.com/
Mexican,Antojitos Hippocampos,"205 Grove St, Bishop, CA 93514, USA",
Mexican,Bonanza Mexican Restaurant,"104 N Main St Suite B, Lone Pine, CA 93545, USA",
Mexican,Tacos Los Hermanos Food Truck,"PO Box 1152, 120 E Willow St, Lone Pine, CA 93545, USA",
Mexican,El Pollo Loco,"785 N Main St, Bishop, CA 93514, USA",https://restaurants.elpolloloco.com/ca/bishop/785-n-main-st?utm_source=gmb&utm_medium=yext
Mexican,Amigos Mexican Restaurant,"285 N Main St, Bishop, CA 93514, USA",https://www.facebook.com/Amigos-Mexican-Restaurant-139214712792442
Mexican,Molcajetes Fusion,"789 N Main St Ste. 100, Bishop, CA 93514, USA",https://molcajetesfusion.com/
Mexican,Indiego Tasting House(Please Call ahead if MORE than 4),"2270 N Sierra Hwy, Bishop, CA 93514, USA",
Mexican,Castro’s Taco Stand,"Lone Pine, CA 93545, USA",
Mexican,Mercado Mexico,"276 S Warren St, Bishop, CA 93514, USA",https://mercadomexico.business.site/
Mexican,The Rolling Chef 395,"400 N Main St, Bishop, CA 93514, USA",https://www.facebook.com/therollingchef395/
Mexican,El Valle,"720 NV-373, Amargosa Valley, NV 89020, USA",
Mexican,Puerto Vallarta,"3325 Main St, Mammoth Lakes, CA 93546, USA",
Mexican,Gomez's Mexican Restaurant,"100 Canyon Blvd, Mammoth Lakes, CA 93546, USA",http://www.gomezs.com/
Mexican,The Loco Frijole,"3711 Main St, Mammoth Lakes, CA 93546, USA",http://thelocofrijole.com/
Mexican,Salsa's Taqueria - Mammoth Lakes,"588 Old Mammoth Rd, Mammoth Lakes, CA 93546, USA",http://www.visitmammoth.com/restaurants
Swedish,The Rolling Chef 395,"400 N Main St, Bishop, CA 93514, USA",https://www.facebook.com/therollingchef395/
Swedish,Jack's Restaurant,"437 N Main St, Bishop, CA 93514, USA",
Swedish,Whiskey Creek,"524 N Main St, Bishop, CA 93514, USA",http://whiskeycrk.com/
Swedish,Pupfish Cafe,"124 S Main St, Bishop, CA 93514, USA",http://www.pupfishcafe.com/
Swedish,Yamatani Japanese Restaurant,"635 N Main St, Bishop, CA 93514, USA",http://facebook.com/YamataniBishop
Latvian,Helena’s Vietnamese Kitchen,"2400 N Sierra Hwy, Bishop, CA 93514, USA",https://m.facebook.com/100065288790044/
Latvian,The Rolling Chef 395,"400 N Main St, Bishop, CA 93514, USA",https://www.facebook.com/therollingchef395/
Latvian,Yamatani Japanese Restaurant,"635 N Main St, Bishop, CA 93514, USA",http://facebook.com/YamataniBishop
Latvian,Amigos Mexican Restaurant,"285 N Main St, Bishop, CA 93514, USA",https://www.facebook.com/Amigos-Mexican-Restaurant-139214712792442
Latvian,TuKaNovie Restaurant,"2742 N Sierra Hwy, Bishop, CA 93514, USA",https://www.wanaaha.com/dining/tukanovie-restaurant/
Italian,Pizza Factory,"970 N Main St, Bishop, CA 93514, USA",https://bishop.pizzafactory.com/
Italian,The Upper Crust Pizza Bishop,"1180 N Main St, Bishop, CA 93514, USA",https://www.toasttab.com/theuppercrustpizzabishop
Italian,Gojira Ramen & Sushi,"1345 Rocking W Dr a7, Bishop, CA 93514, USA",https://www.gojirabishop.com/
Italian,Astorga's Mexican Restaurant,"2206 N Sierra Hwy, Bishop, CA 93514, USA",http://www.astorgasmexicanrestaurant.com/
Italian,El Ranchito,"281 N Main St, Bishop, CA 93514, USA",
Italian,The Rolling Chef 395,"400 N Main St, Bishop, CA 93514, USA",https://www.facebook.com/therollingchef395/
Italian,Yamatani Japanese Restaurant,"635 N Main St, Bishop, CA 93514, USA",http://facebook.com/YamataniBishop
Italian,1903 Taphouse & Co.,"175 N Main St, Bishop, CA 93514, USA",
Italian,The Grill,"446 S Main St, Lone Pine, CA 93545, USA",
Italian,Helena’s Vietnamese Kitchen,"2400 N Sierra Hwy, Bishop, CA 93514, USA",https://m.facebook.com/100065288790044/
Italian,Imperial Gourmet Chinese,"930 N Main St K, Bishop, CA 93514, USA",
Italian,Whiskey Creek,"524 N Main St, Bishop, CA 93514, USA",http://whiskeycrk.com/
Italian,John's Pizza Works,"3499 Main St, Mammoth Lakes, CA 93546, USA",https://www.johnspizzaworks.com/
Italian,Seasons Restaurant,"206 S Main St, Lone Pine, CA 93545, USA",http://www.seasonslonepine.club/
Italian,Jack's Restaurant,"437 N Main St, Bishop, CA 93514, USA",
Italian,That's Italian,"9 Big Blue Rd, Kernville, CA 93238, USA",
Spanish,The Rolling Chef 395,"400 N Main St, Bishop, CA 93514, USA",https://www.facebook.com/therollingchef395/
Spanish,Taqueria mi Guadalajara,"995 Tu-Su Ln, 395 N Sierra Hwy, Bishop, CA 93514, USA",
Spanish,Antojitos Hippocampos,"205 Grove St, Bishop, CA 93514, USA",
Spanish,Indiego Tasting House(Please Call ahead if MORE than 4),"2270 N Sierra Hwy, Bishop, CA 93514, USA",
Spanish,El Ranchito,"281 N Main St, Bishop, CA 93514, USA",
Spanish,Salsa's Taqueria - Bishop,"1347 Rocking W Dr, Bishop, CA 93514, USA",
Spanish,Taqueria Las Palmas,"136 E Line St B, Bishop, CA 93514, USA",
Spanish,Molcajetes Fusion,"789 N Main St Ste. 100, Bishop, CA 93514, USA",https://molcajetesfusion.com/
Spanish,Firefly* Tapas Kitchen & Bar,"335 Hughes Center Dr, Las Vegas, NV 89119, USA",http://www.fireflylv.com/
Spanish,Astorga's Mexican Restaurant,"2206 N Sierra Hwy, Bishop, CA 93514, USA",http://www.astorgasmexicanrestaurant.com/
Spanish,El Valle,"720 NV-373, Amargosa Valley, NV 89020, USA",
Spanish,Amigos Mexican Restaurant,"285 N Main St, Bishop, CA 93514, USA",https://www.facebook.com/Amigos-Mexican-Restaurant-139214712792442
Spanish,Whiskey Creek,"524 N Main St, Bishop, CA 93514, USA",http://whiskeycrk.com/
Spanish,Puerto Vallarta,"3325 Main St, Mammoth Lakes, CA 93546, USA",
Spanish,Helena’s Vietnamese Kitchen,"2400 N Sierra Hwy, Bishop, CA 93514, USA",https://m.facebook.com/100065288790044/
Spanish,Mercado Mexico,"276 S Warren St, Bishop, CA 93514, USA",https://mercadomexico.business.site/
Spanish,Casa Córdoba - Spanish Restaurant Los Angeles CA,"2331 Honolulu Ave, Montrose, CA 91020, USA",https://casacordoba.com/
Spanish,Edo Gastro Tapas & Wine,"3400 South Jones Boulevard Suite #11A, Las Vegas, NV 89146, USA",https://edotapas.com/
Spanish,Johnny's,"1440 State 372, Pahrump, NV 89048, USA",
Spanish,Teleferic Barcelona Los Angeles,"11930 San Vicente Blvd, Los Angeles, CA 90049, USA",https://www.telefericbarcelona.com/
American,1903 Taphouse & Co.,"175 N Main St, Bishop, CA 93514, USA",
American,Aaron Schat's Roadhouse,"871 N Main St, Bishop, CA 93514, USA",http://schatsroadhouse.com/
American,Mt Whitney Restaurant,"227 S Main St, Lone Pine, CA 93545, USA",
American,The Rolling Chef 395,"400 N Main St, Bishop, CA 93514, USA",https://www.facebook.com/therollingchef395/
American,Jack's Restaurant,"437 N Main St, Bishop, CA 93514, USA",
American,Jack in the Box,"575 S Main St, Bishop, CA 93514, USA",https://locations.jackinthebox.com/us/ca/bishop/575-s-main-st?utm_source=google&utm_medium=local&utm_campaign=google-local
American,TuKaNovie Restaurant,"2742 N Sierra Hwy, Bishop, CA 93514, USA",https://www.wanaaha.com/dining/tukanovie-restaurant/
Scottish,Aaron Schat's Roadhouse,"871 N Main St, Bishop, CA 93514, USA",http://schatsroadhouse.com/
Scottish,1903 Taphouse & Co.,"175 N Main St, Bishop, CA 93514, USA",
Scottish,Whiskey Creek,"524 N Main St, Bishop, CA 93514, USA",http://whiskeycrk.com/
Scottish,Indiego Tasting House(Please Call ahead if MORE than 4),"2270 N Sierra Hwy, Bishop, CA 93514, USA",
Scottish,Jack's Restaurant,"437 N Main St, Bishop, CA 93514, USA",
Scottish,Frosty Chalet,"500 N Main St, Lone Pine, CA 93545, USA",
British,Whiskey Creek,"524 N Main St, Bishop, CA 93514, USA",http://whiskeycrk.com/
British,1903 Taphouse & Co.,"175 N Main St, Bishop, CA 93514, USA",
British,Aaron Schat's Roadhouse,"871 N Main St, Bishop, CA 93514, USA",http://schatsroadhouse.com/
British,Jack's Restaurant,"437 N Main St, Bishop, CA 93514, USA",
British,Pupfish Cafe,"124 S Main St, Bishop, CA 93514, USA",http://www.pupfishcafe.com/
British,The Rolling Chef 395,"400 N Main St, Bishop, CA 93514, USA",https://www.facebook.com/therollingchef395/
British,Ye Olde King's Head,"116 Santa Monica Blvd, Santa Monica, CA 90401, USA",https://www.yeoldekingshead.com/
British,Indiego Tasting House(Please Call ahead if MORE than 4),"2270 N Sierra Hwy, Bishop, CA 93514, USA",
British,Mt Whitney Restaurant,"227 S Main St, Lone Pine, CA 93545, USA",
British,Cornish Pasty Co,"10 E Charleston Blvd, Las Vegas, NV 89104, USA",http://www.cornishpastyco.com/
British,Imperial Gourmet Chinese,"930 N Main St K, Bishop, CA 93514, USA",
Thai,Thai Thai Restaurant,"703 Airport Rd, Bishop, CA 93514, USA",
Japanese,Gojira Ramen & Sushi,"1345 Rocking W Dr a7, Bishop, CA 93514, USA",https://www.gojirabishop.com/
Japanese,Yamatani Japanese Restaurant,"635 N Main St, Bishop, CA 93514, USA",http://facebook.com/YamataniBishop
Chinese,Imperial Gourmet Chinese,"930 N Main St K, Bishop, CA 93514, USA",
Chinese,Merry Go Round,"212 S Main St, Lone Pine, CA 93545, USA",https://qmenu.us/#/merry-go-round-lone-pine?target=http://www.merrygornd.com/
Indian,Gojira Ramen & Sushi,"1345 Rocking W Dr a7, Bishop, CA 93514, USA",https://www.gojirabishop.com/
Indian,Indiego Tasting House(Please Call ahead if MORE than 4),"2270 N Sierra Hwy, Bishop, CA 93514, USA",
Indian,Thai Thai Restaurant,"703 Airport Rd, Bishop, CA 93514, USA",
Indian,Helena’s Vietnamese Kitchen,"2400 N Sierra Hwy, Bishop, CA 93514, USA",https://m.facebook.com/100065288790044/
Indian,The Rolling Chef 395,"400 N Main St, Bishop, CA 93514, USA",https://www.facebook.com/therollingchef395/
Indian,Pour House,"1101 NV-160, Pahrump, NV 89048, USA",http://www.phpahrump.com/
Indian,Yamatani Japanese Restaurant,"635 N Main St, Bishop, CA 93514, USA",http://facebook.com/YamataniBishop
Indian,Imperial Gourmet Chinese,"930 N Main St K, Bishop, CA 93514, USA",
Indian,Taste of India,"14805 Buford St, Lost Hills, CA 93249, USA",
Indian,Taste of India,"20687 Tracy Ave, Buttonwillow, CA 93206, USA",
Indian,Prime Bar & Grill,"480 E Steuber Rd, Tehachapi, CA 93561, USA",https://primebarandgrill1.wixsite.com/website
Indian,Tandoori Express,"40278 Rd 425A, Oakhurst, CA 93644, USA",http://tandoori.express/
Indian,Flavors of India (Punjabi Dhaba),"8853 Three Flags Road #501, Hesperia, CA 92344, USA",https://www.mealhi5.com/Flavors-of-India-Hesperia/
Indian,Punjabi Dhaba,"16020 Costajo Rd Hwy 99 Exit 13, 16020 Costajo Rd, Bakersfield, CA 93313, USA",
Indian,The Indian Oven,"203 Weedpatch Hwy, Bakersfield, CA 93307, USA",http://www.indianovenbakersfield.com/
Indian,Gulab Indian Bistro,"1820 Shaw Ave, Clovis, CA 93611, USA",http://bluegulab.com/
Indian,Spice of India,"15751 Main St, Hesperia, CA 92345, USA",http://www.spiceofindiainc.com/
Indian,New Taj Palace Indian Restaurant,"3805 Ming Ave, Bakersfield, CA 93309, USA",
Indian,Heart Of India Bar & Restaurant,"Ming Ave #5123, Bakersfield, CA 93309, USA",https://www.heartofindiaca.com/
Indian,India Pavilion,"2201 S Union Ave, Bakersfield, CA 93307, USA",
Canadian,The Rolling Chef 395,"400 N Main St, Bishop, CA 93514, USA",https://www.facebook.com/therollingchef395/
Canadian,Mt Whitney Restaurant,"227 S Main St, Lone Pine, CA 93545, USA",
Canadian,Jack's Restaurant,"437 N Main St, Bishop, CA 93514, USA",
Canadian,Mahogany Smoked Meats,"2345 N Sierra Hwy, Bishop, CA 93514, USA",http://www.smokedmeats.com/
Canadian,Seasons Restaurant,"206 S Main St, Lone Pine, CA 93545, USA",http://www.seasonslonepine.club/
Canadian,Indiego Tasting House(Please Call ahead if MORE than 4),"2270 N Sierra Hwy, Bishop, CA 93514, USA",
Canadian,Yamatani Japanese Restaurant,"635 N Main St, Bishop, CA 93514, USA",http://facebook.com/YamataniBishop
Canadian,The Grill,"446 S Main St, Lone Pine, CA 93545, USA",
Canadian,Flo's Diner,"4750 US-6, Chalfant, CA 93514, USA",https://flos-diner.com/
Canadian,The Upper Crust Pizza Bishop,"1180 N Main St, Bishop, CA 93514, USA",https://www.toasttab.com/theuppercrustpizzabishop
Russian,Kashtan (Каштан),"7707 Santa Monica Blvd, West Hollywood, CA 90046, USA",
Russian,Kalinka Russian Cuisine,"1714 Victory Blvd, Glendale, CA 91201, USA",
Russian,Robert's Russian Cuisine,"1603 N La Brea Ave, Los Angeles, CA 90028, USA",http://www.robertsrussiancuisine.com/
Russian,The Rolling Chef 395,"400 N Main St, Bishop, CA 93514, USA",https://www.facebook.com/therollingchef395/
Russian,Barin Russian cuisine,"6020 Reseda Blvd, Tarzana, CA 91356, USA",http://barinrestaurant.com/
Russian,Traktir Restaurant,"8151 Santa Monica Blvd, West Hollywood, CA 90046, USA",https://www.traktirla.com/
Russian,EuroAsia Restaurant,"17209 Ventura Blvd, Encino, CA 91316, USA",
Russian,Grandma's Deli Babushka,"4818 Laurel Canyon Blvd, Valley Village, CA 91607, USA",http://www.grandmasdeli.net/
Russian,Whiskey Creek,"524 N Main St, Bishop, CA 93514, USA",http://whiskeycrk.com/
Russian,Traktir Restaurant Valley,"18588 Ventura Blvd, Tarzana, CA 91356, USA",https://www.traktirla.com/tarzana/
Russian,Eagle Russian Armenian Cuisine,"16147 Nordhoff St, North Hills, CA 91343, USA",https://qmenu.us/#/eagle-russian-armenian-cuisine
Russian,Pierogi Village,"8540 W Lake Mead Blvd, Las Vegas, NV 89129, USA",https://pierogivillage.thefoodygram.com/
Russian,Usaka Mantendew,"1515 Wilshire Blvd #4d, Los Angeles, CA 90017, USA",
Russian,TuKaNovie Restaurant,"2742 N Sierra Hwy, Bishop, CA 93514, USA",https://www.wanaaha.com/dining/tukanovie-restaurant/
Jewish,Inyo Jewish Center,"621 W Line St Suite 203, Bishop, CA 93514, USA",http://chabadmammoth.com/
Jewish,Yamatani Japanese Restaurant,"635 N Main St, Bishop, CA 93514, USA",http://facebook.com/YamataniBishop
Jewish,Casa Mia - Kosher Dairy Restaurant,"7365 W Sahara Ave, Las Vegas, NV 89117, USA",http://casamialv.com/
Jewish,ABBA’S KOSHER KITCHEN,"3655 S Rainbow Blvd #105, Las Vegas, NV 89103, USA",
Jewish,Glatt Kosher Grill House,"2521 S Fort Apache Rd, Las Vegas, NV 89117, USA",https://shawarmavegasgrill.com/
Jewish,Denise Kosher Catering,"2067 N Jones Blvd, Las Vegas, NV 89108, USA",
Jewish,Habayit,"11921 W Pico Blvd, Los Angeles, CA 90064, USA",http://www.habayitrestaurant.com/
Jewish,The Milky Way,"9108 W Pico Blvd, Los Angeles, CA 90035, USA",http://milkywayla.com/
Jewish,Schnitzly,"9216 W Pico Blvd, Los Angeles, CA 90035, USA",https://www.schnitzly.com/
Jewish,LA Kosher Grill Food Truck,"Food Truck, 1029 Main St, Los Angeles, CA 90015, USA",http://www.lakoshergrill.com/
Jewish,Tikva's Grill,"2101 S Decatur Blvd #10, Las Vegas, NV 89102, USA",https://www.tikvasgrill.com/
Jewish,Schwartz's Deli & BBQ,"8820 W Pico Blvd, Los Angeles, CA 90035, USA",http://toasttab.com/schwartz-deli-8820-22-west-pico-blvd
Jewish,Schwartz's Marketplace,"8856 W Pico Blvd, Los Angeles, CA 90035, USA",http://www.schwartzsmarketplace.com/
Jewish,Holy Grill Food Truck,"120 E 15th St, Los Angeles, CA 90015, USA",http://www.theholygrill770.com/
Jewish,Jerusalem Chef's Table,"4825 W Flamingo Rd #10, Las Vegas, NV 89103, USA",https://jerusalemgrillvegas.com/
Jewish,Jeff's Gourmet Sausage Factory,"8930 W Pico Blvd, Los Angeles, CA 90035, USA",http://www.jeffsgourmet.com/
Jewish,Shalom Grill,"9340 W Pico Blvd, Los Angeles, CA 90035, USA",https://shalomgrill.com/
Jewish,Shawarma Vegas,"2521 S Fort Apache Rd #102, Las Vegas, NV 89117, USA",https://shawarmavegasgrill.com/
Jewish,Bibi's Bakery & Cafe,"8928 W Pico Blvd, Los Angeles, CA 90035, USA",http://bibisbakerycafe.com/
Jewish,Nosh House,"678 El Camino Real, Tustin, CA 92780, USA",http://koshernoshhouse.com/
Polish,Polka Restaurant,"4112 Verdugo Rd, Los Angeles, CA 90065, USA",http://polkarestaurant.com/
Polish,Pierogi Village,"8540 W Lake Mead Blvd, Las Vegas, NV 89129, USA",https://pierogivillage.thefoodygram.com/
Polish,Solidarity,"1414 Lincoln Blvd, Santa Monica, CA 90401, USA",http://www.solidarityla.com/
Polish,Grandma's Deli Babushka,"4818 Laurel Canyon Blvd, Valley Village, CA 91607, USA",http://www.grandmasdeli.net/
Polish,Alabama Hills Cafe & Bakery,"111 W Post St, Lone Pine, CA 93545, USA",https://www.alabamahillscafe.com/
Polish,Pierogi Spot,"26511 Golden Valley Rd, Santa Clarita, CA 91350, USA",http://www.pierogispot.com/
Polish,Mt Whitney Restaurant,"227 S Main St, Lone Pine, CA 93545, USA",
Polish,Frosty Chalet,"500 N Main St, Lone Pine, CA 93545, USA",
German,Aaron Schat's Roadhouse,"871 N Main St, Bishop, CA 93514, USA",http://schatsroadhouse.com/
German,The Yodler Restaurant & Bar,"10000 Minaret Rd #2120, Mammoth Lakes, CA 93546, USA",http://www.theyodlermammoth.com/
German,Jack's Restaurant,"437 N Main St, Bishop, CA 93514, USA",
German,Austria Hof Restaurant,"924 Canyon Blvd, Mammoth Lakes, CA 93546, USA",http://austriahofrestaurant.com/
German,Mahogany Smoked Meats,"2345 N Sierra Hwy, Bishop, CA 93514, USA",http://www.smokedmeats.com/
German,The Rolling Chef 395,"400 N Main St, Bishop, CA 93514, USA",https://www.facebook.com/therollingchef395/
German,Cafe Berlin,"4850 W Sunset Rd #100-105, Las Vegas, NV 89118, USA",http://www.cafeberlinlv.com/
German,Hofbrauhaus Las Vegas,"4510 Paradise Rd, Las Vegas, NV 89169, USA",https://www.hofbrauhauslasvegas.com/
German,Wurstküche,"800 E 3rd St, Los Angeles, CA 90013, USA",http://www.wurstkuche.com/
German,Himmel Haus,"3819 Saddle Rd, South Lake Tahoe, CA 96150, USA",https://himmelhausslt.com/
German,Wirtshaus German Restaurant & Beer Garden,"345 N La Brea Ave, Los Angeles, CA 90036, USA",http://www.wirtshausla.com/
German,Wurstküche Restaurant Venice Beach,"625 Lincoln Blvd, Venice, CA 90291, USA",http://www.wurstkuche.com/
German,BERLINS,"8474 W 3rd St, Los Angeles, CA 90048, USA",http://www.eatberlins.com/
German,Gazzolo's Sausage Co Restaurant and Deli,"132 E Highland Ave, San Bernardino, CA 92404, USA",https://www.gazzolosausages.com/
German,Rasselbock Kitchen & Beer Garden LA,"3817 Grand View Blvd, Los Angeles, CA 90066, USA",https://www.rasselbockla.com/
German,Berlin Currywurst,"317 S Broadway, Los Angeles, CA 90013, USA",https://www.eatcurrywurst.com/
German,Kohnen's Country Bakery,"125 W Tehachapi Blvd D, Tehachapi, CA 93561, USA",https://www.kohnenscountrybakery.com/?y_source=1_MTcxNDU3NDgtNzE1LWxvY2F0aW9uLndlYnNpdGU%3D
German,John's Pizza Works,"3499 Main St, Mammoth Lakes, CA 93546, USA",https://www.johnspizzaworks.com/
German,Petra's Bistro & Wine Bar,"6080 Minaret Rd, Mammoth Lakes, CA 93546, USA",http://www.petrasbistro.com/
German,Upland German Deli,"983 W Foothill Blvd, Upland, CA 91786, USA",http://restaurantwebexpert.com/Upland/
French,Still Life Cafe,"135 S Edwards St, Independence, CA 93526, USA",
French,Helena’s Vietnamese Kitchen,"2400 N Sierra Hwy, Bishop, CA 93514, USA",https://m.facebook.com/100065288790044/
French,The Rolling Chef 395,"400 N Main St, Bishop, CA 93514, USA",https://www.facebook.com/therollingchef395/
French,Jack's Restaurant,"437 N Main St, Bishop, CA 93514, USA",
French,El Ranchito,"281 N Main St, Bishop, CA 93514, USA",
French,Whiskey Creek,"524 N Main St, Bishop, CA 93514, USA",http://whiskeycrk.com/
French,Amigos Mexican Restaurant,"285 N Main St, Bishop, CA 93514, USA",https://www.facebook.com/Amigos-Mexican-Restaurant-139214712792442
French,Mon Reve,"126 N Balsam St, Ridgecrest, CA 93555, USA",https://www.facebook.com/profile.php?id=100057521136607
French,The Grill,"446 S Main St, Lone Pine, CA 93545, USA",
French,The Ranch 1849 Restaurant,"2 Echo Canyon Rd, DEATH VALLEY, CA 92328, USA",https://www.oasisatdeathvalley.com/dine/1849-buffet/
French,Toll Road Restaurant,"Death Valley National Park, 51880 CA-190, DEATH VALLEY, CA 92328, USA",http://www.stovepipedeathvalley.com/
French,Last Kind Words Saloon,"Death Valley National Park, The Ranch at, CA-190, Furnace Creek, CA 92328, USA",https://www.oasisatdeathvalley.com/dine/last-kind-words-saloon/
French,Wild Rose Tavern,"328 Greenland Blvd, DEATH VALLEY, CA 92328, USA",
French,The Inn at Death Valley Dining Room,"CA-190, DEATH VALLEY, CA 92328, USA",https://www.oasisatdeathvalley.com/dine/the-inn-dining-room/
French,Monets Wine Bistro,"120 S E St, Exeter, CA 93221, USA",
French,Le Chêne French Cuisine,"12625 Sierra Hwy, Santa Clarita, CA 91390, USA",http://www.lechene.com/
French,Meet in Paris French Bistro,"9727 Culver Blvd, Culver City, CA 90232, USA",https://www.meetinparisla.com/
French,Petit Trois le Valley,"13705 Ventura Blvd, Sherman Oaks, CA 91423, USA",http://valley.petittrois.com/
French,El Valle,"720 NV-373, Amargosa Valley, NV 89020, USA",
French,Partage,"3839 Spring Mountain Rd, Las Vegas, NV 89102, USA",http://www.partage.vegas/
Hawaiian,Holy Smoke Texas Style BBQ,"772 N Main St, Bishop, CA 93514, USA",https://www.holysmoketexasbbq.com/
Hawaiian,Helena’s Vietnamese Kitchen,"2400 N Sierra Hwy, Bishop, CA 93514, USA",https://m.facebook.com/100065288790044/
Hawaiian,The Rolling Chef 395,"400 N Main St, Bishop, CA 93514, USA",https://www.facebook.com/therollingchef395/
Hawaiian,Yamatani Japanese Restaurant,"635 N Main St, Bishop, CA 93514, USA",http://facebook.com/YamataniBishop
Hawaiian,Copper Top BBQ,"442 N Main St, Big Pine, CA 93513, USA",http://coppertopbbq.com/
Hawaiian,Pizza Factory,"970 N Main St, Bishop, CA 93514, USA",https://bishop.pizzafactory.com/
Hawaiian,"Pacific Island Taste, Hawaiian Restaurant","545 E Sahara Ave Suite 101, Las Vegas, NV 89104, USA",https://pacificislandtaste.com/
Hawaiian,Ross J's Aloha Grill,"4650 Sunset Rd, Henderson, NV 89014, USA",https://www.instagram.com/rossjsaloha/?hl=en
Hawaiian,Ono Hawaiian BBQ,"520 Woollomes Ave Suite #102-103, Delano, CA 93215, USA",https://www.onohawaiianbbq.com/
Hawaiian,Ono Hawaiian BBQ,"19201 Bear Valley Rd Suite H-E, Apple Valley, CA 92308, USA",http://www.onobbq.com/
Hawaiian,2 Scoops of Aloha LV Drive Inn,"9620 S Las Vegas Blvd, Las Vegas, NV 89123, USA",https://thefoodygram.com/pages/2-scoops-of-aloha-lv-menu
Hawaiian,Ono Hawaiian BBQ,"708 S Mooney Blvd, Visalia, CA 93277, USA",https://onohawaiianbbq.com/
Hawaiian,L&L Hawaiian Barbecue,"5752 S Fort Apache Rd #105, Las Vegas, NV 89148, USA",http://llhawaiianbbqlasvegas.com/
Hawaiian,L&L Hawaiian,"3314 W Shaw Ave Suite 10, Fresno, CA 93711, USA",https://www.llhawaiianfresno.com/
Hawaiian,Ono Hawaiian BBQ,"3868 W Shaw Ave, Fresno, CA 93711, USA",https://onohawaiianbbq.com/
Hawaiian,Q & Q Hawaiian BBQ,"39445 10th St W, Palmdale, CA 93551, USA",
Hawaiian,Ono Hawaiian BBQ,"5075 E Kings Canyon Rd, Fresno, CA 93727, USA",https://www.onohawaiianbbq.com/
Hawaiian,Ono Hawaiian BBQ,"2665 Calloway Dr Suite 208, Bakersfield, CA 93312, USA",http://www.onobbq.com/
Hawaiian,AHI Hawaiian BBQ #2,"1823 E Palmdale Blvd # K, Palmdale, CA 93550, USA",
Hawaiian,Ono Hawaiian BBQ,"11604 Amargosa Rd #5, Victorville, CA 92392, USA",http://www.onobbq.com/
Brazilian,Harmony Brazilian Steakhouse & Bar,"106 Old Mammoth Rd, Mammoth Lakes, CA 93546, USA",
Brazilian,Texas de Brazil - Las Vegas,"6533 Las Vegas Blvd S, Las Vegas, NV 89119, USA",https://texasdebrazil.com/locations/las-vegas/?utm_source=gmb&utm_medium=yext&y_source=1_NDg4MzA3NDktNzE1LWxvY2F0aW9uLndlYnNpdGU%3D
Brazilian,Fogo de Chão Brazilian Steakhouse,"360 E Flamingo Rd, Las Vegas, NV 89169, USA",https://fogodechao.com/location/las-vegas/
Brazilian,Rodizio Grill Nevada- Henderson,"1300 W Sunset Rd, Henderson, NV 89014, USA",https://www.rodiziogrill.com/henderson-nv/
Brazilian,Pampas Las Vegas,"3663 S Las Vegas Blvd #610, Las Vegas, NV 89109, USA",https://www.pampasusa.com/
Brazilian,Galpão Gaucho Brazilian Steakhouse,"3200 S Las Vegas Blvd #1260, Las Vegas, NV 89109, USA",http://www.galpaogauchousa.com/
Brazilian,Via Brasil Steakhouse,"1225 S Fort Apache Rd, Las Vegas, NV 89117, USA",http://www.viabrasilsteakhouse.com/
Brazilian,Flame & Fire Brazilian Steakhouse,"12814 Stockdale Hwy, Bakersfield, CA 93314, USA",http://www.flameandfire.com/
Brazilian,Rio Picanha Steakhouse,"381 N Azusa Ave, West Covina, CA 91791, USA",http://www.riopicanha.com/
Brazilian,Fogo de Chão Brazilian Steakhouse,"800 S Figueroa St, Los Angeles, CA 90017, USA",https://fogodechao.com/location/los-angeles/
Brazilian,Chama Nativa Brazilian Steakhouse,"6935 Camino Arroyo, Gilroy, CA 95020, USA",https://www.chamanativausa.com/
Brazilian,Texas de Brazil - Fresno,"7634 N Blackstone Ave, Fresno, CA 93720, USA",https://texasdebrazil.com/locations/fresno/?utm_source=gmb&utm_medium=yext&y_source=1_NDg4MzA3MDYtNzE1LWxvY2F0aW9uLndlYnNpdGU%3D
Brazilian,Rancho Brazil Steakhouse & Venue,"144 N K St, Tulare, CA 93274, USA",http://ranchobrazil.net/
Brazilian,Fogo de Chão Brazilian Steakhouse,"133 N La Cienega Blvd, Beverly Hills, CA 90211, USA",https://fogodechao.com/location/beverly-hills/
Brazilian,Fogo de Chão Brazilian Steakhouse,"6263 CA-27 Ste. 100, Woodland Hills, CA 91367, USA",https://fogodechao.com/location/woodland-hills/
Brazilian,Picanha Brazilian Churrascaria,"14328 Valley Blvd, City of Industry, CA 91746, USA",https://www.picanhabc.com/
Brazilian,Rio Brazilian Grill,"628, 630 W Lancaster Blvd, Lancaster, CA 93534, USA",http://www.riobraziliangrill.com/
Brazilian,Texas de Brazil - Rancho Cucamonga,"12369 Foothill Blvd, Rancho Cucamonga, CA 91739, USA",https://texasdebrazil.com/locations/rancho-cucamonga/?utm_source=gmb&utm_medium=yext&y_source=1_NDg4NDAyMDctNzE1LWxvY2F0aW9uLndlYnNpdGU%3D
Brazilian,Bossa Nova Brazilian Cuisine,"10982 W Pico Blvd, Rancho Park, CA 90064, USA",https://www.bossafood.com/
Brazilian,Pampas Grill,"3857 Overland Ave, Culver City, CA 90232, USA",http://www.pampas-grill.com/locations/culver-city/
Peruvian,The Rolling Chef 395,"400 N Main St, Bishop, CA 93514, USA",https://www.facebook.com/therollingchef395/
Peruvian,Peruvian Restaurant Pollo a la Brasa & The Best Ceviche,"2072 W Ave J, Lancaster, CA 93536, USA",
Peruvian,Peru Chicken #2,"3886 W Sahara Ave, Las Vegas, NV 89102, USA",
Peruvian,El Toque del Sabor,"2501 E Tropicana Ave #2e, Las Vegas, NV 89121, USA",
Peruvian,Helena’s Vietnamese Kitchen,"2400 N Sierra Hwy, Bishop, CA 93514, USA",https://m.facebook.com/100065288790044/
Peruvian,Rosa's Traditional Peruvian Food,"3220 Stine Rd, Bakersfield, CA 93309, USA",
Peruvian,Mancora Peruvian Cuisine,"240 W Main St, Alhambra, CA 91801, USA",https://mancora-peruvian-cuisine.restaurants-world.com/
Peruvian,Mucho Gusto Peruvian Cuisine,"10660 Sierra Ave., Fontana, CA 92337, USA",https://muchogustoperuviancuisineca.com/
Peruvian,Señor Aji Peruvian Kitchen,"6701 N Milburn Ave #130, Fresno, CA 93722, USA",http://www.senoraji.com/
Peruvian,La Pascana Authentic Peruvian Food,"1125 Wall St, Los Angeles, CA 90015, USA",
Peruvian,Peru Chicken,"2055 E Tropicana Ave, Las Vegas, NV 89119, USA",
Peruvian,Puro Sabor Peruvian Restaurant,"6366 Van Nuys Blvd, Van Nuys, CA 91401, USA",http://purosaborperuvianfood.com/
Peruvian,Peru's Taste Restaurant,"8246 Louise Ave, Lake Balboa, CA 91325, USA",http://orderperuvian.com/
Peruvian,Machu-Picchu Peruvian Restaurant,"6465 Van Nuys Blvd, Van Nuys, CA 9140, USA",http://machupicchu-la.com/
Peruvian,La Pascana,"1125 3/4 Wall St, Los Angeles, CA 90015, USA",
Peruvian,Chios Peruvian Grill,"7115 Van Nuys Blvd #3006, Van Nuys, CA 91405, USA",https://chiosperuvianla.com/
Peruvian,MOIA Peruvian Restaurant,"2301 W Bonanza Rd, Las Vegas, NV 89106, USA",http://www.moialasvegas.com/
Peruvian,Imperio Peruvian Cuisine,"Middleton St, Palmdale, CA 93551, USA",
Peruvian,CHEF HORNERO PERUVIAN RESTAURANT BAR,"14074 Woodruff Ave, Bellflower, CA 90706, USA",
Peruvian,El Pollo Peru LA,"13273 Van Nuys Boulevard A/B, 13273 Van Nuys Blvd c, Pacoima, CA 91331, USA",http://www.elpolloperu.com/
Salvadorian,Astorga's Mexican Restaurant,"2206 N Sierra Hwy, Bishop, CA 93514, USA",http://www.astorgasmexicanrestaurant.com/
Cuban,Dos Alas CubaRican Café & Lounge,"101 Sherwin Creek Rd Building A, Mammoth Lakes, CA 93546, USA",http://www.dosalascafe.com/
Cuban,Havanazucar Cuban Restaurant,"15550 Main St c14, Hesperia, CA 92345, USA",
Cuban,Baracoa Cuban Restaurant,"853 Auto Center Dr ste f, Palmdale, CA 93551, USA",http://www.baracoacubanrestaurant.com/
Cuban,Tropicana Bakery & Cuban Cafe,"10218 Paramount Blvd, Downey, CA 90241, USA",http://www.tropicanabakery.com/
Cuban,The Rolling Chef 395,"400 N Main St, Bishop, CA 93514, USA",https://www.facebook.com/therollingchef395/
Cuban,Versailles Cuban Restaurant,"10319 Venice Blvd., Los Angeles, CA 90034, USA",http://www.versaillescubanfood.com/
Cuban,Cubanidad 1885,"10575 S Eastern Ave, Henderson, NV 89052, USA",https://cubanidad1885.com/
Cuban,El Colmao,"2328 W Pico Blvd, Los Angeles, CA 90006, USA",http://orderelcolmao.com/
Cuban,Havana Club Restaurant & Bar,"3831 Peck Rd, El Monte, CA 91732, USA",
Cuban,Versailles Cuban Restaurant,"1415 S La Cienega Blvd, Los Angeles, CA 90035, USA",https://versaillescubanfood.com/
Cuban,CUBAN SYLVAIN BAKERY,"2510 E Tropicana Ave Site 103-104, Las Vegas, NV 89121, USA",
Cuban,El Cubano,"23360 Valencia Blvd Unit I, Valencia, CA 91355, USA",http://www.elcubano-restaurant.com/
Cuban,Ay Papa Que Rico,"2200 E Palmdale Blvd, Palmdale, CA 93550, USA",http://aypapaquericopalmdale.com/
Cuban,Havana Express Cuban Restaurant,"2590 E Tropicana Ave, Las Vegas, NV 89121, USA",https://havanaexpress.net/
Cuban,Cuba Café Restaurant,"2055 E Tropicana Ave #1, Las Vegas, NV 89119, USA",https://cubacaferestaurantnv.com/
Cuban,Cubanidad Express,"3585 S Fort Apache Rd #203, Las Vegas, NV 89147, USA",http://cubanidad1885.com/
Cuban,El Floridita Restaurant,"1253 Vine St, Los Angeles, CA 90038, USA",http://www.elfloridita.com/
Cuban,Havana Mania,"3615 Inglewood Ave, Redondo Beach, CA 90278, USA",http://www.havanamania.com/
Cuban,Isla Cuban-Latin Kitchen & Rum Bar,"30 Centerpointe Dr STE 12, La Palma, CA 90623, USA",http://islacuban.com/
Cuban,Calle Ocho Cuban Cafecito,"8880 Archibald Ave # C, Rancho Cucamonga, CA 91730, USA",https://www.facebook.com/pages/Calle-Ocho-Miami-Coffee-House/623277234487922
Tibetan,Gojira Ramen & Sushi,"1345 Rocking W Dr a7, Bishop, CA 93514, USA",https://www.gojirabishop.com/
Tibetan,Yamatani Japanese Restaurant,"635 N Main St, Bishop, CA 93514, USA",http://facebook.com/YamataniBishop
Tibetan,Helena’s Vietnamese Kitchen,"2400 N Sierra Hwy, Bishop, CA 93514, USA",https://m.facebook.com/100065288790044/
Tibetan,Tibet Nepal House Restaurant,"36 E Holly St, Pasadena, CA 91103, USA",https://tibetnepalhousepasadena.com/
Tibetan,Wanaaha Casino,"2742 N Sierra Hwy, Bishop, CA 93514, USA",https://www.wanaaha.com/
Tibetan,TuKaNovie Restaurant,"2742 N Sierra Hwy, Bishop, CA 93514, USA",https://www.wanaaha.com/dining/tukanovie-restaurant/
Egyptian,Helena’s Vietnamese Kitchen,"2400 N Sierra Hwy, Bishop, CA 93514, USA",https://m.facebook.com/100065288790044/
Egyptian,Gojira Ramen & Sushi,"1345 Rocking W Dr a7, Bishop, CA 93514, USA",https://www.gojirabishop.com/
Egyptian,El Ranchito,"281 N Main St, Bishop, CA 93514, USA",
Egyptian,Imperial Gourmet Chinese,"930 N Main St K, Bishop, CA 93514, USA",
Egyptian,Pupfish Cafe,"124 S Main St, Bishop, CA 93514, USA",http://www.pupfishcafe.com/
Egyptian,Tut's Egyptian Cuisine,"12114 Washington Blvd, Los Angeles, CA 90066, USA",http://www.tutsgrill.com/
Greek,Gojira Ramen & Sushi,"1345 Rocking W Dr a7, Bishop, CA 93514, USA",https://www.gojirabishop.com/
Greek,Aaron Schat's Roadhouse,"871 N Main St, Bishop, CA 93514, USA",http://schatsroadhouse.com/
Greek,Yamatani Japanese Restaurant,"635 N Main St, Bishop, CA 93514, USA",http://facebook.com/YamataniBishop
Greek,Astorga's Mexican Restaurant,"2206 N Sierra Hwy, Bishop, CA 93514, USA",http://www.astorgasmexicanrestaurant.com/
Greek,Classic Gyros,"1140 N China Lake Blvd, Ridgecrest, CA 93555, USA",https://www.classicgyros.net/
Greek,Pizza Factory,"301 S Main St, Lone Pine, CA 93545, USA",http://www.pizzafactory.com/locations/lone-pine
Greek,Pupfish Cafe,"124 S Main St, Bishop, CA 93514, USA",http://www.pupfishcafe.com/
Greek,Denny's,"1014 N Main St, Bishop, CA 93514, USA",https://locations.dennys.com/CA/BISHOP/246064?utm_source=yext&utm_medium=local-listing&utm_campaign=yext-listing&y_source=1_MjIyNzcxOC03MTUtbG9jYXRpb24ud2Vic2l0ZQ%3D%3D
Greek,The Grill,"446 S Main St, Lone Pine, CA 93545, USA",
Greek,The Mad Greek,"72112 Baker Blvd, Baker, CA 92309, USA",http://www.themadgreek.com/
Greek,Whiskey Creek,"524 N Main St, Bishop, CA 93514, USA",http://whiskeycrk.com/
Greek,Seasons Restaurant,"206 S Main St, Lone Pine, CA 93545, USA",http://www.seasonslonepine.club/
Greek,Imperial Gourmet Chinese,"930 N Main St K, Bishop, CA 93514, USA",
Greek,Still Life Cafe,"135 S Edwards St, Independence, CA 93526, USA",
Greek,The Great Greek Mediterranean Grill,"801 S Main St Suite 140 Las Vegas - Downtown, Arts District, NV 89101, USA",https://www.thegreatgreekgrill.com/downtown-arts-district
Greek,Greek Bistro,"565 Marks St #160, Henderson, NV 89014, USA",http://www.greekbistro.us/
Greek,Nick The Greek,"718 S Mooney Blvd, Visalia, CA 93277, USA",http://www.nickthegreek.com/
Greek,Tony's Gyros Greek Cuisine,"2555 Wigwam Pkwy, Henderson, NV 89074, USA",https://www.tonygyroslasvegas.com/
Greek,"The Great Greek Mediterranean Grill - Las Vegas, NV - Nellis","2340 S Nellis Blvd #100, Las Vegas, NV 89104, USA",https://www.thegreatgreekgrill.com/nellis
Greek,Nick The Greek,"9255 S Eastern Ave, Las Vegas, NV 89123, USA",http://www.nickthegreek.com/
Belgian,1903 Taphouse & Co.,"175 N Main St, Bishop, CA 93514, USA",
Belgian,Jack's Restaurant,"437 N Main St, Bishop, CA 93514, USA",
Belgian,Whiskey Creek,"524 N Main St, Bishop, CA 93514, USA",http://whiskeycrk.com/
Belgian,The Rolling Chef 395,"400 N Main St, Bishop, CA 93514, USA",https://www.facebook.com/therollingchef395/
Belgian,Pupfish Cafe,"124 S Main St, Bishop, CA 93514, USA",http://www.pupfishcafe.com/
Belgian,Mt Whitney Restaurant,"227 S Main St, Lone Pine, CA 93545, USA",
Belgian,Amigos Mexican Restaurant,"285 N Main St, Bishop, CA 93514, USA",https://www.facebook.com/Amigos-Mexican-Restaurant-139214712792442
Belgian,Tecopa Brewing Company,"420 Tecopa Hot Springs Rd, Tecopa, CA 92389, USA",http://www.delightshotspringsresort.com/
Belgian,Last Kind Words Saloon,"Death Valley National Park, The Ranch at, CA-190, Furnace Creek, CA 92328, USA",https://www.oasisatdeathvalley.com/dine/last-kind-words-saloon/
Belgian,TuKaNovie Restaurant,"2742 N Sierra Hwy, Bishop, CA 93514, USA",https://www.wanaaha.com/dining/tukanovie-restaurant/
Irish,Jake's Saloon,"119 N Main St, Lone Pine, CA 93545, USA",
Irish,Whiskey Creek,"524 N Main St, Bishop, CA 93514, USA",http://whiskeycrk.com/
Irish,1903 Taphouse & Co.,"175 N Main St, Bishop, CA 93514, USA",
Irish,Badwater Saloon,"Death Valley National Park, 51880 CA-190, DEATH VALLEY, CA 92328, USA",http://www.stovepipedeathvalley.com/
Irish,Groggs Traditional Irish Pub,"N Willow Ave #180, Clovis, CA 93611, USA",http://www.groggsclovis.com/
Irish,Shenanigans Pub,"1330 E Calvada Blvd, Pahrump, NV 89048, USA",
Irish,Ritchie McNeely's,"2235 Village Walk Dr #147, Henderson, NV 89052, USA",https://www.ritchiemcneelys.com/?utm_source=gmb&utm_medium=local_seo
Irish,McMullan's Irish Pub,"4650 W Tropicana Ave #110, Las Vegas, NV 89103, USA",http://www.mcmullansirishpub.com/
Irish,Murphys Irish Pub,"415 Main St, Murphys, CA 95247, USA",http://goirishinmurphys.com/
Irish,Irish Pub,"687 Pleasant Valley Rd, Diamond Springs, CA 95619, USA",
Irish,The Irish Times Pub & Restaurant,"3267 Motor Ave, Los Angeles, CA 90034, USA",http://www.theirishtimesla.com/
Irish,McGarry's Irish Pub,"1110 Calloway Dr, Bakersfield, CA 93312, USA",
Irish,Rí Rá Irish Pub,"The Shoppes At Mandalay Place, 3950 S Las Vegas Blvd, Las Vegas, NV 89119, USA",https://www.mandalaybay.com/en/restaurants/ri-ra-irish-pub.html
Irish,Dublin's Irish Whiskey Pub,"815 W 7th St, Los Angeles, CA 90017, USA",https://www.dublinson7th.com/
Irish,Corcoran's Irish Pub,"5757 Wayne Newton Blvd, Las Vegas, NV 89119, USA",http://corcorans-pub.keeq.io/
Irish,Limericks Tavern - Alhambra,"300 W Main St #110, Alhambra, CA 91801, USA",https://www.limerickstavern.com/
Irish,Hennessey's Tavern,"425 Fremont St #110, Las Vegas, NV 89101, USA",http://www.hennesseyslasvegas.com/
Irish,Nine Fine Irishmen,"3790 S Las Vegas Blvd, Las Vegas, NV 89109, USA",https://newyorknewyork.mgmresorts.com/en/restaurants/nine-fine-irishmen.html
Irish,Casey's Irish Pub,"613 S Grand Ave, Los Angeles, CA 90017, USA",https://caseysirishpubdtla.com/
Irish,Ireland's 32,"13721 Burbank Blvd, Valley Glen, CA 91401, USA",http://irelands32.com/
Welsh,Helena’s Vietnamese Kitchen,"2400 N Sierra Hwy, Bishop, CA 93514, USA",https://m.facebook.com/100065288790044/
Cajun,Cajun Mouth Restaurant,"3441 W Sahara Ave B-2, Las Vegas, NV 89102, USA",
Cajun,The Rolling Chef 395,"400 N Main St, Bishop, CA 93514, USA",https://www.facebook.com/therollingchef395/
Cajun,Aaron Schat's Roadhouse,"871 N Main St, Bishop, CA 93514, USA",http://schatsroadhouse.com/
Cajun,DB's Cajun Kitchen,"4343 N Rancho Dr, Las Vegas, NV 89130, USA",http://www.dbscajunkitchen.com/
Cajun,The Lost Cajun,"8158 Day Creek Blvd #120, Rancho Cucamonga, CA 91739, USA",https://thelostcajun.com/locations/rancho-cucamonga-california
Cajun,C3 Cajun Crab N Crawfish Seafood Boil,"4258 Spring Mountain Rd Suite 204, Las Vegas, NV 89102, USA",
Cajun,Rockin Crab Seafood Boil & Take Out,"10140 W Tropicana Ave #122, Las Vegas, NV 89147, USA",http://www.rockincrab.co/
Cajun,Lee Esther's Creole & Cajun Cooking,"830 1/2 E Ave Q-6, Palmdale, CA 93550, USA",https://leeesthers.com/
Cajun,C3 Cajun Crab N Crawfish Seafood Boil,"6496 Medical Center St UNIT 102, Las Vegas, NV 89148, USA",https://www.c3cajuncrabncrawfishlasvegas.com/
Cajun,Cajun Crackin,"9901 S Eastern Ave, Las Vegas, NV 89183, USA",https://www.cajuncrackin9901.com/
Cajun,Ragin Cajun Cafe,"525 S Pacific Coast Hwy, Redondo Beach, CA 90277, USA",http://www.ragincajuncafe.com/
Cajun,Claw Daddy's Cajun Seafood,"2800 CA-119, Bakersfield, CA 93313, USA",https://clawdaddyscajunseafood.com/
Cajun,Captain Crab,"1240 Shaw Ave Suite 101, Clovis, CA 93612, USA",http://captaincrabseafood.com/
Cajun,Bobs Cajun Boil,"15356 La Paz Dr Suite #8, Victorville, CA 92395, USA",https://www.bobscajunboilrestaurantandmarket.com/
Cajun,Cajun Crackin,"7735 N Blackstone Ave #115, Fresno, CA 93720, USA",
Cajun,Inyo County,"Inyo County, CA, USA",
Cajun,The Little Jewel of New Orleans,"207 Ord St, Los Angeles, CA 90012, USA",http://littlejewel.net/
Cajun,Captain Crawfish Cajun Seafood Bakersfield,"4000 Coffee Rd #2, Bakersfield, CA 93308, USA",https://www.captaincrawfish.net/
Cajun,Crab it while it's hot,"5129 W Walnut Ave, Visalia, CA 93277, USA",https://www.clover.com/online-ordering/crab-it-while-its-hot-porterville
Cajun,"Mardi Gras Tuesday ""A Taste Of New Orleans"" Sherman Oaks","14543 Ventura Blvd, Sherman Oaks, CA 91403, USA",https://mardigrastuesday.com/
Portuguese,CASA LISBON ex Vila Algarve Portuguese restaurant,"6290 McLeod Dr, Las Vegas, NV 89120, USA",http://www.casalisbonlv.com/
Portuguese,Portuguese Joe Campground,"436 S Washington St, Lone Pine, CA 93545, USA",https://www.inyocounty.us/services/parks-recreation/portuguese-joe
Portuguese,Portuguese Hall of Kerman,"14910 W C St, Kerman, CA 93630, USA",
Portuguese,Debby's Cuisine,"1429 Stanislaus St F, Escalon, CA 95320, USA",https://www.debbyscuisine.com/
Portuguese,Bacalhau Grill - Portuguese Restaurant & Market,"1555 Alum Rock Ave, San Jose, CA 95116, USA",https://www.bacalhaugrillsj.com/
Portuguese,"Petiscos ""Alum Rock""","1614 Alum Rock Ave, San Jose, CA 95116, USA",https://www.petiscosadega.com/
Portuguese,Natas Pastries - LA’s Portuguese Bakery & Café,"13317 Ventura Blvd # D, Sherman Oaks, CA 91423, USA",https://www.nataspastries.com/
Portuguese,"Petiscos ""Downtown""","399 S 1st St, San Jose, CA 95113, USA",http://petiscosadega.com/
Portuguese,Euro Cafe,"546 E Baseline Rd, Claremont, CA 91711, USA",https://www.eurocafeclaremont.com/
Portuguese,Barra Santos,"1215 Cypress Ave, Los Angeles, CA 90065, USA",http://www.barrasantosla.com/
Turkish,Maza Halal Turkish and Mediterranean Restaurant,"2550 S Rainbow Blvd W1, Las Vegas, NV 89146, USA",http://www.mazalv.com/
Haitian,Helena’s Vietnamese Kitchen,"2400 N Sierra Hwy, Bishop, CA 93514, USA",https://m.facebook.com/100065288790044/
Tahitian,Yamatani Japanese Restaurant,"635 N Main St, Bishop, CA 93514, USA",http://facebook.com/YamataniBishop
Tahitian,Helena’s Vietnamese Kitchen,"2400 N Sierra Hwy, Bishop, CA 93514, USA",https://m.facebook.com/100065288790044/
Tahitian,The Rolling Chef 395,"400 N Main St, Bishop, CA 93514, USA",https://www.facebook.com/therollingchef395/
Tahitian,Bonanza Mexican Restaurant,"104 N Main St Suite B, Lone Pine, CA 93545, USA",
Tahitian,Wanaaha Lounge,"2742 N Sierra Hwy, Bishop, CA 93514, USA",https://www.wanaaha.com/dining/wanaaha-lounge/
Tahitian,Thai Thai Restaurant,"703 Airport Rd, Bishop, CA 93514, USA",
Tahitian,Indiego Tasting House(Please Call ahead if MORE than 4),"2270 N Sierra Hwy, Bishop, CA 93514, USA",
Tahitian,TuKaNovie Restaurant,"2742 N Sierra Hwy, Bishop, CA 93514, USA",https://www.wanaaha.com/dining/tukanovie-restaurant/
Kenyan,Yamatani Japanese Restaurant,"635 N Main St, Bishop, CA 93514, USA",http://facebook.com/YamataniBishop
Kenyan,Helena’s Vietnamese Kitchen,"2400 N Sierra Hwy, Bishop, CA 93514, USA",https://m.facebook.com/100065288790044/
Kenyan,TuKaNovie Restaurant,"2742 N Sierra Hwy, Bishop, CA 93514, USA",https://www.wanaaha.com/dining/tukanovie-restaurant/
Korean,Gojira Ramen & Sushi,"1345 Rocking W Dr a7, Bishop, CA 93514, USA",https://www.gojirabishop.com/
Korean,Yamatani Japanese Restaurant,"635 N Main St, Bishop, CA 93514, USA",http://facebook.com/YamataniBishop
Korean,Imperial Gourmet Chinese,"930 N Main St K, Bishop, CA 93514, USA",
Korean,The Rolling Chef 395,"400 N Main St, Bishop, CA 93514, USA",https://www.facebook.com/therollingchef395/
Korean,Kogi Korean BBQ & Seafood Hot Pot,"1263 E Silverado Ranch Blvd, Las Vegas, NV 89183, USA",https://kogikoreanbbq.net/
Korean,Mister Kim's Korean BBQ,"560 Marks St Suite A, Henderson, NV 89014, USA",http://mrkimslv.com/
Korean,Shila Korean BBQ,"1205 Herndon Ave #104, Clovis, CA 93612, USA",
Korean,Love Korean B.B.Q,"4915 Ming Ave, Bakersfield, CA 93309, USA",
Korean,Korean Chili,"2089 E Prosperity Ave, Tulare, CA 93274, USA",http://www.toasttab.com/koreanchili
Korean,Top Korean BBQ,"4500 Sunset Rd #12, Henderson, NV 89014, USA",
Korean,Korean B.B.Q,"14950 Bear Valley Rd, Victorville, CA 92395, USA",
Korean,E Jo Korean Restaurant,"700 E Sahara Ave D, Las Vegas, NV 89104, USA",
Korean,Soyo Korean Kitchen,"4550 W Cactus Ave Ste 110, Las Vegas, NV 89141, USA",
Korean,HANU Korean BBQ,"3943 Spring Mountain Rd, Las Vegas, NV 89102, USA",http://hanulv.com/
Korean,DOMA The Korean BBQ,"10640 Southern Highlands Pkwy #100, Las Vegas, NV 89141, USA",https://domakbbq.com/
Korean,Kang's Kitchen,"10050 S Eastern Ave #130, Henderson, NV 89052, USA",
Korean,Madang Garden,"953 E Sahara Ave e28, Las Vegas, NV 89104, USA",
Korean,Doh Korean BBQ,"9884 S Maryland Pkwy Suite #2, Las Vegas, NV 89128, USA",
Korean,Goong Korean BBQ Restaurant,"7729 S Rainbow Blvd #5, Las Vegas, NV 89139, USA",https://www.koreanbbqgoong.com/
Korean,Honey Pig,"4725 J, Spring Mountain Rd, Las Vegas, NV 89102, USA",https://honeypiglasvegas.com/
Algerian,Gojira Ramen & Sushi,"1345 Rocking W Dr a7, Bishop, CA 93514, USA",https://www.gojirabishop.com/
Algerian,Wanaaha Casino,"2742 N Sierra Hwy, Bishop, CA 93514, USA",https://www.wanaaha.com/
Algerian,The Rolling Chef 395,"400 N Main St, Bishop, CA 93514, USA",https://www.facebook.com/therollingchef395/
Algerian,TuKaNovie Restaurant,"2742 N Sierra Hwy, Bishop, CA 93514, USA",https://www.wanaaha.com/dining/tukanovie-restaurant/
Nigerian,Triumph African Restaurant,"5730 N First St #108, Fresno, CA 93710, USA",https://triumphafricanrestaurant.com/
Libyan,Yamatani Japanese Restaurant,"635 N Main St, Bishop, CA 93514, USA",http://facebook.com/YamataniBishop
Libyan,Gojira Ramen & Sushi,"1345 Rocking W Dr a7, Bishop, CA 93514, USA",https://www.gojirabishop.com/
Libyan,Bonanza Mexican Restaurant,"104 N Main St Suite B, Lone Pine, CA 93545, USA",
Libyan,Wanaaha Casino,"2742 N Sierra Hwy, Bishop, CA 93514, USA",https://www.wanaaha.com/
Libyan,TuKaNovie Restaurant,"2742 N Sierra Hwy, Bishop, CA 93514, USA",https://www.wanaaha.com/dining/tukanovie-restaurant/
Moroccan,Tagine,"132 N Robertson Blvd, Beverly Hills, CA 90211, USA",http://www.taginebeverlyhills.com/
Lebanese,Helena’s Vietnamese Kitchen,"2400 N Sierra Hwy, Bishop, CA 93514, USA",https://m.facebook.com/100065288790044/
Lebanese,The Rolling Chef 395,"400 N Main St, Bishop, CA 93514, USA",https://www.facebook.com/therollingchef395/
Lebanese,Yamatani Japanese Restaurant,"635 N Main St, Bishop, CA 93514, USA",http://facebook.com/YamataniBishop
Lebanese,Hedary's Mediterranean Restaurant Las Vegas,"7365 W Sahara Ave Ste K, Las Vegas, NV 89117, USA",http://www.hedaryslasvegas.com/
Lebanese,Khoury's Mediterranean Restaurant,"9340 W Sahara Ave #106, Las Vegas, NV 89117, USA",http://www.khouryslv.com/
Lebanese,Mona's Kitchen Lebanese Food,"18970 Ventura Blvd, Tarzana, CA 91356, USA",
Lebanese,Golden Grill ( Syrian & Lebanese) cuisine,"7975 N Cedar Ave UNIT 105, Fresno, CA 93720, USA",http://goldengrillfresno.com/
Lebanese,Classic Gyros,"1140 N China Lake Blvd, Ridgecrest, CA 93555, USA",https://www.classicgyros.net/
Lebanese,Sunnin Lebanese Cafe,"1776 Westwood Blvd, Los Angeles, CA 90024, USA",https://sunnin.com/
Lebanese,Mayd Modern Mediterranean,"7090 N Palm Ave Ste 109, Fresno, CA 93650, USA",http://maydmodern.com/
Lebanese,Bavel,"500 Mateo St #102, Los Angeles, CA 90013, USA",https://baveldtla.com/
Lebanese,Skaf's Grill,"6008 Laurel Canyon Blvd, Valley Glen, CA 91606, USA",
Lebanese,Marrakech Mediterranean Restaurant,"3900 Paradise Rd Suite Y, Las Vegas, NV 89169, USA",http://www.marrakechvegas.com/
Lebanese,Alina's Lebanese Cuisine,"2250 S Archibald Ave, Ontario, CA 91761, USA",http://www.alinaslebanesecuisine.com/
Lebanese,El Ranchito,"281 N Main St, Bishop, CA 93514, USA",
Lebanese,Carnival Restaurant,"4356 Woodman Ave, Sherman Oaks, CA 91423, USA",http://www.carnivalrest.com/
Lebanese,Paymon's Fresh Kitchen and Lounge - Sahara,"8380 W Sahara Ave, Las Vegas, NV 89117, USA",https://paymons.com/
Lebanese,Anwar's Kitchen,"217 E 8th St, Los Angeles, CA 90014, USA",https://www.anwarskitchen.com/
Lebanese,Sumac Mediterranean Cuisine,"1156 Highland Ave, Los Angeles, CA 90038, USA",http://www.sumaccuisine.com/
Lebanese,The Grill,"446 S Main St, Lone Pine, CA 93545, USA",
Vietnamese,Helena’s Vietnamese Kitchen,"2400 N Sierra Hwy, Bishop, CA 93514, USA",https://m.facebook.com/100065288790044/
Hungarian,Helena’s Vietnamese Kitchen,"2400 N Sierra Hwy, Bishop, CA 93514, USA",https://m.facebook.com/100065288790044/
Mediterranean,Helena’s Vietnamese Kitchen,"2400 N Sierra Hwy, Bishop, CA 93514, USA",https://m.facebook.com/100065288790044/
Mediterranean,Gojira Ramen & Sushi,"1345 Rocking W Dr a7, Bishop, CA 93514, USA",https://www.gojirabishop.com/
Mediterranean,Aaron Schat's Roadhouse,"871 N Main St, Bishop, CA 93514, USA",http://schatsroadhouse.com/
Mediterranean,Yamatani Japanese Restaurant,"635 N Main St, Bishop, CA 93514, USA",http://facebook.com/YamataniBishop
Mediterranean,The Rolling Chef 395,"400 N Main St, Bishop, CA 93514, USA",https://www.facebook.com/therollingchef395/
Mediterranean,Classic Gyros,"1140 N China Lake Blvd, Ridgecrest, CA 93555, USA",https://www.classicgyros.net/
Mediterranean,El Ranchito,"281 N Main St, Bishop, CA 93514, USA",
Mediterranean,Whiskey Creek,"524 N Main St, Bishop, CA 93514, USA",http://whiskeycrk.com/
Mediterranean,Pupfish Cafe,"124 S Main St, Bishop, CA 93514, USA",http://www.pupfishcafe.com/
Mediterranean,Imperial Gourmet Chinese,"930 N Main St K, Bishop, CA 93514, USA",
Mediterranean,The Grill,"446 S Main St, Lone Pine, CA 93545, USA",
Mediterranean,Jack's Restaurant,"437 N Main St, Bishop, CA 93514, USA",
Mediterranean,Molcajetes Fusion,"789 N Main St Ste. 100, Bishop, CA 93514, USA",https://molcajetesfusion.com/
Mediterranean,Mediterranean Island Kebab Grill,"14875 Bear Valley Rd A, Hesperia, CA 92345, USA",https://hesperia.mediterraneanislandkebabgrill.com/
Mediterranean,Ark Mediterranean Grill,"2230 Herndon Ave #103, Clovis, CA 93611, USA",https://www.emenu101.com/ark-clovis
Mediterranean,Hedary's Mediterranean Restaurant Las Vegas,"7365 W Sahara Ave Ste K, Las Vegas, NV 89117, USA",http://www.hedaryslasvegas.com/
Mediterranean,Simply Mediterranean,"2226 S Mooney Blvd # A5, Visalia, CA 93277, USA",https://www.simplymediterraneanca.com/
Mediterranean,Black Olives Mediterranean Café,"1125 W Rancho Vista Blvd Unit #C, Palmdale, CA 93551, USA",http://blackolivescafe.com/
Mediterranean,Taste Mediterranean Grill,"5105 S Fort Apache Rd #105, Las Vegas, NV 89148, USA",https://www.tastemediterraneangrill.com/
Mediterranean,Chopan Kabob,"1740 E Serene Ave Suite 160, Las Vegas, NV 89123, USA",https://www.chopan-kabob.com/
Ethiopian,Helena’s Vietnamese Kitchen,"2400 N Sierra Hwy, Bishop, CA 93514, USA",https://m.facebook.com/100065288790044/
Ethiopian,Lucy Ethiopian Restaurant and Bar,"4850 W Flamingo Rd # 10, Las Vegas, NV 89103, USA",https://lucyethiopianrestaurant.com/
Ethiopian,Little Ethiopia Restaurant & Market,"4850 W Flamingo Rd #48, Las Vegas, NV 89103, USA",http://www.littleethiopiarestaurantlv.com/
Ethiopian,Gursha Ethiopian Restaurant,"3711 S Valley View Blvd suit H, Las Vegas, NV 89103, USA",http://gurshaethiopianrestaurantlasvegas.com/
Ethiopian,Queen of Sheba Ethiopian Restaurant,"630 N La Brea Ave #106, Inglewood, CA 90302, USA",
Ethiopian,Yordanos Ethiopian Restaurant,"4020 W Martin Luther King Jr Blvd, Los Angeles, CA 90008, USA",
Ethiopian,HABESHA RESTAURANT & BAR,"6174 W Flamingo Rd, Las Vegas, NV 89103, USA",
Ethiopian,Melkam Ethiopian Restaurant,"3182 W Pico Blvd, Los Angeles, CA 90019, USA",
Ethiopian,Dirdawa Ethiopian Restaurant,"5581 W Manchester Ave, Los Angeles, CA 90045, USA",
Ethiopian,Lucy Ethiopian restaurant,"2018 W Washington Blvd, Los Angeles, CA 90018, USA",https://smorefood.com/order-online/lucy-ethiopian-restaurant-los-angeles-90018-2worv8mc?utm_source=gmb&utm_medium=website
Ethiopian,GS Cafe and Ethiopian Cuisine,"1068 N Citrus Ave, Covina, CA 91722, USA",
Ethiopian,Messob Ethiopian Restaurant,"1041 S Fairfax Ave, Los Angeles, CA 90019, USA",http://www.messob.com/
Ethiopian,Samsara Ethio Fusion,"3300 S Decatur Blvd, Las Vegas, NV 89102, USA",https://www.samsaraethiofusion.com/
Ethiopian,Buna Ethiopian Restaurant & Market,"1034 S Fairfax Ave, Los Angeles, CA 90019, USA",http://bunaethiopianmarket.com/
Ethiopian,Aman Fresh Meat & Ethiopian Grocery,"4850 W Flamingo Rd #5, Las Vegas, NV 89103, USA",
Ethiopian,Seble Market and Cafe,"4360 S Decatur Blvd, Las Vegas, NV 89103, USA",
Ethiopian,Melkam Market,"4230 S Decatur Blvd #600, Las Vegas, NV 89103, USA",
Ethiopian,Lalibela,"1025 S Fairfax Ave, Los Angeles, CA 90019, USA",http://lalibelala.com/
Ethiopian,Awaze Ethio Fusion & Vegan Restaurant,"18764 Pioneer Blvd, Artesia, CA 90701, USA",https://awaze-restaurant.com/
Ethiopian,Rosalind's,"1044 S Fairfax Ave, Los Angeles, CA 90019, USA",http://rosalindsla.com/
Caribbean,The Rolling Chef 395,"400 N Main St, Bishop, CA 93514, USA",https://www.facebook.com/therollingchef395/
Caribbean,Helena’s Vietnamese Kitchen,"2400 N Sierra Hwy, Bishop, CA 93514, USA",https://m.facebook.com/100065288790044/
Caribbean,Taqueria Las Palmas,"136 E Line St B, Bishop, CA 93514, USA",
Caribbean,Danna's Caribbean Grill,"321 S Casino Center Blvd #130, Las Vegas, NV 89101, USA",
Caribbean,Big Jerk,"430 E Silverado Ranch Blvd, Las Vegas, NV 89183, USA",http://bigjerkcaribbean.com/
Caribbean,Naomi's Island Cafe,"814 S 3rd St, Las Vegas, NV 89101, USA",http://www.naomisislandcafe.com/
Caribbean,Tasty Island Jamaican Restaurant,"6820 W Flamingo Rd # H, Las Vegas, NV 89103, USA",
Caribbean,Paradise Place Jamaican Cuisine,"6985 W Sahara Ave suite 119, Las Vegas, NV 89117, USA",https://paradiseplacelv.com/
Caribbean,Bahama Breeze,"375 Hughes Center Dr, Las Vegas, NV 89169, USA",https://www.bahamabreeze.com/locations/nv/las-vegas/las-vegas/3020?cmpid=br:bb_ag:ie_ch:loc_ca:BBGMB_sn:gmb_gt:las-vegas-nv-3020_pl:locurl_rd:1013
Caribbean,Jamaican Vybz Bar & Grill,"2625 E Tropicana Ave Suite A, Las Vegas, NV 89121, USA",http://www.jamaicanvybz.com/
Caribbean,Hogar Services LLC,"8721 Anzio St Apt A, Fort Irwin, CA 92310, USA",
Caribbean,Bodeau’s Haitian Seafood Soulfood Cuisine,"4922 E Tropicana Ave, Las Vegas, NV 89121, USA",
Caribbean,Royces Jamaican Cuisine,"672 S Santa Fe Ave, Los Angeles, CA 90021, USA",
Caribbean,Zette's Market/Caribbean & American Food,"860 E. Twain Ave Ste #114 #115, Las Vegas, NV 89169, USA",
Caribbean,Barrington's Jamaican Kitchen,"4120 Ming Ave, Bakersfield, CA 93309, USA",https://barringtonsjamaicankitchen.com/
Caribbean,Blessed Tropical Cuisine,"901 S Prairie Ave, Inglewood, CA 90301, USA",
Caribbean,Rosalie's Caribbean Cuisine,"446 S Market St #2310, Inglewood, CA 90301, USA",http://www.shabazzbakery.com/
Caribbean,Island to Table Patty Hut,"724 S Spring St, Los Angeles, CA 90014, USA",http://www.ittpattyhut.com/
Caribbean,Jerk Dat Inc,"4734 E Flamingo Rd, Las Vegas, NV 89121, USA",http://jerkdatlv.com/
Caribbean,Country Style Jamaican Restaurant,"630 N La Brea Ave Suite 111, Inglewood, CA 90302, USA",
Soul,Grandma's seasoning restaurant,"621 W Line St, Bishop, CA 93514, USA",
Argentinian,Made In Argentina Cocina Argentina & Mediterranea,"5190 S Valley View Blvd #100, Las Vegas, NV 89118, USA",http://www.madeinargentinalv.com/
Argentinian,Rincón de Buenos Aires - Spring Mountain,"5300 W Spring Mountain Rd #117, Las Vegas, NV 89146, USA",https://www.rincondebuenosaires.com/
Argentinian,Gaucho Grill,"8830 Apollo Way #100, Downey, CA 90242, USA",http://www.gauchogrill.com/
Argentinian,Rincón de Buenos Aires - Eastern,"8820 S Eastern Ave, Las Vegas, NV 89123, USA",http://rincondebuenosaires.com/
Argentinian,LALA'S Downtown Los Angeles,"105 W 9th St, Los Angeles, CA 90015, USA",https://lalasgrill.com/
Argentinian,The Rolling Chef 395,"400 N Main St, Bishop, CA 93514, USA",https://www.facebook.com/therollingchef395/
Argentinian,Mercado Buenos Aires,"7540 Sepulveda Blvd, Van Nuys, CA 91405, USA",https://www.mercadobuenosairesusa.com/
Argentinian,Gaucho Grill,"1129 W Covina Pkwy, West Covina, CA 91790, USA",
Argentinian,LALA'S Studio City,"11935 Ventura Blvd, Studio City, CA 91604, USA",https://lalasgrill.com/
Argentinian,Mercado Buenos Aires,"16137 Devonshire St, Granada Hills, CA 91344, USA",https://www.mercadobuenosairesusa.com/
Argentinian,Rock N' Grill,"2201 W Pico Blvd #A, Los Angeles, CA 90006, USA",
Argentinian,"Corrientes 348, Argentinian Steakhouse Restaurant","6113 Reseda Blvd, Reseda, CA 91335, USA",https://corrientes348.wixsite.com/my-site-1
Argentinian,Buenos Aires Grill,"8856 Corbin Ave, Northridge, CA 91324, USA",http://www.buenosairesgrill.la/
Argentinian,Bodega Malbec Argentinean Grill,"10151 Riverside Dr, Toluca Lake, CA 91602, USA",https://bodegamalbec.com/
Argentinian,Carlitos Gardel Argentine Steakhouse,"7963 Melrose Ave, Los Angeles, CA 90046, USA",http://www.carlitosgardel.com/
Argentinian,El Morfi Grill,"241 N Brand Blvd, Glendale, CA 91203, USA",https://www.elmorfigrillmenu.com/
Argentinian,Empanada's Place,"3811 Sawtelle Blvd, Los Angeles, CA 90066, USA",https://www.empanadasplacela.com/
Argentinian,Aca Grill,"3062 W 8th St, Los Angeles, CA 90005, USA",
Argentinian,Gaucho Grill Buena Park,"5980 Orangethorpe Ave, Buena Park, CA 90620, USA",http://www.gauchogrill.com/
Argentinian,Toro Y Pampa Argentinian Food,"915 N Euclid Ave, Upland, CA 91786, USA",
Chilean,The Rolling Chef 395,"400 N Main St, Bishop, CA 93514, USA",https://www.facebook.com/therollingchef395/
Chilean,Inyo County,"Inyo County, CA, USA",
Chilean,Helena’s Vietnamese Kitchen,"2400 N Sierra Hwy, Bishop, CA 93514, USA",https://m.facebook.com/100065288790044/
Chilean,Indiego Tasting House(Please Call ahead if MORE than 4),"2270 N Sierra Hwy, Bishop, CA 93514, USA",
Chilean,Chilenazo,"7238 Canoga Ave, Canoga Park, CA 91303, USA",http://www.chilenazo.net/
Chilean,Antojitos Hippocampos,"205 Grove St, Bishop, CA 93514, USA",
Chilean,Taqueria Las Palmas,"136 E Line St B, Bishop, CA 93514, USA",
Chilean,Salsa's Taqueria - Bishop,"1347 Rocking W Dr, Bishop, CA 93514, USA",
Chilean,El Ranchito,"281 N Main St, Bishop, CA 93514, USA",
Chilean,Rincón Chileno,"4354 Melrose Ave, Los Angeles, CA 90029, USA",http://rinconchilenola.com/
Chilean,Rincon Chileno Deli,"15418 3828, 15418 Hawthorne Blvd # B, Lawndale, CA 90260, USA",http://rinconchilenola.com/
Chilean,Copper Top BBQ,"442 N Main St, Big Pine, CA 93513, USA",http://coppertopbbq.com/
Chilean,Imperial Gourmet Chinese,"930 N Main St K, Bishop, CA 93514, USA",
Chilean,Astorga's Mexican Restaurant,"2206 N Sierra Hwy, Bishop, CA 93514, USA",http://www.astorgasmexicanrestaurant.com/
Chilean,Sin Chile No Hay Paraiso,"512 N Montebello Blvd, Montebello, CA 90640, USA",
Chilean,"El Rio Resturant, LLC","13423 Sierra Way, Kernville, CA 93238, USA",
Chilean,El Valle,"720 NV-373, Amargosa Valley, NV 89020, USA",
Chilean,The Green Chile (New Mexico Style),"2050 W Whittier Blvd, La Habra, CA 90631, USA",http://greenchilerestaurant.com/
Chilean,El Jefe's Restaurant,"1560 E Calvada Blvd, Pahrump, NV 89048, USA",
Chilean,Johnny's,"1440 State 372, Pahrump, NV 89048, USA",
Colombian,Antojitos Hippocampos,"205 Grove St, Bishop, CA 93514, USA",
Colombian,Aracely's Sazón Colombian Restaurant,"3650 S Jones Blvd #2, Las Vegas, NV 89103, USA",https://www.sazoncolombianorestaurant.com/
Colombian,El Ranchito,"281 N Main St, Bishop, CA 93514, USA",
Colombian,Sabor Colombiano,"847 S Union Ave, Los Angeles, CA 90017, USA",http://ordersaborcolombiano.com/
Colombian,Taqueria mi Guadalajara,"995 Tu-Su Ln, 395 N Sierra Hwy, Bishop, CA 93514, USA",
Colombian,Oiga Mire Vea Colombian Cuisine and Latin NightClub,"2580 S Decatur Blvd K4a, Las Vegas, NV 89102, USA",https://omvlasvegas.com/
Colombian,Brasa Roja Las Vegas,"953 E Sahara Ave e29, Las Vegas, NV 89104, USA",http://brasarojalv.com/
Colombian,The Rolling Chef 395,"400 N Main St, Bishop, CA 93514, USA",https://www.facebook.com/therollingchef395/
Colombian,La Casa de las Parrilladas Colombian Restaurant,"8109 California Ave, South Gate, CA 90280, USA",https://instagram.com/la_casa_de_las_parilladas?r=nametag
Colombian,Taqueria Las Palmas,"136 E Line St B, Bishop, CA 93514, USA",
Colombian,Colombia exotic,"926 S Union Ave, Los Angeles, CA 90015, USA",http://ordercolombiaexotic.com/
Colombian,Astorga's Mexican Restaurant,"2206 N Sierra Hwy, Bishop, CA 93514, USA",http://www.astorgasmexicanrestaurant.com/
Colombian,Macondo Kitchen,"15333 Sherman Way suite w, Van Nuys, CA 91406, USA",
Colombian,La Maria Restaurant,"10516 Victory Blvd, North Hollywood, CA 91606, USA",https://lamariarestaurant.com/
Colombian,Peppe's Pollo,"1209 S Glendora Ave, West Covina, CA 91790, USA",http://peppes-pollo.edan.io/
Colombian,La Chiva Colombian Lonchera,"800 E 33rd St, Signal Hill, CA 90755, USA",https://longbeachcolombianrestaurant.com/
Colombian,Helena’s Vietnamese Kitchen,"2400 N Sierra Hwy, Bishop, CA 93514, USA",https://m.facebook.com/100065288790044/
Colombian,El Molinito Restaurant,"8535 Washington Blvd, Pico Rivera, CA 90660, USA",http://restaurantwebexperts.com/ElMolinito/
Colombian,Lily's Taste On Wheels,"425 E Foothill Blvd, Rialto, CA 92376, USA",https://order.online/business/lilys-taste-on-wheels-11607078
Costa Rican,The Rolling Chef 395,"400 N Main St, Bishop, CA 93514, USA",https://www.facebook.com/therollingchef395/
Czech,The Rolling Chef 395,"400 N Main St, Bishop, CA 93514, USA",https://www.facebook.com/therollingchef395/
Czech,Aaron Schat's Roadhouse,"871 N Main St, Bishop, CA 93514, USA",http://schatsroadhouse.com/
Czech,Whiskey Creek,"524 N Main St, Bishop, CA 93514, USA",http://whiskeycrk.com/
Czech,Jack's Restaurant,"437 N Main St, Bishop, CA 93514, USA",
Danish,The Rolling Chef 395,"400 N Main St, Bishop, CA 93514, USA",https://www.facebook.com/therollingchef395/
Danish,Jack's Restaurant,"437 N Main St, Bishop, CA 93514, USA",
Danish,Aaron Schat's Roadhouse,"871 N Main St, Bishop, CA 93514, USA",http://schatsroadhouse.com/
Danish,Indiego Tasting House(Please Call ahead if MORE than 4),"2270 N Sierra Hwy, Bishop, CA 93514, USA",
Danish,Whiskey Creek,"524 N Main St, Bishop, CA 93514, USA",http://whiskeycrk.com/
Danish,Yamatani Japanese Restaurant,"635 N Main St, Bishop, CA 93514, USA",http://facebook.com/YamataniBishop
Danish,Pupfish Cafe,"124 S Main St, Bishop, CA 93514, USA",http://www.pupfishcafe.com/
Danish,Starbucks,"905 N Main St, Bishop, CA 93514, USA",https://www.starbucks.com/store-locator/store/14486/
Danish,Bit O'Denmark Restaurant,"473 Alisal Rd, Solvang, CA 93463, USA",http://www.bitbarandbistro.com/
Danish,Rock Creek Lakes Resort,"1 Upper, Rock Creek Rd, Bishop, CA 93514, USA",http://rockcreeklakesresort.com/
Dutch,Jack's Restaurant,"437 N Main St, Bishop, CA 93514, USA",
Dutch,The Rolling Chef 395,"400 N Main St, Bishop, CA 93514, USA",https://www.facebook.com/therollingchef395/
Dutch,Aaron Schat's Roadhouse,"871 N Main St, Bishop, CA 93514, USA",http://schatsroadhouse.com/
Dutch,Holy Smoke Texas Style BBQ,"772 N Main St, Bishop, CA 93514, USA",https://www.holysmoketexasbbq.com/
Dutch,Alabama Hills Cafe & Bakery,"111 W Post St, Lone Pine, CA 93545, USA",https://www.alabamahillscafe.com/
Dutch,1903 Taphouse & Co.,"175 N Main St, Bishop, CA 93514, USA",
Dutch,Pupfish Cafe,"124 S Main St, Bishop, CA 93514, USA",http://www.pupfishcafe.com/
Dutch,Indiego Tasting House(Please Call ahead if MORE than 4),"2270 N Sierra Hwy, Bishop, CA 93514, USA",
Dutch,House of Dutch Pot Las Vegas,"4255 S Durango Dr, Las Vegas, NV 89147, USA",https://www.houseofdutchpotlasvegas.com/
Dutch,Cardinal Cafe,"311 Cardinal Rd, Bishop, CA 93514, USA",https://www.cardinalvillageresort.com/cardinal-cafe/
Dutch,Frosty Chalet,"500 N Main St, Lone Pine, CA 93545, USA",
Ecuadorian,La Manaba Comida Ecuatoriana de Yanine,"Academy Rd, Los Angeles, CA 90026, USA",
Finnish,The Rolling Chef 395,"400 N Main St, Bishop, CA 93514, USA",https://www.facebook.com/therollingchef395/
Ghanaian,Calabash African Kitchen,"1750 S Rainbow Blvd Suite 6-8, Las Vegas, NV 89146, USA",http://www.calabashafricankitchen.com/
Guatemalan,Guatemala City Restaurante y panaderia,"3131 N Rancho Dr Unit. C, Las Vegas, NV 89130, USA",
Honduran,Pollo Hondureño Keidy's,"889 Derrick Ave, Mendota, CA 93640, USA",
Honduran,Antojitos Hippocampos,"205 Grove St, Bishop, CA 93514, USA",
Honduran,Mi Bella Honduras Restaurante,"755 Foothill Blvd, Rialto, CA 92376, USA",http://ordermibellahondurasrestaurante.com/
Honduran,Sabor Latino,"1305 Vegas Valley Dr, Las Vegas, NV 89169, USA",https://www.saborlatinolv.com/
Honduran,Honduras' Kitchen,"2409 E Slauson Ave, Huntington Park, CA 90255, USA",http://www.honduraskitchenhuntingtonpark.com/
Honduran,El Sazón Ktracho No. 3,"1825 Main St, Los Angeles, CA 90015, USA",
Honduran,Casa Honduras Restaurant,"9131 Vermont Ave, Los Angeles, CA 90044, USA",
Honduran,Rincon Hondureño,"1654 W Adams Blvd, Los Angeles, CA 90007, USA",http://elrinconhondureno.com/
Honduran,El Sazon Ktracho,"4181 S Figueroa St, Los Angeles, CA 90037, USA",
Honduran,Doña Bibi's Restaurant,"2400 W 7th St #101, Los Angeles, CA 90057, USA",https://www.donabibisrestaurant.com/
Honduran,El Katracho Restaurant,"14838 Burbank Blvd, Sherman Oaks, CA 91411, USA",http://www.elkatrachorestaurant.com/
Honduran,El Sazon K-Tracho #2 Restaurant Familiar,"1483 W Adams Blvd, Los Angeles, CA 90007, USA",
Honduran,Honduras Restaurant,"6747 Tampa Ave, Reseda, CA 91335, USA",
Honduran,Pollo k-tracho restaurant,"1905 S Western Ave #11, Los Angeles, CA 90018, USA",https://www.pollokatrachorest.com/
Honduran,Copan Sula Restaurant,"6030 Santa Fe Ave #2724, Huntington Park, CA 90255, USA",
Honduran,Katracho SOY,"688 W 4th St, San Bernardino, CA 92410, USA",
Honduran,Sabor Hondureno,"108 W Holt Blvd, Ontario, CA 91764, USA",https://eatsaborhondureno.com/
Honduran,Antojitos Hondurenos Gloria,"2701 Vermont Ave, Los Angeles, CA 90007, USA",
Honduran,Ledy's Restaurant,"12150 Hamlin St, North Hollywood, CA 91606, USA",
Honduran,Honduras' Kitchen,"1909 E 4th St, Long Beach, CA 90802, USA",
Icelandic,Seasons Restaurant,"206 S Main St, Lone Pine, CA 93545, USA",http://www.seasonslonepine.club/
Indonesian,Wayang Restaurant Halal,"1936 W Valley Blvd, Alhambra, CA 91803, USA",https://www.wayangrestaurant.com/
Indonesian,Simpang Asia,"10433 National Blvd #2, Los Angeles, CA 90034, USA",http://www.simpangasia.com/
Indonesian,Borneo Eatery,"19 S Garfield Ave, Alhambra, CA 91801, USA",http://borneoeatery.com/?utm_source=google&utm_medium=wix_google_business_profile&utm_campaign=14559655773208764635
Indonesian,Mr. Sate,"3456 Motor Ave #104, Los Angeles, CA 90034, USA",https://order.toasttab.com/online/mr-sate-3456-motor-ave-104
Indonesian,Java Bistro,"9090 Milliken Ave STE 120, Rancho Cucamonga, CA 91730, USA",
Indonesian,Banana Leaf,"5835 Temple City Blvd, Temple City, CA 91780, USA",
Indonesian,StopBye Cafe - Indonesian Fusion Food Truck,"W Slauson Ave, Los Angeles, CA 90043, USA",https://www.stopbyecafe.com/
Indonesian,Merry's House of Chicken,"2550 Amar Rd A5, West Covina, CA 91792, USA",http://merryshouseofchicken.com/
Indonesian,Indo Ranch Restaurant & Grocery,"22722 Lambert St #1701, Lake Forest, CA 92630, USA",
Indonesian,Indo Bistro,"989 S Glendora Ave #951, West Covina, CA 91790, USA",
Indonesian,SINGKAWANG CAFE,"10404 Valley Blvd, El Monte, CA 91731, USA",https://singkawangcafe.com/
Indonesian,Simpang Asia - Venice,"705 Lincoln Blvd, Venice, CA 90291, USA",http://simpangasia.com/
Indonesian,Indo Bistro,"22419 Barton Rd, Grand Terrace, CA 92313, USA",
Indonesian,Toko Rame Indonesian Halal Restaurant,"17155 Bellflower Blvd, Bellflower, CA 90706, USA",http://www.tokorame-restaurant.com/
Indonesian,Tempe House Spicy Food,"24984 3rd St, San Bernardino, CA 92410, USA",https://usplaces.me/tempe-house-spicy-food-372182-web
Indonesian,Java Spice,"1743 Fullerton Rd, Rowland Heights, CA 91748, USA",http://www.javaspice.us/
Indonesian,+62 Street Food,"19725 Colima Rd UNIT 103, Rowland Heights, CA 91748, USA",http://www.plus62streetfood.com/
Indonesian,Martabak Cafe,"west 91792, 3666 Nogales St, West Covina, CA 91792, USA",
Indonesian,Paris Van Java Kitchen,"1560 S Lewis St, Anaheim, CA 92805, USA",https://www.parisvanjava23.com/
Indonesian,LaaLaaPan,"19948 Ventura Blvd, Woodland Hills, CA 91364, USA",http://indonesianrestaurantwoodlandhills.com/
Iranian,Tah Deeg Persian Cuisine,"1250 Shaw Ave Suite 109, Clovis, CA 93612, USA",https://food.orders.co/tahdeegpersiancuisine
Israeli,Shawarma Vegas,"2521 S Fort Apache Rd #102, Las Vegas, NV 89117, USA",https://shawarmavegasgrill.com/
Jamaican,Wi Jammin,"5103 W Pico Blvd, Los Angeles, CA 90019, USA",
Jamaican,Country Style Jamaican Restaurant,"630 N La Brea Ave Suite 111, Inglewood, CA 90302, USA",
Jamaican,Blessed Tropical Cuisine,"901 S Prairie Ave, Inglewood, CA 90301, USA",
Jamaican,Wah Gwaan jamaican kitchen & Bar,"4371 Crenshaw Blvd A, Los Angeles, CA 90008, USA",http://wahgwaanjakitchenbar.com/?utm_source=gmb&utm_medium=referral
Jamaican,Salsa's Taqueria - Bishop,"1347 Rocking W Dr, Bishop, CA 93514, USA",
Jamaican,Paradise Place Jamaican Cuisine,"6985 W Sahara Ave suite 119, Las Vegas, NV 89117, USA",https://paradiseplacelv.com/
Jamaican,House of Dutch Pot Las Vegas,"4255 S Durango Dr, Las Vegas, NV 89147, USA",https://www.houseofdutchpotlasvegas.com/
Jamaican,Gold Spoon Jamaican Cuisine,"6517 West Blvd, Inglewood, CA 90302, USA",
Jamaican,Hungry Joe's Jamaican Restaurant,"1100 N La Brea Ave UNIT 100, Inglewood, CA 90302, USA",https://www.hungryjoesjamaican.com/
Jamaican,The Jerk Spot Jamaican Restaurant,"9006 Venice Blvd., Culver City, CA 90232, USA",https://thejerkspotla.com/menu
Jamaican,Inyo County,"Inyo County, CA, USA",
Jamaican,Hilltop Jamaican Market & Restaurant A1,"117 W 2nd St, Pomona, CA 91766, USA",http://hilltopjamaicaa1.square.site/
Jamaican,BOUKA'S JAMAICAN RESTAURANT,"1527 Crenshaw Blvd, Los Angeles, CA 90019, USA",
Jamaican,Rosalie's Caribbean Cuisine,"446 S Market St #2310, Inglewood, CA 90301, USA",http://www.shabazzbakery.com/
Jamaican,Little Kingston Jamaican Restaurant,"4716 W Slauson Ave, Los Angeles, CA 90056, USA",
Jamaican,Bahama Breeze,"375 Hughes Center Dr, Las Vegas, NV 89169, USA",https://www.bahamabreeze.com/locations/nv/las-vegas/las-vegas/3020?cmpid=br:bb_ag:ie_ch:loc_ca:BBGMB_sn:gmb_gt:las-vegas-nv-3020_pl:locurl_rd:1013
Jamaican,Janga by Derrick's Jamaican Cuisine,"3850 Main St, Culver City, CA 90232, USA",http://jangabyderrick.com/
Jamaican,Big Jerk,"430 E Silverado Ranch Blvd, Las Vegas, NV 89183, USA",http://bigjerkcaribbean.com/
Jamaican,Island to Table Patty Hut,"724 S Spring St, Los Angeles, CA 90014, USA",http://www.ittpattyhut.com/
Jamaican,Jamdung Jamaican Restaurant,"12759 Foothill Blvd, Rancho Cucamonga, CA 91739, USA",
Kuwaiti,Wanaaha Casino,"2742 N Sierra Hwy, Bishop, CA 93514, USA",https://www.wanaaha.com/
Kuwaiti,TuKaNovie Restaurant,"2742 N Sierra Hwy, Bishop, CA 93514, USA",https://www.wanaaha.com/dining/tukanovie-restaurant/
Laotian,Thai Thai Restaurant,"703 Airport Rd, Bishop, CA 93514, USA",
Laotian,Helena’s Vietnamese Kitchen,"2400 N Sierra Hwy, Bishop, CA 93514, USA",https://m.facebook.com/100065288790044/
Laotian,Laos Thai Street Food,"860 E Twain Ave UNIT 121, Las Vegas, NV 89169, USA",https://www.laosthaistreetfoodlasvegas.com/
Laotian,Laos - Thai St Food,"Paradise, NV 89119, USA",
Laotian,Lao Cafe 2,"Cedar Heights Shopping Center, 3255 N Cedar Ave, Fresno, CA 93726, USA",
Laotian,Vientiane Cuisine,"550A W Olive Ave, Porterville, CA 93257, USA",
Lithuanian,TuKaNovie Restaurant,"2742 N Sierra Hwy, Bishop, CA 93514, USA",https://www.wanaaha.com/dining/tukanovie-restaurant/
Malaysian,Ipoh Kopitiam,"1411 S Garfield Ave #104, Alhambra, CA 91801, USA",https://www.ipoh-kopitiam.com/
Malaysian,Borneo Eatery,"19 S Garfield Ave, Alhambra, CA 91801, USA",http://borneoeatery.com/?utm_source=google&utm_medium=wix_google_business_profile&utm_campaign=14559655773208764635
Malaysian,Banana Leaf Cafe,"4276 Spring Mountain Rd C101, Las Vegas, NV 89102, USA",http://www.bananaleafcafelasvegas.com/?utm_source=gmb&utm_medium=website
Malaysian,Yummy Kitchen,"Inside SF market, 4801 Spring Mountain Rd, Las Vegas, NV 89103, USA",
Malaysian,Yamatani Japanese Restaurant,"635 N Main St, Bishop, CA 93514, USA",http://facebook.com/YamataniBishop
Malaysian,Simpang Asia,"10433 National Blvd #2, Los Angeles, CA 90034, USA",http://www.simpangasia.com/
Malaysian,PappaRoti,"3350 E Tropicana Ave, Las Vegas, NV 89121, USA",https://papparoti.us/areas-served/las-vegas-nevada/
Malaysian,Banana Leaf,"5835 Temple City Blvd, Temple City, CA 91780, USA",
Malaysian,Googgle Man's Char Kuey Teow,"3000 S Las Vegas Blvd, Las Vegas, NV 89109, USA",https://zoukgrouplv.com/famousfoods/charkueyteow/
Malaysian,Wayang Restaurant Halal,"1936 W Valley Blvd, Alhambra, CA 91803, USA",https://www.wayangrestaurant.com/
Malaysian,Pan Asian Thai Cuisine,"2980 S Durango Dr # 101, Las Vegas, NV 89117, USA",https://davidwongspanasiannv.com/
Malaysian,Ipoh Garden Malaysian Cuisine,"100 El Camino Real, Millbrae, CA 94030, USA",https://smorefood.com/order-online/ipoh-garden-malaysian-cuisine-millbrae-94030-kv9ifbyu?utm_source=gmb&utm_medium=website
Malaysian,Belacan Grill - Malaysian Bistro,"17460 17th St, Tustin, CA 92780, USA",http://www.belacangrillmalaysianbistro.com/
Malaysian,SINGKAWANG CAFE,"10404 Valley Blvd, El Monte, CA 91731, USA",https://singkawangcafe.com/
Malaysian,Mr. Sate,"3456 Motor Ave #104, Los Angeles, CA 90034, USA",https://order.toasttab.com/online/mr-sate-3456-motor-ave-104
Malaysian,Mutiara Food & Market,"225 S La Brea Ave, Inglewood, CA 90301, USA",https://mutiaramasrestaurant.com/
Malaysian,Penang Hawker Food,"7400 S Las Vegas Blvd, Las Vegas, NV 89123, USA",
Malaysian,Banana Leaf Restaurant,"182 Ranch Dr, Milpitas, CA 95035, USA",http://www.bananaleaf-usa.com/
Malaysian,Simpang Asia - Venice,"705 Lincoln Blvd, Venice, CA 90291, USA",http://simpangasia.com/
Malaysian,Curry Leaves Bistro,"6003 W Las Positas Blvd, Pleasanton, CA 94588, USA",http://www.curryleavesbistro.com/
Mongolian,Imperial Gourmet Chinese,"930 N Main St K, Bishop, CA 93514, USA",
Mongolian,Merry Go Round,"212 S Main St, Lone Pine, CA 93545, USA",https://qmenu.us/#/merry-go-round-lone-pine?target=http://www.merrygornd.com/
Mongolian,The Grill,"446 S Main St, Lone Pine, CA 93545, USA",
Mongolian,Copper Top BBQ,"442 N Main St, Big Pine, CA 93513, USA",http://coppertopbbq.com/
Mongolian,Stir Krazy Mongolian Grill,"3345 E Patrick Ln #100, Las Vegas, NV 89120, USA",
Mongolian,GK Mongolian BBQ,"1197 Sanguinetti Rd, Sonora, CA 95370, USA",http://www.gkmongolianbbq.com/
Mongolian,Mongolian Grill Victorville,"14400 Bear Valley Rd Unit 759, Victorville, CA 92392, USA",
Mongolian,China Wok Buffet & Grill,"580 S highway, NV-160, Pahrump, NV 89048, USA",http://chinawoknv.com/
Mongolian,Genghis Grill,"550 N Stephanie St, Henderson, NV 89014, USA",https://locations.genghisgrill.com/nv/henderson/genghis-grill-1503.html
Mongolian,GK Mongolian BBQ,"2300 W Monte Vista Ave, Turlock, CA 95382, USA",https://www.gkmongolianbbq.com/
Mongolian,Mongolian Bar-B-Q Restaurant,"1488 E Highland Ave, San Bernardino, CA 92404, USA",
Mongolian,Seasons Restaurant,"206 S Main St, Lone Pine, CA 93545, USA",http://www.seasonslonepine.club/
Mongolian,GK Mongolian BBQ,"3296 Grant Line Rd, Tracy, CA 95304, USA",https://www.gkmongolianbbq.com/
Mongolian,New China Mongolian Bbq,"4134 Crenshaw Blvd, Los Angeles, CA 90008, USA",
Mongolian,Xin Bowl Asian Bistro,"1110 N China Lake Blvd, Ridgecrest, CA 93555, USA",http://www.xinbowlca.com/
Mongolian,King's Mongolian Bar-B-Q,"19652 Vanowen St, Reseda, CA 91335, USA",http://www.kingsmongolian.com/
Mongolian,GK Mongolian BBQ,"1300 Sylvan Ave, Modesto, CA 95355, USA",http://www.gkmongolianbbq.com/
Mongolian,Mongolian Hot Grill,"11517 Carmenita Rd, Whittier, CA 90605, USA",
Mongolian,China Lake Buffet,"138 N China Lake Blvd, Ridgecrest, CA 93555, USA",https://m.facebook.com/pages/China-Lake-Buffet/116509975039949
Mongolian,Gengis Khan,"Next to Gold’s Gym, Space LU01, 3213 Galleria Way, Glendale, CA 91210, USA",https://www.gengiskhanbbq.com/
Nepalese,Himalayan Restaurant,"672 Pine Knot Ave, Big Bear Lake, CA 92315, USA",http://www.himalayanbigbear.com/
Nepalese,Himalayan Cafe,"133 E Bonita Ave, San Dimas, CA 91773, USA",http://www.himalayancafela.com/
Nepalese,Tibet Nepal House Restaurant,"36 E Holly St, Pasadena, CA 91103, USA",https://tibetnepalhousepasadena.com/
Nepalese,Tara's Himalayan Cuisine,"10855 Venice Blvd., Los Angeles, CA 90034, USA",https://www.tarashimalayancuisine.com/tarashimalayancuisine-la
Nepalese,RESUNGA MOMO AND CURRY,"4491 W Shaw Ave, Fresno, CA 93722, USA",http://resungamomos.com/
Nepalese,Delhi Indian & Nepali Cuisine Express,"333 W St Louis Ave, Las Vegas, NV 89102, USA",https://delhiindiancuisinelv.com/
Nepalese,Himalayan House,"1277 W Jefferson Blvd, Los Angeles, CA 90007, USA",https://himalayanhouse.org/
Nepalese,Himalayan Cafe,"36 S Fair Oaks Ave, Pasadena, CA 91105, USA",http://www.himalayancafela.com/
Nicaraguan,El Camacho Restaurante Nicaraguense,"2707 W Pico Blvd, Los Angeles, CA 90006, USA",
Nicaraguan,Sabor Nicaragüense Restaurant,"1927 S Western Ave, Los Angeles, CA 90018, USA",http://sabornicaraguenserestaurant.com/
Nicaraguan,La 27 Restaurante,"1830 W Pico Blvd, Los Angeles, CA 90006, USA",
Nicaraguan,Portobanco's Restaurant,"1225 Venice Blvd., Los Angeles, CA 90006, USA",http://portobancosrestaurant.com/
Nicaraguan,Las Segovias,"8014 Seville Ave, Huntington Park, CA 90255, USA",https://lassegoviasca.com/
Nicaraguan,Daysi's Gusto,"625 S Riverside Ave I, Rialto, CA 92376, USA",https://m.facebook.com/DaysisGustoNicaraguanCuisine/
Nicaraguan,La Adelita Restaurant,"1287 S Union Ave, Los Angeles, CA 90015, USA",http://www.laadelitafoodco.com/
Nicaraguan,El Gallo Pinto,"5559 N Azusa Ave, Azusa, CA 91702, USA",
Nicaraguan,Restaurante Managua,"2709 Santa Ana St, South Gate, CA 90280, USA",
Nicaraguan,El pinolero,"Hesperia Rd, Victorville, CA 92395, USA",
Nicaraguan,Haydee's Comida Nicaragüense (Nicaraguan Cuisine),"1563 N Yucca Ave, Rialto, CA 92376, USA",
Norwegian,The Rolling Chef 395,"400 N Main St, Bishop, CA 93514, USA",https://www.facebook.com/therollingchef395/
Norwegian,Pupfish Cafe,"124 S Main St, Bishop, CA 93514, USA",http://www.pupfishcafe.com/
Pakistani,Wanaaha Casino,"2742 N Sierra Hwy, Bishop, CA 93514, USA",https://www.wanaaha.com/
Pakistani,Helena’s Vietnamese Kitchen,"2400 N Sierra Hwy, Bishop, CA 93514, USA",https://m.facebook.com/100065288790044/
Pakistani,HOME MADE FOOD,"5236 N Valentine Ave #201, Fresno, CA 93711, USA",
Pakistani,New Aashiyana-Halal Tandoori Restaurant,"245 Gentle Springs Ln, Diamond Bar, CA 91765, USA",
Pakistani,Al Watan Halal Tandoori Restaurant,"13619 S Inglewood Ave, Hawthorne, CA 90250, USA",https://alwatanrestaurant.com/
Pakistani,Lazeez Pakistani Indian Mediterranean Grill,"8560 W Desert Inn Rd #D3, Las Vegas, NV 89117, USA",http://www.lazeezgrill.org/
Pakistani,Krispy Krunchy Newberry Springs,"48157 Memorial Dr, Newberry Springs, CA 92365, USA",
Pakistani,DESI DHABA - THE INDIAN KITCHEN,"4860 W Desert Inn Rd suite # 9, Las Vegas, NV 89102, USA",http://www.desidhabalv.com/
Pakistani,Biriyani Kabob House,"3525 W 3rd St, Los Angeles, CA 90020, USA",http://www.biriyanikabobhouse.com/
Pakistani,Chargha House,"5571Sepulveda Blvd, Culver City, CA 90230, USA",https://www.charghahousecc.com/
Pakistani,Halal Kabob House,"1117 W Manchester Blvd suite g, Inglewood, CA 90301, USA",
Pakistani,Kabob Korner,"730 E Flamingo Rd #7, Las Vegas, NV 89119, USA",https://kabobkorners.com/
Pakistani,Little Lahore ®,"307 S Central Ave, Lodi, CA 95240, USA",http://www.littlelahore.com/
Pakistani,Kabob 'N More,"3049 S Las Vegas Blvd, Las Vegas, NV 89109, USA",https://www.kabobnmore.com/
Pakistani,Pepper House,"742 W Bullard Ave, Fresno, CA 93704, USA",
Pakistani,Sandhu Punjabi Dhaba 2,"17047 Zachary Ave, Bakersfield, CA 93308, USA",
Pakistani,Zaiqa Grill,"8814 Imperial Hwy., Downey, CA 90242, USA",
Pakistani,Red Chili,"18108 Parthenia St, Northridge, CA 91325, USA",http://redchilinorthridge.com/
Pakistani,Sandhu Punjabi Dhaba,"2572 S Union Ave, Bakersfield, CA 93307, USA",https://www.doordash.com/store/sandhu-punjabi-dhaba-bakersfield-23567838/
Pakistani,Punjabi Dhaba,"16020 Costajo Rd Hwy 99 Exit 13, 16020 Costajo Rd, Bakersfield, CA 93313, USA",
Panamanian,TuKaNovie Restaurant,"2742 N Sierra Hwy, Bishop, CA 93514, USA",https://www.wanaaha.com/dining/tukanovie-restaurant/
Paraguayan,The Rolling Chef 395,"400 N Main St, Bishop, CA 93514, USA",https://www.facebook.com/therollingchef395/
Paraguayan,Indiego Tasting House(Please Call ahead if MORE than 4),"2270 N Sierra Hwy, Bishop, CA 93514, USA",
Peruvian,The Rolling Chef 395,"400 N Main St, Bishop, CA 93514, USA",https://www.facebook.com/therollingchef395/
Peruvian,Peruvian Restaurant Pollo a la Brasa & The Best Ceviche,"2072 W Ave J, Lancaster, CA 93536, USA",
Peruvian,Peru Chicken #2,"3886 W Sahara Ave, Las Vegas, NV 89102, USA",
Peruvian,El Toque del Sabor,"2501 E Tropicana Ave #2e, Las Vegas, NV 89121, USA",
Peruvian,Helena’s Vietnamese Kitchen,"2400 N Sierra Hwy, Bishop, CA 93514, USA",https://m.facebook.com/100065288790044/
Peruvian,Rosa's Traditional Peruvian Food,"3220 Stine Rd, Bakersfield, CA 93309, USA",
Peruvian,Mancora Peruvian Cuisine,"240 W Main St, Alhambra, CA 91801, USA",https://mancora-peruvian-cuisine.restaurants-world.com/
Peruvian,Mucho Gusto Peruvian Cuisine,"10660 Sierra Ave., Fontana, CA 92337, USA",https://muchogustoperuviancuisineca.com/
Peruvian,Señor Aji Peruvian Kitchen,"6701 N Milburn Ave #130, Fresno, CA 93722, USA",http://www.senoraji.com/
Peruvian,La Pascana Authentic Peruvian Food,"1125 Wall St, Los Angeles, CA 90015, USA",
Peruvian,Peru Chicken,"2055 E Tropicana Ave, Las Vegas, NV 89119, USA",
Peruvian,Puro Sabor Peruvian Restaurant,"6366 Van Nuys Blvd, Van Nuys, CA 91401, USA",http://purosaborperuvianfood.com/
Peruvian,Peru's Taste Restaurant,"8246 Louise Ave, Lake Balboa, CA 91325, USA",http://orderperuvian.com/
Peruvian,Machu-Picchu Peruvian Restaurant,"6465 Van Nuys Blvd, Van Nuys, CA 9140, USA",http://machupicchu-la.com/
Peruvian,La Pascana,"1125 3/4 Wall St, Los Angeles, CA 90015, USA",
Peruvian,Chios Peruvian Grill,"7115 Van Nuys Blvd #3006, Van Nuys, CA 91405, USA",https://chiosperuvianla.com/
Peruvian,MOIA Peruvian Restaurant,"2301 W Bonanza Rd, Las Vegas, NV 89106, USA",http://www.moialasvegas.com/
Peruvian,Imperio Peruvian Cuisine,"Middleton St, Palmdale, CA 93551, USA",
Peruvian,CHEF HORNERO PERUVIAN RESTAURANT BAR,"14074 Woodruff Ave, Bellflower, CA 90706, USA",
Peruvian,El Pollo Peru LA,"13273 Van Nuys Boulevard A/B, 13273 Van Nuys Blvd c, Pacoima, CA 91331, USA",http://www.elpolloperu.com/
Philippine,Bahay Kubo,"1315 N Norma St, Ridgecrest, CA 93555, USA",https://order.online/business/bahay-kubo-442240
Polish,Polka Restaurant,"4112 Verdugo Rd, Los Angeles, CA 90065, USA",http://polkarestaurant.com/
Polish,Pierogi Village,"8540 W Lake Mead Blvd, Las Vegas, NV 89129, USA",https://pierogivillage.thefoodygram.com/
Polish,Solidarity,"1414 Lincoln Blvd, Santa Monica, CA 90401, USA",http://www.solidarityla.com/
Polish,Grandma's Deli Babushka,"4818 Laurel Canyon Blvd, Valley Village, CA 91607, USA",http://www.grandmasdeli.net/
Polish,Alabama Hills Cafe & Bakery,"111 W Post St, Lone Pine, CA 93545, USA",https://www.alabamahillscafe.com/
Polish,Pierogi Spot,"26511 Golden Valley Rd, Santa Clarita, CA 91350, USA",http://www.pierogispot.com/
Polish,Mt Whitney Restaurant,"227 S Main St, Lone Pine, CA 93545, USA",
Polish,Frosty Chalet,"500 N Main St, Lone Pine, CA 93545, USA",
Puerto Rican,The Rolling Chef 395,"400 N Main St, Bishop, CA 93514, USA",https://www.facebook.com/therollingchef395/
Puerto Rican,El Ranchito,"281 N Main St, Bishop, CA 93514, USA",
Puerto Rican,Sofrito Rico Authentic Puerto Rican Cuisine,"5201 W Charleston Blvd #110, Las Vegas, NV 89146, USA",http://sofritorico.com/
Puerto Rican,Dos Alas CubaRican Café & Lounge,"101 Sherwin Creek Rd Building A, Mammoth Lakes, CA 93546, USA",http://www.dosalascafe.com/
Puerto Rican,Molcajetes Fusion,"789 N Main St Ste. 100, Bishop, CA 93514, USA",https://molcajetesfusion.com/
Puerto Rican,Mofongos,"5757 Lankershim Blvd, North Hollywood, CA 91601, USA",https://www.mofongosrestaurant.com/
Puerto Rican,Señor Big Ed,"5490 Lincoln Ave, Cypress, CA 90630, USA",https://puertoricanrestaurant.com/
Puerto Rican,Puerto Vallarta,"3325 Main St, Mammoth Lakes, CA 93546, USA",
Puerto Rican,House of Empanadas,"777 S Alameda St, Los Angeles, CA 90021, USA",https://www.houseofempanadasvernon.com/
Puerto Rican,Taínos L.A.,"9020 Owensmouth Ave, Canoga Park, CA 91304, USA",http://www.tainosla.com/
Romanian,Helena’s Vietnamese Kitchen,"2400 N Sierra Hwy, Bishop, CA 93514, USA",https://m.facebook.com/100065288790044/
Romanian,Wanaaha Casino,"2742 N Sierra Hwy, Bishop, CA 93514, USA",https://www.wanaaha.com/
Romanian,TuKaNovie Restaurant,"2742 N Sierra Hwy, Bishop, CA 93514, USA",https://www.wanaaha.com/dining/tukanovie-restaurant/
Saudi Arabian,TuKaNovie Restaurant,"2742 N Sierra Hwy, Bishop, CA 93514, USA",https://www.wanaaha.com/dining/tukanovie-restaurant/
Singaporean,Imperial Gourmet Chinese,"930 N Main St K, Bishop, CA 93514, USA",
Singaporean,Helena’s Vietnamese Kitchen,"2400 N Sierra Hwy, Bishop, CA 93514, USA",https://m.facebook.com/100065288790044/
Singaporean,Thai Thai Restaurant,"703 Airport Rd, Bishop, CA 93514, USA",
Singaporean,Singapore's Banana Leaf,"6333 W 3rd St #122, Los Angeles, CA 90036, USA",
Slovak,Whiskey Creek,"524 N Main St, Bishop, CA 93514, USA",http://whiskeycrk.com/
Slovak,The Rolling Chef 395,"400 N Main St, Bishop, CA 93514, USA",https://www.facebook.com/therollingchef395/
Slovak,Aaron Schat's Roadhouse,"871 N Main St, Bishop, CA 93514, USA",http://schatsroadhouse.com/
Slovak,Yamatani Japanese Restaurant,"635 N Main St, Bishop, CA 93514, USA",http://facebook.com/YamataniBishop
Slovak,TuKaNovie Restaurant,"2742 N Sierra Hwy, Bishop, CA 93514, USA",https://www.wanaaha.com/dining/tukanovie-restaurant/
Slovenian,Whiskey Creek,"524 N Main St, Bishop, CA 93514, USA",http://whiskeycrk.com/
Somali,Gojira Ramen & Sushi,"1345 Rocking W Dr a7, Bishop, CA 93514, USA",https://www.gojirabishop.com/
Somali,Yamatani Japanese Restaurant,"635 N Main St, Bishop, CA 93514, USA",http://facebook.com/YamataniBishop
Somali,Wanaaha Casino,"2742 N Sierra Hwy, Bishop, CA 93514, USA",https://www.wanaaha.com/
Somali,Banadir Somali Restaurant,"137 Arbor Vitae St, Inglewood, CA 90301, USA",https://order.banadirsomalirestaurant.com/
Somali,Fontana Somali Restaurant,"15040 Valley Blvd, Fontana, CA 92335, USA",
Somali,Double Brothers Restaurant,"2016 W Foothill Blvd, Upland, CA 91786, USA",http://doublebros.com/
Somali,Dos Alas CubaRican Café & Lounge,"101 Sherwin Creek Rd Building A, Mammoth Lakes, CA 93546, USA",http://www.dosalascafe.com/
Somali,Wanaaha Lounge,"2742 N Sierra Hwy, Bishop, CA 93514, USA",https://www.wanaaha.com/dining/wanaaha-lounge/
Somali,TuKaNovie Restaurant,"2742 N Sierra Hwy, Bishop, CA 93514, USA",https://www.wanaaha.com/dining/tukanovie-restaurant/
South African,TuKaNovie Restaurant,"2742 N Sierra Hwy, Bishop, CA 93514, USA",https://www.wanaaha.com/dining/tukanovie-restaurant/
Sri Lankan,Pearl Island Restaurant,"16045 Sherman Way, Van Nuys, CA 91406, USA",https://instagram.com/pearlislandla?igshid=1qdpf711f00t5
Sri Lankan,Plate50LA Indian & Sri Lankan Restaurant,"2411 W Olympic Blvd #5, Los Angeles, CA 90006, USA",http://plate50la.com/
Sri Lankan,Apey Kade Restaurant,"19662 Ventura Blvd, Tarzana, CA 91356, USA",https://www.facebook.com/Apey-Kade-146500275463867/
Sri Lankan,Wanaaha Casino,"2742 N Sierra Hwy, Bishop, CA 93514, USA",https://www.wanaaha.com/
Sri Lankan,Baja Subs Market & Deli,"8801 Reseda Blvd Suite A, Northridge, CA 91324, USA",https://asianflavorsstore.com/
Sri Lankan,Rice N' Spice,"1732 S Euclid St, Anaheim, CA 92802, USA",
Sri Lankan,Colombo Attitude | Sri Lankan Halal Cuisine,"23460 Cinema Dr Unit C, Valencia, CA 91355, USA",https://www.colomboattitude.com/
Sri Lankan,C3 Cajun Crab N Crawfish Seafood Boil,"6496 Medical Center St UNIT 102, Las Vegas, NV 89148, USA",https://www.c3cajuncrabncrawfishlasvegas.com/
Sri Lankan,Wanaaha Lounge,"2742 N Sierra Hwy, Bishop, CA 93514, USA",https://www.wanaaha.com/dining/wanaaha-lounge/
Sri Lankan,TuKaNovie Restaurant,"2742 N Sierra Hwy, Bishop, CA 93514, USA",https://www.wanaaha.com/dining/tukanovie-restaurant/
Sri Lankan,Taste of Ceylon,"6496 Medical Center St suit 102, Las Vegas, NV 89148, USA",
Swiss,Whiskey Creek,"524 N Main St, Bishop, CA 93514, USA",http://whiskeycrk.com/
Swiss,The Rolling Chef 395,"400 N Main St, Bishop, CA 93514, USA",https://www.facebook.com/therollingchef395/
Swiss,Yamatani Japanese Restaurant,"635 N Main St, Bishop, CA 93514, USA",http://facebook.com/YamataniBishop
Swiss,Imperial Gourmet Chinese,"930 N Main St K, Bishop, CA 93514, USA",
Swiss,Flo's Diner,"4750 US-6, Chalfant, CA 93514, USA",https://flos-diner.com/
Swiss,Alabama Hills Cafe & Bakery,"111 W Post St, Lone Pine, CA 93545, USA",https://www.alabamahillscafe.com/
Swiss,Toll Road Restaurant,"Death Valley National Park, 51880 CA-190, DEATH VALLEY, CA 92328, USA",http://www.stovepipedeathvalley.com/
Swiss,Bonanza Mexican Restaurant,"104 N Main St Suite B, Lone Pine, CA 93545, USA",
Swiss,Starbucks,"905 N Main St, Bishop, CA 93514, USA",https://www.starbucks.com/store-locator/store/14486/
Swiss,Frosty Chalet,"500 N Main St, Lone Pine, CA 93545, USA",
Syrian,TuKaNovie Restaurant,"2742 N Sierra Hwy, Bishop, CA 93514, USA",https://www.wanaaha.com/dining/tukanovie-restaurant/
Taiwanese,Noodle Pot,"4215 Spring Mountain Rd, Las Vegas, NV 89102, USA",https://www.noodlepotlasvegas.com/p83krzrd/restaurant/order-online
Taiwanese,Taiwan Deli 義美冠軍,"4300 Spring Mountain Rd #116, Las Vegas, NV 89102, USA",https://taiwandeli.com/
Taiwanese,Lucky Noodle,"6120 W Tropicana Ave A1, Las Vegas, NV 89103, USA",http://www.luckynoodleusa.com/
Taiwanese,Dago Taiwanese Cuisine,"13089 Peyton Dr Suite I, Chino Hills, CA 91709, USA",https://www.fetail.com/storev2/shop?store_id=20&t=1605839726
Taiwanese,Dago Taiwanese Restaurant- West Covina,"648 S Sunset Ave, West Covina, CA 91790, USA",https://www.fetail.com/storev2/shop?store_id=41
Taiwanese,All Seasons Cafe,"4215 Spring Mountain Rd #108, Las Vegas, NV 89102, USA",https://www.allseasonsnoodles.com/
Taiwanese,Fu Restaurant,"20781 Amar Rd, Walnut, CA 91789, USA",https://order.mealkeyway.com/customer/release/index?mid=4f5962752b73314671626a4277326f6e7933634b6e773d3d#/main
Taiwanese,Ye May Restaurant,"608 E Valley Blvd G, San Gabriel, CA 91776, USA",
Taiwanese,Pine and Crane DTLA,"1120 S Grand Ave Suite 101, Los Angeles, CA 90015, USA",http://www.pineandcrane.com/
Taiwanese,Taiwan Deli 義美冠軍,"7965 S Rainbow Blvd #110, Las Vegas, NV 89139, USA",https://taiwandeli.com/
Taiwanese,Pine and Crane Silverlake,"1521 Griffith Park Blvd, Los Angeles, CA 90026, USA",http://www.pineandcrane.com/
Taiwanese,Yung Ho Dou Jiang Restaurant,"46 Las Tunas Dr, Arcadia, CA 91007, USA",https://www.yunghodoujiangarcadia.com/
Taiwanese,Monja Taiker,"8150 Garvey Ave # 101, Rosemead, CA 91770, USA",https://www.monjataikerfood.com/
Taiwanese,Dai Ho Restaurant,"9148 Las Tunas Dr, Temple City, CA 91780, USA",
Taiwanese,Din Tai Fung,"ARIA Resort & Casino, 3730 S Las Vegas Blvd, Las Vegas, NV 89158, USA",https://aria.mgmresorts.com/en/restaurants/din-tai-fung.html?ecid=GMB_AR_RE
Taiwanese,Orange Bistro,"11 W Main St, Alhambra, CA 91801, USA",
Taiwanese,Chiou House,"18303 Colima Rd #B, Rowland Heights, CA 91748, USA",
Taiwanese,Din Tai Fung,"10250 Santa Monica Blvd Ste 2400, Los Angeles, CA 90067, USA",https://dintaifungusa.com/us/locations/los-angeles.html
Taiwanese,Yi Mei,"943 W Duarte Rd, Monrovia, CA 91016, USA",http://www.yimeideli.com/
Taiwanese,Lee's Garden Taiwanese Restaurant,"1428 S Atlantic Blvd, Alhambra, CA 91803, USA",
Tanzanian,TuKaNovie Restaurant,"2742 N Sierra Hwy, Bishop, CA 93514, USA",https://www.wanaaha.com/dining/tukanovie-restaurant/
Thai,Thai Thai Restaurant,"703 Airport Rd, Bishop, CA 93514, USA",
Tunisian,TuKaNovie Restaurant,"2742 N Sierra Hwy, Bishop, CA 93514, USA",https://www.wanaaha.com/dining/tukanovie-restaurant/
Ukrainian,The Rolling Chef 395,"400 N Main St, Bishop, CA 93514, USA",https://www.facebook.com/therollingchef395/
Ukrainian,Odessa Restaurant,"18525 Burbank Blvd, Tarzana, CA 91356, USA",
Ukrainian,"Mom, Please Ukrainian food","13151 Fountain Park Dr, Los Angeles, CA 90094, USA",https://cafe.mom-please.com/
Ukrainian,Traktir Restaurant,"8151 Santa Monica Blvd, West Hollywood, CA 90046, USA",https://www.traktirla.com/
Ukrainian,Traktir Restaurant Valley,"18588 Ventura Blvd, Tarzana, CA 91356, USA",https://www.traktirla.com/tarzana/
Ukrainian,TuKaNovie Restaurant,"2742 N Sierra Hwy, Bishop, CA 93514, USA",https://www.wanaaha.com/dining/tukanovie-restaurant/
Venezuelan,Rika Arepa Express,"3650 E Flamingo Rd, Las Vegas, NV 89121, USA",http://www.rikaarepaexpress.com/
Vietnamese,Helena’s Vietnamese Kitchen,"2400 N Sierra Hwy, Bishop, CA 93514, USA",https://m.facebook.com/100065288790044/
Yemeni,Yamatani Japanese Restaurant,"635 N Main St, Bishop, CA 93514, USA",http://facebook.com/YamataniBishop
Zambian,Yamatani Japanese Restaurant,"635 N Main St, Bishop, CA 93514, USA",http://facebook.com/YamataniBishop
Zambian,Gojira Ramen & Sushi,"1345 Rocking W Dr a7, Bishop, CA 93514, USA",https://www.gojirabishop.com/
Zambian,The Rolling Chef 395,"400 N Main St, Bishop, CA 93514, USA",https://www.facebook.com/therollingchef395/
Zambian,Helena’s Vietnamese Kitchen,"2400 N Sierra Hwy, Bishop, CA 93514, USA",https://m.facebook.com/100065288790044/
Zambian,Wanaaha Casino,"2742 N Sierra Hwy, Bishop, CA 93514, USA",https://www.wanaaha.com/
Zambian,Totem Cafe,"131 S Main St, Lone Pine, CA 93545, USA",
Zambian,TuKaNovie Restaurant,"2742 N Sierra Hwy, Bishop, CA 93514, USA",https://www.wanaaha.com/dining/tukanovie-restaurant/
Zimbabwean,Sumptuous African Restaurant,"1170 S La Brea Ave, Inglewood, CA 90301, USA",http://sumptuousafricanrestaurant.com/
