Cuisine Type,Name,Address,Website
Mexican,La Hacienda Mexican Restaurant,"2850 Main Ave, Durango, CO 81302, USA",
Mexican,Tequila's Family Mexican Restaurant,"948 Main Ave, Durango, CO 81301, USA",http://www.tequilasmexicandurango.com/
Mexican,Nayarit Restaurant,"1135 S Camino Del Rio, Durango, CO 81303, USA",http://nayaritmexicandurango.com/
Mexican,Mi Ranchito,"117 W College Dr, Durango, CO 81301, USA",
Mexican,Taqueria La Costa,"802 Camino Del Rio, Durango, CO 81301, USA",
Mexican,Gazpacho Restaurant,"431 E 2nd Ave, Durango, CO 81301, USA",http://www.gazpachodurango.com/
Mexican,Taco Libre - Taqueria & Cocktails,"1150 Main Ave, Durango, CO 81301, USA",https://www.tacolibredurango.com/
Mexican,Frida's Mexican Restaurant & Cantina,"2525 Main Ave, Durango, CO 81301, USA",http://durangofridascantina.com/
Mexican,Kachina Kitchen,"325 S Camino Del Rio, Durango, CO 81303, USA",
Mexican,Nini's Taqueria,"552 Main Ave, Durango, CO 81301, USA",http://www.ninistaqueria.com/
Mexican,Zia Taqueria,"400 S Camino Del Rio, Durango, CO 81301, USA",http://www.ziataqueria.com/
Mexican,Los Amigos Del Sur Mexican Restaurant,"835 Main Ave # 106, Durango, CO 81301, USA",http://www.durangoamigos.com/
Mexican,Tacos Estrella,"3435 Main Ave, Durango, CO 81301, USA",
Mexican,Cuevas Tacos,"725 E 2nd Ave, Durango, CO 81301, USA",http://cuevastacos.com/
Mexican,Taqueria La Costa,"802 Camino Del Rio, Durango, CO 81301, USA",
Mexican,Zia Taqueria,"2977 Main Ave, Durango, CO 81301, USA",http://www.ziataqueria.com/
Mexican,Macho's Fast Mexican Food - North,"1485 Florida Rd, Durango, CO 81301, USA",http://www.machosmexicanfood.com/
Mexican,Griegos Restaurant,"2603 Main Ave, Durango, CO 81301, USA",
Mexican,Taco Boy Durango,"150 Confluence Ave #101c, Durango, CO 81301, USA",https://www.tacoboycolorado.com/
Mexican,Taco Bell,"2902 N Main, Durango, CO 81301, USA",https://locations.tacobell.com/co/durango/2902-n-main.html?utm_source=yext&utm_campaign=googlelistings&utm_medium=referral&utm_term=041190&utm_content=website&y_source=1_NjE0NDUxMy03MTUtbG9jYXRpb24ud2Vic2l0ZQ%3D%3D
Latvian,"Serious Texas BBQ South Durango, CO.","650 S Camino Del Rio, Durango, CO 81301, USA",http://www.serioustexasbbq.com/
Italian,Mamma Silvia's Italian Kitchen,"150 E College Dr, Durango, CO 81301, USA",https://www.mammasilvias.com/
Italian,PRIMI Pasta & Wine Bar,"1201 Main Ave #102, Durango, CO 81301, USA",http://www.primidurango.com/
Italian,Perbacco Cucina Italiana,"505 Main Ave, Durango, CO 81301, USA",https://www.perbaccodurango.com/
Italian,Father's Daughters Pizza,"640 Main Ave, Durango, CO 81301, USA",http://www.fdpie.com/
Italian,Alce' Restaurant,"589 Co Rd 252, Durango, CO 81301, USA",http://www.daltonranch.com/
Italian,Fired Up Pizzeria,"735 Main Ave, Durango, CO 81301, USA",http://fireduppizzeria.com/
Spanish,Gazpacho Restaurant,"431 E 2nd Ave, Durango, CO 81301, USA",http://www.gazpachodurango.com/
Spanish,Nayarit Restaurant,"1135 S Camino Del Rio, Durango, CO 81303, USA",http://nayaritmexicandurango.com/
Spanish,Mi Ranchito,"117 W College Dr, Durango, CO 81301, USA",
Spanish,Tequila's Family Mexican Restaurant,"948 Main Ave, Durango, CO 81301, USA",http://www.tequilasmexicandurango.com/
Spanish,La Hacienda Mexican Restaurant,"2850 Main Ave, Durango, CO 81302, USA",
Spanish,Taqueria La Costa,"802 Camino Del Rio, Durango, CO 81301, USA",
Spanish,Nini's Taqueria,"552 Main Ave, Durango, CO 81301, USA",http://www.ninistaqueria.com/
Spanish,Los Amigos Del Sur Mexican Restaurant,"835 Main Ave # 106, Durango, CO 81301, USA",http://www.durangoamigos.com/
Spanish,Tacos Estrella,"3435 Main Ave, Durango, CO 81301, USA",
Spanish,Kachina Kitchen,"325 S Camino Del Rio, Durango, CO 81303, USA",
Spanish,Frida's Mexican Restaurant & Cantina,"2525 Main Ave, Durango, CO 81301, USA",http://durangofridascantina.com/
Spanish,Griegos Restaurant,"2603 Main Ave, Durango, CO 81301, USA",
Spanish,Taqueria La Costa,"802 Camino Del Rio, Durango, CO 81301, USA",
Spanish,Taco Libre - Taqueria & Cocktails,"1150 Main Ave, Durango, CO 81301, USA",https://www.tacolibredurango.com/
Spanish,Zia Taqueria,"400 S Camino Del Rio, Durango, CO 81301, USA",http://www.ziataqueria.com/
Spanish,Zia Taqueria,"2977 Main Ave, Durango, CO 81301, USA",http://www.ziataqueria.com/
Spanish,Taco's La Carranza,"2477 Main Ave, Durango, CO 81301, USA",https://tacos-la-carranza.business.site/?utm_source=gmb&utm_medium=referral
Spanish,Matamor,"1101 Main Ave, Durango, CO 81301, USA",
Spanish,Cuevas Tacos,"725 E 2nd Ave, Durango, CO 81301, USA",http://cuevastacos.com/
Spanish,Chimayo Stone Fired Kitchen,"862 Main Ave, Durango, CO 81301, USA",http://chimayodurango.com/
American,Animas Grille & Lounge,"501 Camino Del Rio, Durango, CO 81301, USA",
American,Diamond Belle Saloon,"699 Main Ave, Durango, CO 81301, USA",https://strater.com/dining/diamond-belle-saloon/
American,"Denny's Durango, CO","666 Camino Del Rio, Durango, CO 81301, USA",https://locations.dennys.com/CO/DURANGO/246058?utm_source=yext&utm_medium=local-listing&utm_campaign=yext-listing
American,Applebee's Grill + Bar,"800 Camino Del Rio, Durango, CO 81301, USA",https://restaurants.applebees.com/en-us/co/durango/800-camino-del-rio-84094?utm_source=google&utm_medium=organic&utm_campaign=google_my_business&utm_term=84094&utm_content=website
American,The Roost,"128 E College Dr, Durango, CO 81301, USA",https://theroostdurango.com/
American,Burger Theory,"21636 US-160, Durango, CO 81303, USA",https://www.ihg.com/holidayinn/hotels/us/en/durango/drodc/hoteldetail/dining
American,Hermosa Creek Grill,"32223 US-550, Durango, CO 81301, USA",
American,GRASSBURGER (DGO South),"360 S Camino Del Rio Suite 300, Durango, CO 81301, USA",http://www.grassburger.com/
American,Kachina Kitchen,"325 S Camino Del Rio, Durango, CO 81303, USA",
American,Backcountry Gourmet,"1101 Main St, Durango, CO 81301, USA",https://backcountrygourmet.wixsite.com/foodtruck
American,Derailed Pour House,"725 Main St, Durango, CO 81301, USA",http://www.derailedpourhouse.com/
American,Mahogany Grille,"699 Main Ave, Durango, CO 81301, USA",https://strater.com/
American,Rocket Grill,"1000 Rim Dr, Durango, CO 81301, USA",
American,Backcountry Gourmet,"48721 US-550, Durango, CO 81301, USA",http://backcountrygourmet.net/
American,GRASSBURGER (DGO Downtown),"726 1/2 Main Ave, Durango, CO 81301, USA",http://www.grassburger.com/
American,The Yellow Carrot Restaurant,"3206 Main Ave UNIT 1, Durango, CO 81301, USA",http://www.theyellowcarrot.com/
American,James Ranch Grill,"33846 US-550, Durango, CO 81301, USA",https://jamesranch.net/grill
American,The Nugget Mountain Bar,"48721 US-550, Durango, CO 81301, USA",
American,"Serious Texas BBQ South Durango, CO.","650 S Camino Del Rio, Durango, CO 81301, USA",http://www.serioustexasbbq.com/
American,Ernie's,"1100 Main Ave, Durango, CO 81301, USA",http://11thstreetstation.com/
Scottish,Mineshaft Bar & Grill,"212 Tamarron Dr, Durango, CO 81301, USA",https://theglacierclub.com/mineshaft/
British,The Irish Embassy Pub,"900 Main Ave, Durango, CO 81301, USA",
Thai,Thai Kitchen,"101 W 11th St, Durango, CO 81301, USA",https://thaikitchen99.wixsite.com/my-site
Thai,Sizzling Siam,"519 1/2 Main Ave, Durango, CO 81301, USA",https://order.online/business/sizzling-siam-361500
Thai,Chang Thai Durango,"2477 Main Ave, Durango, CO 81301, USA",http://www.changthaidurangoco.com/
Thai,"Biegel & Company, LLC","29 Rio Vista Cir, Durango, CO 81301, USA",
Japanese,Rokko Izakaya,"725 E 2nd Ave, Durango, CO 81301, USA",https://www.rokkoizakaya.com/
Japanese,Pop Sushi,"42 Co Rd 250 #400, Durango, CO 81301, USA",http://www.popsushidurango.com/
Japanese,Rice Monkey,"1050 Main Ave, Durango, CO 81301, USA",http://www.ricemonkeysdurango.com/
Japanese,Akami Poke and Noodle Bar,"309 W College Dr, Durango, CO 81303, USA",https://www.akamipokeramen.com/
Japanese,East by Southwest,"160 E College Dr, Durango, CO 81301, USA",http://www.eastbysouthwest.com/index.html
Japanese,Stonefish Sushi,"16 W Main St, Cortez, CO 81321, USA",http://stonefishsushi.com/
Japanese,Eolus Bar & Dining,"919 Main Ave, Durango, CO 81301, USA",https://www.eolusdurango.com/
Japanese,Kazahana Telluride,"126 E Colorado Ave, Telluride, CO 81435, USA",http://kazahanatelluride.com/
Japanese,SNOWFOX Sushi,"6 Town Plaza, Durango, CO 81301, USA",https://jfefood.com/
Japanese,Himalayan Kitchen,"992 Main Ave, Durango, CO 81301, USA",https://himalayankitchendurango.com/
Japanese,SNOWFOX Sushi,"3130 Main Ave, Durango, CO 81301, USA",https://jfefood.com/
Japanese,Ore House,"147 E College Dr, Durango, CO 81301, USA",https://www.orehouserestaurant.com/
Japanese,May Palace,"909 Main Ave, Durango, CO 81301, USA",http://places.singleplatform.com/may-palace-restaurant/menu?ref=google
Chinese,China Cafe,"1525 Main Ave, Durango, CO 81301, USA",http://www.durangochinacafe.com/catalog.aspx?cid=2
Chinese,Mongolian Grill,"1135 S Camino Del Rio, Durango, CO 81303, USA",https://mongoliangrill.uorder.io/
Chinese,May Palace,"909 Main Ave, Durango, CO 81301, USA",http://places.singleplatform.com/may-palace-restaurant/menu?ref=google
Chinese,Hong's Garden Chinese Restaurant,"480 Wolverine Dr, Bayfield, CO 81122, USA",https://www.hongsgardenbayfield.com/
Chinese,Rice Monkey,"1050 Main Ave, Durango, CO 81301, USA",http://www.ricemonkeysdurango.com/
Chinese,Sizzling Siam,"519 1/2 Main Ave, Durango, CO 81301, USA",https://order.online/business/sizzling-siam-361500
Chinese,East by Southwest,"160 E College Dr, Durango, CO 81301, USA",http://www.eastbysouthwest.com/index.html
Chinese,Thai Kitchen,"101 W 11th St, Durango, CO 81301, USA",https://thaikitchen99.wixsite.com/my-site
Chinese,Himalayan Kitchen,"992 Main Ave, Durango, CO 81301, USA",https://himalayankitchendurango.com/
Chinese,Hunan Chinese Restaurant,"2561 E Main St, Cortez, CO 81321, USA",
Chinese,SNOWFOX Sushi,"6 Town Plaza, Durango, CO 81301, USA",https://jfefood.com/
Chinese,SNOWFOX Sushi,"3130 Main Ave, Durango, CO 81301, USA",https://jfefood.com/
Chinese,Rokko Izakaya,"725 E 2nd Ave, Durango, CO 81301, USA",https://www.rokkoizakaya.com/
Chinese,Hong Kong Chinese restaurant,"332 W Main St, Cortez, CO 81321, USA",
Chinese,Pop Sushi,"42 Co Rd 250 #400, Durango, CO 81301, USA",http://www.popsushidurango.com/
Chinese,Chang Thai Durango,"2477 Main Ave, Durango, CO 81301, USA",http://www.changthaidurangoco.com/
Chinese,Akami Poke and Noodle Bar,"309 W College Dr, Durango, CO 81303, USA",https://www.akamipokeramen.com/
Chinese,Kachina Kitchen,"325 S Camino Del Rio, Durango, CO 81303, USA",
Chinese,Ocean Pearl Chinese Restaurant,"300 E Main St, Cortez, CO 81321, USA",https://oceanpearlco.com/
Indian,Himalayan Kitchen,"992 Main Ave, Durango, CO 81301, USA",https://himalayankitchendurango.com/
Indian,Sherpa Momo Ghar,"3062 Main Ave, Durango, CO 81301, USA",https://sherpamomoghar.com/
Indian,Roxy's,"639 Main Ave, Durango, CO 81301, USA",http://www.roxiestacos.com/
Indian,Urban Tandoor,"8125 N Academy Blvd, Colorado Springs, CO 80920, USA",https://www.theurbantandoor.com/
Indian,Kachina Kitchen,"325 S Camino Del Rio, Durango, CO 81303, USA",
Canadian,Famburger,"1400 E 2nd Ave, Durango, CO 81301, USA",http://theoriginalfamburger.com/
Jewish,Rupert's Durango,"810 E College Dr, Durango, CO 81301, USA",https://www.eatatruperts.com/ruperts-durango
Polish,Polka Restaurant,"4112 Verdugo Rd, Los Angeles, CA 90065, USA",http://polkarestaurant.com/
German,Animas River Beer Garden,"501 Camino Del Rio, Durango, CO 81301, USA",
German,Steamworks Brewing Company,"801 E 2nd Ave, Durango, CO 81301, USA",https://steamworksbrewing.com/
German,The Yellow Carrot Restaurant,"3206 Main Ave UNIT 1, Durango, CO 81301, USA",http://www.theyellowcarrot.com/
German,El Moro Spirits and Tavern,"945 Main Ave, Durango, CO 81301, USA",http://elmorotavern.com/
German,Eolus Bar & Dining,"919 Main Ave, Durango, CO 81301, USA",https://www.eolusdurango.com/
German,"Serious Texas BBQ South Durango, CO.","650 S Camino Del Rio, Durango, CO 81301, USA",http://www.serioustexasbbq.com/
German,Kennebec Cafe,"4 Co Rd 124, Hesperus, CO 81326, USA",http://www.kennebeccafe.com/
German,Carver Brewing Co.,"1022 Main Ave, Durango, CO 81301, USA",https://carverbrewing.com/
German,Edelweiss German Restaurant,"34 E Ramona Ave, Colorado Springs, CO 80905, USA",https://www.edelweissrest.com/
German,Moving Mountains Nutrition,"2607 Main Ave, Durango, CO 81301, USA",https://sarahroney.goherbalife.com/Catalog/Home/Index/en-US
German,Helga's Haus & Bier Garden: German Restaurant & Bier Garden & Deli,"14197 E Exposition Ave, Aurora, CO 80012, USA",https://www.helgashaus.com/
German,Gabys German Eatery - with reservation please,"245 S Harlan St, Lakewood, CO 80226, USA",http://gabysgermaneatery.com/
German,Main Street Brewery & Restaurant,"21 E Main St, Cortez, CO 81321, USA",http://www.mainstreetbrewerycortez.com/
German,Smuggler Union Restaurant & Brewery,"225 S Pine St, Telluride, CO 81435, USA",http://smugglerunion.com/
German,The Bavarian Restaurant,"100 Kachina Rd, Taos Ski Valley, NM 87525, USA",https://www.skitaos.com/dining-winter
German,Mona Makes,"1521 N Mildred Rd, Cortez, CO 81321, USA",https://www.facebook.com/MsMonaMakes
German,La Piazza del Villaggio Ristorante,"117 Lost Creek Ln, Mountain Village, CO 81435, USA",http://telluridepizzeria.com/
German,Bubba's,"18806 US-491, Lewis, CO 81327, USA",
German,221 South Oak,"221 S Oak St, Telluride, CO 81435, USA",http://www.221southoak.com/
German,Dolores River Brewery,"100 4th St, Dolores, CO 81323, USA",http://www.doloresriverbrewery.com/
French,Jean Pierre Bakery & Wine Bar,"601 Main Ave, Durango, CO 81301, USA",https://www.jeanpierrebaker.com/
French,Michel's Corner Crepes,"598 Main Ave, Durango, CO 81301, USA",http://michelscorner.com/
French,John Pierre's French Bakery,"Main Ave, Durango, CO 81301, USA",
French,Purgy's Restaurant,"24 Sheol St, Durango, CO 81301, USA",https://www.food.purgatory.ski/
French,Alce' Restaurant,"589 Co Rd 252, Durango, CO 81301, USA",http://www.daltonranch.com/
French,636 Main Ave,"636 Main Ave, Durango, CO 81301, USA",https://www.636mainave.com/
French,Diamond Belle Saloon,"699 Main Ave, Durango, CO 81301, USA",https://strater.com/dining/diamond-belle-saloon/
French,The Yellow Carrot Restaurant,"3206 Main Ave UNIT 1, Durango, CO 81301, USA",http://www.theyellowcarrot.com/
French,Powderhouse,"La Plata County, CO 81301, USA",
French,Lola’s Place,"725 E 2nd Ave, Durango, CO 81301, USA",http://www.lolasplace.com/
French,Chef Safari's African Fusion,"999 E College Dr, Durango, CO 81301, USA",https://chefsafari.com/
French,Backcountry Gourmet,"1101 Main St, Durango, CO 81301, USA",https://backcountrygourmet.wixsite.com/foodtruck
French,Eolus Bar & Dining,"919 Main Ave, Durango, CO 81301, USA",https://www.eolusdurango.com/
French,T’s Waffle Cabin,"1 Skier Pl, Durango, CO 81301, USA",
French,La Marmotte,"150 W San Juan Ave, Telluride, CO 81435, USA",http://www.lamarmotte.com/
French,Seasons of Durango,"764 Main Ave, Durango, CO 81301, USA",http://seasonsofdurango.com/
French,Mahogany Grille,"699 Main Ave, Durango, CO 81301, USA",https://strater.com/
French,Rupert's Durango,"810 E College Dr, Durango, CO 81301, USA",https://www.eatatruperts.com/ruperts-durango
French,College Drive Cafe,"666 E College Dr, Durango, CO 81301, USA",http://cafedurango.com/
Hawaiian,Akami Poke and Noodle Bar,"309 W College Dr, Durango, CO 81303, USA",https://www.akamipokeramen.com/
Hawaiian,Avalanche Bowl Company,"1101 Main Ave, Durango, CO 81301, USA",http://avalanchebowlcompany.com/
Hawaiian,"Serious Texas BBQ South Durango, CO.","650 S Camino Del Rio, Durango, CO 81301, USA",http://www.serioustexasbbq.com/
Hawaiian,Papa Murphy's | Take 'N' Bake Pizza,"12 Town Plaza, Durango, CO 81301, USA",https://locations.papamurphys.com/co/durango/12-town-plaza?utm_source=organic&utm_medium=gmb&utm_campaign=yext&y_source=1_MTU0Mjk3ODQtNzE1LWxvY2F0aW9uLndlYnNpdGU%3D
Hawaiian,Thai Kitchen,"101 W 11th St, Durango, CO 81301, USA",https://thaikitchen99.wixsite.com/my-site
Hawaiian,Diamond Belle Saloon,"699 Main Ave, Durango, CO 81301, USA",https://strater.com/dining/diamond-belle-saloon/
Hawaiian,Happy Pappys Pizza n Wings,"2411 Main Ave, Durango, CO 81301, USA",https://pappys.pizza/
Hawaiian,Tequila's Family Mexican Restaurant,"948 Main Ave, Durango, CO 81301, USA",http://www.tequilasmexicandurango.com/
Hawaiian,Applebee's Grill + Bar,"800 Camino Del Rio, Durango, CO 81301, USA",https://restaurants.applebees.com/en-us/co/durango/800-camino-del-rio-84094?utm_source=google&utm_medium=organic&utm_campaign=google_my_business&utm_term=84094&utm_content=website
Hawaiian,Ernie's,"1100 Main Ave, Durango, CO 81301, USA",http://11thstreetstation.com/
Hawaiian,HomeSlice Pizza,"441 E College Dr, Durango, CO 81301, USA",https://homeslicedgo.com/
Hawaiian,Home Slice Pizza,"2957 Main Ave, Durango, CO 81301, USA",https://homeslicedgo.com/
Hawaiian,Johnny Pizza,"123 CO-172, Durango, CO 81303, USA",
Hawaiian,HomeSlice Pizza,"125 Mercado St, Durango, CO 81301, USA",https://homeslicedgo.com/
Hawaiian,J. Bo Pizza & Rib Co,"1301 Florida Rd UNIT E, Durango, CO 81301, USA",https://www.jbosdurango.com/
Hawaiian,Adoughbe Pizza,"3062 Main Ave, Durango, CO 81301, USA",
Hawaiian,Olde Schoolhouse Cafe,"46778 US-550 #8750, Durango, CO 81301, USA",http://oldeschoolhousesaloon.com/
Hawaiian,Steamworks Brewing Company,"801 E 2nd Ave, Durango, CO 81301, USA",https://steamworksbrewing.com/
Hawaiian,Kai Island Grill,"137 Benchmark Rd Suite E, Avon, CO 81620, USA",https://www.kaiislandgrill.com/
Hawaiian,Paradise Pizzeria & Ice Creamery,"1 Skier Pl, Durango, CO 81301, USA",https://www.purgatoryresort.com/dining-and-apres/paradise-pizzeria-ice-creamery/
Brazilian,East by Southwest,"160 E College Dr, Durango, CO 81301, USA",http://www.eastbysouthwest.com/index.html
Peruvian,Kachina Kitchen,"325 S Camino Del Rio, Durango, CO 81303, USA",
Salvadorian,EL RINCONCITO SALVADORENO - LAPLATA,"114 Drury Dr, La Plata, MD 20646, USA",https://www.elrinconcito-salvadoreno.com/la-plata.html
Cuban,Lorenzo's Lovable Latin,"309 W College Dr, Durango, CO 81303, USA",
Tibetan,Sherpa Momo Ghar,"3062 Main Ave, Durango, CO 81301, USA",https://sherpamomoghar.com/
Tibetan,Himalayan Kitchen,"992 Main Ave, Durango, CO 81301, USA",https://himalayankitchendurango.com/
Tibetan,Dreams of Tibet,"988 Main Ave, Durango, CO 81301, USA",http://www.dreamsoftibetdurango.com/
Tibetan,"Serious Texas BBQ South Durango, CO.","650 S Camino Del Rio, Durango, CO 81301, USA",http://www.serioustexasbbq.com/
Tibetan,Chimayo Stone Fired Kitchen,"862 Main Ave, Durango, CO 81301, USA",http://chimayodurango.com/
Tibetan,Little Tibet,"4479 Broadway, Boulder, CO 80304, USA",http://www.littletibetrestaurant.com/
Tibetan,Tibet's Restaurant & Bar,"321 McCaslin Blvd A, Louisville, CO 80027, USA",https://www.tibetsrestaurant.com/
Greek,Griegos Restaurant,"2603 Main Ave, Durango, CO 81301, USA",
Greek,Hermosa Creek Grill,"32223 US-550, Durango, CO 81301, USA",
Greek,Kennebec Cafe,"4 Co Rd 124, Hesperus, CO 81326, USA",http://www.kennebeccafe.com/
Greek,The Box in Durango,"1101 Main Ave, Durango, CO 81301, USA",
Greek,Animas Grille & Lounge,"501 Camino Del Rio, Durango, CO 81301, USA",
Greek,Sage Fresh Eats,"3101 Main Ave #5, Durango, CO 81301, USA",https://sagefresheats.com/
Greek,R G P's Flame Grilled Wraps,"835 Main Ave #107B, Durango, CO 81301, USA",https://rgpswraps.com/
Greek,The Yellow Carrot Restaurant,"3206 Main Ave UNIT 1, Durango, CO 81301, USA",http://www.theyellowcarrot.com/
Greek,Lola’s Place,"725 E 2nd Ave, Durango, CO 81301, USA",http://www.lolasplace.com/
Greek,Chimayo Stone Fired Kitchen,"862 Main Ave, Durango, CO 81301, USA",http://chimayodurango.com/
Greek,Mineshaft Bar & Grill,"212 Tamarron Dr, Durango, CO 81301, USA",https://theglacierclub.com/mineshaft/
Greek,Eolus Bar & Dining,"919 Main Ave, Durango, CO 81301, USA",https://www.eolusdurango.com/
Greek,"Serious Texas BBQ South Durango, CO.","650 S Camino Del Rio, Durango, CO 81301, USA",http://www.serioustexasbbq.com/
Greek,Mamma Silvia's Italian Kitchen,"150 E College Dr, Durango, CO 81301, USA",https://www.mammasilvias.com/
Greek,Switchback,"741 Main Ave, Durango, CO 81301, USA",http://www.switchbacktaco.com/
Greek,Seasons of Durango,"764 Main Ave, Durango, CO 81301, USA",http://seasonsofdurango.com/
Greek,Roadhouse Pizza Company,"123 CO-172, Durango, CO 81303, USA",
Greek,Container of Food,"225 Girard St, Durango, CO 81303, USA",https://skabrewing.com/menu/
Greek,HomeSlice Pizza,"441 E College Dr, Durango, CO 81301, USA",https://homeslicedgo.com/
Belgian,T’s Waffle Cabin,"1 Skier Pl, Durango, CO 81301, USA",
Irish,Diamond Belle Saloon,"699 Main Ave, Durango, CO 81301, USA",https://strater.com/dining/diamond-belle-saloon/
Irish,Derailed Pour House,"725 Main St, Durango, CO 81301, USA",http://www.derailedpourhouse.com/
Irish,Orio's Roadhouse,"652 Main Ave, Durango, CO 81301, USA",
Irish,Obannon's Irish Pub,"138 E Colorado Ave, Telluride, CO 81435, USA",http://www.obannonsirishpub.com/
Irish,Ernie's,"1100 Main Ave, Durango, CO 81301, USA",http://11thstreetstation.com/
Irish,El Moro Spirits and Tavern,"945 Main Ave, Durango, CO 81301, USA",http://elmorotavern.com/
Irish,Balcony Bar & Grill,"600 Main Ave Suite 210, Durango, CO 81301, USA",http://www.balconybarandgrill.com/
Irish,The Office Spiritorium,"699 Main Ave, Durango, CO 81301, USA",https://strater.com/dining/the-office-spiritorium/
Irish,Public House 701,"701 E 2nd Ave, Durango, CO 81301, USA",http://www.publichouse701.com/
Irish,Carver Brewing Co.,"1022 Main Ave, Durango, CO 81301, USA",https://carverbrewing.com/
Irish,Union Social House,"3062 Main Ave, Durango, CO 81301, USA",https://unionsocialhouse.com/
Irish,Mahogany Grille,"699 Main Ave, Durango, CO 81301, USA",https://strater.com/
Irish,Eolus Bar & Dining,"919 Main Ave, Durango, CO 81301, USA",https://www.eolusdurango.com/
Irish,Steamworks Brewing Company,"801 E 2nd Ave, Durango, CO 81301, USA",https://steamworksbrewing.com/
Irish,Olde Schoolhouse Cafe,"46778 US-550 #8750, Durango, CO 81301, USA",http://oldeschoolhousesaloon.com/
Irish,11th Street Station,"1101 Main Ave, Durango, CO 81301, USA",https://www.11thstreetstation.com/
Irish,Rocky Mountain Irish Black Cattle,"186 Co Rd 228, Durango, CO 81301, USA",https://rmirishblacks.com/
Irish,Durango Doughworks,"2653 Main Ave, Durango, CO 81301, USA",http://www.durangodoughworks.com/
Irish,"Serious Texas BBQ South Durango, CO.","650 S Camino Del Rio, Durango, CO 81301, USA",http://www.serioustexasbbq.com/
Irish,Kennebec Cafe,"4 Co Rd 124, Hesperus, CO 81326, USA",http://www.kennebeccafe.com/
Cajun,Highway 3 Roadhouse & Oyster Bar,"955 CO-3, Durango, CO 81301, USA",https://www.highway3roadhouse.com/
Cajun,T's Smokehouse & Grill,"3 Depot Pl, Durango, CO 81303, USA",https://www.tssmokehouse.com/
Cajun,636 Main Ave,"636 Main Ave, Durango, CO 81301, USA",https://www.636mainave.com/
Cajun,"Serious Texas BBQ South Durango, CO.","650 S Camino Del Rio, Durango, CO 81301, USA",http://www.serioustexasbbq.com/
Cajun,Backcountry Gourmet,"1101 Main St, Durango, CO 81301, USA",https://backcountrygourmet.wixsite.com/foodtruck
Cajun,"Serious Texas BBQ North Durango, CO.","3535 Main Ave, Durango, CO 81301, USA",http://serioustexasbbq.com/
Portuguese,"Serious Texas BBQ South Durango, CO.","650 S Camino Del Rio, Durango, CO 81301, USA",http://www.serioustexasbbq.com/
Portuguese,Kennebec Cafe,"4 Co Rd 124, Hesperus, CO 81326, USA",http://www.kennebeccafe.com/
Turkish,"Serious Texas BBQ South Durango, CO.","650 S Camino Del Rio, Durango, CO 81301, USA",http://www.serioustexasbbq.com/
Turkish,Chimayo Stone Fired Kitchen,"862 Main Ave, Durango, CO 81301, USA",http://chimayodurango.com/
Tahitian,"Serious Texas BBQ South Durango, CO.","650 S Camino Del Rio, Durango, CO 81301, USA",http://www.serioustexasbbq.com/
Kenyan,Chef Safari's African Fusion,"999 E College Dr, Durango, CO 81301, USA",https://chefsafari.com/
Korean,Rokko Izakaya,"725 E 2nd Ave, Durango, CO 81301, USA",https://www.rokkoizakaya.com/
Korean,Akami Poke and Noodle Bar,"309 W College Dr, Durango, CO 81303, USA",https://www.akamipokeramen.com/
Korean,Rice Monkey,"1050 Main Ave, Durango, CO 81301, USA",http://www.ricemonkeysdurango.com/
Korean,The Yellow Carrot Restaurant,"3206 Main Ave UNIT 1, Durango, CO 81301, USA",http://www.theyellowcarrot.com/
Korean,East by Southwest,"160 E College Dr, Durango, CO 81301, USA",http://www.eastbysouthwest.com/index.html
Korean,Steamworks Brewing Company,"801 E 2nd Ave, Durango, CO 81301, USA",https://steamworksbrewing.com/
Korean,El Moro Spirits and Tavern,"945 Main Ave, Durango, CO 81301, USA",http://elmorotavern.com/
Algerian,"Serious Texas BBQ South Durango, CO.","650 S Camino Del Rio, Durango, CO 81301, USA",http://www.serioustexasbbq.com/
Nigerian,Chef Safari's African Fusion,"999 E College Dr, Durango, CO 81301, USA",https://chefsafari.com/
Libyan,"Serious Texas BBQ South Durango, CO.","650 S Camino Del Rio, Durango, CO 81301, USA",http://www.serioustexasbbq.com/
Moroccan,Chef Safari's African Fusion,"999 E College Dr, Durango, CO 81301, USA",https://chefsafari.com/
Lebanese,Caravan Middle Eastern Food,"123 E Colorado Ave, Telluride, CO 81435, USA",https://caravantelluride.com/
Lebanese,Kennebec Cafe,"4 Co Rd 124, Hesperus, CO 81326, USA",http://www.kennebeccafe.com/
Lebanese,Sage Fresh Eats,"3101 Main Ave #5, Durango, CO 81301, USA",https://sagefresheats.com/
Lebanese,Chimayo Stone Fired Kitchen,"862 Main Ave, Durango, CO 81301, USA",http://chimayodurango.com/
Lebanese,Lola’s Place,"725 E 2nd Ave, Durango, CO 81301, USA",http://www.lolasplace.com/
Lebanese,Mazahr Lebanese Kitchen,"1488 W 11th Ave, Vancouver, BC V6H 1L1, Canada",http://www.mazahr.ca/
Lebanese,The Yellow Carrot Restaurant,"3206 Main Ave UNIT 1, Durango, CO 81301, USA",http://www.theyellowcarrot.com/
Lebanese,Seasons of Durango,"764 Main Ave, Durango, CO 81301, USA",http://seasonsofdurango.com/
Lebanese,Mona Makes,"1521 N Mildred Rd, Cortez, CO 81321, USA",https://www.facebook.com/MsMonaMakes
Lebanese,"Serious Texas BBQ South Durango, CO.","650 S Camino Del Rio, Durango, CO 81301, USA",http://www.serioustexasbbq.com/
Lebanese,Mineshaft Bar & Grill,"212 Tamarron Dr, Durango, CO 81301, USA",https://theglacierclub.com/mineshaft/
Lebanese,Griegos Restaurant,"2603 Main Ave, Durango, CO 81301, USA",
Lebanese,Steamworks Brewing Company,"801 E 2nd Ave, Durango, CO 81301, USA",https://steamworksbrewing.com/
Lebanese,"Denny's Durango, CO","666 Camino Del Rio, Durango, CO 81301, USA",https://locations.dennys.com/CO/DURANGO/246058?utm_source=yext&utm_medium=local-listing&utm_campaign=yext-listing
Lebanese,The National Telluride,"100 E Colorado Ave Suite B, Telluride, CO 81435, USA",https://www.nationaltelluride.com/
Lebanese,Altezza at the Peaks,"136 Country Club Dr, Telluride, CO 81435, USA",http://www.thepeaksresort.com/dining/
Lebanese,Smuggler Union Restaurant & Brewery,"225 S Pine St, Telluride, CO 81435, USA",http://smugglerunion.com/
Lebanese,The Eureka Station,"1225 Blair St, Silverton, CO 81433, USA",
Lebanese,Urban Tandoor,"8125 N Academy Blvd, Colorado Springs, CO 80920, USA",https://www.theurbantandoor.com/
Vietnamese,Mongolian Grill,"1135 S Camino Del Rio, Durango, CO 81303, USA",https://mongoliangrill.uorder.io/
Vietnamese,Rice Monkey,"1050 Main Ave, Durango, CO 81301, USA",http://www.ricemonkeysdurango.com/
Vietnamese,The Box in Durango,"1101 Main Ave, Durango, CO 81301, USA",
Vietnamese,Thai Kitchen,"101 W 11th St, Durango, CO 81301, USA",https://thaikitchen99.wixsite.com/my-site
Vietnamese,East by Southwest,"160 E College Dr, Durango, CO 81301, USA",http://www.eastbysouthwest.com/index.html
Vietnamese,China Cafe,"1525 Main Ave, Durango, CO 81301, USA",http://www.durangochinacafe.com/catalog.aspx?cid=2
Vietnamese,Sherpa Momo Ghar,"3062 Main Ave, Durango, CO 81301, USA",https://sherpamomoghar.com/
Vietnamese,Chang Thai Durango,"2477 Main Ave, Durango, CO 81301, USA",http://www.changthaidurangoco.com/
Vietnamese,Akami Poke and Noodle Bar,"309 W College Dr, Durango, CO 81303, USA",https://www.akamipokeramen.com/
Vietnamese,Min-Tea,"215 S Sligo St #4, Cortez, CO 81321, USA",
Vietnamese,Pho Vietnam,"3234 S Wadsworth Blvd # M, Lakewood, CO 80227, USA",http://www.phovietnamco.com/
Vietnamese,The Wok of Joy,"200 W Colorado Ave, Telluride, CO 81435, USA",https://www.thewokofjoy.com/
Vietnamese,Mill Street Bistro,"135 W Mill St, Bayfield, CO 81122, USA",https://www.millstreetbistrobayfield.com/
Vietnamese,Wood Ear,"135 E Colorado Ave, Telluride, CO 81435, USA",http://www.woodeartelluride.com/
Vietnamese,May Palace,"909 Main Ave, Durango, CO 81301, USA",http://places.singleplatform.com/may-palace-restaurant/menu?ref=google
Vietnamese,The Lively Daikon,"680 Main Ave Suite B, Durango, CO 81301, USA",
Hungarian,Ore House,"147 E College Dr, Durango, CO 81301, USA",https://www.orehouserestaurant.com/
Mediterranean,Kennebec Cafe,"4 Co Rd 124, Hesperus, CO 81326, USA",http://www.kennebeccafe.com/
Mediterranean,Sage Fresh Eats,"3101 Main Ave #5, Durango, CO 81301, USA",https://sagefresheats.com/
Mediterranean,Chimayo Stone Fired Kitchen,"862 Main Ave, Durango, CO 81301, USA",http://chimayodurango.com/
Mediterranean,Griegos Restaurant,"2603 Main Ave, Durango, CO 81301, USA",
Mediterranean,Mineshaft Bar & Grill,"212 Tamarron Dr, Durango, CO 81301, USA",https://theglacierclub.com/mineshaft/
Mediterranean,The Yellow Carrot Restaurant,"3206 Main Ave UNIT 1, Durango, CO 81301, USA",http://www.theyellowcarrot.com/
Mediterranean,Lola’s Place,"725 E 2nd Ave, Durango, CO 81301, USA",http://www.lolasplace.com/
Mediterranean,Seasons of Durango,"764 Main Ave, Durango, CO 81301, USA",http://seasonsofdurango.com/
Mediterranean,Caravan Middle Eastern Food,"123 E Colorado Ave, Telluride, CO 81435, USA",https://caravantelluride.com/
Mediterranean,"Denny's Durango, CO","666 Camino Del Rio, Durango, CO 81301, USA",https://locations.dennys.com/CO/DURANGO/246058?utm_source=yext&utm_medium=local-listing&utm_campaign=yext-listing
Mediterranean,Steamworks Brewing Company,"801 E 2nd Ave, Durango, CO 81301, USA",https://steamworksbrewing.com/
Mediterranean,Papa Murphy's | Take 'N' Bake Pizza,"12 Town Plaza, Durango, CO 81301, USA",https://locations.papamurphys.com/co/durango/12-town-plaza?utm_source=organic&utm_medium=gmb&utm_campaign=yext&y_source=1_MTU0Mjk3ODQtNzE1LWxvY2F0aW9uLndlYnNpdGU%3D
Mediterranean,"Kismet Cafe, Ridgway","618 Clinton St, Ridgway, CO 81432, USA",https://www.kismetcaferidgway.com/menu
Mediterranean,Olive Tree Restaurant,"219 E Main St, Farmington, NM 87401, USA",http://orderolivetreerestaurant.com/
Mediterranean,Mona Makes,"1521 N Mildred Rd, Cortez, CO 81321, USA",https://www.facebook.com/MsMonaMakes
Mediterranean,The National Telluride,"100 E Colorado Ave Suite B, Telluride, CO 81435, USA",https://www.nationaltelluride.com/
Mediterranean,The Lift at Cascade,"50827 Highway 550 Upstairs in main lobby, Durango, CO 81301, USA",
Ethiopian,Chef Safari's African Fusion,"999 E College Dr, Durango, CO 81301, USA",https://chefsafari.com/
Caribbean,The Yellow Carrot Restaurant,"3206 Main Ave UNIT 1, Durango, CO 81301, USA",http://www.theyellowcarrot.com/
Caribbean,Taste Of The Caribbean LA,"5920 Santa Monica Blvd, Los Angeles, CA 90038, USA",https://www.tasteofthecaribbean.co/
Caribbean,Little Kingston Jamaican Restaurant,"4716 W Slauson Ave, Los Angeles, CA 90056, USA",
Caribbean,Wah Gwaan jamaican kitchen & Bar,"4371 Crenshaw Blvd A, Los Angeles, CA 90008, USA",http://wahgwaanjakitchenbar.com/?utm_source=gmb&utm_medium=referral
Caribbean,Wi Jammin,"5103 W Pico Blvd, Los Angeles, CA 90019, USA",
Caribbean,Karibbean Cuisine,"8530 W 18th St, Los Angeles, CA 90035, USA",http://karribeancuisine.com/
Caribbean,Ka'ribbean Fire,"13 Shining Willow Way, La Plata, MD 20646, USA",https://www.karibbeanfire.com/
Soul,The Yellow Carrot Restaurant,"3206 Main Ave UNIT 1, Durango, CO 81301, USA",http://www.theyellowcarrot.com/
Argentinian,La Plata County,"La Plata County, CO, USA",
Chilean,Kachina Kitchen,"325 S Camino Del Rio, Durango, CO 81303, USA",
Chilean,Gazpacho Restaurant,"431 E 2nd Ave, Durango, CO 81301, USA",http://www.gazpachodurango.com/
Chilean,Chimayo Stone Fired Kitchen,"862 Main Ave, Durango, CO 81301, USA",http://chimayodurango.com/
Chilean,Nayarit Restaurant,"1135 S Camino Del Rio, Durango, CO 81303, USA",http://nayaritmexicandurango.com/
Chilean,La Hacienda Mexican Restaurant,"2850 Main Ave, Durango, CO 81302, USA",
Chilean,Macho's Fast Mexican Food - North,"1485 Florida Rd, Durango, CO 81301, USA",http://www.machosmexicanfood.com/
Chilean,Tequila's Family Mexican Restaurant,"948 Main Ave, Durango, CO 81301, USA",http://www.tequilasmexicandurango.com/
Chilean,Diamond Belle Saloon,"699 Main Ave, Durango, CO 81301, USA",https://strater.com/dining/diamond-belle-saloon/
Chilean,Mi Ranchito,"117 W College Dr, Durango, CO 81301, USA",
Chilean,Olde Schoolhouse Cafe,"46778 US-550 #8750, Durango, CO 81301, USA",http://oldeschoolhousesaloon.com/
Chilean,Eolus Bar & Dining,"919 Main Ave, Durango, CO 81301, USA",https://www.eolusdurango.com/
Chilean,Griegos Restaurant,"2603 Main Ave, Durango, CO 81301, USA",
Chilean,Zia Taqueria,"400 S Camino Del Rio, Durango, CO 81301, USA",http://www.ziataqueria.com/
Chilean,Los Amigos Del Sur Mexican Restaurant,"835 Main Ave # 106, Durango, CO 81301, USA",http://www.durangoamigos.com/
Chilean,Nini's Taqueria,"552 Main Ave, Durango, CO 81301, USA",http://www.ninistaqueria.com/
Chilean,Taqueria La Costa,"802 Camino Del Rio, Durango, CO 81301, USA",
Chilean,Zia Taqueria,"2977 Main Ave, Durango, CO 81301, USA",http://www.ziataqueria.com/
Chilean,Hermosa Creek Grill,"32223 US-550, Durango, CO 81301, USA",
Chilean,Tacos Estrella,"3435 Main Ave, Durango, CO 81301, USA",
Chilean,El Moro Spirits and Tavern,"945 Main Ave, Durango, CO 81301, USA",http://elmorotavern.com/
Colombian,Mi Ranchito,"117 W College Dr, Durango, CO 81301, USA",
Costa Rican,Costa Rica Restaurant,"6421, 6421, 2500 W Lincoln Ave, Anaheim, CA 92801, USA",
Danish,James Ranch Grill,"33846 US-550, Durango, CO 81301, USA",https://jamesranch.net/grill
Dutch,Backcountry Gourmet,"1101 Main St, Durango, CO 81301, USA",https://backcountrygourmet.wixsite.com/foodtruck
Finnish,636 Main Ave,"636 Main Ave, Durango, CO 81301, USA",https://www.636mainave.com/
Ghanaian,Chef Safari's African Fusion,"999 E College Dr, Durango, CO 81301, USA",https://chefsafari.com/
Guatemalan,Xecul Restaurante Guatemalteco,"1051 S Alvarado St, Los Angeles, CA 90006, USA",https://www.xeculrestauranteguatemalteco.com/
Honduran,Honduras Breeze Restaurant,"1443 Chester St, Aurora, CO 80010, USA",https://m.facebook.com/profile.php?id=1273000329458997&tsid=0.4500492871865647&source=typeahead
Icelandic,"Serious Texas BBQ South Durango, CO.","650 S Camino Del Rio, Durango, CO 81301, USA",http://www.serioustexasbbq.com/
Indonesian,Ernie's,"1100 Main Ave, Durango, CO 81301, USA",http://11thstreetstation.com/
Iranian,Persian Room Fine Dining,"9290 N Thornydale Rd, Tucson, AZ 85742, USA",https://www.persianroom.com/
Israeli,Haifa Restaurant,"8717 W Pico Blvd, Los Angeles, CA 90035, USA",
Jamaican,Nayarit Restaurant,"1135 S Camino Del Rio, Durango, CO 81303, USA",http://nayaritmexicandurango.com/
Kuwaiti,Chimayo Stone Fired Kitchen,"862 Main Ave, Durango, CO 81301, USA",http://chimayodurango.com/
Laotian,Lao Kitchen,"3655 S Durango Dr Unit 25, Las Vegas, NV 89147, USA",https://www.laokitchenlv.com/
Lithuanian,"Serious Texas BBQ South Durango, CO.","650 S Camino Del Rio, Durango, CO 81301, USA",http://www.serioustexasbbq.com/
Malaysian,Sizzling Siam,"519 1/2 Main Ave, Durango, CO 81301, USA",https://order.online/business/sizzling-siam-361500
Malaysian,Chang Thai Durango,"2477 Main Ave, Durango, CO 81301, USA",http://www.changthaidurangoco.com/
Malaysian,"Serious Texas BBQ South Durango, CO.","650 S Camino Del Rio, Durango, CO 81301, USA",http://www.serioustexasbbq.com/
Malaysian,Layang Layang Malaysian Cuisine,"181 W Calaveras Blvd, Milpitas, CA 95035, USA",https://layang-layang-malaysian-cuisine.com/
Malaysian,Belacan Grill - Malaysian Bistro,"17460 17th St, Tustin, CA 92780, USA",http://www.belacangrillmalaysianbistro.com/
Malaysian,Borneo Eatery,"19 S Garfield Ave, Alhambra, CA 91801, USA",http://borneoeatery.com/?utm_source=google&utm_medium=wix_google_business_profile&utm_campaign=14559655773208764635
Malaysian,Mingala Restaurant,"39055 Cedar Blvd #108, Newark, CA 94560, USA",https://www.bestfoodtodayus.com/ordering/restaurant/menu?restaurant_uid=1ef3c93f-4bf5-402a-98b3-972f1821494d
Malaysian,Ipoh Kopitiam,"1411 S Garfield Ave #104, Alhambra, CA 91801, USA",https://www.ipoh-kopitiam.com/
Malaysian,Curry Leaves Bistro,"6003 W Las Positas Blvd, Pleasanton, CA 94588, USA",http://www.curryleavesbistro.com/
Mongolian,Mongolian Grill,"1135 S Camino Del Rio, Durango, CO 81303, USA",https://mongoliangrill.uorder.io/
Nepalese,Sherpa Momo Ghar,"3062 Main Ave, Durango, CO 81301, USA",https://sherpamomoghar.com/
Nicaraguan,Sabor Nicaragüense Restaurant,"1927 S Western Ave, Los Angeles, CA 90018, USA",http://sabornicaraguenserestaurant.com/
Norwegian,Container of Food,"225 Girard St, Durango, CO 81303, USA",https://skabrewing.com/menu/
Pakistani,Animas Smoked Meats,"332 Highland Hill Dr, Durango, CO 81301, USA",
Panamanian,El Moro Spirits and Tavern,"945 Main Ave, Durango, CO 81301, USA",http://elmorotavern.com/
Peruvian,Kachina Kitchen,"325 S Camino Del Rio, Durango, CO 81303, USA",
Polish,Polka Restaurant,"4112 Verdugo Rd, Los Angeles, CA 90065, USA",http://polkarestaurant.com/
Puerto Rican,Ají Dulce,"250 W San Juan Ave, Telluride, CO 81320, USA",
Romanian,Dunarea Restaurant,"821 N Euclid St, Anaheim, CA 92801, USA",http://www.dunarea.us/
Singaporean,China Cafe,"1525 Main Ave, Durango, CO 81301, USA",http://www.durangochinacafe.com/catalog.aspx?cid=2
Singaporean,Chang Thai Durango,"2477 Main Ave, Durango, CO 81301, USA",http://www.changthaidurangoco.com/
Singaporean,The Roost,"128 E College Dr, Durango, CO 81301, USA",https://theroostdurango.com/
Singaporean,"Serious Texas BBQ South Durango, CO.","650 S Camino Del Rio, Durango, CO 81301, USA",http://www.serioustexasbbq.com/
Singaporean,Ocean Pearl Chinese Restaurant,"300 E Main St, Cortez, CO 81321, USA",https://oceanpearlco.com/
Singaporean,Nature's Oasis,"300 S Camino Del Rio, Durango, CO 81303, USA",http://www.naturesoasismarket.com/
Singaporean,Ore House,"147 E College Dr, Durango, CO 81301, USA",https://www.orehouserestaurant.com/
Slovak,"Serious Texas BBQ South Durango, CO.","650 S Camino Del Rio, Durango, CO 81301, USA",http://www.serioustexasbbq.com/
Slovenian,"Serious Texas BBQ South Durango, CO.","650 S Camino Del Rio, Durango, CO 81301, USA",http://www.serioustexasbbq.com/
Somali,Chef Safari's African Fusion,"999 E College Dr, Durango, CO 81301, USA",https://chefsafari.com/
South African,Chef Safari's African Fusion,"999 E College Dr, Durango, CO 81301, USA",https://chefsafari.com/
Sri Lankan,"Serious Texas BBQ South Durango, CO.","650 S Camino Del Rio, Durango, CO 81301, USA",http://www.serioustexasbbq.com/
Swiss,The Roost,"128 E College Dr, Durango, CO 81301, USA",https://theroostdurango.com/
Swiss,Hermosa Creek Grill,"32223 US-550, Durango, CO 81301, USA",
Swiss,GRASSBURGER (DGO South),"360 S Camino Del Rio Suite 300, Durango, CO 81301, USA",http://www.grassburger.com/
Swiss,Eolus Bar & Dining,"919 Main Ave, Durango, CO 81301, USA",https://www.eolusdurango.com/
Swiss,Seasons of Durango,"764 Main Ave, Durango, CO 81301, USA",http://seasonsofdurango.com/
Swiss,636 Main Ave,"636 Main Ave, Durango, CO 81301, USA",https://www.636mainave.com/
Swiss,Oscar's Cafe,"18 Town Plaza, Durango, CO 81301, USA",
Swiss,GRASSBURGER (DGO Downtown),"726 1/2 Main Ave, Durango, CO 81301, USA",http://www.grassburger.com/
Swiss,Wendy's,"1840 Main Street, Durango, CO 81301, USA",https://locations.wendys.com/united-states/co/durango/1840-main-street?utm_source=Yext&utm_medium=Google_My_Business&utm_campaign=Local_Search&utm_content=EN_US
Swiss,Durango Bagel,"106 E 5th St, Durango, CO 81301, USA",https://www.durangomenus.com/durango_bagel.html
Swiss,Burger King,"1415 Main Ave, Durango, CO 81301, USA",https://burgerking.com/store-locator/store/restaurant_2074
Swiss,Applebee's Grill + Bar,"800 Camino Del Rio, Durango, CO 81301, USA",https://restaurants.applebees.com/en-us/co/durango/800-camino-del-rio-84094?utm_source=google&utm_medium=organic&utm_campaign=google_my_business&utm_term=84094&utm_content=website
Swiss,Raider Ridge Cafe,"509 E 8th Ave, Durango, CO 81301, USA",https://raiderridgecafe.simdif.com/
Swiss,The Goose Bar & Eatery,"760 S Camino Del Rio, Durango, CO 81301, USA",
Syrian,Chef Safari's African Fusion,"999 E College Dr, Durango, CO 81301, USA",https://chefsafari.com/
Syrian,Caravan Middle Eastern Food,"123 E Colorado Ave, Telluride, CO 81435, USA",https://caravantelluride.com/
Syrian,Kennebec Cafe,"4 Co Rd 124, Hesperus, CO 81326, USA",http://www.kennebeccafe.com/
Syrian,"Serious Texas BBQ South Durango, CO.","650 S Camino Del Rio, Durango, CO 81301, USA",http://www.serioustexasbbq.com/
Syrian,Altezza at the Peaks,"136 Country Club Dr, Telluride, CO 81435, USA",http://www.thepeaksresort.com/dining/
Syrian,Brown Dog Pizza,"110 E Colorado Ave, Telluride, CO 81435, USA",https://www.browndogpizza.com/
Taiwanese,Chiou House,"18303 Colima Rd #B, Rowland Heights, CA 91748, USA",
Tanzanian,Chef Safari's African Fusion,"999 E College Dr, Durango, CO 81301, USA",https://chefsafari.com/
Thai,Thai Kitchen,"101 W 11th St, Durango, CO 81301, USA",https://thaikitchen99.wixsite.com/my-site
Thai,Sizzling Siam,"519 1/2 Main Ave, Durango, CO 81301, USA",https://order.online/business/sizzling-siam-361500
Thai,Chang Thai Durango,"2477 Main Ave, Durango, CO 81301, USA",http://www.changthaidurangoco.com/
Thai,"Biegel & Company, LLC","29 Rio Vista Cir, Durango, CO 81301, USA",
Tunisian,"Serious Texas BBQ South Durango, CO.","650 S Camino Del Rio, Durango, CO 81301, USA",http://www.serioustexasbbq.com/
Ukrainian,Kozak Ukrainian Restaurant,"1 W Cordova St, Vancouver, BC V6B 1C8, Canada",http://kozakeatery.ca/
Venezuelan,Venezuelan Chamo Cuisine,"950 E Colorado Blvd, Pasadena, CA 91106, USA",https://www.chamovenezuelancuisine.com/
Vietnamese,Mongolian Grill,"1135 S Camino Del Rio, Durango, CO 81303, USA",https://mongoliangrill.uorder.io/
Vietnamese,Rice Monkey,"1050 Main Ave, Durango, CO 81301, USA",http://www.ricemonkeysdurango.com/
Vietnamese,The Box in Durango,"1101 Main Ave, Durango, CO 81301, USA",
Vietnamese,Thai Kitchen,"101 W 11th St, Durango, CO 81301, USA",https://thaikitchen99.wixsite.com/my-site
Vietnamese,East by Southwest,"160 E College Dr, Durango, CO 81301, USA",http://www.eastbysouthwest.com/index.html
Vietnamese,China Cafe,"1525 Main Ave, Durango, CO 81301, USA",http://www.durangochinacafe.com/catalog.aspx?cid=2
Vietnamese,Sherpa Momo Ghar,"3062 Main Ave, Durango, CO 81301, USA",https://sherpamomoghar.com/
Vietnamese,Chang Thai Durango,"2477 Main Ave, Durango, CO 81301, USA",http://www.changthaidurangoco.com/
Vietnamese,Akami Poke and Noodle Bar,"309 W College Dr, Durango, CO 81303, USA",https://www.akamipokeramen.com/
Vietnamese,Min-Tea,"215 S Sligo St #4, Cortez, CO 81321, USA",
Vietnamese,Pho Vietnam,"3234 S Wadsworth Blvd # M, Lakewood, CO 80227, USA",http://www.phovietnamco.com/
Vietnamese,The Wok of Joy,"200 W Colorado Ave, Telluride, CO 81435, USA",https://www.thewokofjoy.com/
Vietnamese,Mill Street Bistro,"135 W Mill St, Bayfield, CO 81122, USA",https://www.millstreetbistrobayfield.com/
Vietnamese,Wood Ear,"135 E Colorado Ave, Telluride, CO 81435, USA",http://www.woodeartelluride.com/
Vietnamese,May Palace,"909 Main Ave, Durango, CO 81301, USA",http://places.singleplatform.com/may-palace-restaurant/menu?ref=google
Vietnamese,The Lively Daikon,"680 Main Ave Suite B, Durango, CO 81301, USA",
Zambian,Chef Safari's African Fusion,"999 E College Dr, Durango, CO 81301, USA",https://chefsafari.com/
