Cuisine Type,Name,Address,Website
Mexican,La Mera Mera,"1428 S Milwaukee Ave, Libertyville, IL 60048, USA",http://www.lamera-mera.com/
Mexican,Casa Bonita Mexican Restaurant & Tequila Bar,"633 N Milwaukee Ave, Libertyville, IL 60048, USA",https://www.casabonitalibertyville.com/
Mexican,Dulce Margaritas,"1814 E Belvidere Rd, Grayslake, IL 60030, USA",
Mexican,Taqueria cinco hermanos,"851 E Belvidere Rd, Grayslake, IL 60030, USA",https://www.facebook.com/profile.php?id=100089368594115&mibextid=LQQJ4d
Mexican,Las Palmas Mexican Restaurant,"26228 IL-83, Mundelein, IL 60060, USA",https://www.laspalmasmexicanofmundelein.com/#/
Mexican,Jalisco Restaurant,"4949 Grand Ave, Gurnee, IL 60031, USA",http://eatjalisco.com/
Mexican,El Palenque,"35520 Vine St, Eastlake, OH 44095, USA",https://elpalenqueineastlake.com/
Mexican,El Paso Restaurant,"151 E Grand Ave, Lake Villa, IL 60046, USA",https://elpasorestaurantil.com/
Mexican,El Sureño,"40160 N Bluff Lake Rd, Antioch, IL 60002, USA",https://elsurenoantioch.com/
Mexican,Los Comales Round Lake,"380 W Rollins Rd, Round Lake Beach, IL 60073, USA",http://www.loscomalesroundlake.com/
Mexican,Momcorn,"5101 W Washington St #2, Gurnee, IL 60031, USA",http://momcorngurnee.com/
Mexican,Taqueria Campeña,"15 Commerce Dr Ste 100, Grayslake, IL 60030, USA",https://taqueriacampenail.com/
Mexican,El Puerto Mexican Restaurant,"200 Forest Ave, Fox Lake, IL 60020, USA",http://www.elpuertorestaurant.net/contact-us/
Mexican,Three Amigos,"895 E Grand Ave, Lake Villa, IL 60046, USA",http://www.3amigoslakevilla.com/lake-villa-il-dinner-menu
Mexican,Ajua Mexican Restaurant,"163 W Belvidere Rd, Round Lake, IL 60073, USA",
Mexican,Dos Amigos Mexican Restaurant,"101 W Rockland Rd, Libertyville, IL 60048, USA",https://www.dosamigosmexrestaurant.com/
Mexican,Maya's Mexican American Restaurant,"506 N Lake St, Mundelein, IL 60060, USA",
Mexican,El Azteca II,"821 Center St, Grayslake, IL 60030, USA",http://orderelazteca2.com/
Mexican,Las Monarcas (Moving locations),"159 N Milwaukee Ave, Libertyville, IL 60048, USA",https://www.facebook.com/MonarcasLibertyville/
Mexican,Sol De Mexico,"125 N Bay St, Eustis, FL 32726, USA",http://www.soldemexicorestaurant.com/
Swedish,Tre Kronor,"3258 W Foster Ave, Chicago, IL 60625, USA",http://swedishbistro.com/
Latvian,Latvia,Latvia,
Italian,Osteria Povera,"2331 Clarke St, Port Moody, BC V3H 1Y9, Canada",https://www.povera.ca/
Italian,Claudio's Ristorante,"4402 Skyline Dr #103, Burnaby, BC V5C 0M7, Canada",http://www.claudiosristorante.ca/
Italian,L'Isola Bella Bistro,"3250 Berry Rd, Lake Country, BC V4V 1Y6, Canada",http://www.lisolabella.ca/
Italian,Francesca's Intimo,"293 E Illinois Rd, Lake Forest, IL 60045, USA",http://www.miafrancesca.com/
Italian,Ristorante Bottaio,"946 N Milwaukee Ave, Libertyville, IL 60048, USA",http://bottaio.com/
Italian,Mambo Italiano - Illinois,"748 Butterfield Rd, Mundelein, IL 60060, USA",http://themamboitaliano.com/
Italian,Olive Garden Italian Restaurant,"5590 Northridge Dr, Gurnee, IL 60031, USA",https://www.olivegarden.com/locations/il/gurnee/gurnee-great-america/1536?cmpid=br:og_ag:ie_ch:loc_ca:OGGMB_sn:gmb_gt:gurnee-il-1536_pl:locurl_rd:1406
Italian,Trattoria Pomigliano,"13860 Rockland Rd, Green Oaks, IL 60048, USA",http://www.cafepomigliano.com/
Italian,Mama Roberto's Italian Restaurant,"8658 Mentor Ave, Mentor, OH 44060, USA",http://www.mamarobertos.com/
Italian,Tina's Italian Bake Shop,"5101 Washington St Ste 14a, Gurnee, IL 60031, USA",https://www.tinasitaliancafeandcatering.com/
Italian,"Zappitelli's Pizza, Pasta & Parm","9570 Mentor Ave, Mentor, OH 44060, USA",http://www.zappitellismentor.com/
Italian,Dino's Restaurant,"1200 E 305th St, Willowick, OH 44092, USA",http://www.dinosrestaurants.com/
Italian,Oliverii North,"384 Lake St, Antioch, IL 60002, USA",http://www.oliveriinorth.com/
Italian,Bontà Pizzeria & Restaurant,"430 Milwaukee Ave, Lincolnshire, IL 60069, USA",https://www.bontamarket.com/
Italian,Maggiano's Little Italy,"307 Hawthorn Ctr, Vernon Hills, IL 60061, USA",https://www.maggianos.com/locations/illinois/vernon-hills/307-hawthorn-center?utm_source=google&utm_medium=organic&utm_campaign=Maggianos
Italian,Ferentino's Pizzeria,"842 N Western Ave, Lake Forest, IL 60045, USA",https://www.ferentinospizzeria.com/
Italian,Olive Garden Italian Restaurant,"7740 Mentor Ave, Mentor, OH 44060, USA",https://www.olivegarden.com/locations/oh/mentor/mentor-great-lakes-mall/1530?cmpid=br:og_ag:ie_ch:loc_ca:OGGMB_sn:gmb_gt:mentor-oh-1530_pl:locurl_rd:1400
Italian,Biaggi's Ristorante Italiano,"Town Center, 20560 N Rand Rd, Deer Park, IL 60010, USA",http://www.biaggis.com/
Italian,Pastina Rustic Italian Restaurant,"9354 Mentor Ave # 1, Mentor, OH 44060, USA",http://www.pastinarusticitalian.com/
Italian,Primo Italian American Cuisine,"720 Milwaukee Ave, Gurnee, IL 60031, USA",http://primogurnee.com/
Spanish,Como Taperia,"201 E 7th Ave, Vancouver, BC V5T 0B4, Canada",https://www.comotaperia.com/
American,Blue Wing Saloon Restaurant,"9520 Main St, Upper Lake, CA 95485, USA",http://tallmanhotel.com/blue-wing-saloon/
American,Park Place Restaurant,"50 3rd St, Lakeport, CA 95453, USA",http://www.parkplacelakeport.com/
American,Lazy Dog Restaurant & Bar,"1115 N Milwaukee Ave, Vernon Hills, IL 60061, USA",https://lazydogrestaurants.com/?olonwp=JjBtp_vMLk25gkYh_bnoiQ
American,LakeHouse Restaurant,"850 Tower Dr, Lake Villa, IL 60046, USA",https://lakehouserestaurants.com/
American,The Lantern Of Lake Forest,"768 N Western Ave, Lake Forest, IL 60045, USA",
American,Redhawk Grille,"7481 Auburn Rd, Painesville, OH 44077, USA",http://www.redhawkgrille.com/
American,Norman’s Diner - Lake Country,"11850 Oceola Rd #403, Lake Country, BC V4V 2T5, Canada",https://normansdiner.com/
American,Roost 59,"37669 Illinois Rte 59, Lake Villa, IL 60046, USA",http://roost59.com/
American,First Draft Grayslake,"250 Cty A27, Grayslake, IL 60030, USA",http://firstdraftgrayslake.net/
American,Full Moon Family Restaurant,"1300 Skokie Hwy, Lake Bluff, IL 60044, USA",
American,Red's At The Skyroom,"900 Sky Park Dr, Lakeport, CA 95453, USA",https://www.redsskyroom.com/
American,Lindy's Landing,"115 Park St, Wauconda, IL 60084, USA",http://www.lindyslanding.com/
American,The Fogcutter,"36021 US-45, Lake Villa, IL 60046, USA",http://www.thefogcutter.net/
American,Everett Farms,"840 S Waukegan Rd Ste 113, Lake Forest, IL 60045, USA",https://everettfarm.com/
American,Big Jack's,"507 North Hainesville Rd, Round Lake Park, IL 60073, USA",
American,Green Town Tavern,"110 S Genesee St, Waukegan, IL 60085, USA",https://gttavern.com/
American,B&B Restaurant,"34528 US-45, Third Lake, IL 60030, USA",https://orders.cake.net/11427857
American,Lake Forest Food & Wine,"645 N Bank Ln UNIT 120, Lake Forest, IL 60045, USA",https://restaurant-lakeforestil.com/
American,Maevery Public House,"20 E Scranton Ave, Lake Bluff, IL 60044, USA",http://www.maevery.com/
American,Main Street Bar & Grill,"14084 Lakeshore Dr, Clearlake, CA 95422, USA",
Scottish,Macleod’s Scottish Pub,"5200 Ballard Ave NW, Seattle, WA 98107, USA",http://www.macleodsballard.com/
British,White Hart Pub,"255 E Illinois Rd, Lake Forest, IL 60045, USA",
Thai,Thai Chef Eatery,"3355 North Rd, Burnaby, BC V3J 1M3, Canada",https://thaichefeatery.com/
Thai,Lhy Thai Restaurant,"7357 Edmonds St, Burnaby, BC V3N 1A9, Canada",
Thai,Thaigo,"4567 Lougheed Hwy., Burnaby, BC V5C 3Z6, Canada",https://broadwayfoodsgroup.ca/thaigo/
Thai,Lakewood Thai Cuisine,"17020 Twin Lakes Ave, Marysville, WA 98271, USA",http://www.lakewoodthai.com/
Thai,Siam Le Bien Thai Cuisine,"Siam Le Bien Thai Cuisine, 4217 Hastings St, Burnaby, BC V5C 2J5, Canada",http://www.siamlebien.com/
Thai,Mae Phim Thai Restaurant,"1212 State Ave Suite E, Marysville, WA 98270, USA",https://maephimthairestaurantwa.com/
Thai,Chad Thai Restaurant,"4010 Hastings St, Burnaby, BC V5C 2H9, Canada",http://chadthai.ca/
Thai,Savvy Thai Cuisine,"22611 76th Ave W Ste 103, Edmonds, WA 98026, USA",http://savvythaicuisine.com/
Thai,Chan Thai Restaurant,"11605 State Ave UNIT 105, Marysville, WA 98271, USA",http://chanthaimarysville.com/
Thai,Patsara Thai,"528 Carnarvon St, New Westminster, BC V3L 1C4, Canada",https://www.patsara.ca/
Thai,Chantana's Thai Food,"11852 BC-97, Lake Country, BC V4V 1E3, Canada",http://www.chantanas.ca/
Thai,Chalerm Thai Bistro,"1841 N High St, Lakeport, CA 95453, USA",
Thai,Bee Thai Cuisine,"33261 1 Ave, Mission, BC V2V 1G7, Canada",http://beethaicuisine.com/
Thai,Seesan Thai Cuisine & Bubble Tea,"2736 N Ridge Rd #2, Painesville, OH 44077, USA",http://www.seesanthaicuisine.com/
Thai,Tokyo at Siam IL(By Dan siam ),"2450 Buckley Rd, North Chicago, IL 60064, USA",https://www.tokyoatsiamcuisine.com/
Thai,BANGKOK TOKYO Restaurant,"227 N Waukegan Rd, Lake Bluff, IL 60044, USA",https://www.bangkoktokyolakebluff.com/
Thai,Thai Noodles Café,"318 S Milwaukee Ave, Libertyville, IL 60048, USA",http://thainoodlescafe.com/
Thai,Kp Thai Street Food & Bubble Tea,"4825 Robinhood Dr, Willoughby, OH 44094, USA",
Thai,Xang Thai & Sushi (Old Lovely Thai),"1144 E Washington St, Grayslake, IL 60030, USA",https://xangthaiandsushi.com/
Thai,Snay Thai,"445 Plaza Dr, Eustis, FL 32726, USA",https://www.snaythairestaurant.com/
Japanese,Ajishou Brentwood Japanese Restaurant,"4525 Lougheed Hwy. #2307B, Burnaby, BC V5C 0K3, Canada",http://www.ajishou.ca/brentwood
Chinese,Deer Lake Wonton Restaurant,"5107 Canada Wy, Burnaby, BC V5E 3N1, Canada",https://www.deerlakerestaurant.com/
Chinese,Grand Chinese Restaurant,"4461 Lougheed Hwy. #1, Burnaby, BC V5C 3Z2, Canada",https://grandrestaurant.zomi.menu/
Chinese,New Lakeview Seafood & Wonton,"7765 6th St, Burnaby, BC V3N 3M9, Canada",https://newlakeviewseafood.com/?utm_source=google&utm_medium=maps&utm_campaign=website
Chinese,China Chef,"China Chef, 34500 US-45 Unit D, Third Lake, IL 60030, USA",https://www.chinachefthirdlake.com/
Chinese,Tang's Chinese Restaurant,"111 US-45, Grayslake, IL 60030, USA",https://tangschinese.com/
Chinese,Winfield Chinese Restaurant,"BC-97, Lake Country, BC V4V 1Y1, Canada",http://winfieldchineserestaurant.ca/
Chinese,Long Feng,"401 W Rollins Rd, Round Lake Beach, IL 60073, USA",http://www.longfengil.com/
Chinese,Hong Kong Chinese Restaurant,"214 W Washington St, Round Lake, IL 60073, USA",
Chinese,New China Chef,"676 S Lake St, Mundelein, IL 60060, USA",http://www.newchinacheftogo.com/
Chinese,New China Buffet,"5945 Andrews Rd, Mentor-On-The-Lake, OH 44060, USA",https://newchinabuffetoh.com/
Chinese,Green Lake Chinese Food,"141 Richmond St, Painesville, OH 44077, USA",
Chinese,Golden Crown Chinese Restaurant,"1624 Mentor Ave, Painesville, OH 44077, USA",https://www.goldencrownpainesville.com/
Chinese,China City,"1278 US-12, Fox Lake, IL 60020, USA",http://www.chinacityfoxlake.com/
Chinese,Dragon star Chinese restaurant,"662 E Hawley St, Mundelein, IL 60060, USA",https://dragonstaronhawley.com/
Chinese,Jade Tree Chinese Cuisine,"7673 Mentor Ave, Mentor, OH 44060, USA",https://app.getyomojo.com/order?vendor=afXF0CDpna&location=lWRK7DmEAd
Chinese,Hunan Lake Chinese Restaurant,"7357 Lakeshore Blvd, Mentor, OH 44060, USA",https://hunan-lake-chinese-restaurant.business.site/?utm_source=gmb&utm_medium=referral
Chinese,Hong Kong Chop Suey,"316 N Lake St, Mundelein, IL 60060, USA",https://hongkongmundelein.com/
Indian,Desi Turka Indian Cuisine | Burnaby,"7807 6th St, Burnaby, BC V3N 4S3, Canada",https://desiturka.ca/
Indian,Indian Bombay Bistro,"7558 6th St, Burnaby, BC V3N 3M3, Canada",https://www.indianbombaybistro.com/
Indian,Taste of India,"420 W Gates St, Mount Vernon, WA 98273, USA",http://www.tasteofindiaskagit.com/
Indian,MADE IN INDIA RESTAURANT,"9685 BC-97 #105, Lake Country, BC V4V 1P5, Canada",https://madeinindiafood.ca/location/lake-country/
Indian,Curries,"7318 Evergreen Way #101, Everett, WA 98204, USA",https://curriesineverett.com/
Indian,Desi Dhaaba,"3900 Washington St, Gurnee, IL 60031, USA",
Indian,Curry Leaf Indian Restaurant,"271 Peterson Rd, Libertyville, IL 60048, USA",https://curryleafil.com/
Indian,Flambe India,"226 Peterson Rd, Libertyville, IL 60048, USA",http://www.flambeindia.com/
Indian,Singh's Kitchen,"620 N Milwaukee Ave, Libertyville, IL 60048, USA",https://www.eatsinghskitchen.com/
Indian,Biryani Pointe - Gurnee,"5414 Grand Ave, Gurnee, IL 60031, USA",https://www.biryanipointegurnee.com/
Indian,Neelima's Kitchen - catering only,"16140 W Pauline Ave, Prairie View, IL 60069, USA",
Indian,Flambe India,"1155 McHenry Rd 102 B, Buffalo Grove, IL 60089, USA",http://flambeindia.com/
Indian,Lakeview Tandoori Bistro,"1118 Lakeview Crescent, Williams Lake, BC V2G 1A3, Canada",https://www.lakeviewtandooribistro.com/
Indian,The Indian Kitchen,"9552 Mentor Ave, Mentor, OH 44060, USA",http://www.theindiankitchenoh.com/?utm_source=gmb&utm_medium=website
Canadian,Hart House Restaurant,"6664 Deer Lake Ave, Burnaby, BC V5E 4H3, Canada",http://www.harthouserestaurant.com/
Russian,Alyonka Russian Cuisine,"2870 W State St, Boise, ID 83702, USA",http://alyonkarussiancuisine.com/
Jewish,Max's Deli,"191 Skokie Valley Rd, Highland Park, IL 60035, USA",https://www.maxs-deli.com/
Polish,Polka Dot Restaurant,"83 S Rand Rd, Lake Zurich, IL 60047, USA",
Polish,Tata’s Pierogi,"570 E Devon Ave, Elk Grove Village, IL 60007, USA",http://tataspierogi.com/
Polish,U Gazdy Polish Restaurant,"270 Irving Park Rd, Wood Dale, IL 60191, USA",http://u-gazdy.com/
Polish,Qulinarnia,"1730 W Golf Rd, Mt Prospect, IL 60056, USA",http://www.qulinarnia.com/
Polish,Bacowka Restaurant,"1120 S Roselle Rd, Schaumburg, IL 60193, USA",https://www.bacowkail.com/
Polish,Reflections on Deep Lake,"38564 N Edgewood St, Lake Villa, IL 60046, USA",http://www.reflectionsondeeplake.com/
Polish,Baltic - Good Polish Food,"Lawrence Court, 7352 W Lawrence Ave, Harwood Heights, IL 60706, USA",http://www.baltic-goodpolishfood.com/
Polish,Podhalanka,"1549 W Division St, Chicago, IL 60642, USA",https://www.podhalankachicago.com/
Polish,Sawa's Old Warsaw Restaurant,"9200 W Cermak Rd, Broadview, IL 60155, USA",http://www.sawasoldwarsaw.com/
Polish,Tasty Polish Food,"3104 N Central Ave, Chicago, IL 60634, USA",
Polish,Smakosz Restaurant,"5619 W Lawrence Ave, Chicago, IL 60630, USA",http://www.smakoszrestaurant.com/
Polish,Polka Restaurant,"4112 Verdugo Rd, Los Angeles, CA 90065, USA",http://polkarestaurant.com/
Polish,Polish Bistro,"8303 W Irving Park Rd, Chicago, IL 60634, USA",http://polishbistrochicago.com/
Polish,Polish & American Bistro,"301 W Northwest Hwy, Barrington, IL 60010, USA",https://polishamericanbistro.com/
Polish,Szarotka Restaurant Bar Banquets,"8100 S Roberts Rd, Justice, IL 60458, USA",https://www.szarotka.us/
Polish,Nad Tatrami Polish Restaurant,"25812 S Governors Hwy, Monee, IL 60449, USA",https://nadtatrami.net/
Polish,Tradycja Restaurant Polish Fusion Cuisine,"14478 LaGrange Rd, Orland Park, IL 60462, USA",http://www.tradycjarestaurant.com/
Polish,White Eagle Deli & Bakery,"6839 N Milwaukee Ave, Niles, IL 60714, USA",https://www.victoriavenues.com/whiteeagle
Polish,Staropolska Restaurant,"3030 N Milwaukee Ave, Chicago, IL 60618, USA",http://staropolskarestaurant.com/
Polish,Olivia's Taste,"7157 W Belmont Ave, Chicago, IL 60634, USA",
German,The Old Bavaria Haus Restaurant,"233 6th St, New Westminster, BC V3L 3A5, Canada",http://www.oldbavariahaus.com/
German,Jägerhof Restaurant,"71 Lonsdale Ave, North Vancouver, BC V7M 2E5, Canada",http://www.jagerhof.ca/
German,Bruno's European Restaurant,"10902 Bridgeport Way SW, Lakewood, WA 98499, USA",https://www.brunoseuropeanrestaurant.com/
German,Gasthaus on the Lake,"5790 Beach Ave, Peachland, BC V0H 1X6, Canada",http://www.gasthaus.ca/
German,Bavaria Restaurant,"33233 Walsh Ave, Abbotsford, BC V2S 1Z9, Canada",http://www.thebavariarestaurant.com/
German,Schnitzel Platz,"729 North Ave, Glendale Heights, IL 60139, USA",https://www.schnitzelplatz.com/
German,Edelweiss German American Cuisine,"7650 W Irving Park Rd, Norridge, IL 60706, USA",http://www.edelweissdining.com/
German,The Bavarian Haus,"433 Alexander St, Mt Dora, FL 32757, USA",http://www.eatatthebavarianhaus.com/
German,Schnell's Brauhaus,"45 W Slade St, Palatine, IL 60067, USA",http://www.schnellsbrauhauspalatine.com/
German,Deutsches Haus (Vancouver Alpen Club),"4875 Victoria Dr, Vancouver, BC V5N 4P3, Canada",https://www.vacbc.ca/
French,Tour De Feast,"319 Mountain Hwy, North Vancouver, BC V7J 2K7, Canada",http://tourdefeast.com/
French,Le Grand Bistro Americain,"2220 Carillon Point, Kirkland, WA 98033, USA",http://www.bistrolegrand.com/
French,French Table,"3916 Main St, Vancouver, BC V5V 3P2, Canada",http://thefrenchtable.ca/
French,Is That French,"45 Blood Alley Square, Vancouver, BC V5B 0C4, Canada",http://isthatfrench.com/
French,Taste of Paris,"161 N Seymour Ave, Mundelein, IL 60060, USA",https://www.tasteofparismundelein.com/
French,Miramar Bistro,"301 Waukegan Ave, Highwood, IL 60040, USA",http://www.miramarbistro.com/
French,D&J Bistro,"466 S Rand Rd, Lake Zurich, IL 60047, USA",https://djbistrorestaurant.com/
Hawaiian,Taste of Aloha-Krachelz Ohana,"514 State Ave STE 106, Marysville, WA 98270, USA",https://www.ordertasteofaloha.com/
Hawaiian,Saimin Says,"269 SW 41st St, Renton, WA 98057, USA",http://saiminsays.com/
Hawaiian,IMUA Hawaiian Style Restaurant,"800 Main St Ste 1, Lewiston, ID 83501, USA",http://imualcv.com/
Hawaiian,Poke Bros.,"703 W Rockland Rd, Lake Bluff, IL 60044, USA",http://eatpokebros.com/
Hawaiian,Ono Hawaiian BBQ,"13070 W Rancho Santa Fe Blvd C-7, Avondale, AZ 85392, USA",http://onobbq.com/
Hawaiian,Aloha Poke Co.,"654 Deerfield Rd, Deerfield, IL 60015, USA",http://www.alohapokeco.com/
Hawaiian,The Tiki Terrace,"1591 Lee St, Des Plaines, IL 60018, USA",http://www.thetikiterrace.com/
Hawaiian,Waikiki Hawaiian BBQ,"1680 Willow Pass Rd e, Concord, CA 94520, USA",https://www.waikikihawaiianbbqconcord.com/
Hawaiian,Honu Poke,"1555 Butterfield Rd Ste 109, Aurora, IL 60502, USA",http://honupokebowls.com/
Hawaiian,Poke Bros.,"6310 Grand Ave Ste 300, Gurnee, IL 60031, USA",http://eatpokebros.com/
Hawaiian,Flyin Hawaiian,"28w468 High Lake Rd Unit 3, West Chicago, IL 60185, USA",https://www.flyinhawaiianchicago.com/
Hawaiian,Ono Hawaiian BBQ,"15560 N Frank Lloyd Wright Blvd, Scottsdale, AZ 85260, USA",https://onohawaiianbbq.com/
Hawaiian,Poke Hale,"1207 W Dundee Rd, Buffalo Grove, IL 60089, USA",http://www.pokehale.net/
Hawaiian,Poke Bros.,"789 E Dundee Rd, Palatine, IL 60074, USA",http://eatpokebros.com/
Hawaiian,Poke Bros.,"1027 N Elmhurst Rd, Mt Prospect, IL 60056, USA",https://www.eatpokebros.com/
Hawaiian,Poke Ono,"1235 N Roselle Rd, Schaumburg, IL 60195, USA",http://gopokeono.com/
Hawaiian,Charcoal & Woodz Restaurant & Bar,"17530 64 Ave, Surrey, BC V3S 1Y9, Canada",https://charcoalandwoodz.com/
Hawaiian,Lew's BBQ,"2703 Pacific Ave, Everett, WA 98201, USA",
Hawaiian,Da Local Boy Cafe,"320 Green Bay Rd, Highwood, IL 60040, USA",http://www.dalocalboy.com/
Brazilian,Rio Brazilian Steak House Coquitlam,"2729 Barnet Hwy, Coquitlam, BC V3E 1K9, Canada",https://riobraziliansteakhouse.ca/
Brazilian,Botteco Brazil Restaurant,"14561 Bothell Way NE, Shoreline, WA 98155, USA",http://bottecobrazil.com/
Brazilian,Fogo de Chão Brazilian Steakhouse,"440 Bellevue Way NE, Bellevue, WA 98004, USA",https://fogodechao.com/location/bellevue/
Brazilian,Novilhos Brazilian Steakhouse,"12405 SE 38th St, Bellevue, WA 98006, USA",https://novilhos.com/
Brazilian,Boteco Brasil Restaurant,"2545 Nanaimo St, Vancouver, BC V5N 5E6, Canada",http://boteco.ca/
Brazilian,The Grill From Ipanema,"2313 1st Ave, Seattle, WA 98121, USA",https://www.seattlegrillfromipanema.com/?y_source=1_OTE5OTMzODItNzE1LWxvY2F0aW9uLndlYnNpdGU%3D
Brazilian,Texas de Brazil - Tacoma,"4502 S Steele St Ste 1340A, Tacoma, WA 98409, USA",https://texasdebrazil.com/locations/tacoma/?utm_source=gmb&utm_medium=yext&y_source=1_NDg4MzA3MjYtNzE1LWxvY2F0aW9uLndlYnNpdGU%3D
Brazilian,Fogo de Chão Brazilian Steakhouse,"18602 Alderwood Mall Pkwy Suite 1110, Lynnwood, WA 98037, USA",https://fogodechao.com/location/lynnwood/
Brazilian,Rio Brazilian Steakhouse,"1122 Denman St, Vancouver, BC V6G 1T2, Canada",http://riobraziliansteakhouse.ca/
Brazilian,Brazil Gourmet,"123 Carrie Cates Ct, North Vancouver, BC V7M 3K7, Canada",http://www.brazilgourmet.ca/
Brazilian,Cafeoca Brazilian Bistro,"4092 Hastings St, Burnaby, BC V5C 2H9, Canada",
Peruvian,El Inka restaurant,"3826 Sunset St, Burnaby, BC V5G 1T3, Canada",
Peruvian,Silvestre Deli & Bistro,"317 Water St, Vancouver, BC V6B 1B8, Canada",http://www.silvestregustolatino.com/
Peruvian,Don Lucho's,"7919 Roosevelt Way NE, Seattle, WA 98115, USA",http://donluchosinseattle.com/
Peruvian,San Fernando Roasted Peruvian Chicken,"16616 International Blvd, SeaTac, WA 98188, USA",http://www.pollos-sanfernando.com/
Peruvian,SUYO Modern Peruvian,"3475 Main St, Vancouver, BC V5V 3M9, Canada",http://www.suyo.ca/
Peruvian,Señor Carbón Peruvian Cuisine,"625 1st Ave, Seattle, WA 98104, USA",https://www.toasttab.com/senorcarbon
Peruvian,Inka Grill,"23600 Rockfield Blvd #2K, Lake Forest, CA 92630, USA",http://inkagrill.com/
Peruvian,Inka Mama's,"26676 Portola Pkwy, Foothill Ranch, CA 92610, USA",http://www.inkamamas.com/
Peruvian,Nory's Restaurant,"23798 Mercury Rd, Lake Forest, CA 92630, USA",
Peruvian,Inka Peru Peruvian Cuisine,"758 Sheridan Rd, Highwood, IL 60040, USA",https://inkaperuperuviancuisine.com/
Salvadorian,Pupuseria y Tienda Latina,"409 State Ave, Marysville, WA 98270, USA",https://order.spoton.com/so-pupuseria-y-tienda-latina-13956/marysville-wa/64527eec83c6e0003df4d72e
Cuban,Copacabana Cuban Café,"320 Dora Drawdy Way, Mt Dora, FL 32757, USA",https://www.copacabanamountdora.com/
Cuban,Twisted Cuban Cafe & Bar,"12631 NE Woodinville Dr, Woodinville, WA 98072, USA",http://www.twistedcubancafe.com/
Cuban,Mexicuban Restaurant & Lounge,"15279 Maple Valley Hwy UNIT 100, Renton, WA 98058, USA",http://mexicubanrenton.com/
Cuban,Mojito,"7545 Lake City Way NE, Seattle, WA 98115, USA",https://mojitoseattle.com/
Cuban,El Cubano To Go,"19920 Aurora Ave N, Shoreline, WA 98133, USA",https://elcubanotogowa.com/
Cuban,Cubanito Express,"3222 S Harlem Ave, Riverside, IL 60546, USA",https://www.cubanitoexpress.com/
Cuban,Cubano Bros,"571 Landmeier Rd, Elk Grove Village, IL 60007, USA",https://www.cubanobros.com/
Cuban,Cafe Con Leche,"2901 1st Ave S, Seattle, WA 98134, USA",http://www.cafeconlecheseattle.com/
Tibetan,The Everest Kitchen,"17171 Bothell Way NE A - 016, Lake Forest Park, WA 98155, USA",https://www.theeverestkitchen.com/
Egyptian,Koshari Zooba,"2519 St Johns St, Port Moody, BC V3H 2B3, Canada",https://order.online/business/koshari-zooba-11732068
Greek,My Greek Taverna,"946 Brunette Ave, Coquitlam, BC V3K 1C9, Canada",http://mygreektaverna.com/
Greek,Dinakis Mediterranean Grill,"2020 Oxford Connector, Port Coquitlam, BC V3C 0A4, Canada",http://www.dinakis.com/
Greek,Vassilis Souvlaki Greek Taverna,"6558 Kingsway, Burnaby, BC V5E 1C5, Canada",http://vassilissouvlakigreektaverna.ca/
Greek,Ramie's Greek Restaurant,"4287 Kingsway, Burnaby, BC V5H 1Z5, Canada",http://www.ramiesgreekrestaurant.com/
Greek,Pallas Athena Greek Kousina,"1250 Dominion Ave, Port Coquitlam, BC V3B 8G7, Canada",http://www.pallasathena.org/
Greek,Sfinaki Greek Taverna,"4061 Hastings St, Burnaby, BC V5C 2J1, Canada",http://www.sfinaki.ca/
Greek,My Greek Taverna Surrey,"6450 120 St, Surrey, BC V3W 3M5, Canada",http://mygreektavernasurrey.com/
Greek,The Greek Corner,"7218 King George Blvd #123, Surrey, BC V3W 5A5, Canada",http://www.thegreekcorner.ca/
Greek,Sparta Greek Taverna and Pizza,"2232 McAllister Ave, Port Coquitlam, BC V3C 2A6, Canada",https://spartaempirepizza.com/
Greek,Greek Village Restaurant,"7953 120 St, Delta, BC V4C 6P6, Canada",http://www.greekvillagedelta.com/
Greek,Kypriaki Mediterranean Grill,"1346 Marine Dr #106, North Vancouver, BC V7P 1T4, Canada",http://www.kypriaki.ca/
Greek,Stefanos Restaurant,"315 Columbia St, New Westminster, BC V3L 1A7, Canada",http://www.stefanos.ca/
Greek,Yiannis Greek Taverna,"543 6th St, New Westminster, BC V3L 3B5, Canada",http://www.yiannisnewwest.com/
Greek,Taverna Greka,"326 Columbia St, New Westminster, BC V3L 1A6, Canada",http://www.taverna.ca/
Greek,Mykonos Greek Grill,"310 NE 72nd St, Seattle, WA 98115, USA",http://www.mykonosgreekgrillseattle.com/
Greek,Primerose Greek Restaurant,"6165 BC-17A, Delta, BC V4K 5B8, Canada",http://www.theprimerose.com/
Greek,Greek Islands Restaurant,"33244 South Fraser Way, Abbotsford, BC V2S 2B3, Canada",https://greekislandsrestaurants.com/greek-islands-abbotsford-sfraserway/
Greek,Greek House Restaurant,"3159 Woodsdale Rd, Lake Country, BC V4V 1X8, Canada",http://www.greekhouserestaurant.ca/
Greek,Giorgio's Greek Cafe,"328 S Meridian, Puyallup, WA 98371, USA",https://www.giorgiosgreekcafe.com/
Greek,Nikko's Gyros Incorporated,"310 Townline Rd, Mundelein, IL 60060, USA",http://www.nikkosgreciangrill.com/
Belgian,THE BELGIAN DELIGHT,"c 1100 County C, Brussels, WI 54204, USA",http://www.belgiandelightbrussels.com/
Irish,Dublin Crossing Irish Pub,"18789 Fraser Hwy #101, Surrey, BC V3S 7Y3, Canada",http://www.dublincrossing.com/
Welsh,Rise and Shine Cafe,"200 W Summit Ave #180, Wales, WI 53183, USA",http://riseandshinewales.com/
Cajun,Battle's Kitchen,"4920 Rural Ave, Ferndale, WA 98248, USA",
Cajun,Poirier's on the River,"416 Myrtle St, Mount Vernon, WA 98273, USA",https://poiriersontheriver.com/
Cajun,Bayou On Bay,"1300 Bay St, Bellingham, WA 98225, USA",http://www.bayouonbay.com/
Portuguese,Portuguese Club Of Vancouver,"1144 Commercial Dr, Vancouver, BC V5L 3X2, Canada",https://thepcov.ca/
Turkish,Anatolia's Gate Restaurant,"7084 Kingsway, Burnaby, BC V5E 1E7, Canada",http://www.anatoliasgaterestaurant.com/
Turkish,Saray Turkish Cuisine,"6633 Hastings St, Burnaby, BC V5B 1S1, Canada",https://sarayturkish.com/
Turkish,Afghan Turkish Cuisine,"422 Willingdon Ave, Burnaby, BC V5C 5G4, Canada",http://www.afghanturkishcuisine.ca/
Turkish,Turkish Donair,"4066 Hastings St, Burnaby, BC V5C 2J3, Canada",https://order.online/store/TurkishDonair-1519392/en-US/?hideModal=true&pickup=true
Turkish,Alanya Doner,"1 Lake St S, Kirkland, WA 98033, USA",
Turkish,Bistro Turkuaz,"1114 34th Ave, Seattle, WA 98122, USA",https://www.bistroturkuazseattle.com/
Turkish,Istanbul Market and Cafe,"2324 Elmhurst Rd, Mt Prospect, IL 60056, USA",http://istanbulmarketandcafe.com/
Turkish,Mezze Uyghur Cuisine,"5095 Canada Wy, Burnaby, BC V5E 3N1, Canada",https://mezze-uyghur-cuisine.square.site/
Haitian,Tap Tap Cuisine,"3927 N Williams Ave, Portland, OR 97227, USA",https://instagram.com/taptap_cuisine?igshid=YzAwZjE1ZTI0Zg%3D%3D&utm_source=qr
Tahitian,Pacific Seas Restaurant,"1151 S Redwood Rd, Salt Lake City, UT 84104, USA",
Kenyan,Africana Food Bank,"4HCX+6JH, Lodwar, Kenya",
Korean,Gawon Express Korean Cuisine,"8968 University High St, Burnaby, BC V5A 4Y6, Canada",https://gawon.webflow.io/
Korean,Insadong Korean BBQ Restaurant,"403 North Rd #301, Coquitlam, BC V3K 3V9, Canada",http://insadongbbq.ca/
Korean,Oh! Zzhu Sam Korean Restaurant,"7506 Edmonds St, Burnaby, BC V3N 1B4, Canada",http://www.ohzzhusam.com/
Korean,Busan Daeji Gukbap Korean Restaurant,"4501 North Rd #201, Burnaby, BC V3N 4R7, Canada",
Korean,Onggi Korean Cuisine 옹기 밴쿠버,"4501 North Rd Unit 103, Burnaby, BC V3N 4R7, Canada",https://www.theonggi.ca/
Korean,Toe Dam Korean Fusion BBQ,"329 North Rd #250, Coquitlam, BC V3K 3V8, Canada",
Korean,Koreana Korean Restaurant,"1001 Austin Ave #101, Coquitlam, BC V3K 3N9, Canada",http://www.koreanaeats.com/
Korean,ARISU Authentic Korean BBQ,"4501 North Rd #203, Burnaby, BC V3N 4R7, Canada",http://arisubbq.com/
Korean,Nadri - Korean Cuisine & Fried Chicken (나드리),"4501 North Rd Unit 111F, Burnaby, BC V3N 4R7, Canada",https://www.nadri.ca/
Korean,Tâ Bom Korean Cuisine,"1046 Austin Ave C, Coquitlam, BC V3K 3P3, Canada",http://www.tabom.ca/
Korean,ARISU Korean BBQ - Edmonds,"7328 Edmonds St, Burnaby, BC V3N 1A8, Canada",http://www.arisubbq.com/
Korean,Banchan Korean Bistro 반찬,"20689 Willoughby Town Centre Dr A160, Langley Twp, BC V2Y 0X7, Canada",https://banchanbistro.com/
Korean,House of Tofu Soup,"4563 North Rd #1, Burnaby, BC V3N 4J5, Canada",https://houseoftofusoup.webflow.io/
Korean,Secret Garden Korean Buffet,"9628 Cameron St, Burnaby, BC V3J 7N3, Canada",http://www.secretgardenbuffet.com/
Korean,Hanwoori Korean Restaurant,"5740 Imperial St, Burnaby, BC V5J 1G2, Canada",http://www.hanwoori.ca/
Korean,#CHIBOP,"1805 Rosser Ave, Burnaby, BC V5C 6R4, Canada",http://www.chibop.ca/
Korean,Na-Re Korean Kitchen,"7413 Edmonds St, Burnaby, BC V3N 1B1, Canada",http://www.narekoreankitchen.com/
Korean,Sooda Korean BBQ,"4455 Lougheed Hwy., Burnaby, BC V5C 3Z2, Canada",http://bangapsooda.com/
Korean,Midam Cafe & Bistro,"4501 North Rd #110a, Burnaby, BC V3N 4R7, Canada",https://midam.godaddysites.com/
Korean,Yewon Korean Restaurant,"341 North Rd, Coquitlam, BC V3K 3V8, Canada",
Algerian,Zebda,"4344 N Elston Ave, Chicago, IL 60641, USA",
Nigerian,Alebi African Cuisine,"10694 135a St, Surrey, BC V3T 4E2, Canada",http://alebiafricanrestaurant.com/
Nigerian,Taste of Africa,"10663 King George Blvd, Surrey, BC V3T 2X6, Canada",
Nigerian,Simba's Grill,"3300 Boundary Rd, Burnaby, BC V5M 4A4, Canada",http://www.simbasgrill.com/
Nigerian,massawa restaurant,"418 6th St, New Westminster, BC V3L 3B2, Canada",
Libyan,Old Jerusalem Restaurant,"1411 N Wells St, Chicago, IL 60610, USA",http://orderoldjerusalemrestaurant.com/
Moroccan,Moltaqa Moroccan Restaurant Mainland Street Yaletown,"1002 Mainland St, Vancouver, BC V6B 6J8, Canada",https://www.moltaqarestaurant.ca/
Lebanese,Mediterranean Kitchen,"11412 NE 124th St, Kirkland, WA 98034, USA",http://www.mediterraneankitchens.net/
Lebanese,Zaina,"8000 Lake City Way NE, Seattle, WA 98115, USA",
Lebanese,Mazahr Lebanese Kitchen,"1488 W 11th Ave, Vancouver, BC V6H 1L1, Canada",http://www.mazahr.ca/
Lebanese,Damoori Kitchen,"3101 W Jameson St, Seattle, WA 98199, USA",http://www.damoorikitchen.com/
Lebanese,Tamam: Fine Palestinian Cuisine,"2616 E Hastings St, Vancouver, BC V5K 1Z6, Canada",http://www.tamam.ca/
Lebanese,Taste Of The Middle East,"26850 W Oasis Srv Rd, Mettawa, IL 60045, USA",
Vietnamese,PHO 99 (SFU),"8901 Cornerstone Mews, Burnaby, BC V5A 4Y6, Canada",http://pho99sfu.com/
Vietnamese,Pho 68 Edmonds,"7360 Edmonds St, Burnaby, BC V3N 0G7, Canada",https://pho68.ca/
Vietnamese,The Viet Noodle Guy,"1902 Rosser Ave, Burnaby, BC V5C 3Z2, Canada",http://www.thevietnoodleguy.ca/
Vietnamese,Little Minh's Kitchen,"7533 Market Crossing, Burnaby, BC V5J 0A3, Canada",http://www.littleminhs.ca/
Vietnamese,Ha Cafe,"4729 Kingsway, Burnaby, BC V5H 2C3, Canada",https://www.hacaferestaurant.com/
Vietnamese,Pho d'lite,"2-4415 Skyline Dr, Burnaby, BC V5C 5Y1, Canada",http://phodlite.restaurant/
Vietnamese,Pho Century Fine Vietnamese Cuisine,"6701 Kingsway, Burnaby, BC V5E 1E4, Canada",https://phocentury.ca/
Vietnamese,Phở Hồng Vietnamese Restaurant,"5975 Kingsway, Burnaby, BC V5J 1H1, Canada",https://drive.google.com/file/d/115uJr6nepSR1ReTJkaxy_DnbqvIZFOPZ/view?usp=drivesdk
Vietnamese,Pho An,"12526 Lake City Way NE, Seattle, WA 98125, USA",https://www.clover.com/online-ordering/pho-an-seattle
Vietnamese,Viet Taste Libertyville (Phở House And Banh Mi Baguette ),"1185 S Milwaukee Ave, Libertyville, IL 60048, USA",https://www.viettaste1.com/
Vietnamese,Pho Tan Restaurant,"3281 Kingsway, Vancouver, BC V5R 5K4, Canada",
Vietnamese,Le Colonial Lake Forest,"655 Forest Ave, Lake Forest, IL 60045, USA",https://lecolonial.com/
Vietnamese,Le Pho Vietnamese Restaurant,"2503 E Hastings St, Vancouver, BC V5K 1Z2, Canada",https://www.facebook.com/LePho604/
Vietnamese,Viet Thai Noodle House,"25 95th Dr NE #108, Lake Stevens, WA 98258, USA",https://www.facebook.com/VietThaiNoodleHouse
Vietnamese,Le’s Pho Restaurant,"500 SE Everett Mall Way a1, Everett, WA 98208, USA",
Vietnamese,Vien Dong Restaurant,"3801 S Yakima Ave, Tacoma, WA 98418, USA",https://www.viendongrestaurant.com/
Vietnamese,Bun Ta Pho & Sushi,"10051 BC-97 #15, Lake Country, BC V4V 1P6, Canada",http://www.buntaphonsushi.ca/
Vietnamese,Pho Xich Lo Geneva,"507S S 3rd St Suite A, Geneva, IL 60134, USA",http://phoxichlo.com/
Vietnamese,Pho Royal Vietnamese Restaurant,"230 W Virginia St Suite 830, Crystal Lake, IL 60014, USA",
Vietnamese,Ivy's Kitchen Vietnamese Restaurant,"4598 Main St, Vancouver, BC V5V 3R5, Canada",
Hungarian,Budapest Bistro,"12926 Mukilteo Speedway, Lynnwood, WA 98037, USA",
Mediterranean,Mediterranean Kitchen,"11412 NE 124th St, Kirkland, WA 98034, USA",http://www.mediterraneankitchens.net/
Mediterranean,Papa Marcos Restaurant,"622 Grand Ave, Waukegan, IL 60085, USA",http://papamarcosrestaurant.com/
Mediterranean,Black Olive Mediterranean Cuisine,"3101 Hoyt Ave, Everett, WA 98201, USA",http://www.blackoliveeverett.com/
Mediterranean,Pita Inn,"200 Oak Creek Plaza, Mundelein, IL 60060, USA",http://www.pita-inn.com/
Mediterranean,Taste Of The Middle East,"26850 W Oasis Srv Rd, Mettawa, IL 60045, USA",
Mediterranean,shawarma king #1,"401 N Riverside Dr Ste 18, Gurnee, IL 60031, USA",https://www.shawarmaking1.com/
Mediterranean,Armo Grill,"516 N Milwaukee Ave, Wheeling, IL 60090, USA",https://armogrill.com/
Mediterranean,Damashkey Cuisine,"2112 E Grand Ave, Lindenhurst, IL 60046, USA",https://www.damashkeycuisine.com/
Mediterranean,MR.PITA : zabiha halal,"3900 Washington St, Gurnee, IL 60031, USA",https://www.mrpitail.com/
Mediterranean,Chrissoulas - Libertyville Restaurant,"602 N Milwaukee Ave, Libertyville, IL 60048, USA",http://www.chrissoulas.com/
Ethiopian,Dahlak Restaurant,"7868 Edmonds St, Burnaby, BC V3N 1B8, Canada",
Ethiopian,Abyssinia Restaurant,"7546 Edmonds St, Burnaby, BC V3N 1B4, Canada",
Ethiopian,Ahadu Ethiopian Restaurant,"1508 NE 117th St, Seattle, WA 98125, USA",http://www.ahadu-ethiopian-restaurant.net/
Ethiopian,Jebena Cafe,"1510 NE 117th St, Seattle, WA 98125, USA",https://www.jebenacafe.com/
Ethiopian,Senait Restaurant Ethiopian Cuisine,"3114 NE 125th St, Seattle, WA 98125, USA",
Ethiopian,Enat Ethiopian Restaurant,"11546-11552, 11546 15th Ave NE, Seattle, WA 98125, USA",https://m.facebook.com/EnatEthiopianRestaurant/
Ethiopian,Harambe Ethiopian Restaurant,"2149 Commercial Dr, Vancouver, BC V5N 4B3, Canada",
Ethiopian,Gojo Café Ethiopia I Ethiopian Cuisine,"2838 Commercial Dr, Vancouver, BC V5N 4C6, Canada",http://www.gojocafe.com/
Ethiopian,Diamond Ethiopian restaurant,"12322-A Lake City Way NE, Seattle, WA 98125, USA",
Ethiopian,Fassil Restaurant,"736 E Broadway, Vancouver, BC V5T 1X9, Canada",http://www.fassil.ca/
Ethiopian,Blue Nile Ethiopian Restaurant,"7821 Rainier Ave S, Seattle, WA 98118, USA",
Ethiopian,Dukem Restaurant and Market,"215 SW 152nd St, Burien, WA 98166, USA",
Ethiopian,Zagol Ethiopian Restaurant,"2722 E Cherry St, Seattle, WA 98122, USA",http://www.zagolethiopianrestaurant.com/
Ethiopian,Ras Dashen Restaurant,"2801 E Cherry St, Seattle, WA 98122, USA",http://www.rasdashenseattle.com/
Ethiopian,Agelgil Ethiopian Restaurant Seattle,"2800 E Cherry St a, Seattle, WA 98122, USA",https://www.seattleethiopianrestaurant.com/
Ethiopian,Axum Restaurant,"1279 E Hastings St, Vancouver, BC V6A 1S4, Canada",http://www.axumrestaurant.ca/
Caribbean,Caribana - Island Grill,"5250 Grand Ave, Gurnee, IL 60031, USA",http://caribanagrill.com/
Caribbean,El Buren Caribbean Cuisine,"331 Waukegan Ave, Highwood, IL 60040, USA",https://elburencaribbeancuisine.com/
Caribbean,Caribbean Cuisine,"6031 N 67th Ave, Glendale, AZ 85301, USA",http://www.caribbeancuisineaz.com/
Caribbean,Taste Of Belize,"2207 Grand Ave, Waukegan, IL 60085, USA",
Caribbean,Montego Bay Restaurant & Grill,"700 Bellwood Ave, Bellwood, IL 60104, USA",
Caribbean,Queens Caribbean Kitchen,"Antioch, IL 60002, USA",http://www.queenscaribbeankitchen.com/
Caribbean,Bahama Breeze,"406 E Golf Rd, Schaumburg, IL 60173, USA",https://www.bahamabreeze.com/locations/il/schaumburg/chicago-schaumburg/3029?cmpid=br:bb_ag:ie_ch:loc_ca:BBGMB_sn:gmb_gt:schaumburg-il-3029_pl:locurl_rd:1015
Caribbean,Mama Jerk N Tings,"29 N Genesee St, Waukegan, IL 60085, USA",
Caribbean,Tequila Butcher at the Caribbean,"135 Lakeview Ave, Excelsior, MN 55331, USA",http://thecaribbeanmarina.com/
Caribbean,Ja' Grill Hyde Park,"1510 E Harper Ct, Chicago, IL 60615, USA",http://www.jagrill.com/
Caribbean,The Caribbean on Lake George,"438 E 4th St, Hobart, IN 46342, USA",https://thecaribbeannwi.com/
Caribbean,Caribbean Jerk Palace,"3792 W 79th St, Chicago, IL 60652, USA",
Caribbean,Aunty Joy's Jamaican Kitchen,"1217 W Devon Ave, Chicago, IL 60660, USA",http://auntyjoys.com/
Caribbean,Good To Go Jamaican Cuisine & Event Space,"711 W Howard St, Evanston, IL 60202, USA",http://www.goodtogorestaurant.com/
Caribbean,Jerk N' More,"29 N Genesee St, Waukegan, IL 60085, USA",http://jerk-n-more.poi.place/
Caribbean,Jamaican Tropical Cuisine,"8010 S Ashland Ave, Chicago, IL 60620, USA",
Caribbean,Jerky Jerk Rolling Meadows,"3991 W Algonquin Rd, Rolling Meadows, IL 60008, USA",https://jerkyjerk.net/
Soul,Dada's Soul,"1301 21st St, Zion, IL 60099, USA",
Argentinian,El Argento,"5001 Auburn Way N, Auburn, WA 98002, USA",https://www.elargentorestaurant.com/
Chilean,Chilenazo,"7238 Canoga Ave, Canoga Park, CA 91303, USA",http://www.chilenazo.net/
Colombian,El Parche Colombiano,"11740 15th Ave NE, Seattle, WA 98125, USA",http://www.elparchecolombiano.com/
Costa Rican,Tom's Pan German Bakery,"300 Mt Al Sur De La Gasolinea, Provincia de Guanacaste, Nuevo Arenal, 50807, Costa Rica",https://www.facebook.com/tomspangermanbakery
Czech,Czech Kitchens,"6733 W Pershing Rd, Stickney, IL 60402, USA",
Danish,Taste of Scandinavia Bakery & Cafe,"845 Village Center Dr, North Oaks, MN 55127, USA",http://www.tasteofscandinavia.com/
Dutch,De Dutch,"1035 Columbia St #102, New Westminster, BC V3M 1C4, Canada",https://dedutch.com/locations/columbia-square/
Ecuadorian,SABORCITO ECUATORIANO,"3536 W Lawrence Ave, Chicago, IL 60625, USA",
Finnish,Finn's Cafe,"1624 1100 E, Salt Lake City, UT 84105, USA",http://www.finnscafe.net/
Ghanaian,Taste of Africa,"10663 King George Blvd, Surrey, BC V3T 2X6, Canada",
Ghanaian,Alebi African Cuisine,"10694 135a St, Surrey, BC V3T 4E2, Canada",http://alebiafricanrestaurant.com/
Ghanaian,Simba's Grill,"3300 Boundary Rd, Burnaby, BC V5M 4A4, Canada",http://www.simbasgrill.com/
Ghanaian,Hadiani African Restaurant,"22003 66th Ave W d2, Mountlake Terrace, WA 98043, USA",http://www.hadianirestaurant.com/?utm_source=google&utm_medium=wix_google_business_profile&utm_campaign=12254110818708891448
Guatemalan,Las delicias Guatemala Restaurant,"24354 Muirlands Blvd, Lake Forest, CA 92630, USA",https://lasdeliciasguatemalarestaurant.com/
Honduran,Antojitos Hondureños,"701 Yeoman St, Waukegan, IL 60085, USA",https://antojitosmenu.com/
Icelandic,Icelandic Street Food,"Lækjargata 8, 101 Reykjavík, Iceland",http://www.icelandicfoods.com/
Indonesian,Peranakan Kitchen (P'Kay),"1122 5th Ave, New Westminster, BC V3M 1Y6, Canada",https://perkit.ca/
Indonesian,Indo Cafe,"13754 Aurora Ave N Suite D, Seattle, WA 98133, USA",http://www.myindocafe.com/
Indonesian,Bali Thai,"88 W Pender St, Vancouver, BC V6B 1R3, Canada",https://www.balithaivancouver.com/
Indonesian,Indo Ranch Restaurant & Grocery,"22722 Lambert St #1701, Lake Forest, CA 92630, USA",
Indonesian,Waroeng Jajanan​,"22315 Hwy 99 i, Edmonds, WA 98026, USA",
Iranian,Cazba Persian Grill Express,"9855 Austin Ave #106, Burnaby, BC V3J 1N4, Canada",https://cazbarestaurant.com/
Iranian,Pasargad Restaurant,"2565 Barnet Hwy #22, Coquitlam, BC V3H 4E2, Canada",http://pasargadrestaurant.ca/
Iranian,The Kebob House Restaurant,"2865 Shaughnessy St, Port Coquitlam, BC V3C 3H1, Canada",http://www.thekebobhouse.com/
Iranian,Noon and Reyhoon Persian Restaurant (takeouts only)رستوران نون و ریحون,"6631 Hastings St Vancouver, Burnaby, BC V5B 1S1, Canada",http://noon-reyhoon.ca/
Iranian,Suren Persian cuisine,"4624 Hastings St, Burnaby, BC V5C 2K5, Canada",https://linktr.ee/surenrestaurant
Iranian,ARBAB KABAB HOUSE,"7481 Edmonds St, Burnaby, BC V3N 1B3, Canada",
Iranian,TiTi Home Made Food,"1196 Pinetree Wy #102, Coquitlam, BC V3B 0L8, Canada",https://titifood.com/
Iranian,Rumi Restaurant,"11729 124th Ave NE, Kirkland, WA 98034, USA",http://kirklandrumirestaurant.net/
Iranian,Khaghan Restaurant North Shore,"935 Marine Dr Unit 66, North Vancouver, BC V7P 1S3, Canada",https://linktr.ee/khaghan
Iranian,Cazba persian grill,"4567 Lougheed Hwy., Burnaby, BC V5C 3Z6, Canada",
Iranian,Cazba Restaurant,"132 16th St W, North Vancouver, BC V7M 1T4, Canada",http://cazbarestaurant.com/
Iranian,Yaas Grill House,"2057 Lonsdale Ave, North Vancouver, BC V7M 2K6, Canada",https://www.yaas.ca/
Iranian,SadraRestaurantرستوران صدراونكوور,"SADRA Persian Restaurant, 1615 Lonsdale Ave, North Vancouver, BC V7M 2J5, Canada",http://sadrarestaurant.ca/
Iranian,Gilaneh GrillHouse Restaurant - North Vancouver,"222 Pemberton Ave, North Vancouver, BC V7P 2R5, Canada",https://gillaneh.com/
Iranian,Mehman Restaurant,"1451 Lonsdale Ave, North Vancouver, BC V7M 2H9, Canada",http://www.mehmanrestaurant.ca/
Iranian,Farsi Food,"1480 Pemberton Ave, North Vancouver, BC V7P 2S1, Canada",http://www.farsifood.ca/
Iranian,Avishan,"20433 Douglas Cres, Langley, BC V3A 4B6, Canada",https://avishanrestaurant.com/
Iranian,Shishlik Grill House | شیشلیک,"1629 Lonsdale Ave, North Vancouver, BC V7M 2J5, Canada",https://shishlik.ca/
Iranian,Noon Cafe,"12095 124th Ave NE, Kirkland, WA 98034, USA",
Iranian,Grab and Go Persian Restaurant,"1805 Lonsdale Ave, North Vancouver, BC V7M 2J8, Canada",https://grabandgopersian.ca/
Iraqi,Mediterranean Kitchen,"11412 NE 124th St, Kirkland, WA 98034, USA",http://www.mediterraneankitchens.net/
Israeli,Mizrahi Grill,"300 Skokie Valley Rd, Highland Park, IL 60035, USA",http://www.mizrahigrill.com/
Jamaican,Morgan's Harbour Jamaican Patties,"1850 Kingsway Ave Unit 9, Port Coquitlam, BC V3C 1S6, Canada",http://morgansharbour.ca/
Jordanian,Al Basha Mediterranean Grill,"2302 1st Ave, Seattle, WA 98121, USA",http://albashaseattle.com/
Kuwaiti,Mais Alghanim,"Kuwait Kuwait city, مدينة الكويت 13012, Kuwait",https://www.maisalghanim.com/
Kuwaiti,Together & Co. Restaurant,"Ground Floor, Mutlaq Abbas Munawir St, Kuwait",
Kuwaiti,Olio Trattoria Italiana,"Beachfront, Jumeirah Messilah Beach Hotel & Spa, Kuwait City 13036, Kuwait",https://www.jumeirah.com/en/dine/kuwait/messilah-olio-trattoria-italiana
Kuwaiti,Pepper Steakhouse,"Jumeirah Messilah Beach Hotel & Spa, Al Ta'awun Street, Kuwait City 22084, Kuwait",https://www.jumeirah.com/en/dine/kuwait/messilah-pepper-steakhouse
Kuwaiti,Wahaj Restaurant,"Al Dabbous Street, 64021, Kuwait",https://www.hyattrestaurants.com/en/dining/kuwait/fahaheel/italian-restaurant-in-italian-hyatt-regency-al-kout-mall
Kuwaiti,Teatro Restaurant,"448P+QPJ, Mangaf, Kuwait",
Laotian,Zaap Der Thai-Lao Kitchen,"913 Croft Ave, Gold Bar, WA 98251, USA",https://www.facebook.com/ZaapDerThaiLaoKitchen?mibextid=LQQJ4d
Laotian,Flavor Thai & Lao Bowl,"208 SW 43rd St, Renton, WA 98057, USA",https://flavorlaobowl.square.site/
Laotian,Khao Niew Lao Food Restaurant,"Inside Cully, Central Building, 4579 NE Cully Blvd, Portland, OR 97218, USA",http://www.khaoniewlaostreetfood.com/
Laotian,Lao Kitchen Restaurant,"1375 George Washington Way, Richland, WA 99354, USA",
Laotian,Khao Niew Lao Food Cart,"979 SW Harrison St, Portland, OR 97201, USA",https://www.khaoniewlaostreetfood.com/
Laotian,Phở Lao Laan Xang,"5610 W Clearwater Ave # B, Kennewick, WA 99336, USA",
Lithuanian,Smilga,"2819 83rd St, Darien, IL 60561, USA",http://www.smilgabakery.com/
Malaysian,Green & Oak Malaysian Restaurant,"3760 Hastings St, Burnaby, BC V5C 2H5, Canada",https://www.greenandoak.com/
Malaysian,IPOH Malaysian Cuisine,"2127-4500 Kingsway, Burnaby, BC V5H 2A9, Canada",https://www.facebook.com/ipohmalaysiancuisine/
Malaysian,Singapore Hawker,"1169 Pacific St #120, Coquitlam, BC V3B 0J1, Canada",http://www.singaporehawker.ca/
Malaysian,Kurumba Restaurant,"3003 St Johns St #107, Port Moody, BC V3H 2C4, Canada",http://www.kurumbarestaurant.com/
Malaysian,Malaysian Hut,"14727 108 Ave, Surrey, BC V3R 1V9, Canada",http://www.malaysianhutrestaurant.com/
Malaysian,John 3:16 Malaysian Delights,"6832 &, 6838 No. 3 Rd, Richmond, BC V6Y 2C4, Canada",https://john316mydelights.com/
Malaysian,Tamarind Hill,"1440 Lonsdale Ave, North Vancouver, BC V7M 2J1, Canada",
Malaysian,Ipoh Malay Cuisine,"1316 W 73rd Ave, Vancouver, BC V6P 4M9, Canada",https://www.ipohmalaycuisine.ca/
Malaysian,Banana Leaf Malaysian Cafe,"1779 Robson St, Vancouver, BC V6G 1C9, Canada",https://www.bananaleaf-vancouver.com/robson
Malaysian,Kopitiam Malaysia,"3885 Rupert St, Vancouver, BC V5R 2G7, Canada",https://kopitiammalaysia.ca/
Malaysian,John 3:16 Malaysian Delights,"1063 W Broadway, Vancouver, BC V6H 1E2, Canada",https://john316mydelights.com/
Malaysian,Malay Satay Hut,"5540, 15230 NE 24th St, Redmond, WA 98052, USA",https://www.malaysatay.com/
Malaysian,Kedai Makan,"1449 E Pine St, Seattle, WA 98122, USA",http://www.kedaimakansea.com/
Malaysian,Reunion Malaysian Cafe + Kitchen,"339 Kirkland Ave C, Kirkland, WA 98033, USA",
Malaysian,Penang Bistro Fine Malaysian Cuisine(10% OFF for Orders from Our Website!),"3932 Fraser St, Vancouver, BC V5V 4E4, Canada",https://penangbistro.zomi.menu/
Malaysian,Laksa King,"2546 E Hastings St, Vancouver, BC V5K 1Z3, Canada",https://laksaking.ca/
Malaysian,Nyonya House - Malaysian Restaurant - Please try to Order from Website,"3866 Bayview St #110, Richmond, BC V7E 3B6, Canada",http://nyonya.richmondpos.com/
Malaysian,Penang Malaysian Cuisine,"1720 W Algonquin Rd, Arlington Heights, IL 60005, USA",http://penangchicago.com/contact-us
Malaysian,Tropika,"2975 Cambie St, Vancouver, BC V5Z 2V7, Canada",http://www.tropikavancouver.ca/
Malaysian,Mamalee - Broadway,"3144 W Broadway, Vancouver, BC V6K 2H3, Canada",http://www.mamalee.ca/
Mongolian,Mongolian Grill Woodinville,"13780 NE 175th St, Woodinville, WA 98072, USA",
Nepalese,The Everest Kitchen,"17171 Bothell Way NE A - 016, Lake Forest Park, WA 98155, USA",https://www.theeverestkitchen.com/
Nicaraguan,Sabor Nicaragüense Restaurant,"1927 S Western Ave, Los Angeles, CA 90018, USA",http://sabornicaraguenserestaurant.com/
Norwegian,Viking Soul Food - Belmont food cart,"4255 SE Belmont St, Portland, OR 97215, USA",http://www.vikingsoulfood.com/
Pakistani,Taste of Lahore restaurant,"9526 120 St, Surrey, BC V3V 4C1, Canada",http://tasteoflahore.ca/
Pakistani,Lahori Restaurant,"12877 80 Ave #109, Surrey, BC V3W 4E9, Canada",https://order.tbdine.com/pickup/44405
Pakistani,Zaiqa Restaurant,"9450 120 St, Surrey, BC V3V 4B9, Canada",http://zaiqarestaurant.ca/
Pakistani,Pakwan House,"13030 76 Ave, Surrey, BC V3W 2V6, Canada",http://pakwanhouse.com/
Pakistani,Dewan-E-Khass,"5750 Fraser St, Vancouver, BC V5W 2Z5, Canada",http://dewanekhass.ca/dishes/
Pakistani,Kabab House,"12041 124th Ave NE, Kirkland, WA 98034, USA",https://www.kababhousepk.com/
Pakistani,Lari Adda Food Truck,"1624 145th Pl SE, Bellevue, WA 98007, USA",https://www.lariaddafoodtruckwa.com/
Pakistani,Caravan Kebab,"9711 Firdale Ave, Edmonds, WA 98020, USA",http://www.caravankebab.com/
Pakistani,Shahi Tandoor & Grill,"23204 57th Ave W, Mountlake Terrace, WA 98043, USA",https://shahitandoorandgrill.com/
Pakistani,Karachi Kabobs,"2543 W Algonquin Rd, Algonquin, IL 60102, USA",http://karachikabobs.com/?utm_source=gmb&utm_medium=referral
Paraguayan,I Love Paraguay Restaurant,"4316 Greenpoint Ave, Queens, NY 11104, USA",http://www.ilovepy.com/
Peruvian,El Inka restaurant,"3826 Sunset St, Burnaby, BC V5G 1T3, Canada",
Peruvian,Silvestre Deli & Bistro,"317 Water St, Vancouver, BC V6B 1B8, Canada",http://www.silvestregustolatino.com/
Peruvian,Don Lucho's,"7919 Roosevelt Way NE, Seattle, WA 98115, USA",http://donluchosinseattle.com/
Peruvian,San Fernando Roasted Peruvian Chicken,"16616 International Blvd, SeaTac, WA 98188, USA",http://www.pollos-sanfernando.com/
Peruvian,SUYO Modern Peruvian,"3475 Main St, Vancouver, BC V5V 3M9, Canada",http://www.suyo.ca/
Peruvian,Señor Carbón Peruvian Cuisine,"625 1st Ave, Seattle, WA 98104, USA",https://www.toasttab.com/senorcarbon
Peruvian,Inka Grill,"23600 Rockfield Blvd #2K, Lake Forest, CA 92630, USA",http://inkagrill.com/
Peruvian,Inka Mama's,"26676 Portola Pkwy, Foothill Ranch, CA 92610, USA",http://www.inkamamas.com/
Peruvian,Nory's Restaurant,"23798 Mercury Rd, Lake Forest, CA 92630, USA",
Peruvian,Inka Peru Peruvian Cuisine,"758 Sheridan Rd, Highwood, IL 60040, USA",https://inkaperuperuviancuisine.com/
Philippine,Kulinarya Filipino Eatery,"2922 Glen Dr, Coquitlam, BC V3B 2P5, Canada",http://www.kulinarya.ca/
Polish,Polka Dot Restaurant,"83 S Rand Rd, Lake Zurich, IL 60047, USA",
Polish,Tata’s Pierogi,"570 E Devon Ave, Elk Grove Village, IL 60007, USA",http://tataspierogi.com/
Polish,U Gazdy Polish Restaurant,"270 Irving Park Rd, Wood Dale, IL 60191, USA",http://u-gazdy.com/
Polish,Qulinarnia,"1730 W Golf Rd, Mt Prospect, IL 60056, USA",http://www.qulinarnia.com/
Polish,Bacowka Restaurant,"1120 S Roselle Rd, Schaumburg, IL 60193, USA",https://www.bacowkail.com/
Polish,Reflections on Deep Lake,"38564 N Edgewood St, Lake Villa, IL 60046, USA",http://www.reflectionsondeeplake.com/
Polish,Baltic - Good Polish Food,"Lawrence Court, 7352 W Lawrence Ave, Harwood Heights, IL 60706, USA",http://www.baltic-goodpolishfood.com/
Polish,Podhalanka,"1549 W Division St, Chicago, IL 60642, USA",https://www.podhalankachicago.com/
Polish,Sawa's Old Warsaw Restaurant,"9200 W Cermak Rd, Broadview, IL 60155, USA",http://www.sawasoldwarsaw.com/
Polish,Tasty Polish Food,"3104 N Central Ave, Chicago, IL 60634, USA",
Polish,Smakosz Restaurant,"5619 W Lawrence Ave, Chicago, IL 60630, USA",http://www.smakoszrestaurant.com/
Polish,Polka Restaurant,"4112 Verdugo Rd, Los Angeles, CA 90065, USA",http://polkarestaurant.com/
Polish,Polish Bistro,"8303 W Irving Park Rd, Chicago, IL 60634, USA",http://polishbistrochicago.com/
Polish,Polish & American Bistro,"301 W Northwest Hwy, Barrington, IL 60010, USA",https://polishamericanbistro.com/
Polish,Szarotka Restaurant Bar Banquets,"8100 S Roberts Rd, Justice, IL 60458, USA",https://www.szarotka.us/
Polish,Nad Tatrami Polish Restaurant,"25812 S Governors Hwy, Monee, IL 60449, USA",https://nadtatrami.net/
Polish,Tradycja Restaurant Polish Fusion Cuisine,"14478 LaGrange Rd, Orland Park, IL 60462, USA",http://www.tradycjarestaurant.com/
Polish,White Eagle Deli & Bakery,"6839 N Milwaukee Ave, Niles, IL 60714, USA",https://www.victoriavenues.com/whiteeagle
Polish,Staropolska Restaurant,"3030 N Milwaukee Ave, Chicago, IL 60618, USA",http://staropolskarestaurant.com/
Polish,Olivia's Taste,"7157 W Belmont Ave, Chicago, IL 60634, USA",
Puerto Rican,Tati’s Puerto Rican Eats,"Lansbury Cir, Lake in the Hills, IL 60156, USA",
Romanian,Sunset Bistro llc,"354 Sunset Blvd N, Renton, WA 98057, USA",
Saudi Arabian,Mediterranean Kitchen,"11412 NE 124th St, Kirkland, WA 98034, USA",http://www.mediterraneankitchens.net/
Singaporean,Singapore Hawker Burnaby,"7150 Sperling Ave, Burnaby, BC V5E 2W5, Canada",http://www.singaporehawker.ca/
Singaporean,Shiok Express,"9855 Austin Ave #907, Burnaby, BC V3J 1N4, Canada",https://shiok.ca/lougheed
Singaporean,Singapore Hawker,"1169 Pacific St #120, Coquitlam, BC V3B 0J1, Canada",http://www.singaporehawker.ca/
Singaporean,Shiok Singaporean Cuisine,"1716 Kingsway, Vancouver, BC V5N 2S4, Canada",http://shiok.ca/
Singaporean,IPOH Malaysian Cuisine,"2127-4500 Kingsway, Burnaby, BC V5H 2A9, Canada",https://www.facebook.com/ipohmalaysiancuisine/
Singaporean,Singapore Express,"2775 Laurel St Room 4145, Vancouver, BC V5Z 1M9, Canada",https://www.qooway.com/OLO/m-en?SingExpOnLaurel
Singaporean,Green & Oak Malaysian Restaurant,"3760 Hastings St, Burnaby, BC V5C 2H5, Canada",https://www.greenandoak.com/
Singaporean,Prata-Man Singapore Cuisine,"9060 Capstan Wy, Richmond, BC V6X 3N6, Canada",https://prata-man-richmond.business.site/
Slovak,Slovak Club Inc,"6920 Broadway, Merrillville, IN 46410, USA",
Slovenian,Stara Gostilna Vecchia Osteria,"Savudrijska ulica 2, 6330 Piran - Pirano, Slovenia",https://stara-gostilna.com/
Somali,Somali Restaurant Midnimo,"55 N Redwood Rd J, Salt Lake City, UT 84116, USA",
Somali,Global Place Somali Restaurant,"1151 S Redwood Rd #101, Salt Lake City, UT 84104, USA",http://www.facebook.com/pages/Global-Place/122741351112213
Somali,Noor Somali Restaurant,"1151 Paxton Ave Suite 108, Salt Lake City, UT 84104, USA",
Somali,Juba Restaurant & Café,"14223 Tukwila International Blvd, Tukwila, WA 98168, USA",
Somali,Mama Sambusa Kitchen,"8319 Wabash Ave S Suite C, Seattle, WA 98118, USA",https://www.mamasambusakitchen.com/?utm_source=google&utm_medium=wix_google_business_profile&utm_campaign=2280415176859227161
Somali,Safari Somali Cuisine,"6319 N Ridge Ave, Chicago, IL 60660, USA",
Somali,Dubai Cafeteria & Expresso,"14857 Tukwila International Blvd, Tukwila, WA 98168, USA",
Somali,Dar Essalam,"29585 Park Pl., Wilsonville, OR 97070, USA",https://daressalamrestaurant.com/
Somali,Ahadu Ethiopian Restaurant,"1508 NE 117th St, Seattle, WA 98125, USA",http://www.ahadu-ethiopian-restaurant.net/
Somali,Yusra & Sabah Restaurant,"7729 Rainier Ave S, Seattle, WA 98118, USA",https://yusraandsabahrestaurant.com/
Somali,African Paradise Restaurant,"2263 Morse Rd, Columbus, OH 43229, USA",
Somali,Laa Mushkila Restaurant,"6258 N Clark St, Chicago, IL 60660, USA",https://www.facebook.com/pages/kulan-restaurant-Chicago/643494205726365
Somali,Somali Cafe and Restaurant,"119 E St Germain St, St Cloud, MN 56304, USA",
Somali,Calanley Somali Restaurant,"3149 Cleveland Ave, Columbus, OH 43224, USA",
Somali,East African Imports & Restaurant,"306 23rd Ave S #104, Seattle, WA 98144, USA",http://www.eastafricanimports.com/
Somali,Kulmiya American & Somali Cuisine,"5666 Columbus Square, Columbus, OH 43231, USA",
Somali,Darba Somalian Restaurant,"2219 Gravois Ave, St. Louis, MO 63104, USA",
Somali,Mogadishu Restaurant,"931 N Orleans St, Chicago, IL 60610, USA",http://mogadishurestaurant.com/
Somali,Ethiopia & Somalia Restaurant,"4191 Cleveland Ave, Columbus, OH 43224, USA",
Somali,Ginevra Cafe,"2285 Morse Rd, Columbus, OH 43229, USA",
South African,Simba's Grill,"3300 Boundary Rd, Burnaby, BC V5M 4A4, Canada",http://www.simbasgrill.com/
Sri Lankan,J.R Taste Of Ceylon,"3929 Knight St, Vancouver, BC V5N 3L8, Canada",http://j-r-taste-of-ceylon.jany.io/
Swiss,WALLISER STUBE,"111 Lake Louise Dr, Lake Louise, AB T0L 1E0, Canada",https://www.fairmont.com/lake-louise/dining/walliser-stube/?utm_source=google+Maps&utm_medium=seo+maps&utm_campaign=seo+maps&y_source=1_MTU2Mzc2NDctNzE1LWxvY2F0aW9uLndlYnNpdGU%3D
Syrian,Ayam Zaman Restaurant,"1090 Lougheed Hwy. #116, Coquitlam, BC V3K 6G9, Canada",
Taiwanese,Chef Hung Taiwanese Beef Noodle,"9055 University High St #109, Burnaby, BC V5A 0A7, Canada",https://www.chefhungnoodle.com/
Taiwanese,The One Restaurant,"5908 Kingsway, Burnaby, BC V5J 1H2, Canada",http://theonerestaurant.ca/
Taiwanese,Ding Hao Noodle House,"2773 Barnet Hwy #4, Coquitlam, BC V3B 1C2, Canada",http://www.dinghaonoodlehouse.com/
Taiwanese,No. 1 Beef Noodle,"4741 Willingdon Ave, Burnaby, BC V5G 3H5, Canada",http://www.jynoodle.com/
Taiwanese,Bubble 88,"10209 King George Blvd #102, Surrey, BC V3T 2W6, Canada",https://bubble88.business.site/
Taiwanese,Kuai Wei Jia,"1163 Pinetree Wy #2102, Coquitlam, BC V3B 8A6, Canada",
Taiwanese,Looking for Chai,"22511 Hwy 99 Suite 100, Edmonds, WA 98026, USA",https://steve11977.wixsite.com/looking-for-chai
Thai,Thai Chef Eatery,"3355 North Rd, Burnaby, BC V3J 1M3, Canada",https://thaichefeatery.com/
Thai,Lhy Thai Restaurant,"7357 Edmonds St, Burnaby, BC V3N 1A9, Canada",
Thai,Thaigo,"4567 Lougheed Hwy., Burnaby, BC V5C 3Z6, Canada",https://broadwayfoodsgroup.ca/thaigo/
Thai,Lakewood Thai Cuisine,"17020 Twin Lakes Ave, Marysville, WA 98271, USA",http://www.lakewoodthai.com/
Thai,Siam Le Bien Thai Cuisine,"Siam Le Bien Thai Cuisine, 4217 Hastings St, Burnaby, BC V5C 2J5, Canada",http://www.siamlebien.com/
Thai,Mae Phim Thai Restaurant,"1212 State Ave Suite E, Marysville, WA 98270, USA",https://maephimthairestaurantwa.com/
Thai,Chad Thai Restaurant,"4010 Hastings St, Burnaby, BC V5C 2H9, Canada",http://chadthai.ca/
Thai,Savvy Thai Cuisine,"22611 76th Ave W Ste 103, Edmonds, WA 98026, USA",http://savvythaicuisine.com/
Thai,Chan Thai Restaurant,"11605 State Ave UNIT 105, Marysville, WA 98271, USA",http://chanthaimarysville.com/
Thai,Patsara Thai,"528 Carnarvon St, New Westminster, BC V3L 1C4, Canada",https://www.patsara.ca/
Thai,Chantana's Thai Food,"11852 BC-97, Lake Country, BC V4V 1E3, Canada",http://www.chantanas.ca/
Thai,Chalerm Thai Bistro,"1841 N High St, Lakeport, CA 95453, USA",
Thai,Bee Thai Cuisine,"33261 1 Ave, Mission, BC V2V 1G7, Canada",http://beethaicuisine.com/
Thai,Seesan Thai Cuisine & Bubble Tea,"2736 N Ridge Rd #2, Painesville, OH 44077, USA",http://www.seesanthaicuisine.com/
Thai,Tokyo at Siam IL(By Dan siam ),"2450 Buckley Rd, North Chicago, IL 60064, USA",https://www.tokyoatsiamcuisine.com/
Thai,BANGKOK TOKYO Restaurant,"227 N Waukegan Rd, Lake Bluff, IL 60044, USA",https://www.bangkoktokyolakebluff.com/
Thai,Thai Noodles Café,"318 S Milwaukee Ave, Libertyville, IL 60048, USA",http://thainoodlescafe.com/
Thai,Kp Thai Street Food & Bubble Tea,"4825 Robinhood Dr, Willoughby, OH 44094, USA",
Thai,Xang Thai & Sushi (Old Lovely Thai),"1144 E Washington St, Grayslake, IL 60030, USA",https://xangthaiandsushi.com/
Thai,Snay Thai,"445 Plaza Dr, Eustis, FL 32726, USA",https://www.snaythairestaurant.com/
Tunisian,Carthage Cafe,"1851 Commercial Dr, Vancouver, BC V5N 4A6, Canada",https://www.carthage.cafe/
Ukrainian,Ukrainian Village,"815 Denman St, Vancouver, BC V6G 2L7, Canada",https://ukrainianvillage.wixsite.com/canada
Venezuelan,Arepa Venezuelan Kitchen,"1405 NE 50th St, Seattle, WA 98105, USA",https://arepavenezuelakitchen.com/
Vietnamese,PHO 99 (SFU),"8901 Cornerstone Mews, Burnaby, BC V5A 4Y6, Canada",http://pho99sfu.com/
Vietnamese,Pho 68 Edmonds,"7360 Edmonds St, Burnaby, BC V3N 0G7, Canada",https://pho68.ca/
Vietnamese,The Viet Noodle Guy,"1902 Rosser Ave, Burnaby, BC V5C 3Z2, Canada",http://www.thevietnoodleguy.ca/
Vietnamese,Little Minh's Kitchen,"7533 Market Crossing, Burnaby, BC V5J 0A3, Canada",http://www.littleminhs.ca/
Vietnamese,Ha Cafe,"4729 Kingsway, Burnaby, BC V5H 2C3, Canada",https://www.hacaferestaurant.com/
Vietnamese,Pho d'lite,"2-4415 Skyline Dr, Burnaby, BC V5C 5Y1, Canada",http://phodlite.restaurant/
Vietnamese,Pho Century Fine Vietnamese Cuisine,"6701 Kingsway, Burnaby, BC V5E 1E4, Canada",https://phocentury.ca/
Vietnamese,Phở Hồng Vietnamese Restaurant,"5975 Kingsway, Burnaby, BC V5J 1H1, Canada",https://drive.google.com/file/d/115uJr6nepSR1ReTJkaxy_DnbqvIZFOPZ/view?usp=drivesdk
Vietnamese,Pho An,"12526 Lake City Way NE, Seattle, WA 98125, USA",https://www.clover.com/online-ordering/pho-an-seattle
Vietnamese,Viet Taste Libertyville (Phở House And Banh Mi Baguette ),"1185 S Milwaukee Ave, Libertyville, IL 60048, USA",https://www.viettaste1.com/
Vietnamese,Pho Tan Restaurant,"3281 Kingsway, Vancouver, BC V5R 5K4, Canada",
Vietnamese,Le Colonial Lake Forest,"655 Forest Ave, Lake Forest, IL 60045, USA",https://lecolonial.com/
Vietnamese,Le Pho Vietnamese Restaurant,"2503 E Hastings St, Vancouver, BC V5K 1Z2, Canada",https://www.facebook.com/LePho604/
Vietnamese,Viet Thai Noodle House,"25 95th Dr NE #108, Lake Stevens, WA 98258, USA",https://www.facebook.com/VietThaiNoodleHouse
Vietnamese,Le’s Pho Restaurant,"500 SE Everett Mall Way a1, Everett, WA 98208, USA",
Vietnamese,Vien Dong Restaurant,"3801 S Yakima Ave, Tacoma, WA 98418, USA",https://www.viendongrestaurant.com/
Vietnamese,Bun Ta Pho & Sushi,"10051 BC-97 #15, Lake Country, BC V4V 1P6, Canada",http://www.buntaphonsushi.ca/
Vietnamese,Pho Xich Lo Geneva,"507S S 3rd St Suite A, Geneva, IL 60134, USA",http://phoxichlo.com/
Vietnamese,Pho Royal Vietnamese Restaurant,"230 W Virginia St Suite 830, Crystal Lake, IL 60014, USA",
Vietnamese,Ivy's Kitchen Vietnamese Restaurant,"4598 Main St, Vancouver, BC V5V 3R5, Canada",
Yemeni,Saba Yemeni Restaurant,"2881 Granville St, Vancouver, BC V6H 3J4, Canada",http://www.sabafoods.ca/
Zambian,African Sunsets Afro-Fusion Restaurant,"66 Twin Palms Rd, Lusaka, Zambia",
