Cuisine Type,Name,Address,Website
Mexican,Cinco De Mayo Mexican Restaurant,"3550 Mahan Dr #10, Tallahassee, FL 32308, USA",https://ordering.foodiestakeout.com/ordering/cincodemayo
Mexican,San Miguel Mexican Restaurant,"200 W Tharpe St, Tallahassee, FL 32303, USA",http://sanmiguelmexicanrestaurant.weebly.com/
Mexican,El Patron Mexican Grill & Cantina,"1170 Apalachee Pkwy, Tallahassee, FL 32301, USA",http://www.grillandcantinaelpatron.com/
Mexican,Echalee Mexican Grill,"515 John Knox Rd, Tallahassee, FL 32303, USA",http://echaleemexicangrill.com/
Mexican,Casa Grande Bar & Grill,"3212 Apalachee Pkwy, Tallahassee, FL 32311, USA",https://casagrandebarandgrill.com/
Mexican,La Tiendita Mexican Restaurant,"1840 N Monroe St, Tallahassee, FL 32303, USA",https://www.latienditatally.com/
Mexican,Pepper's Mexican Grill & Cantina,"1425 Village Square Blvd #5, Tallahassee, FL 32312, USA",http://peppersmexicancantina.com/
Mexican,El Jalisco Monroe,"2022 N Monroe St, Tallahassee, FL 32303, USA",https://www.eljalisco.com/locations/monroe/
Mexican,Los Compadres Mexican Restaurant,"2102 W Pensacola St, Tallahassee, FL 32304, USA",http://www.loscompadrestally.com/
Mexican,Pepper’s Mexican Grill & Cantina,"1140 Capital Cir SE #15, Tallahassee, FL 32301, USA",http://peppersmexicancantina.com/
Mexican,El Jalisco Kerry Forest,"2915 Kerry Forest Pkwy STE 301, Tallahassee, FL 32309, USA",https://www.eljalisco.com/locations/kerry-forest/
Mexican,El Jalisco Apalachee Parkway,"719 Apalachee Pkwy, Tallahassee, FL 32301, USA",https://www.eljalisco.com/locations/apalachee-parkway/
Mexican,Pancho's Mexican Grill,"1525 W Tennessee St, Tallahassee, FL 32304, USA",https://fromtherestaurant.com/panchos-mexican-grill/
Mexican,Tijuana Flats,"3111 Mahan Dr, Tallahassee, FL 32308, USA",https://www.tijuanaflats.com/locations/mahan-dr?utm_source=google&utm_medium=organic&utm_campaign=local-business-listing
Mexican,Pedro's Tacos & Tequila Bar (Tallahassee),"750 Apalachee Pkwy, Tallahassee, FL 32301, USA",https://pedroseastcoast.com/
Mexican,The Iron Daisy,"507 W Gaines St, Tallahassee, FL 32301, USA",http://www.theirondaisytally.com/
Mexican,Locos Tacos & Bar,"1525 W Tharpe St, Tallahassee, FL 32303, USA",
Mexican,El Tio Mexicano,"2259 W Tennessee St, Tallahassee, FL 32304, USA",http://eltiofoodtruck.com/
Mexican,El Jalisco Southwood,"3197 Merchants Row Blvd, Tallahassee, FL 32311, USA",https://www.eljalisco.com/locations/southwood/
Mexican,Taqueria Miranda (Tallahassee),"5323 W Tennessee St, Tallahassee, FL 32304, USA",https://taqueriamirandatallahasseefl.com/
Swedish,The Huntsman,"320 E Tennessee St, Tallahassee, FL 32301, USA",https://www.huntsmantallahassee.com/
Swedish,The Edison - Restaurant Tallahassee,"470 Suwannee St, Tallahassee, FL 32301, USA",http://www.edisontally.com/?utm_source=Google%20My%20Business&utm_medium=Website%20Button&utm_campaign=Tallahassee
Swedish,Leon's at Lake Ella,"1611 N Monroe St, Tallahassee, FL 32303, USA",http://leonstallahassee.com/
Swedish,Savour,"115 E Park Ave, Tallahassee, FL 32301, USA",https://www.savourtallahassee.com/
Swedish,Sage Restaurant,"3534 Maclay Blvd S, Tallahassee, FL 32312, USA",http://www.sagetallahassee.com/
Swedish,The Getaway Grille and Bar,"2386 Allen Rd, Tallahassee, FL 32312, USA",http://www.getawaygrille.com/
Swedish,Bare Naked Kitchen,"609 W Tennessee St, Tallahassee, FL 32304, USA",http://www.eatbarenaked.com/
Swedish,Coosh's Bayou Rouge Restaurant,"6267 Old Water Oak Rd #101, Tallahassee, FL 32312, USA",http://www.cooshs.com/
Swedish,Liberty Bar and Restaurant,"1307 N Monroe St, Tallahassee, FL 32303, USA",http://www.libertytlh.com/
Swedish,The Hawthorn Bistro & Bakery,"1307 N Monroe St #1, Tallahassee, FL 32303, USA",http://hawthorntlh.com/
Swedish,Rae's Restaurant,"3431 Bannerman Rd Suite 104, Tallahassee, FL 32312, USA",http://raesrestauranttlh.com/
Swedish,Georgio's Fine Food and Spirits,"2971 Apalachee Pkwy, Tallahassee, FL 32301, USA",http://georgiostallahassee.com/
Swedish,Yasou Fresh Mediterranean,"3551 N Blair Stone Rd, Tallahassee, FL 32301, USA",http://www.yasoucafe.com/
Swedish,Big Randy’s,"1875 Oak Ridge Rd E, Tallahassee, FL 32305, USA",https://bigrandys.com/menu
Swedish,Dave's Pizza Garage,"2887 Kerry Forest Pkwy APT 1, Tallahassee, FL 32312, USA",https://eatdavespizzagarage.com/
Swedish,Brickyard Pizzeria,"4819 Kerry Forest Pkwy, Tallahassee, FL 32309, USA",https://brickyardpizzeria.com/
Swedish,Maple Street Biscuit Company,"4500 W Shannon Lakes, Tallahassee, FL 32309, USA",https://maplestreetbiscuits.com/
Latvian,Leon's at Lake Ella,"1611 N Monroe St, Tallahassee, FL 32303, USA",http://leonstallahassee.com/
Italian,Olive Garden Italian Restaurant,"1103 Apalachee Pkwy, Tallahassee, FL 32301, USA",https://www.olivegarden.com/locations/fl/tallahassee/tallahassee/1236?cmpid=br:og_ag:ie_ch:loc_ca:OGGMB_sn:gmb_gt:tallahassee-fl-1236_pl:locurl_rd:1176
Italian,Mom & Dad's Italian Restaurant,"3421 Bannerman Rd Suite #104, Tallahassee, FL 32312, USA",http://www.momanddadstally.com/
Italian,Little Italy,"111 S Magnolia Dr #17, Tallahassee, FL 32301, USA",https://www.littleitalytlh.com/
Italian,Village Pizza & Pasta,"1400 Village Square Blvd #33, Tallahassee, FL 32312, USA",https://villagepizzaandpasta.com/
Italian,Carrabba's Italian Grill,"2779 Capital Cir NE, Tallahassee, FL 32308, USA",https://locations.carrabbas.com/florida/tallahassee/2779-capital-circle-ne?y_source=1_MTU1MDI5NzctNzE1LWxvY2F0aW9uLndlYnNpdGU%3D
Italian,IL Lusso,"201 E Park Ave #100, Tallahassee, FL 32301, USA",http://illussotally.com/
Italian,Tour of Italy,"3813 N Monroe St Suite 21, Tallahassee, FL 32303, USA",https://www.tourofitalykitchenmenu.com/?utm_source=gbp
Italian,Bella Bella,"123 E 5th Ave, Tallahassee, FL 32303, USA",https://www.thebellabella.com/
Italian,Z Bardhi's Italian Cuisine,"3596 Kinhega Dr, Tallahassee, FL 32312, USA",http://www.zbardhis.com
Italian,Riccardo's Restaurant,"1950 Thomasville Rd # G, Tallahassee, FL 32303, USA",http://www.riccardostally.com/
Italian,Milano Pizza,"1874 Thomasville Rd, Tallahassee, FL 32303, USA",https://www.milanotally.com/
Italian,Brickyard Pizzeria,"4819 Kerry Forest Pkwy, Tallahassee, FL 32309, USA",https://brickyardpizzeria.com/
Italian,Solle's Pizza,"4019 Fred George Rd, Tallahassee, FL 32303, USA",http://www.sollespizza.com/
Italian,Sbarro,"2447 N Monroe St, Tallahassee, FL 32303, USA",https://www.sbarro.com/
Italian,Gaines Street Pies,"104 E 6th Ave, Tallahassee, FL 32303, USA",http://gainesstreetpies.com/
Italian,Isabella's Pizzeria Napoletana,"799 W Gaines St #101, Tallahassee, FL 32304, USA",http://isabellaspn.com/
Italian,Sbarro,"1500 Apalachee Pkwy, Tallahassee, FL 32301, USA",http://sbarro.com/
Italian,Villa Italian Kitchen,"1500 Apalachee Pkwy Suite 1050, Tallahassee, FL 32301, USA",https://www.villaitaliankitchen.com/
Italian,Gaines Street Pies,"603 W Gaines St #3, Tallahassee, FL 32304, USA",http://www.gainesstreetpies.com/
Italian,Piesanos Stone Fired Pizza,"101 N Blair Stone Rd, Tallahassee, FL 32301, USA",https://www.piesanostogo.com/
Spanish,Casa Tapas & Cantina,"2705 Apalachee Pkwy, Tallahassee, FL 32301, USA",https://casatapasandcantina.com/
Spanish,El Rincón Latino Colombian Restaurant,"2010 W Tennessee St, Tallahassee, FL 32304, USA",http://www.superperroscolombian.com/
American,Cracker Barrel Old Country Store,"2920 Hospitality St, Tallahassee, FL 32303, USA",https://www.crackerbarrel.com/Locations/States/fl/tallahassee/44/?utm_source=google&utm_medium=maps&utm_campaign=crackerbarrelurl
American,Ted's Montana Grill,"1954 Village Green Way, Tallahassee, FL 32308, USA",https://www.tedsmontanagrill.com/tmg039.html
American,Liberty Bar and Restaurant,"1307 N Monroe St, Tallahassee, FL 32303, USA",http://www.libertytlh.com/
American,The Edison - Restaurant Tallahassee,"470 Suwannee St, Tallahassee, FL 32301, USA",http://www.edisontally.com/?utm_source=Google%20My%20Business&utm_medium=Website%20Button&utm_campaign=Tallahassee
American,347 Grille by Coach Shula,"415 N Monroe St, Tallahassee, FL 32301, USA",https://347grille.com/location-tallahassee/
American,Hayward House Bistro,"228 S Adams St, Tallahassee, FL 32301, USA",https://www.haywardhousetlh.com/
American,Burger Barn Grill,"1817 Thomasville Rd Suite 710, Tallahassee, FL 32303, USA",https://burgerbarngrill.com/saint-johns-burger-barn-grill-locations-tallahassee
American,Jacob's On The Plaza,"101 S Adams St, Tallahassee, FL 32301, USA",https://www.hilton.com/en/hotels/thlapdt-doubletree-tallahassee/dining/
American,Ruby Tuesday,"2491 Care Dr, Tallahassee, FL 32308, USA",https://rubytuesday.com/
American,The Bistro - Eat. Drink. Connect.®,"1972 Raymond Diehl Rd, Tallahassee, FL 32308, USA",https://www.marriott.com/hotels/hotel-information/restaurant/tlhcy-courtyard-tallahassee-north-i-10-capital-circle/?scid=f2ae0541-1279-4f24-b197-a979c79310b0
American,Madison Social,"705 S Woodward Ave #101, Tallahassee, FL 32304, USA",http://madisonsocial.com/
American,Backwoods Crossing,"6725 Mahan Dr, Tallahassee, FL 32308, USA",http://www.backwoodscrossing.com/
American,The Huntsman,"320 E Tennessee St, Tallahassee, FL 32301, USA",https://www.huntsmantallahassee.com/
American,Kool Beanz Cafe,"921 Thomasville Rd, Tallahassee, FL 32303, USA",http://www.koolbeanz-cafe.com/
American,Miller's Ale House,"722 Apalachee Pkwy, Tallahassee, FL 32301, USA",https://millersalehouse.com/locations/tallahassee/?utm_source=gmb&utm_medium=organic
American,Bumpa's Local 349,"2738 Capital Cir NE, Tallahassee, FL 32308, USA",http://bumpas349.com/
American,Hobbit American Grill,"2020 W Pensacola St #280, Tallahassee, FL 32304, USA",http://www.myhobbitonline.com/
American,BJ's Restaurant & Brewhouse,"1749 Apalachee Pkwy, Tallahassee, FL 32301, USA",https://www.bjsrestaurants.com/locations/fl/tallahassee?utm_source=google&utm_medium=organic&utm_campaign=google_my_business
American,Village Inn,"3392 Lonnbladh Rd, Tallahassee, FL 32308, USA",https://www.villageinn.com/tallahassee-fl-killearn
American,Table 23,"1215 Thomasville Rd, Tallahassee, FL 32303, USA",http://www.table23tally.com/
Scottish,The Huntsman,"320 E Tennessee St, Tallahassee, FL 32301, USA",https://www.huntsmantallahassee.com/
Scottish,Salty Dawg Pub & Deli,"3813 N Monroe St, Tallahassee, FL 32303, USA",
Scottish,The Getaway Grille and Bar,"2386 Allen Rd, Tallahassee, FL 32312, USA",http://www.getawaygrille.com/
Scottish,Essence Of India,"1105 Apalachee Pkwy, Tallahassee, FL 32301, USA",https://essenceofindiafl.com/
Scottish,Sage Restaurant,"3534 Maclay Blvd S, Tallahassee, FL 32312, USA",http://www.sagetallahassee.com/
Scottish,Bowden's,"619 S Woodward Ave c103, Tallahassee, FL 32304, USA",https://www.bowdenscollegetown.com/
Scottish,The Blu Halo,"3431 Bannerman Rd Suite #102, Tallahassee, FL 32312, USA",https://www.thebluhalo.com/
Scottish,Liberty Bar and Restaurant,"1307 N Monroe St, Tallahassee, FL 32303, USA",http://www.libertytlh.com/
Scottish,Island Wing Company Tallahassee,"1370 Market St, Tallahassee, FL 32312, USA",https://www.islandwing.com/locations/tallahassee-fl/
Scottish,Flamingoz A Taste of Miami,"620-1 Railroad Sq, Tallahassee, FL 32310, USA",https://itzsmackin.kwickmenu.com/
Scottish,Georgio's Fine Food and Spirits,"2971 Apalachee Pkwy, Tallahassee, FL 32301, USA",http://georgiostallahassee.com/
Scottish,Florida Wing Factory,"3551 S Blair Stone Rd Suite 124, Tallahassee, FL 32301, USA",https://www.flwingfactory.com/?y_source=1_MTQ3MjMwNjktNzE1LWxvY2F0aW9uLndlYnNpdGU%3D
Scottish,South Station,"1215 S Adams St, Tallahassee, FL 32301, USA",http://southstationtlh.com/
Scottish,Savour,"115 E Park Ave, Tallahassee, FL 32301, USA",https://www.savourtallahassee.com/
Scottish,Ma's Diner,"6668-9 Thomasville Rd, Tallahassee, FL 32312, USA",http://facebook.com/masdinertally
Scottish,Mom & Dad's Italian Restaurant,"3421 Bannerman Rd Suite #104, Tallahassee, FL 32312, USA",http://www.momanddadstally.com/
Scottish,Leon's at Lake Ella,"1611 N Monroe St, Tallahassee, FL 32303, USA",http://leonstallahassee.com/
Scottish,Rae's Restaurant,"3431 Bannerman Rd Suite 104, Tallahassee, FL 32312, USA",http://raesrestauranttlh.com/
Scottish,Ms. Dee's Kitchen 51 LLC,"717 Old Bainbridge Rd, Tallahassee, FL 32303, USA",http://msdees.com/
Scottish,Gaines Street Pies,"603 W Gaines St #3, Tallahassee, FL 32304, USA",http://www.gainesstreetpies.com/
British,The Huntsman,"320 E Tennessee St, Tallahassee, FL 32301, USA",https://www.huntsmantallahassee.com/
British,Liberty Bar and Restaurant,"1307 N Monroe St, Tallahassee, FL 32303, USA",http://www.libertytlh.com/
British,Finnegan's Wake,"1122 Thomasville Rd # 2, Tallahassee, FL 32303, USA",http://finnspub.com/
British,Hayward House Bistro,"228 S Adams St, Tallahassee, FL 32301, USA",https://www.haywardhousetlh.com/
British,Brick House Restaurant & Bar,"402 W College Ave, Tallahassee, FL 32301, USA",http://brickhousetally.com/
British,Clusters & Hops,"1866 Thomasville Rd, Tallahassee, FL 32303, USA",http://www.winencheese.com/
British,Kool Beanz Cafe,"921 Thomasville Rd, Tallahassee, FL 32303, USA",http://www.koolbeanz-cafe.com/
British,The Getaway Grille and Bar,"2386 Allen Rd, Tallahassee, FL 32312, USA",http://www.getawaygrille.com/
British,Bare Naked Kitchen,"609 W Tennessee St, Tallahassee, FL 32304, USA",http://www.eatbarenaked.com/
British,Georgio's Fine Food and Spirits,"2971 Apalachee Pkwy, Tallahassee, FL 32301, USA",http://georgiostallahassee.com/
British,Bar 1903,"209 E Park Ave, Tallahassee, FL 32301, USA",http://bar1903tlh.com/
British,Midtown Caboose,"1406 N Meridian Rd, Tallahassee, FL 32303, USA",https://midtowncaboose.com/
British,The Hawthorn Bistro & Bakery,"1307 N Monroe St #1, Tallahassee, FL 32303, USA",http://hawthorntlh.com/
British,Sage Restaurant,"3534 Maclay Blvd S, Tallahassee, FL 32312, USA",http://www.sagetallahassee.com/
British,Big Randy’s,"1875 Oak Ridge Rd E, Tallahassee, FL 32305, USA",https://bigrandys.com/menu
British,Rae's Restaurant,"3431 Bannerman Rd Suite 104, Tallahassee, FL 32312, USA",http://raesrestauranttlh.com/
British,Rock N Roll Sushi,"222 S Magnolia Dr, Tallahassee, FL 32301, USA",https://rocknrollsushi.com/locations/tallahassee-fl-magnolia/
British,Rock N Roll Sushi,"1415 Timberlane Rd Unit 305, Tallahassee, FL 32312, USA",https://rocknrollsushi.com/locations/tallahassee-fl/
British,Sliders - A Sandwich Revolution,"1122 Thomasville Rd #4, Tallahassee, FL 32303, USA",https://www.sliderstlh.com/
British,Savour,"115 E Park Ave, Tallahassee, FL 32301, USA",https://www.savourtallahassee.com/
Thai,Bahn Thai Restaurant,"2531 Apalachee Pkwy, Tallahassee, FL 32301, USA",
Thai,Reangthai Thai Restaurant,"2740 Capital Cir NE, Tallahassee, FL 32308, USA",https://orderreangthai.com/
Thai,Thai Place,"2915 Kerry Forest Pkwy STE 604, Tallahassee, FL 32309, USA",http://www.facebook.com/kerryforestthaiplace
Thai,Thai Kitchen Cuisine,"1400 Village Square Blvd #114, Tallahassee, FL 32312, USA",https://www.thaikitchencuisine.com/
Thai,Royal Thai and Sushi,"2020 W Pensacola St Space 150, Tallahassee, FL 32304, USA",https://royalthaisushi.com/
Thai,Siam Sushi,"1700 Suite 9, N Monroe St, Tallahassee, FL 32303, USA",http://www.siamsushimenu.com/
Thai,Siam Bistro,"6808 Thomasville Rd STE 109, Tallahassee, FL 32312, USA",https://www.siambistro-tally.com/
Thai,Little Masa,"619 S Woodward Ave STE 105, Tallahassee, FL 32304, USA",http://littlemasa.com/
Thai,Lemongrass,"2415 N Monroe St, Tallahassee, FL 32303, USA",http://lemongrasstally.com/
Thai,Masa,"1650 N Monroe St, Tallahassee, FL 32303, USA",http://www.masatallahassee.com/
Thai,Tan's Asian Cafe,"2743 Capital Cir NE #110, Tallahassee, FL 32308, USA",https://order.online/business/tans-asian-cafe-288459
Japanese,Tsuki Sushi,"2819 Mahan Dr Suite 106, Tallahassee, FL 32308, USA",https://tsukitally.com/
Japanese,Osaka Japanese Steak House,"1489 Maclay Commerce Dr, Tallahassee, FL 32312, USA",http://www.theosakasteakhouse.com/
Japanese,Nagoya Steakhouse and Sushi,"1925 N Monroe St, Tallahassee, FL 32303, USA",http://www.nagoyafl.com/
Japanese,Rock N Roll Sushi,"222 S Magnolia Dr, Tallahassee, FL 32301, USA",https://rocknrollsushi.com/locations/tallahassee-fl-magnolia/
Japanese,Kiku Japanese Fusion,"3491 Thomasville Rd #12, Tallahassee, FL 32309, USA",https://kikubogo.com/
Japanese,Sakura Japanese Sushi & Grill,"1318 N Monroe St, Tallahassee, FL 32303, USA",https://www.sakurafl.com/
Japanese,Sado Mori Japanese Steak House,"2810 Sharer Rd, Tallahassee, FL 32312, USA",
Japanese,Hasu Sushi & Grill I,"3551 N Blair Stone Rd, Tallahassee, FL 32301, USA",http://hasusushigrilli.com/
Japanese,Japanica Steakhouse & Sushi Bar,"3111 Mahan Dr #15, Tallahassee, FL 32308, USA",https://www.japanicatally.com/
Japanese,Sake House Japanese Bistro,"800 Ocala Rd #370, Tallahassee, FL 32304, USA",https://sakehousetally.com/
Japanese,Masa,"1650 N Monroe St, Tallahassee, FL 32303, USA",http://www.masatallahassee.com/
Japanese,Rock N Roll Sushi,"1415 Timberlane Rd Unit 305, Tallahassee, FL 32312, USA",https://rocknrollsushi.com/locations/tallahassee-fl/
Japanese,Izzy Pub & Sushi,"1123-3 Thomasville Rd, Tallahassee, FL 32303, USA",http://www.izzymidtown.com/
Japanese,Siam Sushi,"1700 Suite 9, N Monroe St, Tallahassee, FL 32303, USA",http://www.siamsushimenu.com/
Japanese,Roboto Tokyo Grill,"1350 W Tennessee St, Tallahassee, FL 32304, USA",http://robototokyogrill.square.site/
Japanese,Boru Boru - Sushi Burrito + Ramen + Bowl,"1861 W Tennessee St #290, Tallahassee, FL 32304, USA",https://www.boruborutally.com/
Japanese,Roboto Tokyo Grill,"3122 Mahan Dr, Tallahassee, FL 32308, USA",https://robototokyogrill.com/
Japanese,Sarku Japan,"1500 Apalachee Pkwy Space #1065, Tallahassee, FL 32301, USA",https://www.sarkujapan.com/
Japanese,Roboto Tokyo Grill,"2043 W Pensacola St, Tallahassee, FL 32304, USA",https://robototokyogrill.square.site/
Japanese,Genji,"1817 Thomasville Rd, Tallahassee, FL 32303, USA",http://www.genjiweb.com/
Chinese,China Dragon,"1717 Apalachee Pkwy, Tallahassee, FL 32301, USA",https://www.chinadragonfl.com/
Chinese,Great Wall Chinese Restaurant,"4220 W Tennessee St, Tallahassee, FL 32304, USA",https://www.floridagreatwall.com/
Chinese,China Wok Restaurant,"3551 S Blair Stone Rd #111, Tallahassee, FL 32301, USA",http://chinawoktally.com/
Chinese,Chopstix Chinese Restaurant,"3539 Apalachee Pkwy, Tallahassee, FL 32311, USA",http://www.chopstixchinesefl.com/
Chinese,Long Garden Chinese Restaurant,"800 Ocala Rd Suite 420, Tallahassee, FL 32304, USA",https://www.beyondmenu.com/21622/a/long-garden-chinese-restaurant-tallahassee-32304.aspx
Chinese,China First,"400 Capital Cir SE, Tallahassee, FL 32301, USA",https://www.chinafirstflorida.com/0v9k5tla/restaurant/order-online
Chinese,Emerald Garden,"2910 Kerry Forest Pkwy, Tallahassee, FL 32309, USA",http://www.emeraldgardenfl.com/
Chinese,China King,"3840 N Monroe St Apartment 204, Tallahassee, FL 32303, USA",https://chinakingtatogo.com/
Chinese,Empire chinese food,"1700 N Monroe St Ste 12, Tallahassee, FL 32303, USA",https://www.empiretally.com/
Chinese,Nihao Chinese Restaurant,"6668 Thomasville Rd, Tallahassee, FL 32312, USA",https://nihaochinesefl.com/
Chinese,Hong Kong Chinese Restaurant,"1214 Capital Cir SE Unit C, Tallahassee, FL 32301, USA",https://flhongkongtogo.com/
Chinese,Panda Express,"1410 W Tennessee St, Tallahassee, FL 32304, USA",https://www.pandaexpress.com/locations/fl/tallahassee/1873
Chinese,Hong Kong II,"2525 S Monroe St # 26, Tallahassee, FL 32301, USA",https://www.hongkong2tallahasseefl.com/
Chinese,Pei Wei Asian Express,"1500 Apalachee Pkwy, Tallahassee, FL 32301, USA",https://www.peiwei.com/florida/530-governors-square-mall/
Chinese,Dao Restaurant,"3425 Bannerman Rd Unit A102, Tallahassee, FL 32312, USA",http://www.daotally.com/
Chinese,Tan's Asian Cafe,"2743 Capital Cir NE #110, Tallahassee, FL 32308, USA",https://order.online/business/tans-asian-cafe-288459
Chinese,Hong Kong 2,"2525 S Monroe St, Tallahassee, FL 32301, USA",https://tallahasseehongkong2.com/
Chinese,Chow Time Grill & Buffet,"1849 Capital Cir NE, Tallahassee, FL 32308, USA",http://chowtimebuffet-tallahassee.com/
Chinese,Azu Lucy Ho's,"3220 Apalachee Pkwy #13, Tallahassee, FL 32311, USA",https://www.azutally.com/
Chinese,Panda Express,"2247 Capital Cir NE, Tallahassee, FL 32308, USA",https://www.pandaexpress.com/locations/fl/tallahassee/2029
Indian,Essence Of India,"1105 Apalachee Pkwy, Tallahassee, FL 32301, USA",https://essenceofindiafl.com/
Indian,Mayuri Indian Restaurant,"1324 Simpson Ave, Tallahassee, FL 32301, USA",https://mayuriindiantallahassee.com/
Indian,Aaru's Multicuisine Restaurant,"1108 S Magnolia Dr, Tallahassee, FL 32301, USA",https://aaruz.com/
Indian,Persis Indian Grill,"3111 Mahan Drive #26 And 27, Tallahassee, FL 32308, USA",http://www.persistally.com/
Canadian,The Huntsman,"320 E Tennessee St, Tallahassee, FL 32301, USA",https://www.huntsmantallahassee.com/
Canadian,Bowden's,"619 S Woodward Ave c103, Tallahassee, FL 32304, USA",https://www.bowdenscollegetown.com/
Canadian,Midtown Caboose,"1406 N Meridian Rd, Tallahassee, FL 32303, USA",https://midtowncaboose.com/
Canadian,The Edison - Restaurant Tallahassee,"470 Suwannee St, Tallahassee, FL 32301, USA",http://www.edisontally.com/?utm_source=Google%20My%20Business&utm_medium=Website%20Button&utm_campaign=Tallahassee
Canadian,Liberty Bar and Restaurant,"1307 N Monroe St, Tallahassee, FL 32303, USA",http://www.libertytlh.com/
Canadian,BJ's Restaurant & Brewhouse,"1749 Apalachee Pkwy, Tallahassee, FL 32301, USA",https://www.bjsrestaurants.com/locations/fl/tallahassee?utm_source=google&utm_medium=organic&utm_campaign=google_my_business
Canadian,Horizons Bar and Grille,"3427 Bannerman Rd Suite 104, Tallahassee, FL 32312, USA",http://www.horizonsbarandgrille.com/
Canadian,Leon's at Lake Ella,"1611 N Monroe St, Tallahassee, FL 32303, USA",http://leonstallahassee.com/
Canadian,Canopy Road Café,"1913 N Monroe St, Tallahassee, FL 32303, USA",https://www.canopyroadcafe.com/
Canadian,Bare Naked Kitchen,"609 W Tennessee St, Tallahassee, FL 32304, USA",http://www.eatbarenaked.com/
Canadian,Hopkins Eatery,"1415 Market St, Tallahassee, FL 32312, USA",http://www.hopkinseatery.com/
Canadian,Ma's Diner,"6668-9 Thomasville Rd, Tallahassee, FL 32312, USA",http://facebook.com/masdinertally
Canadian,4th Quarter Bar & Grille,"2033 N Monroe St, Tallahassee, FL 32303, USA",https://www.facebook.com/4thQuarterBarGrill
Canadian,Mimi's Table,"1311 Miccosukee Rd, Tallahassee, FL 32308, USA",https://www.mimistabletally.com/
Canadian,Georgio's Fine Food and Spirits,"2971 Apalachee Pkwy, Tallahassee, FL 32301, USA",http://georgiostallahassee.com/
Canadian,Glory Days Grill,"1926 Capital Cir NE, Tallahassee, FL 32308, USA",https://glorydaysgrill.olo.com/
Canadian,The Blu Halo,"3431 Bannerman Rd Suite #102, Tallahassee, FL 32312, USA",https://www.thebluhalo.com/
Canadian,Sliders - A Sandwich Revolution,"1122 Thomasville Rd #4, Tallahassee, FL 32303, USA",https://www.sliderstlh.com/
Canadian,Rae's Restaurant,"3431 Bannerman Rd Suite 104, Tallahassee, FL 32312, USA",http://raesrestauranttlh.com/
Canadian,Sage Restaurant,"3534 Maclay Blvd S, Tallahassee, FL 32312, USA",http://www.sagetallahassee.com/
Russian,Cafe Yerushalmi,"910 Lake Bradford Rd, Tallahassee, FL 32304, USA",
Jewish,Cafe Yerushalmi,"910 Lake Bradford Rd, Tallahassee, FL 32304, USA",
Polish,Yasou Fresh Mediterranean,"3551 N Blair Stone Rd, Tallahassee, FL 32301, USA",http://www.yasoucafe.com/
German,Cafe Yerushalmi,"910 Lake Bradford Rd, Tallahassee, FL 32304, USA",
German,Hollerbach's German Restaurant,"201-205 E 1st St, Sanford, FL 32771, USA",https://hollerbachs.com/
German,The Huntsman,"320 E Tennessee St, Tallahassee, FL 32301, USA",https://www.huntsmantallahassee.com/
German,Clusters & Hops,"1866 Thomasville Rd, Tallahassee, FL 32303, USA",http://www.winencheese.com/
German,Smitty's Taphouse & Grill,"6265 Old Water Oak Rd Suite 101-B, Tallahassee, FL 32312, USA",http://smittystaphouse.com/
German,Flamingoz A Taste of Miami,"620-1 Railroad Sq, Tallahassee, FL 32310, USA",https://itzsmackin.kwickmenu.com/
German,Backwoods Crossing,"6725 Mahan Dr, Tallahassee, FL 32308, USA",http://www.backwoodscrossing.com/
German,The Getaway Grille and Bar,"2386 Allen Rd, Tallahassee, FL 32312, USA",http://www.getawaygrille.com/
German,Fermentation Lounge,"416 All Saints St UNIT 113, Tallahassee, FL 32301, USA",https://fermentationlounge.com/
German,Leon's at Lake Ella,"1611 N Monroe St, Tallahassee, FL 32303, USA",http://leonstallahassee.com/
German,Liberty Bar and Restaurant,"1307 N Monroe St, Tallahassee, FL 32303, USA",http://www.libertytlh.com/
German,Georgio's Fine Food and Spirits,"2971 Apalachee Pkwy, Tallahassee, FL 32301, USA",http://georgiostallahassee.com/
German,Food Glorious Food,"1950 Thomasville Rd, Tallahassee, FL 32303, USA",http://foodgloriousfood.com/
German,Growler Country,"3305 Capital Cir NE, Tallahassee, FL 32308, USA",http://www.growlercountry.com/
German,Hopkins Eatery,"1660 N Monroe St, Tallahassee, FL 32303, USA",http://www.hopkinseatery.com/
German,Schnitzel & More,"4504 E Hwy 20, Niceville, FL 32578, USA",https://www.schnitzelandmore.com/
German,Hopkins Eatery,"1415 Market St, Tallahassee, FL 32312, USA",http://www.hopkinseatery.com/
German,Bradley's Country Store,"10655 Centerville Rd, Tallahassee, FL 32309, USA",https://www.bradleyscountrystore.com/
German,Lemon And Thyme,"1120 Thomasville Rd, Tallahassee, FL 32303, USA",https://www.eatlemonandthyme.com/
German,Ology Brewing Co [Northside],"2910 Kerry Forest Pkwy Unit 8, Tallahassee, FL 32309, USA",http://www.ologybrewing.com/
French,Little Paris Tallahassee,"1355 Market St a7, Tallahassee, FL 32312, USA",http://littleparistallahassee.com/
Hawaiian,Island Fin Poke Co. - Tallahassee,"1415 Timberlane Rd Ste 407, Tallahassee, FL 32312, USA",https://www.islandfinpoke.com/location/tallahassee-fl/
Hawaiian,Natural Kitchen ( poke bowl and bubble tea),"1525 W Tennessee St #205, Tallahassee, FL 32304, USA",http://www.naturalkitchenusa.com/
Hawaiian,BENTO Tallahassee,"1660 W Tennessee St Unit 4, Tallahassee, FL 32304, USA",https://eatatbento.com/locations/tallahassee-fsu-area/?utm_source=gbp&utm_medium=website-button&utm_campaign=tallahassee-gbp
Hawaiian,Kami Poke,"1779 Apalachee Pkwy ste106, Tallahassee, FL 32301, USA",http://www.kamipoke.com/
Brazilian,Via Brazil Cafe & Market,"1842 N Monroe St, Tallahassee, FL 32303, USA",https://www.viabrazil.net/
Peruvian,Café de Martín,"2743 Capital Cir NE, Tallahassee, FL 32308, USA",https://www.cafedemartin.com/
Salvadorian,El Viroleño Salvadorean Cuisine,"2910 Kerry Forest Pkwy # B1, Tallahassee, FL 32309, USA",https://elvirolenosalvadoreancuisinefl.com/
Cuban,Habana's Boardwalk - Cuban Restaurant,"2819 Mahan Dr #126, Tallahassee, FL 32308, USA",http://habanasboardwalk.com/
Cuban,Gordos,"1907 W Pensacola St, Tallahassee, FL 32304, USA",http://gordoscubanfood.com/
Cuban,Gordos Northside,"1460 Market St Suite #3-4, Tallahassee, FL 32312, USA",http://www.gordoscubanfood.com/
Tibetan,Essence Of India,"1105 Apalachee Pkwy, Tallahassee, FL 32301, USA",https://essenceofindiafl.com/
Tibetan,Aaru's Multicuisine Restaurant,"1108 S Magnolia Dr, Tallahassee, FL 32301, USA",https://aaruz.com/
Tibetan,Tan's Asian Cafe,"2743 Capital Cir NE #110, Tallahassee, FL 32308, USA",https://order.online/business/tans-asian-cafe-288459
Tibetan,Masa,"1650 N Monroe St, Tallahassee, FL 32303, USA",http://www.masatallahassee.com/
Tibetan,Yasou Fresh Mediterranean,"3551 N Blair Stone Rd, Tallahassee, FL 32301, USA",http://www.yasoucafe.com/
Tibetan,Sahara Cafe. Mediterranean Cuisine,"1135 Apalachee Pkwy, Tallahassee, FL 32301, USA",http://www.saharacafeone.com/
Tibetan,Azu Lucy Ho's,"3220 Apalachee Pkwy #13, Tallahassee, FL 32311, USA",https://www.azutally.com/
Tibetan,Bahn Thai Restaurant,"2531 Apalachee Pkwy, Tallahassee, FL 32301, USA",
Tibetan,Bare Naked Kitchen,"609 W Tennessee St, Tallahassee, FL 32304, USA",http://www.eatbarenaked.com/
Tibetan,Real Sarap,"435 W Tennessee St, Tallahassee, FL 32301, USA",
Tibetan,Eve on Adams,"101 S Adams St, Tallahassee, FL 32301, USA",https://www.eoatally.com/
Tibetan,Midtown Caboose,"1406 N Meridian Rd, Tallahassee, FL 32303, USA",https://midtowncaboose.com/
Tibetan,Chatarras Restaurant,"3348 Mahan Dr Suite 2, Tallahassee, FL 32308, USA",https://www.chatarras850.com/
Tibetan,Ted's Montana Grill,"1954 Village Green Way, Tallahassee, FL 32308, USA",https://www.tedsmontanagrill.com/tmg039.html
Tibetan,Big Randy’s,"1875 Oak Ridge Rd E, Tallahassee, FL 32305, USA",https://bigrandys.com/menu
Tibetan,Walk-On's Sports Bistreaux - Tallahassee Restaurant,"3390 Capital Cir NE, Tallahassee, FL 32308, USA",https://locate.walk-ons.com/fl/tallahassee/restaurants-410.html
Tibetan,Hopdoddy Burger Bar,"3425 Thomasville Rd Ste 21, Tallahassee, FL 32308, USA",https://www.hopdoddy.com/locations/tallahassee?utm_source=google&utm_medium=organic&utm_campaign=gmb-listing&utm_content=tallahassee
Tibetan,Dejavu Venezuelan Food,"Thomasville Rd, Tallahassee, FL 32309, USA",http://www.dejavuvenezuelanfood.com/
Tibetan,Texas Roadhouse,"3131 Capital Cir NE, Tallahassee, FL 32308, USA",https://www.texasroadhouse.com/locations/florida/tallahassee?utm_source=listing&utm_medium=search
Tibetan,Georgio's Fine Food and Spirits,"2971 Apalachee Pkwy, Tallahassee, FL 32301, USA",http://georgiostallahassee.com/
Egyptian,Kairos Mediterranean,"1415 Timberlane Rd, Tallahassee, FL 32312, USA",https://www.eatkairos.com/
Egyptian,64 Tally Gyro & Kebabs,"2039 W Pensacola St, Tallahassee, FL 32304, USA",https://64tally.com/
Egyptian,Sahara Cafe. Mediterranean Cuisine,"1135 Apalachee Pkwy, Tallahassee, FL 32301, USA",http://www.saharacafeone.com/
Egyptian,Cafe Yerushalmi,"910 Lake Bradford Rd, Tallahassee, FL 32304, USA",
Egyptian,Taziki's Mediterranean Cafe - Tallahassee,"216 S Magnolia Dr, Tallahassee, FL 32301, USA",https://www.tazikis.com/location/tallahassee
Egyptian,Yasou Fresh Mediterranean,"3551 N Blair Stone Rd, Tallahassee, FL 32301, USA",http://www.yasoucafe.com/
Egyptian,Kebabas Mediterranean Grill,"601 W Gaines St, Tallahassee, FL 32304, USA",http://kebabasgrill.com/
Egyptian,Halisi Africa,"62517 Railroad Sq, Tallahassee, FL 32310, USA",http://www.halisiafrica.com/
Egyptian,Little Athens Gyro,"666 W Tennessee St #5, Tallahassee, FL 32304, USA",https://runinos.com/places/little-athens-gyro-tallahassee-fl/
Egyptian,Chef Muneera Mediterranean kitchen,"1917 W Pensacola St, Tallahassee, FL 32304, USA",
Egyptian,Aaru's Multicuisine Restaurant,"1108 S Magnolia Dr, Tallahassee, FL 32301, USA",https://aaruz.com/
Egyptian,Pitaria,"1935 Apalachee Pkwy, Tallahassee, FL 32301, USA",https://www.thepitariatallahassee.com/
Egyptian,Blue Turkey Restaurant,"524 N Martin Luther King Jr Blvd., Tallahassee, FL 32301, USA",
Greek,Taziki's Mediterranean Cafe - Tallahassee,"216 S Magnolia Dr, Tallahassee, FL 32301, USA",https://www.tazikis.com/location/tallahassee
Greek,Kairos Mediterranean,"1415 Timberlane Rd, Tallahassee, FL 32312, USA",https://www.eatkairos.com/
Greek,Yasou Fresh Mediterranean,"3551 N Blair Stone Rd, Tallahassee, FL 32301, USA",http://www.yasoucafe.com/
Greek,Little Athens Gyro,"666 W Tennessee St #5, Tallahassee, FL 32304, USA",https://runinos.com/places/little-athens-gyro-tallahassee-fl/
Greek,Pitaria,"1935 Apalachee Pkwy, Tallahassee, FL 32301, USA",https://www.thepitariatallahassee.com/
Greek,Captain Pete's House of Gyros,"1184B Capital Cir NE, Tallahassee, FL 32301, USA",http://www.captainpetesgyros.com/
Greek,CAVA,"1817 Thomasville Rd, Tallahassee, FL 32303, USA",http://cava.com/
Greek,Sahara Cafe. Mediterranean Cuisine,"1135 Apalachee Pkwy, Tallahassee, FL 32301, USA",http://www.saharacafeone.com/
Greek,Kebabas Mediterranean Grill,"601 W Gaines St, Tallahassee, FL 32304, USA",http://kebabasgrill.com/
Greek,CAVA,"1919 W Tennessee St, Tallahassee, FL 32304, USA",http://cava.com/
Greek,Chef Muneera Mediterranean kitchen,"1917 W Pensacola St, Tallahassee, FL 32304, USA",
Greek,64 Tally Gyro & Kebabs,"2039 W Pensacola St, Tallahassee, FL 32304, USA",https://64tally.com/
Greek,Tallahassee Greek Food Festival,"1645 Phillips Rd, Tallahassee, FL 32308, USA",https://tallahasseegreekfoodfest.com/
Belgian,The Melting Pot,"2727 N Monroe St, Tallahassee, FL 32303, USA",https://www.meltingpot.com/tallahassee-fl/
Belgian,Bird's Aphrodisiac Oyster Shack,"325 N Bronough St, Tallahassee, FL 32301, USA",http://www.birdsoystershack.com/
Belgian,Harry's Seafood Bar & Grille,"301 S Bronough St, Tallahassee, FL 32301, USA",http://hookedonharrys.com/menu/
Belgian,The Huntsman,"320 E Tennessee St, Tallahassee, FL 32301, USA",https://www.huntsmantallahassee.com/
Belgian,Proof Brewing Company,"1320 S Monroe St, Tallahassee, FL 32301, USA",http://www.proofbrewingco.com/
Belgian,Leon's at Lake Ella,"1611 N Monroe St, Tallahassee, FL 32303, USA",http://leonstallahassee.com/
Belgian,Food Glorious Food,"1950 Thomasville Rd, Tallahassee, FL 32303, USA",http://foodgloriousfood.com/
Belgian,Little Paris Tallahassee,"1355 Market St a7, Tallahassee, FL 32312, USA",http://littleparistallahassee.com/
Belgian,The Getaway Grille and Bar,"2386 Allen Rd, Tallahassee, FL 32312, USA",http://www.getawaygrille.com/
Belgian,BJ's Restaurant & Brewhouse,"1749 Apalachee Pkwy, Tallahassee, FL 32301, USA",https://www.bjsrestaurants.com/locations/fl/tallahassee?utm_source=google&utm_medium=organic&utm_campaign=google_my_business
Belgian,Woodchuck's Cafe Inc,"2520 W Tharpe St, Tallahassee, FL 32303, USA",http://www.woodchucks-cafe.com/
Belgian,Finnegan's Wake,"1122 Thomasville Rd # 2, Tallahassee, FL 32303, USA",http://finnspub.com/
Belgian,Sage Restaurant,"3534 Maclay Blvd S, Tallahassee, FL 32312, USA",http://www.sagetallahassee.com/
Belgian,Liberty Bar and Restaurant,"1307 N Monroe St, Tallahassee, FL 32303, USA",http://www.libertytlh.com/
Belgian,Bowden's,"619 S Woodward Ave c103, Tallahassee, FL 32304, USA",https://www.bowdenscollegetown.com/
Belgian,The Egg Cafe & Eatery,"3740 Austin Davis Ave, Tallahassee, FL 32308, USA",
Belgian,Jacob's On The Plaza,"101 S Adams St, Tallahassee, FL 32301, USA",https://www.hilton.com/en/hotels/thlapdt-doubletree-tallahassee/dining/
Belgian,The Wilbury,"513 W Gaines St, Tallahassee, FL 32301, USA",http://www.thewilburytallahassee.com/
Belgian,The Egg Cafe & Eatery,"300 S Duval St, Tallahassee, FL 32301, USA",
Belgian,The Edison - Restaurant Tallahassee,"470 Suwannee St, Tallahassee, FL 32301, USA",http://www.edisontally.com/?utm_source=Google%20My%20Business&utm_medium=Website%20Button&utm_campaign=Tallahassee
Irish,Finnegan's Wake,"1122 Thomasville Rd # 2, Tallahassee, FL 32303, USA",http://finnspub.com/
Irish,"The Leon Pub, Inc.","215 E 6th Ave, Tallahassee, FL 32303, USA",http://leonpub.com/
Irish,Off the Rails Irish Pub,"306 1st St NW, Havana, FL 32333, USA",https://facebook.com/offtherailsirishpub/
Irish,Glory Days Grill,"1926 Capital Cir NE, Tallahassee, FL 32308, USA",https://glorydaysgrill.olo.com/
Irish,Public House,"302 Raven St, Tallahassee, FL 32304, USA",http://thetallystrip.club/
Irish,Poor Paul's Pourhouse,"618 W Tennessee St, Tallahassee, FL 32304, USA",http://www.poorpaulspourhouse.com/
Irish,Beef 'O' Brady's,"1208 Capital Cir SE, Tallahassee, FL 32301, USA",https://www.beefobradys.com/capitalcircle
Irish,Lynch’s Irish Pub,"Jacksonville Beach, FL 32333, USA",
Welsh,Leon's at Lake Ella,"1611 N Monroe St, Tallahassee, FL 32303, USA",http://leonstallahassee.com/
Cajun,Coosh's Bayou Rouge Restaurant,"6267 Old Water Oak Rd #101, Tallahassee, FL 32312, USA",http://www.cooshs.com/
Cajun,Cajun Cafe & Grill,"1500 Apalachee Pkwy Suite 1265, Tallahassee, FL 32301, USA",http://cajun-cafe-grill.jany.io/
Cajun,New Orleans Seafood,"2819 Mahan Dr Ste 120, Tallahassee, FL 32308, USA",http://neworleansseafoodtally.com/
Cajun,Cajun Seafood Crab & Claw,"N Bronough St, Tallahassee, FL 32301, USA",
Cajun,Harry's Seafood Bar & Grille,"301 S Bronough St, Tallahassee, FL 32301, USA",http://hookedonharrys.com/menu/
Cajun,Coosh’s,"705 S Woodward Ave, Tallahassee, FL 32304, USA",https://cooshs.com/
Portuguese,The Melting Pot,"2727 N Monroe St, Tallahassee, FL 32303, USA",https://www.meltingpot.com/tallahassee-fl/
Portuguese,Via Brazil Cafe & Market,"1842 N Monroe St, Tallahassee, FL 32303, USA",https://www.viabrazil.net/
Portuguese,Leon's at Lake Ella,"1611 N Monroe St, Tallahassee, FL 32303, USA",http://leonstallahassee.com/
Portuguese,Georgio's Fine Food and Spirits,"2971 Apalachee Pkwy, Tallahassee, FL 32301, USA",http://georgiostallahassee.com/
Portuguese,The Edison - Restaurant Tallahassee,"470 Suwannee St, Tallahassee, FL 32301, USA",http://www.edisontally.com/?utm_source=Google%20My%20Business&utm_medium=Website%20Button&utm_campaign=Tallahassee
Portuguese,Bare Naked Kitchen,"609 W Tennessee St, Tallahassee, FL 32304, USA",http://www.eatbarenaked.com/
Portuguese,El Rincón Latino Colombian Restaurant,"2010 W Tennessee St, Tallahassee, FL 32304, USA",http://www.superperroscolombian.com/
Portuguese,The Huntsman,"320 E Tennessee St, Tallahassee, FL 32301, USA",https://www.huntsmantallahassee.com/
Portuguese,Pedro's Tacos & Tequila Bar (Tallahassee),"750 Apalachee Pkwy, Tallahassee, FL 32301, USA",https://pedroseastcoast.com/
Portuguese,San Miguel Mexican Restaurant,"200 W Tharpe St, Tallahassee, FL 32303, USA",http://sanmiguelmexicanrestaurant.weebly.com/
Portuguese,Ms. Dee's Kitchen 51 LLC,"717 Old Bainbridge Rd, Tallahassee, FL 32303, USA",http://msdees.com/
Portuguese,Cajun Cafe & Grill,"1500 Apalachee Pkwy Suite 1265, Tallahassee, FL 32301, USA",http://cajun-cafe-grill.jany.io/
Portuguese,509 Caribbean Cuisine,"2450 Springhill Rd unit 4, Tallahassee, FL 32305, USA",https://www.toasttab.com/509-caribbean-cuisine
Portuguese,4th Quarter Bar & Grille,"2033 N Monroe St, Tallahassee, FL 32303, USA",https://www.facebook.com/4thQuarterBarGrill
Portuguese,Olive Garden Italian Restaurant,"1103 Apalachee Pkwy, Tallahassee, FL 32301, USA",https://www.olivegarden.com/locations/fl/tallahassee/tallahassee/1236?cmpid=br:og_ag:ie_ch:loc_ca:OGGMB_sn:gmb_gt:tallahassee-fl-1236_pl:locurl_rd:1176
Portuguese,The Good Berry Açaí Bowls,"1325 Thomasville Rd, Tallahassee, FL 32303, USA",
Portuguese,La Tiendita Mexican Restaurant,"1840 N Monroe St, Tallahassee, FL 32303, USA",https://www.latienditatally.com/
Portuguese,Bahn Thai Restaurant,"2531 Apalachee Pkwy, Tallahassee, FL 32301, USA",
Portuguese,Southwood Town Center,"3196 Merchants Row Blvd, Tallahassee, FL 32311, USA",https://southwoodtowncenter.com/
Portuguese,Fogo de Chão Brazilian Steakhouse,"2801 Ponce de Leon, Coral Gables, FL 33134, USA",https://fogodechao.com/location/miami-coral-gables/
Turkish,64 Tally Gyro & Kebabs,"2039 W Pensacola St, Tallahassee, FL 32304, USA",https://64tally.com/
Turkish,Kebabas Mediterranean Grill,"601 W Gaines St, Tallahassee, FL 32304, USA",http://kebabasgrill.com/
Turkish,Taziki's Mediterranean Cafe - Tallahassee,"216 S Magnolia Dr, Tallahassee, FL 32301, USA",https://www.tazikis.com/location/tallahassee
Turkish,Yasou Fresh Mediterranean,"3551 N Blair Stone Rd, Tallahassee, FL 32301, USA",http://www.yasoucafe.com/
Turkish,Blue Turkey Restaurant,"524 N Martin Luther King Jr Blvd., Tallahassee, FL 32301, USA",
Turkish,CAVA,"1817 Thomasville Rd, Tallahassee, FL 32303, USA",http://cava.com/
Turkish,Sahara Cafe. Mediterranean Cuisine,"1135 Apalachee Pkwy, Tallahassee, FL 32301, USA",http://www.saharacafeone.com/
Turkish,Chef Muneera Mediterranean kitchen,"1917 W Pensacola St, Tallahassee, FL 32304, USA",
Turkish,Cafe Yerushalmi,"910 Lake Bradford Rd, Tallahassee, FL 32304, USA",
Turkish,Little Athens Gyro,"666 W Tennessee St #5, Tallahassee, FL 32304, USA",https://runinos.com/places/little-athens-gyro-tallahassee-fl/
Haitian,509 Caribbean Cuisine,"2450 Springhill Rd unit 4, Tallahassee, FL 32305, USA",https://www.toasttab.com/509-caribbean-cuisine
Tahitian,Island Fin Poke Co. - Tallahassee,"1415 Timberlane Rd Ste 407, Tallahassee, FL 32312, USA",https://www.islandfinpoke.com/location/tallahassee-fl/
Tahitian,Habana's Boardwalk - Cuban Restaurant,"2819 Mahan Dr #126, Tallahassee, FL 32308, USA",http://habanasboardwalk.com/
Tahitian,Tan's Asian Cafe,"2743 Capital Cir NE #110, Tallahassee, FL 32308, USA",https://order.online/business/tans-asian-cafe-288459
Tahitian,Halisi Africa,"62517 Railroad Sq, Tallahassee, FL 32310, USA",http://www.halisiafrica.com/
Tahitian,509 Caribbean Cuisine,"2450 Springhill Rd unit 4, Tallahassee, FL 32305, USA",https://www.toasttab.com/509-caribbean-cuisine
Tahitian,The Blu Halo,"3431 Bannerman Rd Suite #102, Tallahassee, FL 32312, USA",https://www.thebluhalo.com/
Tahitian,Flamingoz A Taste of Miami,"620-1 Railroad Sq, Tallahassee, FL 32310, USA",https://itzsmackin.kwickmenu.com/
Tahitian,Café de Martín,"2743 Capital Cir NE, Tallahassee, FL 32308, USA",https://www.cafedemartin.com/
Tahitian,Caribbean Crossroads,"3708 Carrington Pl, Tallahassee, FL 32303, USA",http://www.caribbeanxroads.com/
Tahitian,The Getaway Grille and Bar,"2386 Allen Rd, Tallahassee, FL 32312, USA",http://www.getawaygrille.com/
Tahitian,Casa Tapas & Cantina,"2705 Apalachee Pkwy, Tallahassee, FL 32301, USA",https://casatapasandcantina.com/
Tahitian,Liberty Bar and Restaurant,"1307 N Monroe St, Tallahassee, FL 32303, USA",http://www.libertytlh.com/
Tahitian,Mom & Dad's Italian Restaurant,"3421 Bannerman Rd Suite #104, Tallahassee, FL 32312, USA",http://www.momanddadstally.com/
Tahitian,Gordos,"1907 W Pensacola St, Tallahassee, FL 32304, USA",http://gordoscubanfood.com/
Tahitian,Bahn Thai Restaurant,"2531 Apalachee Pkwy, Tallahassee, FL 32301, USA",
Tahitian,Nihao Chinese Restaurant,"6668 Thomasville Rd, Tallahassee, FL 32312, USA",https://nihaochinesefl.com/
Tahitian,Gordos Northside,"1460 Market St Suite #3-4, Tallahassee, FL 32312, USA",http://www.gordoscubanfood.com/
Tahitian,Bare Naked Kitchen,"609 W Tennessee St, Tallahassee, FL 32304, USA",http://www.eatbarenaked.com/
Tahitian,Yasou Fresh Mediterranean,"3551 N Blair Stone Rd, Tallahassee, FL 32301, USA",http://www.yasoucafe.com/
Tahitian,Horizons Bar and Grille,"3427 Bannerman Rd Suite 104, Tallahassee, FL 32312, USA",http://www.horizonsbarandgrille.com/
Kenyan,Halisi Africa,"62517 Railroad Sq, Tallahassee, FL 32310, USA",http://www.halisiafrica.com/
Korean,Chow Won Korean Steakhouse,"1107 Apalachee Pkwy Suite 10, Tallahassee, FL 32301, USA",
Korean,Takko Korean Taqueria - Tallahassee,"218 S Magnolia Dr Suite 101, Tallahassee, FL 32301, USA",https://takkoeats.com/
Korean,Korean BBQ & More,"1490 Apalachee Pkwy, Tallahassee, FL 32301, USA",https://mykbbq.com/
Korean,Kami Poke,"1779 Apalachee Pkwy ste106, Tallahassee, FL 32301, USA",http://www.kamipoke.com/
Korean,Takko Korean Taqueria - Market Street,"1415 Timberlane Rd #301, Tallahassee, FL 32312, USA",https://takkoeats.com/
Algerian,Sahara Cafe. Mediterranean Cuisine,"1135 Apalachee Pkwy, Tallahassee, FL 32301, USA",http://www.saharacafeone.com/
Algerian,Cafe Yerushalmi,"910 Lake Bradford Rd, Tallahassee, FL 32304, USA",
Algerian,Kebabas Mediterranean Grill,"601 W Gaines St, Tallahassee, FL 32304, USA",http://kebabasgrill.com/
Algerian,Yasou Fresh Mediterranean,"3551 N Blair Stone Rd, Tallahassee, FL 32301, USA",http://www.yasoucafe.com/
Algerian,Z Bardhi's Italian Cuisine,"3596 Kinhega Dr, Tallahassee, FL 32312, USA",http://www.zbardhis.com
Algerian,Café de Martín,"2743 Capital Cir NE, Tallahassee, FL 32308, USA",https://www.cafedemartin.com/
Algerian,Georgio's Fine Food and Spirits,"2971 Apalachee Pkwy, Tallahassee, FL 32301, USA",http://georgiostallahassee.com/
Algerian,Bare Naked Kitchen,"609 W Tennessee St, Tallahassee, FL 32304, USA",http://www.eatbarenaked.com/
Algerian,Little Athens Gyro,"666 W Tennessee St #5, Tallahassee, FL 32304, USA",https://runinos.com/places/little-athens-gyro-tallahassee-fl/
Algerian,El Rincón Latino Colombian Restaurant,"2010 W Tennessee St, Tallahassee, FL 32304, USA",http://www.superperroscolombian.com/
Algerian,VeneBites,"217 E 3rd Ave, Tallahassee, FL 32303, USA",https://www.ordervenebites.com/
Nigerian,Halisi Africa,"62517 Railroad Sq, Tallahassee, FL 32310, USA",http://www.halisiafrica.com/
Nigerian,Tally West African Food & Clothing,"3000 Pink Star Ct, Tallahassee, FL 32309, USA",https://www.facebook.com/Tallywestafricanfood/
Libyan,Cafe Yerushalmi,"910 Lake Bradford Rd, Tallahassee, FL 32304, USA",
Libyan,Sahara Cafe. Mediterranean Cuisine,"1135 Apalachee Pkwy, Tallahassee, FL 32301, USA",http://www.saharacafeone.com/
Libyan,Kebabas Mediterranean Grill,"601 W Gaines St, Tallahassee, FL 32304, USA",http://kebabasgrill.com/
Libyan,Little Athens Gyro,"666 W Tennessee St #5, Tallahassee, FL 32304, USA",https://runinos.com/places/little-athens-gyro-tallahassee-fl/
Libyan,Chatarras Restaurant,"3348 Mahan Dr Suite 2, Tallahassee, FL 32308, USA",https://www.chatarras850.com/
Libyan,Leon's at Lake Ella,"1611 N Monroe St, Tallahassee, FL 32303, USA",http://leonstallahassee.com/
Libyan,Georgio's Fine Food and Spirits,"2971 Apalachee Pkwy, Tallahassee, FL 32301, USA",http://georgiostallahassee.com/
Libyan,Liberty Bar and Restaurant,"1307 N Monroe St, Tallahassee, FL 32303, USA",http://www.libertytlh.com/
Libyan,Dejavu Venezuelan Food,"Thomasville Rd, Tallahassee, FL 32309, USA",http://www.dejavuvenezuelanfood.com/
Moroccan,Sahara Cafe. Mediterranean Cuisine,"1135 Apalachee Pkwy, Tallahassee, FL 32301, USA",http://www.saharacafeone.com/
Moroccan,Chef Muneera Mediterranean kitchen,"1917 W Pensacola St, Tallahassee, FL 32304, USA",
Moroccan,Kairos Mediterranean,"1415 Timberlane Rd, Tallahassee, FL 32312, USA",https://www.eatkairos.com/
Moroccan,Cafe Yerushalmi,"910 Lake Bradford Rd, Tallahassee, FL 32304, USA",
Moroccan,Yasou Fresh Mediterranean,"3551 N Blair Stone Rd, Tallahassee, FL 32301, USA",http://www.yasoucafe.com/
Moroccan,Kebabas Mediterranean Grill,"601 W Gaines St, Tallahassee, FL 32304, USA",http://kebabasgrill.com/
Moroccan,CAVA,"1817 Thomasville Rd, Tallahassee, FL 32303, USA",http://cava.com/
Moroccan,Little Athens Gyro,"666 W Tennessee St #5, Tallahassee, FL 32304, USA",https://runinos.com/places/little-athens-gyro-tallahassee-fl/
Moroccan,Halisi Africa,"62517 Railroad Sq, Tallahassee, FL 32310, USA",http://www.halisiafrica.com/
Lebanese,Sahara Cafe. Mediterranean Cuisine,"1135 Apalachee Pkwy, Tallahassee, FL 32301, USA",http://www.saharacafeone.com/
Lebanese,Kairos Mediterranean,"1415 Timberlane Rd, Tallahassee, FL 32312, USA",https://www.eatkairos.com/
Lebanese,Taziki's Mediterranean Cafe - Tallahassee,"216 S Magnolia Dr, Tallahassee, FL 32301, USA",https://www.tazikis.com/location/tallahassee
Lebanese,Yasou Fresh Mediterranean,"3551 N Blair Stone Rd, Tallahassee, FL 32301, USA",http://www.yasoucafe.com/
Lebanese,Kebabas Mediterranean Grill,"601 W Gaines St, Tallahassee, FL 32304, USA",http://kebabasgrill.com/
Lebanese,Chef Muneera Mediterranean kitchen,"1917 W Pensacola St, Tallahassee, FL 32304, USA",
Lebanese,CAVA,"1919 W Tennessee St, Tallahassee, FL 32304, USA",http://cava.com/
Lebanese,CAVA,"1817 Thomasville Rd, Tallahassee, FL 32303, USA",http://cava.com/
Lebanese,Cafe Yerushalmi,"910 Lake Bradford Rd, Tallahassee, FL 32304, USA",
Lebanese,The Halal Shack,"104 S Woodward Ave, Tallahassee, FL 32304, USA",https://seminoledining.campusdish.com/en/locationsandmenus/halal-shack/
Lebanese,Little Athens Gyro,"666 W Tennessee St #5, Tallahassee, FL 32304, USA",https://runinos.com/places/little-athens-gyro-tallahassee-fl/
Lebanese,64 Tally Gyro & Kebabs,"2039 W Pensacola St, Tallahassee, FL 32304, USA",https://64tally.com/
Lebanese,Captain Pete's House of Gyros,"1184B Capital Cir NE, Tallahassee, FL 32301, USA",http://www.captainpetesgyros.com/
Lebanese,Pitaria,"1935 Apalachee Pkwy, Tallahassee, FL 32301, USA",https://www.thepitariatallahassee.com/
Lebanese,Blue Turkey Restaurant,"524 N Martin Luther King Jr Blvd., Tallahassee, FL 32301, USA",
Vietnamese,Pho Me Vietnamese Noodle Bar,"2320 Apalachee Pkwy, Tallahassee, FL 32301, USA",http://www.phomenoodlebar.com/
Vietnamese,Phở 7,"2121 W Pensacola St, Tallahassee, FL 32304, USA",https://pho7togo.com/
Vietnamese,Lemongrass,"2415 N Monroe St, Tallahassee, FL 32303, USA",http://lemongrasstally.com/
Vietnamese,UR BOWL,"1800 W Tennessee St #3, Tallahassee, FL 32304, USA",http://urbowls.squarespace.com/
Vietnamese,Paris Banh Mi - Tallahassee,"1875 N Monroe St Ste. 100, Tallahassee, FL 32303, USA",https://www.parisbanhmi.com/locations/paris-banh-mi-tallahassee
Vietnamese,Pho & Baguette,"1919 W Tennessee St unit 415, Tallahassee, FL 32304, USA",https://phobaguettetallahassee.com/
Hungarian,Flamingoz A Taste of Miami,"620-1 Railroad Sq, Tallahassee, FL 32310, USA",https://itzsmackin.kwickmenu.com/
Mediterranean,Sahara Cafe. Mediterranean Cuisine,"1135 Apalachee Pkwy, Tallahassee, FL 32301, USA",http://www.saharacafeone.com/
Mediterranean,Kairos Mediterranean,"1415 Timberlane Rd, Tallahassee, FL 32312, USA",https://www.eatkairos.com/
Mediterranean,Yasou Fresh Mediterranean,"3551 N Blair Stone Rd, Tallahassee, FL 32301, USA",http://www.yasoucafe.com/
Mediterranean,Taziki's Mediterranean Cafe - Tallahassee,"216 S Magnolia Dr, Tallahassee, FL 32301, USA",https://www.tazikis.com/location/tallahassee
Mediterranean,Kebabas Mediterranean Grill,"601 W Gaines St, Tallahassee, FL 32304, USA",http://kebabasgrill.com/
Mediterranean,Cafe Yerushalmi,"910 Lake Bradford Rd, Tallahassee, FL 32304, USA",
Mediterranean,Chef Muneera Mediterranean kitchen,"1917 W Pensacola St, Tallahassee, FL 32304, USA",
Mediterranean,CAVA,"1919 W Tennessee St, Tallahassee, FL 32304, USA",http://cava.com/
Mediterranean,Little Athens Gyro,"666 W Tennessee St #5, Tallahassee, FL 32304, USA",https://runinos.com/places/little-athens-gyro-tallahassee-fl/
Mediterranean,CAVA,"1817 Thomasville Rd, Tallahassee, FL 32303, USA",http://cava.com/
Mediterranean,Pitaria,"1935 Apalachee Pkwy, Tallahassee, FL 32301, USA",https://www.thepitariatallahassee.com/
Mediterranean,64 Tally Gyro & Kebabs,"2039 W Pensacola St, Tallahassee, FL 32304, USA",https://64tally.com/
Mediterranean,Captain Pete's House of Gyros,"1184B Capital Cir NE, Tallahassee, FL 32301, USA",http://www.captainpetesgyros.com/
Mediterranean,Blue Turkey Restaurant,"524 N Martin Luther King Jr Blvd., Tallahassee, FL 32301, USA",
Ethiopian,Halisi Africa,"62517 Railroad Sq, Tallahassee, FL 32310, USA",http://www.halisiafrica.com/
Ethiopian,Cafe Yerushalmi,"910 Lake Bradford Rd, Tallahassee, FL 32304, USA",
Ethiopian,Nefetari's,"812 S Macomb St, Tallahassee, FL 32301, USA",
Ethiopian,Tally West African Food & Clothing,"3000 Pink Star Ct, Tallahassee, FL 32309, USA",https://www.facebook.com/Tallywestafricanfood/
Ethiopian,Aaru's Multicuisine Restaurant,"1108 S Magnolia Dr, Tallahassee, FL 32301, USA",https://aaruz.com/
Ethiopian,Sahara Cafe. Mediterranean Cuisine,"1135 Apalachee Pkwy, Tallahassee, FL 32301, USA",http://www.saharacafeone.com/
Caribbean,Yardie CC Carribean Cuisine,"301 N Macomb St, Tallahassee, FL 32301, USA",
Caribbean,K & L Authentic Jamaican Cuisine,"1109 W Tharpe St, Tallahassee, FL 32303, USA",
Caribbean,G&G Eat In & Takeout,"745 Apalachee Pkwy, Tallahassee, FL 32301, USA",
Caribbean,509 Caribbean Cuisine,"2450 Springhill Rd unit 4, Tallahassee, FL 32305, USA",https://www.toasttab.com/509-caribbean-cuisine
Caribbean,People's Choice Jamaican Food Mobile Kitchen,"1940 S Monroe St, Tallahassee, FL 32301, USA",https://order.online/business/peoples-choice-jamaican-food-mobile-kitchen-950605
Caribbean,William's Jamaican Jerk & BBQ,"2520 W Tharpe St, Tallahassee, FL 32303, USA",
Caribbean,Jamaican Paradise Grill,"3101 W Tennessee St, Tallahassee, FL 32304, USA",https://best-jamaican-restaurant-tallahassee.business.site/
Caribbean,Caribbean Crossroads,"3708 Carrington Pl, Tallahassee, FL 32303, USA",http://www.caribbeanxroads.com/
Caribbean,Thee Jerk House,"2020 W Pensacola St, Tallahassee, FL 32304, USA",http://theejerkhouse.com/
Soul,JoEllen’s,"215 W College Ave #101, Tallahassee, FL 32301, USA",https://www.joellens.com/
Soul,"Keshia's Kitchen, LLC","2504 W Tennessee St, Tallahassee, FL 32304, USA",https://keshiaskitchen.com/
Soul,Auntie's Kitchen,"1815 S Adams St #3, Tallahassee, FL 32301, USA",
Soul,Ms. Dee's Kitchen 51 LLC,"717 Old Bainbridge Rd, Tallahassee, FL 32303, USA",http://msdees.com/
Soul,Earley's Kitchen,"1458 S Monroe St, Tallahassee, FL 32301, USA",
Soul,Olean's Cafe,"1605 S Adams St, Tallahassee, FL 32301, USA",http://oleans-cafe.edan.io/
Soul,Ma Mary’s Kitchen,"614 Eugenia St, Tallahassee, FL 32310, USA",https://ma-marys-kitchen.ueniweb.com/?utm_campaign=gmb
Soul,Hip Hop Fish & Chicken,"1350 Mahan Dr unit f, Tallahassee, FL 32308, USA",https://hiphopfishchicken-fastfoodrestaurant.business.site/?m=true
Soul,Crabs On The Run,"1174 Capital Cir SE, Tallahassee, FL 32301, USA",
Soul,Roscoe's Food For the Soul,"1257 S Jefferson St, Monticello, FL 32344, USA",https://roscoesfl.geniuspos.com/?utm_source=cumulus+&utm_medium=onlinepresence&utm_campaign=gbp
Soul,Yardie CC Carribean Cuisine,"301 N Macomb St, Tallahassee, FL 32301, USA",
Soul,Kacey's Buffet,"2545 N Monroe St, Tallahassee, FL 32303, USA",
Soul,Seafood Soul,"1401 Lake Bradford Rd, Tallahassee, FL 32304, USA",http://myseafoodsoul.com/
Soul,People's Choice Jamaican Food Mobile Kitchen,"1940 S Monroe St, Tallahassee, FL 32301, USA",https://order.online/business/peoples-choice-jamaican-food-mobile-kitchen-950605
Soul,sunday soulfood popup,"660 W 4th Ave, Tallahassee, FL 32303, USA",http://sundaysoulfoodpopup.weebly.com/
Argentinian,Café de Martín,"2743 Capital Cir NE, Tallahassee, FL 32308, USA",https://www.cafedemartin.com/
Argentinian,El Rincón Latino Colombian Restaurant,"2010 W Tennessee St, Tallahassee, FL 32304, USA",http://www.superperroscolombian.com/
Argentinian,347 Grille by Coach Shula,"415 N Monroe St, Tallahassee, FL 32301, USA",https://347grille.com/location-tallahassee/
Argentinian,Gordos,"1907 W Pensacola St, Tallahassee, FL 32304, USA",http://gordoscubanfood.com/
Argentinian,Habana's Boardwalk - Cuban Restaurant,"2819 Mahan Dr #126, Tallahassee, FL 32308, USA",http://habanasboardwalk.com/
Argentinian,Georgio's Fine Food and Spirits,"2971 Apalachee Pkwy, Tallahassee, FL 32301, USA",http://georgiostallahassee.com/
Argentinian,Dejavu Venezuelan Food,"Thomasville Rd, Tallahassee, FL 32309, USA",http://www.dejavuvenezuelanfood.com/
Argentinian,El Viroleño Salvadorean Cuisine,"2910 Kerry Forest Pkwy # B1, Tallahassee, FL 32309, USA",https://elvirolenosalvadoreancuisinefl.com/
Argentinian,Chatarras Restaurant,"3348 Mahan Dr Suite 2, Tallahassee, FL 32308, USA",https://www.chatarras850.com/
Argentinian,La Tiendita Mexican Restaurant,"1840 N Monroe St, Tallahassee, FL 32303, USA",https://www.latienditatally.com/
Argentinian,San Miguel Mexican Restaurant,"200 W Tharpe St, Tallahassee, FL 32303, USA",http://sanmiguelmexicanrestaurant.weebly.com/
Argentinian,The Hawthorn Bistro & Bakery,"1307 N Monroe St #1, Tallahassee, FL 32303, USA",http://hawthorntlh.com/
Argentinian,VeneBites,"217 E 3rd Ave, Tallahassee, FL 32303, USA",https://www.ordervenebites.com/
Argentinian,La Michoacana,"2624 W Tennessee St, Tallahassee, FL 32304, USA",
Argentinian,Aaru's Multicuisine Restaurant,"1108 S Magnolia Dr, Tallahassee, FL 32301, USA",https://aaruz.com/
Argentinian,Las Brazas Mexican Grill,"8159 Woodville Hwy, Tallahassee, FL 32305, USA",http://lasbrazasmexicangrill.com/
Argentinian,Liberty Bar and Restaurant,"1307 N Monroe St, Tallahassee, FL 32303, USA",http://www.libertytlh.com/
Argentinian,Kool Beanz Cafe,"921 Thomasville Rd, Tallahassee, FL 32303, USA",http://www.koolbeanz-cafe.com/
Argentinian,El Patron Mexican Grill & Cantina,"1170 Apalachee Pkwy, Tallahassee, FL 32301, USA",http://www.grillandcantinaelpatron.com/
Argentinian,Pancho's Mexican Grill,"1525 W Tennessee St, Tallahassee, FL 32304, USA",https://fromtherestaurant.com/panchos-mexican-grill/
Chilean,Chile & Chili's L.L.C.,"5750 W Tennessee St, Tallahassee, FL 32304, USA",https://www.facebook.com/chile.chilis/
Colombian,El Rincón Latino Colombian Restaurant,"2010 W Tennessee St, Tallahassee, FL 32304, USA",http://www.superperroscolombian.com/
Costa Rican,El Rincón Latino Colombian Restaurant,"2010 W Tennessee St, Tallahassee, FL 32304, USA",http://www.superperroscolombian.com/
Costa Rican,Café de Martín,"2743 Capital Cir NE, Tallahassee, FL 32308, USA",https://www.cafedemartin.com/
Costa Rican,Echalee Mexican Grill,"515 John Knox Rd, Tallahassee, FL 32303, USA",http://echaleemexicangrill.com/
Czech,Jacob's On The Plaza,"101 S Adams St, Tallahassee, FL 32301, USA",https://www.hilton.com/en/hotels/thlapdt-doubletree-tallahassee/dining/
Danish,Essence Of India,"1105 Apalachee Pkwy, Tallahassee, FL 32301, USA",https://essenceofindiafl.com/
Danish,Bare Naked Kitchen,"609 W Tennessee St, Tallahassee, FL 32304, USA",http://www.eatbarenaked.com/
Danish,Leon's at Lake Ella,"1611 N Monroe St, Tallahassee, FL 32303, USA",http://leonstallahassee.com/
Danish,Village Inn,"3392 Lonnbladh Rd, Tallahassee, FL 32308, USA",https://www.villageinn.com/tallahassee-fl-killearn
Danish,Café de Martín,"2743 Capital Cir NE, Tallahassee, FL 32308, USA",https://www.cafedemartin.com/
Danish,Kool Beanz Cafe,"921 Thomasville Rd, Tallahassee, FL 32303, USA",http://www.koolbeanz-cafe.com/
Danish,Midtown Noodles Bar,"1660 N Monroe St, Tallahassee, FL 32303, USA",http://www.midtownnoodles.com/
Danish,JoEllen’s,"215 W College Ave #101, Tallahassee, FL 32301, USA",https://www.joellens.com/
Danish,The Blu Halo,"3431 Bannerman Rd Suite #102, Tallahassee, FL 32312, USA",https://www.thebluhalo.com/
Danish,San Miguel Mexican Restaurant,"200 W Tharpe St, Tallahassee, FL 32303, USA",http://sanmiguelmexicanrestaurant.weebly.com/
Danish,Takko Korean Taqueria - Tallahassee,"218 S Magnolia Dr Suite 101, Tallahassee, FL 32301, USA",https://takkoeats.com/
Danish,Mom & Dad's Italian Restaurant,"3421 Bannerman Rd Suite #104, Tallahassee, FL 32312, USA",http://www.momanddadstally.com/
Danish,Backwoods Crossing,"6725 Mahan Dr, Tallahassee, FL 32308, USA",http://www.backwoodscrossing.com/
Danish,Ms. Dee's Kitchen 51 LLC,"717 Old Bainbridge Rd, Tallahassee, FL 32303, USA",http://msdees.com/
Danish,Cajun Cafe & Grill,"1500 Apalachee Pkwy Suite 1265, Tallahassee, FL 32301, USA",http://cajun-cafe-grill.jany.io/
Danish,Gaines Street Pies,"603 W Gaines St #3, Tallahassee, FL 32304, USA",http://www.gainesstreetpies.com/
Danish,Georgio's Fine Food and Spirits,"2971 Apalachee Pkwy, Tallahassee, FL 32301, USA",http://georgiostallahassee.com/
Danish,Nihao Chinese Restaurant,"6668 Thomasville Rd, Tallahassee, FL 32312, USA",https://nihaochinesefl.com/
Danish,Wharf Casual Seafood Bannerman,"3439 Bannerman Rd f103, Tallahassee, FL 32312, USA",http://www.wharfcasualseafood.com/
Danish,Ma's Diner,"6668-9 Thomasville Rd, Tallahassee, FL 32312, USA",http://facebook.com/masdinertally
Dutch,The Melting Pot,"2727 N Monroe St, Tallahassee, FL 32303, USA",https://www.meltingpot.com/tallahassee-fl/
Ecuadorian,El Rincón Latino Colombian Restaurant,"2010 W Tennessee St, Tallahassee, FL 32304, USA",http://www.superperroscolombian.com/
Finnish,The Huntsman,"320 E Tennessee St, Tallahassee, FL 32301, USA",https://www.huntsmantallahassee.com/
Finnish,Leon's at Lake Ella,"1611 N Monroe St, Tallahassee, FL 32303, USA",http://leonstallahassee.com/
Finnish,Bare Naked Kitchen,"609 W Tennessee St, Tallahassee, FL 32304, USA",http://www.eatbarenaked.com/
Finnish,Sage Restaurant,"3534 Maclay Blvd S, Tallahassee, FL 32312, USA",http://www.sagetallahassee.com/
Finnish,Savour,"115 E Park Ave, Tallahassee, FL 32301, USA",https://www.savourtallahassee.com/
Finnish,Midtown Noodles Bar,"1660 N Monroe St, Tallahassee, FL 32303, USA",http://www.midtownnoodles.com/
Finnish,Food Glorious Food,"1950 Thomasville Rd, Tallahassee, FL 32303, USA",http://foodgloriousfood.com/
Finnish,Yasou Fresh Mediterranean,"3551 N Blair Stone Rd, Tallahassee, FL 32301, USA",http://www.yasoucafe.com/
Finnish,Chuck's Fish Tallahassee,"224 E College Ave, Tallahassee, FL 32301, USA",http://www.chucksfish.com/
Finnish,Georgio's Fine Food and Spirits,"2971 Apalachee Pkwy, Tallahassee, FL 32301, USA",http://georgiostallahassee.com/
Finnish,Mimi's Table,"1311 Miccosukee Rd, Tallahassee, FL 32308, USA",https://www.mimistabletally.com/
Finnish,Horizons Bar and Grille,"3427 Bannerman Rd Suite 104, Tallahassee, FL 32312, USA",http://www.horizonsbarandgrille.com/
Finnish,Mom & Dad's Italian Restaurant,"3421 Bannerman Rd Suite #104, Tallahassee, FL 32312, USA",http://www.momanddadstally.com/
Finnish,Gaines Street Pies,"603 W Gaines St #3, Tallahassee, FL 32304, USA",http://www.gainesstreetpies.com/
Finnish,The Blu Halo,"3431 Bannerman Rd Suite #102, Tallahassee, FL 32312, USA",https://www.thebluhalo.com/
Finnish,Cajun Cafe & Grill,"1500 Apalachee Pkwy Suite 1265, Tallahassee, FL 32301, USA",http://cajun-cafe-grill.jany.io/
Finnish,Big Randy’s,"1875 Oak Ridge Rd E, Tallahassee, FL 32305, USA",https://bigrandys.com/menu
Finnish,Finnegan's Wake,"1122 Thomasville Rd # 2, Tallahassee, FL 32303, USA",http://finnspub.com/
Ghanaian,Halisi Africa,"62517 Railroad Sq, Tallahassee, FL 32310, USA",http://www.halisiafrica.com/
Ghanaian,Tally West African Food & Clothing,"3000 Pink Star Ct, Tallahassee, FL 32309, USA",https://www.facebook.com/Tallywestafricanfood/
Guatemalan,El Rincón Latino Colombian Restaurant,"2010 W Tennessee St, Tallahassee, FL 32304, USA",http://www.superperroscolombian.com/
Honduran,El Rincón Latino Colombian Restaurant,"2010 W Tennessee St, Tallahassee, FL 32304, USA",http://www.superperroscolombian.com/
Icelandic,The Huntsman,"320 E Tennessee St, Tallahassee, FL 32301, USA",https://www.huntsmantallahassee.com/
Indonesian,Real Sarap,"435 W Tennessee St, Tallahassee, FL 32301, USA",
Iranian,Kebabas Mediterranean Grill,"601 W Gaines St, Tallahassee, FL 32304, USA",http://kebabasgrill.com/
Iranian,Cafe Yerushalmi,"910 Lake Bradford Rd, Tallahassee, FL 32304, USA",
Iranian,Persis Indian Grill,"3111 Mahan Drive #26 And 27, Tallahassee, FL 32308, USA",http://www.persistally.com/
Iranian,Sahara Cafe. Mediterranean Cuisine,"1135 Apalachee Pkwy, Tallahassee, FL 32301, USA",http://www.saharacafeone.com/
Iranian,Kairos Mediterranean,"1415 Timberlane Rd, Tallahassee, FL 32312, USA",https://www.eatkairos.com/
Iranian,Taziki's Mediterranean Cafe - Tallahassee,"216 S Magnolia Dr, Tallahassee, FL 32301, USA",https://www.tazikis.com/location/tallahassee
Iranian,Yasou Fresh Mediterranean,"3551 N Blair Stone Rd, Tallahassee, FL 32301, USA",http://www.yasoucafe.com/
Iranian,Pitaria,"1935 Apalachee Pkwy, Tallahassee, FL 32301, USA",https://www.thepitariatallahassee.com/
Iranian,Captain Pete's House of Gyros,"1184B Capital Cir NE, Tallahassee, FL 32301, USA",http://www.captainpetesgyros.com/
Iraqi,Sahara Cafe. Mediterranean Cuisine,"1135 Apalachee Pkwy, Tallahassee, FL 32301, USA",http://www.saharacafeone.com/
Iraqi,64 Tally Gyro & Kebabs,"2039 W Pensacola St, Tallahassee, FL 32304, USA",https://64tally.com/
Iraqi,Cafe Yerushalmi,"910 Lake Bradford Rd, Tallahassee, FL 32304, USA",
Iraqi,Blue Turkey Restaurant,"524 N Martin Luther King Jr Blvd., Tallahassee, FL 32301, USA",
Iraqi,Little Athens Gyro,"666 W Tennessee St #5, Tallahassee, FL 32304, USA",https://runinos.com/places/little-athens-gyro-tallahassee-fl/
Iraqi,Taziki's Mediterranean Cafe - Tallahassee,"216 S Magnolia Dr, Tallahassee, FL 32301, USA",https://www.tazikis.com/location/tallahassee
Iraqi,Chef Muneera Mediterranean kitchen,"1917 W Pensacola St, Tallahassee, FL 32304, USA",
Israeli,Cafe Yerushalmi,"910 Lake Bradford Rd, Tallahassee, FL 32304, USA",
Jamaican,G&G Eat In & Takeout,"745 Apalachee Pkwy, Tallahassee, FL 32301, USA",
Jamaican,Jamaican Paradise Grill,"3101 W Tennessee St, Tallahassee, FL 32304, USA",https://best-jamaican-restaurant-tallahassee.business.site/
Jamaican,People's Choice Jamaican Food Mobile Kitchen,"1940 S Monroe St, Tallahassee, FL 32301, USA",https://order.online/business/peoples-choice-jamaican-food-mobile-kitchen-950605
Jamaican,Yardie CC Carribean Cuisine,"301 N Macomb St, Tallahassee, FL 32301, USA",
Jamaican,K & L Authentic Jamaican Cuisine,"1109 W Tharpe St, Tallahassee, FL 32303, USA",
Jamaican,William's Jamaican Jerk & BBQ,"2520 W Tharpe St, Tallahassee, FL 32303, USA",
Jamaican,Caribbean Crossroads,"3708 Carrington Pl, Tallahassee, FL 32303, USA",http://www.caribbeanxroads.com/
Jamaican,Thee Jerk House,"2020 W Pensacola St, Tallahassee, FL 32304, USA",http://theejerkhouse.com/
Jamaican,509 Caribbean Cuisine,"2450 Springhill Rd unit 4, Tallahassee, FL 32305, USA",https://www.toasttab.com/509-caribbean-cuisine
Jordanian,Sahara Cafe. Mediterranean Cuisine,"1135 Apalachee Pkwy, Tallahassee, FL 32301, USA",http://www.saharacafeone.com/
Kuwaiti,Cafe Yerushalmi,"910 Lake Bradford Rd, Tallahassee, FL 32304, USA",
Kuwaiti,Kebabas Mediterranean Grill,"601 W Gaines St, Tallahassee, FL 32304, USA",http://kebabasgrill.com/
Kuwaiti,Chatarras Restaurant,"3348 Mahan Dr Suite 2, Tallahassee, FL 32308, USA",https://www.chatarras850.com/
Kuwaiti,Coosh's Bayou Rouge Restaurant,"6267 Old Water Oak Rd #101, Tallahassee, FL 32312, USA",http://www.cooshs.com/
Kuwaiti,Sahara Cafe. Mediterranean Cuisine,"1135 Apalachee Pkwy, Tallahassee, FL 32301, USA",http://www.saharacafeone.com/
Kuwaiti,Georgio's Fine Food and Spirits,"2971 Apalachee Pkwy, Tallahassee, FL 32301, USA",http://georgiostallahassee.com/
Kuwaiti,Little Athens Gyro,"666 W Tennessee St #5, Tallahassee, FL 32304, USA",https://runinos.com/places/little-athens-gyro-tallahassee-fl/
Kuwaiti,Bare Naked Kitchen,"609 W Tennessee St, Tallahassee, FL 32304, USA",http://www.eatbarenaked.com/
Kuwaiti,Jacob's On The Plaza,"101 S Adams St, Tallahassee, FL 32301, USA",https://www.hilton.com/en/hotels/thlapdt-doubletree-tallahassee/dining/
Kuwaiti,Kacey's Buffet,"2545 N Monroe St, Tallahassee, FL 32303, USA",
Kuwaiti,Harry's Seafood Bar & Grille,"301 S Bronough St, Tallahassee, FL 32301, USA",http://hookedonharrys.com/menu/
Kuwaiti,The Blu Halo,"3431 Bannerman Rd Suite #102, Tallahassee, FL 32312, USA",https://www.thebluhalo.com/
Kuwaiti,CAVA,"1817 Thomasville Rd, Tallahassee, FL 32303, USA",http://cava.com/
Kuwaiti,Nihao Chinese Restaurant,"6668 Thomasville Rd, Tallahassee, FL 32312, USA",https://nihaochinesefl.com/
Kuwaiti,Mom & Dad's Italian Restaurant,"3421 Bannerman Rd Suite #104, Tallahassee, FL 32312, USA",http://www.momanddadstally.com/
Kuwaiti,Midtown Caboose,"1406 N Meridian Rd, Tallahassee, FL 32303, USA",https://midtowncaboose.com/
Kuwaiti,Bird's Aphrodisiac Oyster Shack,"325 N Bronough St, Tallahassee, FL 32301, USA",http://www.birdsoystershack.com/
Kuwaiti,Ma's Diner,"6668-9 Thomasville Rd, Tallahassee, FL 32312, USA",http://facebook.com/masdinertally
Kuwaiti,Eve on Adams,"101 S Adams St, Tallahassee, FL 32301, USA",https://www.eoatally.com/
Kuwaiti,347 Grille by Coach Shula,"415 N Monroe St, Tallahassee, FL 32301, USA",https://347grille.com/location-tallahassee/
Laotian,Thai Place,"2915 Kerry Forest Pkwy STE 604, Tallahassee, FL 32309, USA",http://www.facebook.com/kerryforestthaiplace
Lithuanian,Dejavu Venezuelan Food,"Thomasville Rd, Tallahassee, FL 32309, USA",http://www.dejavuvenezuelanfood.com/
Malaysian,Tan's Asian Cafe,"2743 Capital Cir NE #110, Tallahassee, FL 32308, USA",https://order.online/business/tans-asian-cafe-288459
Malaysian,J's Asian Street Food,"402 E Tennessee St, Tallahassee, FL 32301, USA",https://www.jsasiantlh.com/
Malaysian,Masa,"1650 N Monroe St, Tallahassee, FL 32303, USA",http://www.masatallahassee.com/
Malaysian,Azu Lucy Ho's,"3220 Apalachee Pkwy #13, Tallahassee, FL 32311, USA",https://www.azutally.com/
Malaysian,Thai Place,"2915 Kerry Forest Pkwy STE 604, Tallahassee, FL 32309, USA",http://www.facebook.com/kerryforestthaiplace
Malaysian,Mayuri Indian Restaurant,"1324 Simpson Ave, Tallahassee, FL 32301, USA",https://mayuriindiantallahassee.com/
Malaysian,Ming Tree Cafe,"2711 Killarney Way, Tallahassee, FL 32309, USA",https://www.facebook.com/Ming-Tree-Cafe-209614425813705/
Malaysian,Bahn Thai Restaurant,"2531 Apalachee Pkwy, Tallahassee, FL 32301, USA",
Malaysian,Thai Kitchen Cuisine,"1400 Village Square Blvd #114, Tallahassee, FL 32312, USA",https://www.thaikitchencuisine.com/
Malaysian,Bare Naked Kitchen,"609 W Tennessee St, Tallahassee, FL 32304, USA",http://www.eatbarenaked.com/
Malaysian,San Miguel Mexican Restaurant,"200 W Tharpe St, Tallahassee, FL 32303, USA",http://sanmiguelmexicanrestaurant.weebly.com/
Malaysian,El Rincón Latino Colombian Restaurant,"2010 W Tennessee St, Tallahassee, FL 32304, USA",http://www.superperroscolombian.com/
Malaysian,Liberty Bar and Restaurant,"1307 N Monroe St, Tallahassee, FL 32303, USA",http://www.libertytlh.com/
Malaysian,Penang Malaysian Cuisine,"2491 George Busbee Pkwy NW, Kennesaw, GA 30144, USA",
Malaysian,Leon's at Lake Ella,"1611 N Monroe St, Tallahassee, FL 32303, USA",http://leonstallahassee.com/
Malaysian,Moe's Southwest Grill,"3122 Mahan Dr Suite 1101, Tallahassee, FL 32308, USA",https://locations.moes.com/fl/tallahassee/3122-mahan-drive?utm_source=google&utm_medium=organic&utm_campaign=locations_partner
Malaysian,Flamingoz A Taste of Miami,"620-1 Railroad Sq, Tallahassee, FL 32310, USA",https://itzsmackin.kwickmenu.com/
Malaysian,Rae's Restaurant,"3431 Bannerman Rd Suite 104, Tallahassee, FL 32312, USA",http://raesrestauranttlh.com/
Malaysian,Tally Taco Food Truck,"2529 Apalachee Pkwy, Tallahassee, FL 32301, USA",https://www.facebook.com/Tally-Taco-105529164431486/
Malaysian,Milano Pizza,"1874 Thomasville Rd, Tallahassee, FL 32303, USA",https://www.milanotally.com/
Mongolian,Chow Time Grill & Buffet,"1849 Capital Cir NE, Tallahassee, FL 32308, USA",http://chowtimebuffet-tallahassee.com/
Mongolian,Azu Lucy Ho's,"3220 Apalachee Pkwy #13, Tallahassee, FL 32311, USA",https://www.azutally.com/
Mongolian,Dao Restaurant,"3425 Bannerman Rd Unit A102, Tallahassee, FL 32312, USA",http://www.daotally.com/
Mongolian,Panda Buffet,"3507 Thomasville Rd, Tallahassee, FL 32309, USA",http://tallypandabuffet.com/
Mongolian,Tan's Asian Cafe,"2743 Capital Cir NE #110, Tallahassee, FL 32308, USA",https://order.online/business/tans-asian-cafe-288459
Mongolian,Masa,"1650 N Monroe St, Tallahassee, FL 32303, USA",http://www.masatallahassee.com/
Mongolian,Robotos Tokyo Grill,"825 Railroad Ave, Tallahassee, FL 32310, USA",https://www.robototokyogrill.com/
Mongolian,Roboto Tokyo Grill,"3122 Mahan Dr, Tallahassee, FL 32308, USA",https://robototokyogrill.com/
Mongolian,Volcano Hot Pot & BBQ,"1872 Thomasville Rd unit A, Tallahassee, FL 32303, USA",http://www.volcanohotpot.com/
Mongolian,Little Masa,"619 S Woodward Ave STE 105, Tallahassee, FL 32304, USA",http://littlemasa.com/
Mongolian,Blossom Kitchen,"625 W Tennessee St, Tallahassee, FL 32304, USA",https://etapthru.com/restaurant.php?id=7575
Mongolian,Lemongrass,"2415 N Monroe St, Tallahassee, FL 32303, USA",http://lemongrasstally.com/
Mongolian,Long Garden Chinese Restaurant,"800 Ocala Rd Suite 420, Tallahassee, FL 32304, USA",https://www.beyondmenu.com/21622/a/long-garden-chinese-restaurant-tallahassee-32304.aspx
Mongolian,China First,"400 Capital Cir SE, Tallahassee, FL 32301, USA",https://www.chinafirstflorida.com/0v9k5tla/restaurant/order-online
Mongolian,Bamboo Wok,"101 N Blair Stone Rd #103, Tallahassee, FL 32301, USA",https://onlineorder.heroonlineorders.com/#/pages/menu/menu?urlparam=bamboo-wok-tallahassee-32301
Mongolian,Roboto Tokyo Grill,"2043 W Pensacola St, Tallahassee, FL 32304, USA",https://robototokyogrill.square.site/
Mongolian,Ming Tree Cafe,"2711 Killarney Way, Tallahassee, FL 32309, USA",https://www.facebook.com/Ming-Tree-Cafe-209614425813705/
Mongolian,J's Asian Street Food,"402 E Tennessee St, Tallahassee, FL 32301, USA",https://www.jsasiantlh.com/
Mongolian,China Wok Restaurant,"3551 S Blair Stone Rd #111, Tallahassee, FL 32301, USA",http://chinawoktally.com/
Mongolian,BENTO Tallahassee,"1660 W Tennessee St Unit 4, Tallahassee, FL 32304, USA",https://eatatbento.com/locations/tallahassee-fsu-area/?utm_source=gbp&utm_medium=website-button&utm_campaign=tallahassee-gbp
Nepalese,Aaru's Multicuisine Restaurant,"1108 S Magnolia Dr, Tallahassee, FL 32301, USA",https://aaruz.com/
Nepalese,Essence Of India,"1105 Apalachee Pkwy, Tallahassee, FL 32301, USA",https://essenceofindiafl.com/
Nepalese,Persis Indian Grill,"3111 Mahan Drive #26 And 27, Tallahassee, FL 32308, USA",http://www.persistally.com/
Nicaraguan,La Parrilla Fritanga,"1893 N Pine Island Rd, Plantation, FL 33322, USA",https://dotlo.me/la-parrilla-fritanga-238966-web
Norwegian,The Huntsman,"320 E Tennessee St, Tallahassee, FL 32301, USA",https://www.huntsmantallahassee.com/
Norwegian,Leon's at Lake Ella,"1611 N Monroe St, Tallahassee, FL 32303, USA",http://leonstallahassee.com/
Norwegian,The Edison - Restaurant Tallahassee,"470 Suwannee St, Tallahassee, FL 32301, USA",http://www.edisontally.com/?utm_source=Google%20My%20Business&utm_medium=Website%20Button&utm_campaign=Tallahassee
Norwegian,Bare Naked Kitchen,"609 W Tennessee St, Tallahassee, FL 32304, USA",http://www.eatbarenaked.com/
Norwegian,The Getaway Grille and Bar,"2386 Allen Rd, Tallahassee, FL 32312, USA",http://www.getawaygrille.com/
Norwegian,Sage Restaurant,"3534 Maclay Blvd S, Tallahassee, FL 32312, USA",http://www.sagetallahassee.com/
Norwegian,Coosh's Bayou Rouge Restaurant,"6267 Old Water Oak Rd #101, Tallahassee, FL 32312, USA",http://www.cooshs.com/
Norwegian,Food Glorious Food,"1950 Thomasville Rd, Tallahassee, FL 32303, USA",http://foodgloriousfood.com/
Norwegian,Georgio's Fine Food and Spirits,"2971 Apalachee Pkwy, Tallahassee, FL 32301, USA",http://georgiostallahassee.com/
Norwegian,Backwoods Crossing,"6725 Mahan Dr, Tallahassee, FL 32308, USA",http://www.backwoodscrossing.com/
Norwegian,Rae's Restaurant,"3431 Bannerman Rd Suite 104, Tallahassee, FL 32312, USA",http://raesrestauranttlh.com/
Norwegian,Maple Street Biscuit Company,"4500 W Shannon Lakes, Tallahassee, FL 32309, USA",https://maplestreetbiscuits.com/
Pakistani,The Halal Shack,"104 S Woodward Ave, Tallahassee, FL 32304, USA",https://seminoledining.campusdish.com/en/locationsandmenus/halal-shack/
Pakistani,Aaru's Multicuisine Restaurant,"1108 S Magnolia Dr, Tallahassee, FL 32301, USA",https://aaruz.com/
Pakistani,Persis Indian Grill,"3111 Mahan Drive #26 And 27, Tallahassee, FL 32308, USA",http://www.persistally.com/
Pakistani,Mayuri Indian Restaurant,"1324 Simpson Ave, Tallahassee, FL 32301, USA",https://mayuriindiantallahassee.com/
Pakistani,Essence Of India,"1105 Apalachee Pkwy, Tallahassee, FL 32301, USA",https://essenceofindiafl.com/
Pakistani,64 Tally Gyro & Kebabs,"2039 W Pensacola St, Tallahassee, FL 32304, USA",https://64tally.com/
Pakistani,Kebabas Mediterranean Grill,"601 W Gaines St, Tallahassee, FL 32304, USA",http://kebabasgrill.com/
Pakistani,Sahara Cafe. Mediterranean Cuisine,"1135 Apalachee Pkwy, Tallahassee, FL 32301, USA",http://www.saharacafeone.com/
Pakistani,Krispy Krunchy Chicken at Fresh 2 Go Cafe,"4620 Woodville Hwy, Tallahassee, FL 32305, USA",https://www.facebook.com/KKChickenFresh2GoCafe?mibextid=LQQJ4d
Pakistani,Chef Muneera Mediterranean kitchen,"1917 W Pensacola St, Tallahassee, FL 32304, USA",
Pakistani,Bahn Thai Restaurant,"2531 Apalachee Pkwy, Tallahassee, FL 32301, USA",
Pakistani,Cafe Yerushalmi,"910 Lake Bradford Rd, Tallahassee, FL 32304, USA",
Panamanian,El Rincón Latino Colombian Restaurant,"2010 W Tennessee St, Tallahassee, FL 32304, USA",http://www.superperroscolombian.com/
Paraguayan,El Rincón Latino Colombian Restaurant,"2010 W Tennessee St, Tallahassee, FL 32304, USA",http://www.superperroscolombian.com/
Peruvian,Café de Martín,"2743 Capital Cir NE, Tallahassee, FL 32308, USA",https://www.cafedemartin.com/
Philippine,Real Sarap,"435 W Tennessee St, Tallahassee, FL 32301, USA",
Polish,Yasou Fresh Mediterranean,"3551 N Blair Stone Rd, Tallahassee, FL 32301, USA",http://www.yasoucafe.com/
Puerto Rican,El Rincón Latino Colombian Restaurant,"2010 W Tennessee St, Tallahassee, FL 32304, USA",http://www.superperroscolombian.com/
Puerto Rican,Casa Tapas & Cantina,"2705 Apalachee Pkwy, Tallahassee, FL 32301, USA",https://casatapasandcantina.com/
Puerto Rican,Gordos,"1907 W Pensacola St, Tallahassee, FL 32304, USA",http://gordoscubanfood.com/
Puerto Rican,G&G Eat In & Takeout,"745 Apalachee Pkwy, Tallahassee, FL 32301, USA",
Puerto Rican,Café de Martín,"2743 Capital Cir NE, Tallahassee, FL 32308, USA",https://www.cafedemartin.com/
Puerto Rican,Real Sarap,"435 W Tennessee St, Tallahassee, FL 32301, USA",
Puerto Rican,Habana's Boardwalk - Cuban Restaurant,"2819 Mahan Dr #126, Tallahassee, FL 32308, USA",http://habanasboardwalk.com/
Puerto Rican,Gordos Northside,"1460 Market St Suite #3-4, Tallahassee, FL 32312, USA",http://www.gordoscubanfood.com/
Puerto Rican,Lelo's BBQ,"1270 Saxon Blvd #103, Orange City, FL 32763, USA",http://lelosbbq.com/
Puerto Rican,Patria Boricua,"10255 Pines Blvd, Pembroke Pines, FL 33026, USA",https://facebook.com/profile.php?id=100071431339204
Puerto Rican,Kool Beanz Cafe,"921 Thomasville Rd, Tallahassee, FL 32303, USA",http://www.koolbeanz-cafe.com/
Puerto Rican,Flamingoz A Taste of Miami,"620-1 Railroad Sq, Tallahassee, FL 32310, USA",https://itzsmackin.kwickmenu.com/
Puerto Rican,De Leon Latin Cocina,"1111 N Ponce De Leon Blvd, St. Augustine, FL 32084, USA",https://bit.ly/De_Leon_Latin_Cocina
Puerto Rican,El Viroleño Salvadorean Cuisine,"2910 Kerry Forest Pkwy # B1, Tallahassee, FL 32309, USA",https://elvirolenosalvadoreancuisinefl.com/
Puerto Rican,"Pa'lla Voy Restaurant, LLC","1732 Rinehart Rd, Sanford, FL 32771, USA",https://pallavoyrestaurant.com/?utm_campaign=gmb
Puerto Rican,La Tiendita Mexican Restaurant,"1840 N Monroe St, Tallahassee, FL 32303, USA",https://www.latienditatally.com/
Puerto Rican,Chile & Chili's L.L.C.,"5750 W Tennessee St, Tallahassee, FL 32304, USA",https://www.facebook.com/chile.chilis/
Puerto Rican,San Miguel Mexican Restaurant,"200 W Tharpe St, Tallahassee, FL 32303, USA",http://sanmiguelmexicanrestaurant.weebly.com/
Puerto Rican,Georgio's Fine Food and Spirits,"2971 Apalachee Pkwy, Tallahassee, FL 32301, USA",http://georgiostallahassee.com/
Romanian,El Rincón Latino Colombian Restaurant,"2010 W Tennessee St, Tallahassee, FL 32304, USA",http://www.superperroscolombian.com/
Saudi Arabian,Sahara Cafe. Mediterranean Cuisine,"1135 Apalachee Pkwy, Tallahassee, FL 32301, USA",http://www.saharacafeone.com/
Saudi Arabian,Cafe Yerushalmi,"910 Lake Bradford Rd, Tallahassee, FL 32304, USA",
Saudi Arabian,Kebabas Mediterranean Grill,"601 W Gaines St, Tallahassee, FL 32304, USA",http://kebabasgrill.com/
Saudi Arabian,Chef Muneera Mediterranean kitchen,"1917 W Pensacola St, Tallahassee, FL 32304, USA",
Saudi Arabian,Yasou Fresh Mediterranean,"3551 N Blair Stone Rd, Tallahassee, FL 32301, USA",http://www.yasoucafe.com/
Saudi Arabian,Little Athens Gyro,"666 W Tennessee St #5, Tallahassee, FL 32304, USA",https://runinos.com/places/little-athens-gyro-tallahassee-fl/
Saudi Arabian,Taziki's Mediterranean Cafe - Tallahassee,"216 S Magnolia Dr, Tallahassee, FL 32301, USA",https://www.tazikis.com/location/tallahassee
Saudi Arabian,Essence Of India,"1105 Apalachee Pkwy, Tallahassee, FL 32301, USA",https://essenceofindiafl.com/
Saudi Arabian,Aaru's Multicuisine Restaurant,"1108 S Magnolia Dr, Tallahassee, FL 32301, USA",https://aaruz.com/
Singaporean,J's Asian Street Food,"402 E Tennessee St, Tallahassee, FL 32301, USA",https://www.jsasiantlh.com/
Singaporean,Bahn Thai Restaurant,"2531 Apalachee Pkwy, Tallahassee, FL 32301, USA",
Singaporean,Little Masa,"619 S Woodward Ave STE 105, Tallahassee, FL 32304, USA",http://littlemasa.com/
Singaporean,Pei Wei Asian Express,"1500 Apalachee Pkwy, Tallahassee, FL 32301, USA",https://www.peiwei.com/florida/530-governors-square-mall/
Singaporean,Long Garden Chinese Restaurant,"800 Ocala Rd Suite 420, Tallahassee, FL 32304, USA",https://www.beyondmenu.com/21622/a/long-garden-chinese-restaurant-tallahassee-32304.aspx
Singaporean,Emerald Garden,"2910 Kerry Forest Pkwy, Tallahassee, FL 32309, USA",http://www.emeraldgardenfl.com/
Singaporean,Aaru's Multicuisine Restaurant,"1108 S Magnolia Dr, Tallahassee, FL 32301, USA",https://aaruz.com/
Singaporean,Blossom Kitchen,"625 W Tennessee St, Tallahassee, FL 32304, USA",https://etapthru.com/restaurant.php?id=7575
Singaporean,Nihao Chinese Restaurant,"6668 Thomasville Rd, Tallahassee, FL 32312, USA",https://nihaochinesefl.com/
Singaporean,Chopstix Chinese Restaurant,"3539 Apalachee Pkwy, Tallahassee, FL 32311, USA",http://www.chopstixchinesefl.com/
Singaporean,Great Wall Chinese Restaurant,"4220 W Tennessee St, Tallahassee, FL 32304, USA",https://www.floridagreatwall.com/
Singaporean,Hong Kong Chinese Restaurant,"1214 Capital Cir SE Unit C, Tallahassee, FL 32301, USA",https://flhongkongtogo.com/
Singaporean,Hong Kong II,"2525 S Monroe St # 26, Tallahassee, FL 32301, USA",https://www.hongkong2tallahasseefl.com/
Singaporean,Essence Of India,"1105 Apalachee Pkwy, Tallahassee, FL 32301, USA",https://essenceofindiafl.com/
Singaporean,China First,"400 Capital Cir SE, Tallahassee, FL 32301, USA",https://www.chinafirstflorida.com/0v9k5tla/restaurant/order-online
Singaporean,Siam Bistro,"6808 Thomasville Rd STE 109, Tallahassee, FL 32312, USA",https://www.siambistro-tally.com/
Singaporean,Masa,"1650 N Monroe St, Tallahassee, FL 32303, USA",http://www.masatallahassee.com/
Singaporean,China Wok Restaurant,"3551 S Blair Stone Rd #111, Tallahassee, FL 32301, USA",http://chinawoktally.com/
Singaporean,Midtown Noodles Bar,"1660 N Monroe St, Tallahassee, FL 32303, USA",http://www.midtownnoodles.com/
Singaporean,Flavor Treasure,"1964 W Tennessee St APT 19, Tallahassee, FL 32304, USA",https://www.flavortreasurefl.com/
Slovak,Leon's at Lake Ella,"1611 N Monroe St, Tallahassee, FL 32303, USA",http://leonstallahassee.com/
Slovenian,Leon's at Lake Ella,"1611 N Monroe St, Tallahassee, FL 32303, USA",http://leonstallahassee.com/
Somali,Halisi Africa,"62517 Railroad Sq, Tallahassee, FL 32310, USA",http://www.halisiafrica.com/
South African,Halisi Africa,"62517 Railroad Sq, Tallahassee, FL 32310, USA",http://www.halisiafrica.com/
Sri Lankan,El Rincón Latino Colombian Restaurant,"2010 W Tennessee St, Tallahassee, FL 32304, USA",http://www.superperroscolombian.com/
Sri Lankan,Habana's Boardwalk - Cuban Restaurant,"2819 Mahan Dr #126, Tallahassee, FL 32308, USA",http://habanasboardwalk.com/
Sri Lankan,Backwoods Crossing,"6725 Mahan Dr, Tallahassee, FL 32308, USA",http://www.backwoodscrossing.com/
Sri Lankan,Leon's at Lake Ella,"1611 N Monroe St, Tallahassee, FL 32303, USA",http://leonstallahassee.com/
Sri Lankan,VeneBites,"217 E 3rd Ave, Tallahassee, FL 32303, USA",https://www.ordervenebites.com/
Sri Lankan,Rae's Restaurant,"3431 Bannerman Rd Suite 104, Tallahassee, FL 32312, USA",http://raesrestauranttlh.com/
Sri Lankan,Heluva Sub,"2475 Apalachee Pkwy #103, Tallahassee, FL 32301, USA",http://heluvasub.com/
Sri Lankan,San Miguel Mexican Restaurant,"200 W Tharpe St, Tallahassee, FL 32303, USA",http://sanmiguelmexicanrestaurant.weebly.com/
Sri Lankan,La Tiendita Mexican Restaurant,"1840 N Monroe St, Tallahassee, FL 32303, USA",https://www.latienditatally.com/
Sri Lankan,Tally Taco Food Truck,"2529 Apalachee Pkwy, Tallahassee, FL 32301, USA",https://www.facebook.com/Tally-Taco-105529164431486/
Sri Lankan,Georgio's Fine Food and Spirits,"2971 Apalachee Pkwy, Tallahassee, FL 32301, USA",http://georgiostallahassee.com/
Sri Lankan,Z Bardhi's Italian Cuisine,"3596 Kinhega Dr, Tallahassee, FL 32312, USA",http://www.zbardhis.com
Sri Lankan,Southwood Town Center,"3196 Merchants Row Blvd, Tallahassee, FL 32311, USA",https://southwoodtowncenter.com/
Sri Lankan,Banana Leaf Resturant ( Sri Lankan Fusion ),"2504 S Alafaya Trail, Orlando, FL 32828, USA",http://www.bananaleafllc.com/
Sri Lankan,Growler Country,"3305 Capital Cir NE, Tallahassee, FL 32308, USA",http://www.growlercountry.com/
Sri Lankan,Ellianos Coffee,"2914 Kerry Forest Pkwy, Tallahassee, FL 32309, USA",https://www.ellianos.com/
Sri Lankan,Pineappétit,"626 Railroad Sq, Tallahassee, FL 32310, USA",https://www.pineappetit.com/
Swiss,Sage Restaurant,"3534 Maclay Blvd S, Tallahassee, FL 32312, USA",http://www.sagetallahassee.com/
Swiss,Essence Of India,"1105 Apalachee Pkwy, Tallahassee, FL 32301, USA",https://essenceofindiafl.com/
Swiss,The Huntsman,"320 E Tennessee St, Tallahassee, FL 32301, USA",https://www.huntsmantallahassee.com/
Swiss,The Edison - Restaurant Tallahassee,"470 Suwannee St, Tallahassee, FL 32301, USA",http://www.edisontally.com/?utm_source=Google%20My%20Business&utm_medium=Website%20Button&utm_campaign=Tallahassee
Swiss,BJ's Restaurant & Brewhouse,"1749 Apalachee Pkwy, Tallahassee, FL 32301, USA",https://www.bjsrestaurants.com/locations/fl/tallahassee?utm_source=google&utm_medium=organic&utm_campaign=google_my_business
Swiss,The Hawthorn Bistro & Bakery,"1307 N Monroe St #1, Tallahassee, FL 32303, USA",http://hawthorntlh.com/
Swiss,Woodchuck's Cafe Inc,"2520 W Tharpe St, Tallahassee, FL 32303, USA",http://www.woodchucks-cafe.com/
Swiss,Liberty Bar and Restaurant,"1307 N Monroe St, Tallahassee, FL 32303, USA",http://www.libertytlh.com/
Swiss,Leon's at Lake Ella,"1611 N Monroe St, Tallahassee, FL 32303, USA",http://leonstallahassee.com/
Swiss,Kool Beanz Cafe,"921 Thomasville Rd, Tallahassee, FL 32303, USA",http://www.koolbeanz-cafe.com/
Swiss,Georgio's Fine Food and Spirits,"2971 Apalachee Pkwy, Tallahassee, FL 32301, USA",http://georgiostallahassee.com/
Swiss,Backwoods Crossing,"6725 Mahan Dr, Tallahassee, FL 32308, USA",http://www.backwoodscrossing.com/
Swiss,Hopkins Eatery,"1208 Capital Cir SE Unit A, Tallahassee, FL 32301, USA",http://www.hopkinseatery.com/
Swiss,Savour,"115 E Park Ave, Tallahassee, FL 32301, USA",https://www.savourtallahassee.com/
Swiss,Relish - Big Tasty Burgers,"1935 W Tennessee St, Tallahassee, FL 32304, USA",https://relishusa.com/
Swiss,Ted's Montana Grill,"1954 Village Green Way, Tallahassee, FL 32308, USA",https://www.tedsmontanagrill.com/tmg039.html
Swiss,Live Oak Grille and Bar,"3300 Capital Cir SW, Tallahassee, FL 32310, USA",
Swiss,Sliders - A Sandwich Revolution,"1122 Thomasville Rd #4, Tallahassee, FL 32303, USA",https://www.sliderstlh.com/
Swiss,Newk's Eatery,"1400 Village Square Blvd Suite 35, Tallahassee, FL 32312, USA",https://www.newks.com/?olonwp=JjBtp_vMLk25gkYh_bnoiQ
Swiss,Lucilla,"1241 E Lafayette St, Tallahassee, FL 32301, USA",https://www.lucillatallahassee.com/
Syrian,Kairos Mediterranean,"1415 Timberlane Rd, Tallahassee, FL 32312, USA",https://www.eatkairos.com/
Syrian,Yasou Fresh Mediterranean,"3551 N Blair Stone Rd, Tallahassee, FL 32301, USA",http://www.yasoucafe.com/
Syrian,Chef Muneera Mediterranean kitchen,"1917 W Pensacola St, Tallahassee, FL 32304, USA",
Syrian,Taziki's Mediterranean Cafe - Tallahassee,"216 S Magnolia Dr, Tallahassee, FL 32301, USA",https://www.tazikis.com/location/tallahassee
Syrian,Cafe Yerushalmi,"910 Lake Bradford Rd, Tallahassee, FL 32304, USA",
Syrian,Sahara Cafe. Mediterranean Cuisine,"1135 Apalachee Pkwy, Tallahassee, FL 32301, USA",http://www.saharacafeone.com/
Syrian,Little Athens Gyro,"666 W Tennessee St #5, Tallahassee, FL 32304, USA",https://runinos.com/places/little-athens-gyro-tallahassee-fl/
Syrian,64 Tally Gyro & Kebabs,"2039 W Pensacola St, Tallahassee, FL 32304, USA",https://64tally.com/
Syrian,Kebabas Mediterranean Grill,"601 W Gaines St, Tallahassee, FL 32304, USA",http://kebabasgrill.com/
Syrian,CAVA,"1817 Thomasville Rd, Tallahassee, FL 32303, USA",http://cava.com/
Syrian,Pitaria,"1935 Apalachee Pkwy, Tallahassee, FL 32301, USA",https://www.thepitariatallahassee.com/
Syrian,Captain Pete's House of Gyros,"1184B Capital Cir NE, Tallahassee, FL 32301, USA",http://www.captainpetesgyros.com/
Syrian,Masa,"1650 N Monroe St, Tallahassee, FL 32303, USA",http://www.masatallahassee.com/
Syrian,Chatarras Restaurant,"3348 Mahan Dr Suite 2, Tallahassee, FL 32308, USA",https://www.chatarras850.com/
Syrian,Savour,"115 E Park Ave, Tallahassee, FL 32301, USA",https://www.savourtallahassee.com/
Syrian,Sage Restaurant,"3534 Maclay Blvd S, Tallahassee, FL 32312, USA",http://www.sagetallahassee.com/
Syrian,Dejavu Venezuelan Food,"Thomasville Rd, Tallahassee, FL 32309, USA",http://www.dejavuvenezuelanfood.com/
Syrian,Georgio's Fine Food and Spirits,"2971 Apalachee Pkwy, Tallahassee, FL 32301, USA",http://georgiostallahassee.com/
Syrian,Sliders - A Sandwich Revolution,"1122 Thomasville Rd #4, Tallahassee, FL 32303, USA",https://www.sliderstlh.com/
Syrian,Aladdin's Sheesha Cafe,"535 Silver Slipper Ln Suites A, B & C, Tallahassee, FL 32303, USA",https://aladdinstallahassee.com/
Taiwanese,Dao Restaurant,"3425 Bannerman Rd Unit A102, Tallahassee, FL 32312, USA",http://www.daotally.com/
Taiwanese,Azu Lucy Ho's,"3220 Apalachee Pkwy #13, Tallahassee, FL 32311, USA",https://www.azutally.com/
Taiwanese,J's Asian Street Food,"402 E Tennessee St, Tallahassee, FL 32301, USA",https://www.jsasiantlh.com/
Taiwanese,Ming Tree Cafe,"2711 Killarney Way, Tallahassee, FL 32309, USA",https://www.facebook.com/Ming-Tree-Cafe-209614425813705/
Taiwanese,Tan's Asian Cafe,"2743 Capital Cir NE #110, Tallahassee, FL 32308, USA",https://order.online/business/tans-asian-cafe-288459
Taiwanese,Pei Wei Asian Express,"1500 Apalachee Pkwy, Tallahassee, FL 32301, USA",https://www.peiwei.com/florida/530-governors-square-mall/
Taiwanese,Nihao Chinese Restaurant,"6668 Thomasville Rd, Tallahassee, FL 32312, USA",https://nihaochinesefl.com/
Tanzanian,Halisi Africa,"62517 Railroad Sq, Tallahassee, FL 32310, USA",http://www.halisiafrica.com/
Tanzanian,Tally West African Food & Clothing,"3000 Pink Star Ct, Tallahassee, FL 32309, USA",https://www.facebook.com/Tallywestafricanfood/
Thai,Bahn Thai Restaurant,"2531 Apalachee Pkwy, Tallahassee, FL 32301, USA",
Thai,Reangthai Thai Restaurant,"2740 Capital Cir NE, Tallahassee, FL 32308, USA",https://orderreangthai.com/
Thai,Thai Place,"2915 Kerry Forest Pkwy STE 604, Tallahassee, FL 32309, USA",http://www.facebook.com/kerryforestthaiplace
Thai,Thai Kitchen Cuisine,"1400 Village Square Blvd #114, Tallahassee, FL 32312, USA",https://www.thaikitchencuisine.com/
Thai,Royal Thai and Sushi,"2020 W Pensacola St Space 150, Tallahassee, FL 32304, USA",https://royalthaisushi.com/
Thai,Siam Sushi,"1700 Suite 9, N Monroe St, Tallahassee, FL 32303, USA",http://www.siamsushimenu.com/
Thai,Siam Bistro,"6808 Thomasville Rd STE 109, Tallahassee, FL 32312, USA",https://www.siambistro-tally.com/
Thai,Little Masa,"619 S Woodward Ave STE 105, Tallahassee, FL 32304, USA",http://littlemasa.com/
Thai,Lemongrass,"2415 N Monroe St, Tallahassee, FL 32303, USA",http://lemongrasstally.com/
Thai,Masa,"1650 N Monroe St, Tallahassee, FL 32303, USA",http://www.masatallahassee.com/
Thai,Tan's Asian Cafe,"2743 Capital Cir NE #110, Tallahassee, FL 32308, USA",https://order.online/business/tans-asian-cafe-288459
Tunisian,Cafe Yerushalmi,"910 Lake Bradford Rd, Tallahassee, FL 32304, USA",
Tunisian,Yasou Fresh Mediterranean,"3551 N Blair Stone Rd, Tallahassee, FL 32301, USA",http://www.yasoucafe.com/
Tunisian,Sahara Cafe. Mediterranean Cuisine,"1135 Apalachee Pkwy, Tallahassee, FL 32301, USA",http://www.saharacafeone.com/
Tunisian,Little Athens Gyro,"666 W Tennessee St #5, Tallahassee, FL 32304, USA",https://runinos.com/places/little-athens-gyro-tallahassee-fl/
Tunisian,Kebabas Mediterranean Grill,"601 W Gaines St, Tallahassee, FL 32304, USA",http://kebabasgrill.com/
Tunisian,El Rincón Latino Colombian Restaurant,"2010 W Tennessee St, Tallahassee, FL 32304, USA",http://www.superperroscolombian.com/
Tunisian,Georgio's Fine Food and Spirits,"2971 Apalachee Pkwy, Tallahassee, FL 32301, USA",http://georgiostallahassee.com/
Tunisian,Leon's at Lake Ella,"1611 N Monroe St, Tallahassee, FL 32303, USA",http://leonstallahassee.com/
Ukrainian,El Rincón Latino Colombian Restaurant,"2010 W Tennessee St, Tallahassee, FL 32304, USA",http://www.superperroscolombian.com/
Venezuelan,VeneBites,"217 E 3rd Ave, Tallahassee, FL 32303, USA",https://www.ordervenebites.com/
Venezuelan,Dejavu Venezuelan Food,"Thomasville Rd, Tallahassee, FL 32309, USA",http://www.dejavuvenezuelanfood.com/
Venezuelan,Chatarras Restaurant,"3348 Mahan Dr Suite 2, Tallahassee, FL 32308, USA",https://www.chatarras850.com/
Vietnamese,Pho Me Vietnamese Noodle Bar,"2320 Apalachee Pkwy, Tallahassee, FL 32301, USA",http://www.phomenoodlebar.com/
Vietnamese,Phở 7,"2121 W Pensacola St, Tallahassee, FL 32304, USA",https://pho7togo.com/
Vietnamese,Lemongrass,"2415 N Monroe St, Tallahassee, FL 32303, USA",http://lemongrasstally.com/
Vietnamese,UR BOWL,"1800 W Tennessee St #3, Tallahassee, FL 32304, USA",http://urbowls.squarespace.com/
Vietnamese,Paris Banh Mi - Tallahassee,"1875 N Monroe St Ste. 100, Tallahassee, FL 32303, USA",https://www.parisbanhmi.com/locations/paris-banh-mi-tallahassee
Vietnamese,Pho & Baguette,"1919 W Tennessee St unit 415, Tallahassee, FL 32304, USA",https://phobaguettetallahassee.com/
Yemeni,Cafe Yerushalmi,"910 Lake Bradford Rd, Tallahassee, FL 32304, USA",
Yemeni,Sahara Cafe. Mediterranean Cuisine,"1135 Apalachee Pkwy, Tallahassee, FL 32301, USA",http://www.saharacafeone.com/
Yemeni,Kairos Mediterranean,"1415 Timberlane Rd, Tallahassee, FL 32312, USA",https://www.eatkairos.com/
Yemeni,Yasou Fresh Mediterranean,"3551 N Blair Stone Rd, Tallahassee, FL 32301, USA",http://www.yasoucafe.com/
Yemeni,Kebabas Mediterranean Grill,"601 W Gaines St, Tallahassee, FL 32304, USA",http://kebabasgrill.com/
Yemeni,Little Athens Gyro,"666 W Tennessee St #5, Tallahassee, FL 32304, USA",https://runinos.com/places/little-athens-gyro-tallahassee-fl/
Yemeni,The Huntsman,"320 E Tennessee St, Tallahassee, FL 32301, USA",https://www.huntsmantallahassee.com/
Zimbabwean,Halisi Africa,"62517 Railroad Sq, Tallahassee, FL 32310, USA",http://www.halisiafrica.com/
Zimbabwean,Tally West African Food & Clothing,"3000 Pink Star Ct, Tallahassee, FL 32309, USA",https://www.facebook.com/Tallywestafricanfood/
