Cuisine Type,Name,Address,Website
Mexican,Los Magueyes Mexican Restaurant - Ocala,"5855 SE 5th St UNIT 1, Ocala, FL 34472, USA",http://www.losmagueyesmexrest.com/
Mexican,La Fiesta Mexican Cocina Ocala,"4937 NW Blitchton Rd, Ocala, FL 34482, USA",
Mexican,Las Margaritas Mexican Restaurant & Gallery,"4414 SW College Rd, Ocala, FL 34474, USA",http://www.lasmargaritasgnv.com/
Mexican,El Toreo,"3510 SW 36th Ave, Ocala, FL 34474, USA",https://www.eltoreomexicanrestaurant.com/
Mexican,Las Micheladas mexican & seafood,"12210 US Hwy 27, Ocala, FL 34482, USA",
Mexican,Brisas del Mar Ocala,"1900 S Pine Ave, Ocala, FL 34471, USA",http://www.brisasdelmarmexicanrestaurant.com/
Mexican,Taco 'N Madre,"80 N Pine Ave, Ocala, FL 34475, USA",
Mexican,Los Chiles Taqueria,"10347 US Hwy 27, Ocala, FL 34482, USA",https://loschilestaqueriafl.com/
Mexican,Pepe's Mexican Restaurant & Market,"7915 FL-40, Ocala, FL 34482, USA",http://pepesmexocala.com/
Mexican,Taqueria My Ranchito,"4279 W Silver Springs Blvd, Ocala, FL 34482, USA",http://taqueriamyranchito.com/
Mexican,El Toreo,"3790 E Silver Springs Blvd, Ocala, FL 34470, USA",https://www.eltoreomexicanrestaurant.com/
Mexican,Latinos y Mas Restaurant,"2030 S Pine Ave, Ocala, FL 34471, USA",http://www.latinosymas.com/
Mexican,El Mezcal Mexican Restaurant Ocala,"8449 SW State Rd 200 #147-149, Ocala, FL 34481, USA",
Mexican,Azul Tequila,"7859 SW State Rd 200 Unit #105. W, Ocala, FL 34476, USA",http://www.azul-tequila.com/
Mexican,Casita Luna Mexican Restaurant,"4422 FL-40 Suite 1, Ocala, FL 34482, USA",https://casitaluna.curvpos.com/location?id=casitaluna
Mexican,La Hacienda Restaurant and Supermarket,"4185 FL-40, Ocala, FL 34482, USA",
Mexican,Sayulita Taqueria,"10 NE 1st St, Ocala, FL 34470, USA",http://saytaco.com/
Mexican,Laredo Taco Company,"9445 SW 49th Ave Rd, Ocala, FL 34476, USA",https://www.laredotacocompany.com/
Mexican,La Cocina Taqueria,"5985 FL-40, Ocala, FL 34482, USA",https://lacocinataqueria.com/
Mexican,Moe's Southwest Grill,"2604 SW 19th Avenue Rd, Ocala, FL 34474, USA",https://locations.moes.com/fl/ocala/2604-sw-19th-avenue-rd?utm_source=google&utm_medium=organic&utm_campaign=locations_partner
Swedish,Fiore's Cafe,"2327 S Pine Ave, Ocala, FL 34471, USA",
Italian,Roma's Italian Restaurant,"2775 NW 49th Ave, Ocala, FL 34482, USA",https://www.romasocala.com/
Italian,Formaggio Pizza and Italian Restaurant,"1053 NE 14th St, Ocala, FL 34470, USA",http://www.formaggiopizzaocala.com/
Italian,Fiore's Cafe,"2327 S Pine Ave, Ocala, FL 34471, USA",
Italian,Olive Garden Italian Restaurant,"3363 SW College Rd, Ocala, FL 34474, USA",https://www.olivegarden.com/locations/fl/ocala/ocala-paddock-mall/1015?cmpid=br:og_ag:ie_ch:loc_ca:OGGMB_sn:gmb_gt:ocala-fl-1015_pl:locurl_rd:1005
Italian,Carrabba's Italian Grill,"2370 SW College Rd, Ocala, FL 34474, USA",https://locations.carrabbas.com/florida/ocala/2370-sw-college-rd?y_source=1_MTU1MDI5NDEtNzE1LWxvY2F0aW9uLndlYnNpdGU%3D
Italian,Milano Italian Grille,"5400 SW College Rd, Ocala, FL 34474, USA",http://milanotogo.com/
Italian,Little Joey's Pizza & Italian Restaurant,"8602 SW State Rd 200, Ocala, FL 34481, USA",
Italian,Sammy's Italian Restaurant and Pizza,"6106 SW State Rd 200, Ocala, FL 34476, USA",
Italian,Piesanos Stone Fired Pizza - 42nd St,"2575 SW 42nd St, Ocala, FL 34471, USA",http://piesanostogo.com/
Italian,Pasta Faire,"10401 US-441, Belleview, FL 34420, USA",https://www.pastafaire.com/
Italian,Piesanos Stone Fired Pizza,"8075 SW State Rd 200, Ocala, FL 34481, USA",https://www.piesanostogo.com/
Italian,Marcelina's Italian Restaurant,"8810 SW State Rd 200, Ocala, FL 34481, USA",http://marcelinasocala.com/
Italian,Labellas Italian Piatto,"3909 SE Lake Weir Ave, Ocala, FL 34480, USA",http://labellasitalian.com/
Italian,Zella's Pizzeria & Italian,"9360 US-441, Ocala, FL 34480, USA",https://www.zellasocala.com/
Italian,Viola & Dot's Italian Kitchen & Pizzeria,"8235 NW 17th Pl, Ocala, FL 34482, USA",https://worldequestriancenter.com/ocala-fl/visit/dining/
Italian,Lakis Restaurant,"3405 SW College Rd, Ocala, FL 34474, USA",
Italian,Riccardo's,"11783 US-441, Belleview, FL 34420, USA",
Italian,Mesa de Notte,"2436 E Silver Springs Blvd, Ocala, FL 34470, USA",https://www.mesaocala.com/
Italian,Little Joey's Italian Restaurant,"16840 US-441 #401, Summerfield, FL 34491, USA",
Italian,San's Pizzeria and Restaurant,"4953 NW Blitchton Rd, Ocala, FL 34482, USA",http://sanspizzeriaocala.com/
Spanish,Latinos y Mas Restaurant,"2030 S Pine Ave, Ocala, FL 34471, USA",http://www.latinosymas.com/
Spanish,Lechonera Ocala,"3334 NW Blitchton Rd, Ocala, FL 34475, USA",https://lechoneraocalafl.com/
Spanish,La Estrella de Borinquen,"2409 County Rd 200A, Ocala, FL 34470, USA",
Spanish,Brisas del Mar Ocala,"1900 S Pine Ave, Ocala, FL 34471, USA",http://www.brisasdelmarmexicanrestaurant.com/
Spanish,La Ceiba Latin Food Restaurant,"2602 SW 19th Avenue Rd Suite 103, Ocala, FL 34471, USA",http://laceiba.com/
Spanish,Pepe's Mexican Restaurant & Market,"7915 FL-40, Ocala, FL 34482, USA",http://pepesmexocala.com/
Spanish,Old San Juan Restaurant,"184 Marion Oaks Blvd, Ocala, FL 34473, USA",https://www.facebook.com/OSJRESTAURANT
Spanish,La Fiesta Mexican Cocina Ocala,"4937 NW Blitchton Rd, Ocala, FL 34482, USA",
Spanish,La Hacienda Restaurant and Supermarket,"4185 FL-40, Ocala, FL 34482, USA",
Spanish,Las Micheladas mexican & seafood,"12210 US Hwy 27, Ocala, FL 34482, USA",
Spanish,Casita Luna Mexican Restaurant,"4422 FL-40 Suite 1, Ocala, FL 34482, USA",https://casitaluna.curvpos.com/location?id=casitaluna
Spanish,Los Magueyes Mexican Restaurant - Ocala,"5855 SE 5th St UNIT 1, Ocala, FL 34472, USA",http://www.losmagueyesmexrest.com/
Spanish,El Toreo,"3510 SW 36th Ave, Ocala, FL 34474, USA",https://www.eltoreomexicanrestaurant.com/
Spanish,El Toreo,"3790 E Silver Springs Blvd, Ocala, FL 34470, USA",https://www.eltoreomexicanrestaurant.com/
Spanish,Charlie’s Pinchos,"3711 E Silver Springs Blvd, Ocala, FL 34470, USA",https://facebook.com/charliespinchosocala
Spanish,Mi Tierra Latina Mexican & Peruvian,"2105 County Hwy 484, Ocala, FL 34473, USA",http://www.vivamitierralatina.com/
Spanish,El Criollo,"16580 S Hwy 475, Summerfield, FL 34491, USA",
Spanish,Sayulita Taqueria,"10 NE 1st St, Ocala, FL 34470, USA",http://saytaco.com/
Spanish,Latin Stop Cafe & Bakery,"7578 SE Maricamp Rd #105, Ocala, FL 34472, USA",
Spanish,Taqueria My Ranchito,"4279 W Silver Springs Blvd, Ocala, FL 34482, USA",http://taqueriamyranchito.com/
American,Brooklyn's Backyard,"2019 E Silver Springs Blvd, Ocala, FL 34470, USA",http://www.brooklynsbackyard.com/
American,Wolfy's Restaurant,"2159 E Silver Springs Blvd, Ocala, FL 34470, USA",https://m.facebook.com/wolfysocala/
American,The Crazy Cucumber 352 Eatery and Bar,"4414 SW College Rd #1910, Ocala, FL 34474, USA",http://www.thecrazycucumber.com/
American,Cheddar's Scratch Kitchen,"4065 SW College Rd, Ocala, FL 34474, USA",https://www.cheddars.com/locations/fl/ocala/ocala/2176?cmpid=br:csk_ag:ie_ch:loc_ca:CSKGMB_sn:gmb_gt:ocala-fl-2176_pl:locurl_rd:1148
American,Depot on Magnolia,"533 NE 1st Ave, Ocala, FL 34470, USA",https://depotonmagnolia.com/
American,Stirrups Restaurant,"8510 NW 17th Ln, Ocala, FL 34482, USA",https://stirrupsocala.com/
American,Salted Brick at Ocala Preserve,"3332 NW 55th Ave, Ocala, FL 34482, USA",https://theclubatocalapreserve.com/dining
American,Elevation89,"1770 SW 60th Ave suite 800, Ocala, FL 34474, USA",http://elevation89attheocalaairport.com/
American,Latinos y Mas Restaurant,"2030 S Pine Ave, Ocala, FL 34471, USA",http://www.latinosymas.com/
American,Ivy on the Square,"53 S Magnolia Ave, Ocala, FL 34471, USA",
American,Braised Onion,"754 NE 25th Ave, Ocala, FL 34470, USA",https://www.braisedonion.com/
American,Elis River Park Cafe,"2771 NE 102nd Ave Rd, Silver Springs, FL 34488, USA",
American,Gator's Dockside Ocala,"3920 SW 42nd St #101, Ocala, FL 34474, USA",http://www.gatorsdockside.com/
American,District Bar and Kitchen,"110 SW Broadway St, Ocala, FL 34471, USA",https://districtbk.com/
American,Terry's Place,"4121 NE 36th Ave, Ocala, FL 34479, USA",
American,Big Man's Cafe,"1011 NE 14th St, Ocala, FL 34470, USA",https://bigmanscafe.com/
American,Brick City Southern Kitchen,"10 S Magnolia Ave, Ocala, FL 34471, USA",https://www.mojobbq.com/
American,Brunch house.,"5855 SE 5th St, Ocala, FL 34472, USA",
American,Mama B's Diner,"7651 SW State Rd 200, Ocala, FL 34476, USA",
American,WAYNE'S KITCHEN,"1211 NW 10th St, Ocala, FL 34475, USA",http://www.facebook.com/Waynes-Kitchen-531779716833952/
Scottish,O’Calahan’s Pub & Eatery,"3155 E Silver Springs Blvd, Ocala, FL 34470, USA",https://www.facebook.com/people/OCalahans-Pub-Eatery/100063639545127/
Scottish,O'Malleys Alley,"24 SE Magnolia Ext, Ocala, FL 34471, USA",https://m.facebook.com/omalleysalley/
Scottish,Brick City Southern Kitchen,"10 S Magnolia Ave, Ocala, FL 34471, USA",https://www.mojobbq.com/
Scottish,Horse & Hounds Restaurant,"6998 US Hwy 27, Ocala, FL 34482, USA",http://www.horseandhoundsrestaurant.com/
Scottish,"Harry's Seafood,Bar & Grille","24 SE 1st Ave, Ocala, FL 34471, USA",http://www.hookedonharrys.com/
Scottish,Salted Brick at Ocala Preserve,"3332 NW 55th Ave, Ocala, FL 34482, USA",https://theclubatocalapreserve.com/dining
Scottish,District Bar and Kitchen,"110 SW Broadway St, Ocala, FL 34471, USA",https://districtbk.com/
Scottish,County Line Smokehouse & Spirits,"17474 Co Rd 25, Weirsdale, FL 32195, USA",https://www.countylinesmokehouse.com/
Scottish,Elevation89,"1770 SW 60th Ave suite 800, Ocala, FL 34474, USA",http://elevation89attheocalaairport.com/
Scottish,Mark's Prime Steakhouse,"30 S Magnolia Ave, Ocala, FL 34471, USA",https://marksprimesteakhouse.com/
Scottish,Mojo's-Food. Music. Soul. (Ocala Location),"2015 SW 17th St, Ocala, FL 34471, USA",https://www.ilovemojos.com/
Scottish,Ipanema Brazilian Steak House,"2023 S Pine Ave, Ocala, FL 34471, USA",https://www.ipanemaocala.com/
Scottish,La Cuisine Restaurant,"48 SW 1st Ave, Ocala, FL 34471, USA",http://lacuisineocala.com/
Scottish,Latinos y Mas Restaurant,"2030 S Pine Ave, Ocala, FL 34471, USA",http://www.latinosymas.com/
Scottish,Fiore's Cafe,"2327 S Pine Ave, Ocala, FL 34471, USA",
Scottish,Haeorum Foods Korean BBQ,"3045 SE 3rd Ave, Ocala, FL 34471, USA",http://koreanfoodocala.com/
Scottish,Hungry Bear Drive-In,"420 SE Osceola Ave, Ocala, FL 34471, USA",
Scottish,Connotto's,"3751 SE 36th Ave, Ocala, FL 34471, USA",
British,Magical Meat Boutique British Pub,"322 Alexander St, Mt Dora, FL 32757, USA",http://www.facebook.com/MagicalMeatBoutique
Thai,Ayuttaya Thai Cuisine,"2437 SW 27th Ave, Ocala, FL 34471, USA",http://www.ayuttayathai.com/
Thai,Rice & Noodles Thai Cuisine,"11175 SW 93rd Ct Rd, Ocala, FL 34481, USA",https://www.riceandnoodlesocala.com/
Thai,ROYAL ORCHID THAI Cuisine,"3131 SW College Rd #206, Ocala, FL 34474, USA",https://www.royalorchidocala.com/
Thai,Thai To go,"9020 SW 27th Ave Suite B, Ocala, FL 34476, USA",http://www.thaitogocuisine.com/
Thai,Ninja Sushi & Thai,"2575 SW 42nd St #109, Ocala, FL 34471, USA",http://ninjasushiocala.com/
Thai,Exotic Thai Restaurant,"1532 S Pine Ave, Ocala, FL 34471, USA",
Japanese,Yamato Japanese Steak House,"4714 SW College Rd, Ocala, FL 34474, USA",http://www.yamatojapanesesteakhouse.com/locations.html
Japanese,EDO Sushi,"4414 SW College Rd # 310, Ocala, FL 34474, USA",http://edosushifl.com/
Japanese,Tony's Sushi,"3405 SW College Rd, Ocala, FL 34474, USA",https://www.smorefood.com/order-online/tonys-sushi-ocala-34474-hbnhoht0?utm_source=gmb&utm_medium=website
Japanese,hibachi of sakura,"4920 E Silver Springs Blvd #108, Ocala, FL 34470, USA",http://hibachiofsakura.com/
Japanese,Aki Sushi,"303 SE 17th St Ste 306, Ocala, FL 34471, USA",http://www.akisushiocala.com/?utm_source=gmb&utm_medium=website
Japanese,Sushi Bistro,"18 SE Broadway St, Ocala, FL 34471, USA",http://www.sushibistrofl.com/
Japanese,Ninja Sushi & Thai,"2575 SW 42nd St #109, Ocala, FL 34471, USA",http://ninjasushiocala.com/
Japanese,Grace Japanese Steak House,"3035 SE Maricamp Rd, Ocala, FL 34471, USA",https://gracejapanesetogo.com/
Japanese,Asian Pop,"2611 SW 19th Avenue Rd, Ocala, FL 34471, USA",http://www.asianpopocala.com/
Japanese,Akita Sushi,"8075 SW State Rd 200 #117, Ocala, FL 34481, USA",https://www.akitaocala.com/
Japanese,Fuji Japanese Steakhouse,"17860 SE 109th Ave #619, Summerfield, FL 34491, USA",http://www.fujishibachi.com/
Japanese,VKI JAPANESE STEAKHOUSE,"1004 Old Mill Run, The Villages, FL 32162, USA",
Japanese,KUMO SUSHI &HIBACHI,"637 Kristine Way, The Villages, FL 32163, USA",https://order.mealkeyway.com/merchant/6a79666969504b4c4a776d5873753135617057527a673d3d/main
Japanese,Tokyo Sushi,"2785 NW 49th Ave, Ocala, FL 34482, USA",http://www.tokyoocala.com/
Japanese,SHO GUN Japanese Restaurant,"143 W Noble Ave, Williston, FL 32696, USA",http://www.shogunwilliston.com/
Japanese,Sakura Japanese Restaurant,"265 Colony Blvd, The Villages, FL 32162, USA",https://www.sakurathevillagesfl.com/
Japanese,Ramen House,"2708 SW College Rd Ste 3, Ocala, FL 34474, USA",https://www.ramenhouseocala.com/
Japanese,Zuru Ramen Boba,"4414 SW College Rd #1460, Ocala, FL 34474, USA",https://zururamenbobaocala.com/
Japanese,Sakura Restaurant,"1104 Bichara Blvd, Lady Lake, FL 32159, USA",https://www.sakurathevillagesfl.com/
Japanese,Yamato Japanese Restaurant,"526 NW 60th St, Gainesville, FL 32607, USA",http://www.yamatojapanesesteakhouse.com/
Chinese,Great Wall Restaurant,"4901 E Silver Springs Blvd # 702, Ocala, FL 34470, USA",
Chinese,Shanghai Restaurant,"2699 NE 35th St, Ocala, FL 34479, USA",https://shanghaiocala.kwickmenu.com/index.php
Chinese,Yummy House Ocala,"3500 SW College Rd Ste 400, Ocala, FL 34474, USA",https://yummyhouseflorida.com/ocala-menu/
Chinese,Pei Wei Asian Express,"3100 SW College Rd, Ocala, FL 34474, USA",https://www.peiwei.com/florida/527-paddock-mall/
Chinese,New China,"5400 SW College Rd #304, Ocala, FL 34474, USA",http://www.newchinaocala.com/
Chinese,China 1,"2703 E Silver Springs Blvd, Ocala, FL 34470, USA",
Chinese,Taipei Garden,"2602 SW 19th Avenue Rd Unit 203, Ocala, FL 34471, USA",
Chinese,#1 Chinese Food,"2400 SW College Rd, Ocala, FL 34471, USA",
Chinese,Zhang Garden Chinese Restaurant,"3035 SE Maricamp Rd # 109, Ocala, FL 34471, USA",https://www.zhanggardenfl.com/1invj85h/restaurant/order-online
Chinese,China Wok,"6845 SE Maricamp Rd, Ocala, FL 34472, USA",https://www.facebook.com/pages/China-Wok/117730508254013
Chinese,Ocean Buffet,"3425 SW College Rd, Ocala, FL 34474, USA",
Chinese,China Star,"8075 SW State Rd 200 #123, Ocala, FL 34481, USA",
Chinese,Li Jing Chinese Restaurant,"8075 SW State Rd 200, Ocala, FL 34481, USA",
Chinese,Panda Express,"3435 SW College Rd, Ocala, FL 34474, USA",https://www.pandaexpress.com/locations/fl/ocala/2351
Chinese,Kluck Chicken,"2602 SW 19th Avenue Rd Unit 203, Ocala, FL 34471, USA",https://www.kluckchicken.com/
Chinese,CHINA HOUSE,"184 Marion Oaks Blvd, Ocala, FL 34473, USA",http://facebook.com/ChinaHouseMarionOaks
Chinese,China Lee Buffet,"3933 E Silver Springs Blvd, Ocala, FL 34470, USA",http://chinaleebuffet.com/?utm_source=gmb&utm_medium=referral
Chinese,China Taste,"2775 NW 49th Ave #203, Ocala, 5FL, Ocala, FL 34482, USA",http://www.chinatasteocalafl.com/
Chinese,China Wal,"7123 N US Hwy 441, Ocala, FL 34475, USA",https://cyrusramsey.com/places/china-wal/
Chinese,China Top,"728 NE 36th Ave, Ocala, FL 34470, USA",https://www.chinatopfl.com/
Indian,The Flame Indian Kitchen,"3710 SW College Rd, Ocala, FL 34474, USA",https://www.theflameindiankitchen.us/home
Indian,Amrit Palace,"3415 SW College Rd, Ocala, FL 34474, USA",http://amritpalace.com/
Indian,4120 Bombay Cafe,"4120 SW 38th Ct #106, Ocala, FL 34474, USA",https://4120bombaycafe.com/
Russian,Tropical Delight,"1022 S Pine Ave, Ocala, FL 34471, USA",https://order.online/business/tropical-delight-1-inc-255342
Jewish,Southside Deli of Ocala Inc,"509 SW 1st Ave, Ocala, FL 34471, USA",
Jewish,TooJay’s Deli • Bakery • Restaurant,"1129 Canal St, The Villages, FL 32162, USA",https://www.toojays.com/location/the-villages-restaurant-lake-sumter-landing/?utm_source=ExtNet&utm_medium=Yext
Jewish,McAlister's Deli,"3930 SW 42nd St #110, Ocala, FL 34474, USA",https://locations.mcalistersdeli.com/fl/ocala/3930-sw-42nd-st?utm_source=google&utm_medium=organic&utm_campaign=locations_partner
Jewish,The Wandering Jew,"219 NW 10th Ave, Gainesville, FL 32601, USA",https://wanderingjewfoods.com/
Jewish,Haeorum Foods Korean BBQ,"3045 SE 3rd Ave, Ocala, FL 34471, USA",http://koreanfoodocala.com/
Jewish,Temple B'nai Darom,"7465 SW 38th St, Ocala, FL 34474, USA",http://www.templebnaidarom.org/
Jewish,Gili's Kitchen Ormond Beach,"188 E Granada Blvd, Ormond Beach, FL 32176, USA",https://www.giliskitchen.com/
Jewish,Temple Beth Shalom,"6140 SW 78th Ave Rd, Ocala, FL 34474, USA",https://jewishocala.com/
Jewish,Brick City Southern Kitchen,"10 S Magnolia Ave, Ocala, FL 34471, USA",https://www.mojobbq.com/
Jewish,TooJay’s Deli • Bakery • Restaurant,"2835 Brownwood Blvd, The Villages, FL 32163, USA",https://www.toojays.com/location/the-villages-restaurant-brownwood-paddock-square/?utm_source=ExtNet&utm_medium=Yext
Jewish,Little Joey's Pizza & Italian Restaurant,"8602 SW State Rd 200, Ocala, FL 34481, USA",
Jewish,GG's Heavenly Soul Food,"2209 E Silver Springs Blvd, Ocala, FL 34470, USA",
Jewish,Akita Sushi,"8075 SW State Rd 200 #117, Ocala, FL 34481, USA",https://www.akitaocala.com/
Jewish,Panera Bread,"2370 SW College Rd, Ocala, FL 34471, USA",https://www.panerabread.com/en-us/cafe/locations/fl/ocala/2370-sw-college-road?utm_medium=local&utm_source=google&utm_campaign=dpm-dist&utm_term=203327&utm_content=main
Jewish,Dave's New York Deli,"12921 SW 1st road Tioga Town, Center #105, Newberry, FL 32669, USA",https://order.toasttab.com/online/davesnydeli
Jewish,Gili's Kitchen,"126 W Adams St # 102, Jacksonville, FL 32202, USA",http://www.giliskitchen.com/
Jewish,"JO-EL'S Kosher Deli, Market & Café","2619 23rd Ave N, St. Petersburg, FL 33713, USA",https://www.stpetedeli.com/
Jewish,Goose's Deli,"10830 County Rd 44, Leesburg, FL 34788, USA",http://www.goosesdeli.com/
Jewish,Hogan's,"2327 NW 13th St, Gainesville, FL 32609, USA",http://www.hogansgreatsandwiches.com/
Jewish,TooJay’s Deli • Bakery • Restaurant,"10185 W Colonial Dr, Ocoee, FL 34761, USA",https://www.toojays.com/location/ocoee-restaurant-shoppes-at-ocoee/?utm_source=ExtNet&utm_medium=Yext
Polish,Aneta's Bistro - Polish Cuisine,"2065 N Pine Ave, Ocala, FL 34475, USA",
German,Hollerbach's German Restaurant,"201-205 E 1st St, Sanford, FL 32771, USA",https://hollerbachs.com/
French,La Cuisine Restaurant,"48 SW 1st Ave, Ocala, FL 34471, USA",http://lacuisineocala.com/
Hawaiian,Taste of Hawaii,"8724 Golf Club Rd SE, Aumsville, OR 97325, USA",https://santiamgolfclub.com/taste-of-hawaii/
Hawaiian,Hawaiian Poke Taco,"3100 SW College Rd, Ocala, FL 34474, USA",
Hawaiian,Island Fin Poké Company - The Villages,"2752 Brownwood Blvd, The Villages, FL 32163, USA",https://www.islandfinpoke.com/locations/the-villages-fl/
Brazilian,Ipanema Brazilian Steak House,"2023 S Pine Ave, Ocala, FL 34471, USA",https://www.ipanemaocala.com/
Peruvian,La Ceiba Latin Food Restaurant,"2602 SW 19th Avenue Rd Suite 103, Ocala, FL 34471, USA",http://laceiba.com/
Peruvian,Mi Tierra Latina Mexican & Peruvian,"2105 County Hwy 484, Ocala, FL 34473, USA",http://www.vivamitierralatina.com/
Peruvian,Alda's Peruvian Kitchen,"2655 SW Hwy 484, Ocala, FL 34473, USA",https://www.facebook.com/profile.php?id=100094126246311&mibextid=ZbWKwL
Peruvian,Taverna Berrocal,"2515 NE 3rd St, Ocala, FL 34470, USA",
Peruvian,Chicharrón y más,"128 Marion Oaks Blvd, Ocala, FL 34473, USA",
Salvadorian,Restaurante Y Pupuseria Dora,"1020 Rutherford Rd, Marion, NC 28752, USA",
Cuban,Tom's Cuban on the Go,"1800 SW Hwy 484 unit-b, Ocala, FL 34473, USA",http://www.tomscubanonthego.com/
Cuban,Latin American Cafe,"2714 NE 14th St, Ocala, FL 34470, USA",http://latinamericancafeocala.com/
Cuban,Latin Stop Cafe & Bakery,"7578 SE Maricamp Rd #105, Ocala, FL 34472, USA",
Cuban,Mojo's-Food. Music. Soul. (Ocala Location),"2015 SW 17th St, Ocala, FL 34471, USA",https://www.ilovemojos.com/
Cuban,Cafe Havana,"923 N Magnolia Ave STE 300, Ocala, FL 34475, USA",https://m.facebook.com/pages/Cafe-Havana/116142141747312
Cuban,Mayeya's Cuban Food,"7425 W Hwy 318, Reddick, FL 32686, USA",
Cuban,Chicken Time Cuban and Puertorican Restaurant,"10819 US-441, Belleview, FL 34420, USA",http://www.chickentimecuban.com/index.html?y_source=1_MzA3Nzc1MTYtNzE1LWxvY2F0aW9uLndlYnNpdGU%3D
Cuban,Paradise Bakery And Cuban Food,"10133 US-441, Belleview, FL 34420, USA",
Cuban,Latin Family Restaurant,"11223 N Williams St, Dunnellon, FL 34432, USA",https://cyrusramsey.com/places/latin-family-restaurant/
Cuban,Villa Pinar Cuban Cafeteria,"13685 US-441 Unit 2, Summerfield, FL 34491, USA",http://facebook.com/villapinarcubancafeteria
Cuban,Cafeteria cubana camino a Miami,"All Units, 1800 SW Hwy 484, Ocala, FL 34473, USA",
Cuban,Latinos y Mas Restaurant,"2030 S Pine Ave, Ocala, FL 34471, USA",http://www.latinosymas.com/
Cuban,Angela's Latin Bakery,"6152 SW State Rd 200, Ocala, FL 34476, USA",https://www.bitesquad.com/food/angela-s-latin-bakery/38566
Tibetan,KPOT Korean BBQ & Hot Pot,"2621 SW 19th Avenue Rd, Ocala, FL 34471, USA",https://thekpot.com/
Egyptian,Gyro Grill,"6160 SW State Rd 200 #103, Ocala, FL 34476, USA",http://www.gyrogrillocala.com/
Egyptian,Lakis Restaurant,"3405 SW College Rd, Ocala, FL 34474, USA",
Egyptian,Gourmet 2 GO (The Egyptian Restaurant)‎,"3050 Alafaya Trail #1008, Oviedo, FL 32765, USA",https://gourmet2goovideo.kwickmenu.com/
Egyptian,Taverna Manos Mediterranean Grille,"5705 W Gulf to Lake Hwy, Crystal River, FL 34429, USA",http://tavernamanos.com/
Egyptian,Manhattan Gyros & Subs,"1420 NW 10th St, Ocala, FL 34475, USA",http://manhattangyros.com/
Egyptian,Falafel King,"3252 SW 35th Blvd, Gainesville, FL 32608, USA",http://falafelkingsandwiches.com/
Egyptian,Ivy on the Square,"53 S Magnolia Ave, Ocala, FL 34471, USA",
Egyptian,Anf gyros & grill (ocala),"2400 SW 19th Avenue Rd, Ocala, FL 34471, USA",http://eatatanfgyros.com/
Egyptian,Ipanema Brazilian Steak House,"2023 S Pine Ave, Ocala, FL 34471, USA",https://www.ipanemaocala.com/
Egyptian,Gyro Hut,"1532 S Pine Ave, Ocala, FL 34471, USA",https://m.facebook.com/thegyrohut/
Egyptian,Ali Mediterranean Grill | Gyro-Kabob-Seafood,"1532 S Pine Ave, Ocala, FL 34471, USA",
Greek,Lakis Restaurant,"3405 SW College Rd, Ocala, FL 34474, USA",
Greek,Gyro Grill,"6160 SW State Rd 200 #103, Ocala, FL 34476, USA",http://www.gyrogrillocala.com/
Greek,Anf gyros & grill (ocala),"2400 SW 19th Avenue Rd, Ocala, FL 34471, USA",http://eatatanfgyros.com/
Greek,Manhattan Gyros & Subs,"1420 NW 10th St, Ocala, FL 34475, USA",http://manhattangyros.com/
Greek,Takis Greek-Italian Restaurant,"13761 US-441, Lady Lake, FL 32159, USA",
Greek,Amerikanos Grille,"998 Del Mar Dr #108, Lady Lake, FL 32159, USA",https://www.amerikanosgrille.net/
Greek,Ali Mediterranean Grill | Gyro-Kabob-Seafood,"1532 S Pine Ave, Ocala, FL 34471, USA",
Belgian,"Harry's Seafood,Bar & Grille","24 SE 1st Ave, Ocala, FL 34471, USA",http://www.hookedonharrys.com/
Irish,O’Calahan’s Pub & Eatery,"3155 E Silver Springs Blvd, Ocala, FL 34470, USA",https://www.facebook.com/people/OCalahans-Pub-Eatery/100063639545127/
Irish,O'Malleys Alley,"24 SE Magnolia Ext, Ocala, FL 34471, USA",https://m.facebook.com/omalleysalley/
Irish,Fire Rock Irish Pub,"18750 FL-40, Silver Springs, FL 34488, USA",
Irish,Beef 'O' Brady's,"3434 E Silver Springs Blvd, Ocala, FL 34470, USA",https://www.beefobradys.com/ocala
Irish,Charlie Horse,"2426 E Silver Springs Blvd, Ocala, FL 34470, USA",https://www.ocalacharliehorse.com/
Irish,Mic's 19TH HOLE PUB,"166 Marion Oaks Blvd, Ocala, FL 34473, USA",
Irish,Miller's Ale House,"305 SE 17th St, Ocala, FL 34471, USA",https://millersalehouse.com/locations/ocala/?utm_source=gmb&utm_medium=organic
Irish,Horse & Hounds Restaurant,"6998 US Hwy 27, Ocala, FL 34482, USA",http://www.horseandhoundsrestaurant.com/
Irish,Yellow Pony Pub and Garden,"8510 NW 17th Ln, Ocala, FL 34482, USA",https://yellowponyocala.com/
Irish,Our Place Saloon,"Suite 502, 7651 SW State Rd 200, Ocala, FL 34476, USA",
Irish,O'Keefe's Irish Pub & Restaurant,"115 S Rockingham Ave, Tavares, FL 32778, USA",https://okeefesirishpub.net/
Irish,McCracken’s Irish Pub,"719 W Main St, Leesburg, FL 34748, USA",https://mccrackenspub.com/
Irish,Alices Dam Place @ Mill Dam Lake Resort,"18973 FL-40, Silver Springs, FL 34488, USA",
Irish,The Pub Restaurant at OTOW,"9030 SW 99th Street Rd, Ocala, FL 34481, USA",
Irish,Brennans Irish Pub,"109 S Main St, Gainesville, FL 32601, USA",http://brennansirishpubgnv.com/
Irish,Infinite Ale Works,"304 S Magnolia Ave, Ocala, FL 34471, USA",http://www.infinitealeworks.com/
Irish,Pine Street Pub,"108 N Pine Ave, Inverness, FL 34450, USA",http://www.pinestreetpub.com/
Irish,The Queen's Arms Pub,"5323 SW 91st Terrace, Gainesville, FL 32608, USA",http://www.queensarmspub.com/
Irish,Black Sheep On Broadway,"128 SW Broadway St, Ocala, FL 34471, USA",https://www.theblacksheeponbroadwayocala.com/
Irish,Kelly's Half Shell Pub,"390 N Suncoast Blvd, Crystal River, FL 34429, USA",http://www.kellyshalfshell.com/
Welsh,Yellow Pony Pub and Garden,"8510 NW 17th Ln, Ocala, FL 34482, USA",https://yellowponyocala.com/
Cajun,"Harry's Seafood,Bar & Grille","24 SE 1st Ave, Ocala, FL 34471, USA",http://www.hookedonharrys.com/
Cajun,Swampy's Bar & Grille,"19773 E Pennsylvania Ave, Dunnellon, FL 34432, USA",http://swampys.restaurant/
Cajun,Storming Crab,"3500 SW College Rd #100, Ocala, FL 34474, USA",http://ocala.stormingcrab.us/
Cajun,Graffiti Seafood & More,"1532 S Pine Ave, Ocala, FL 34471, USA",https://graffitiseafood.com/
Cajun,Cajun Jimmy's Seafood Seller & Cafe,"300 SE US Hwy 19, Crystal River, FL 34429, USA",https://www.seafoodsellerandcafe.net/
Cajun,Red Crab Juicy Seafood,"2604 SW 19th Avenue Rd, Ocala, FL 34471, USA",https://redcrabseafood.com/locations/ocala-fl/
Cajun,Gator's Dockside Ocala,"3920 SW 42nd St #101, Ocala, FL 34474, USA",http://www.gatorsdockside.com/
Cajun,Gator Joe's Beach Bar & Grill,"12431 SE 135 Ave, Ocklawaha, FL 32179, USA",http://www.gatorjoesocala.com/
Portuguese,Ipanema Brazilian Steak House,"2023 S Pine Ave, Ocala, FL 34471, USA",https://www.ipanemaocala.com/
Portuguese,Latinos y Mas Restaurant,"2030 S Pine Ave, Ocala, FL 34471, USA",http://www.latinosymas.com/
Portuguese,Mojo's-Food. Music. Soul. (Ocala Location),"2015 SW 17th St, Ocala, FL 34471, USA",https://www.ilovemojos.com/
Portuguese,Bela Lisboa Restaurant Portuguese - Mediterranean Inspired Cuisine,"3510 S Nova Rd Suite 119-120, Port Orange, FL 32129, USA",https://www.belalisboaportorange.com/
Portuguese,Fiore's Cafe,"2327 S Pine Ave, Ocala, FL 34471, USA",
Portuguese,"Harry's Seafood,Bar & Grille","24 SE 1st Ave, Ocala, FL 34471, USA",http://www.hookedonharrys.com/
Portuguese,Piri Piri Chicken Grill,"12169 S Williams St, Dunnellon, FL 34432, USA",https://piripirichickengrill.com/
Portuguese,La Cuisine Restaurant,"48 SW 1st Ave, Ocala, FL 34471, USA",http://lacuisineocala.com/
Portuguese,Portugal Wine Bar & Grill,"15 Palm Harbor Village Way W, Palm Coast, FL 32137, USA",http://www.portugalwinebarandgrill.com/
Portuguese,Lisbon Portuguese Cuisine,"7600 Dr Phillips Blvd #12, Orlando, FL 32819, USA",https://lisbonfl.com/
Portuguese,Haeorum Foods Korean BBQ,"3045 SE 3rd Ave, Ocala, FL 34471, USA",http://koreanfoodocala.com/
Portuguese,The Flame Indian Kitchen,"3710 SW College Rd, Ocala, FL 34474, USA",https://www.theflameindiankitchen.us/home
Portuguese,Mark's Prime Steakhouse,"30 S Magnolia Ave, Ocala, FL 34471, USA",https://marksprimesteakhouse.com/
Portuguese,Fado Portuguese Cuisine,"435 5th Ave N, St. Petersburg, FL 33701, USA",https://fadofl.com/
Portuguese,Caravela Portuguese Restaurant Miami,"7761 NW 107th Ave suite 2-11, Doral, FL 33178, USA",https://www.caraveladoral.com/
Turkish,Ali Mediterranean Grill | Gyro-Kabob-Seafood,"1532 S Pine Ave, Ocala, FL 34471, USA",
Turkish,Gyro Grill,"6160 SW State Rd 200 #103, Ocala, FL 34476, USA",http://www.gyrogrillocala.com/
Turkish,Ipanema Brazilian Steak House,"2023 S Pine Ave, Ocala, FL 34471, USA",https://www.ipanemaocala.com/
Turkish,La Cuisine Restaurant,"48 SW 1st Ave, Ocala, FL 34471, USA",http://lacuisineocala.com/
Turkish,LALE Mediterranean Cuisine,"521 S Park Ave, Winter Park, FL 32789, USA",http://www.laleturkishcuisine.com/
Turkish,Taziki's Mediterranean Cafe - Gainesville,"2905 SW 42nd St Ste 10, Gainesville, FL 32608, USA",https://www.tazikis.com/location/gainesville/
Turkish,Gyro Plus,"2409 SW 13th St, Gainesville, FL 32608, USA",https://gyroplusgnv.com/
Turkish,Cappadocia Turkish Cuisine,"565 N Semoran Blvd, Azalea Park, FL 32807, USA",
Haitian,Haitian Food Store & Cuisine,"5046 Austell Rd, Austell, GA 30106, USA",
Kenyan,Ivoire Delice African Restaurant,"1116 N Main St, Gainesville, FL 32601, USA",
Korean,KPOT Korean BBQ & Hot Pot,"2621 SW 19th Avenue Rd, Ocala, FL 34471, USA",https://thekpot.com/
Korean,Haeorum Foods Korean BBQ,"3045 SE 3rd Ave, Ocala, FL 34471, USA",http://koreanfoodocala.com/
Algerian,Ali Mediterranean Grill | Gyro-Kabob-Seafood,"1532 S Pine Ave, Ocala, FL 34471, USA",
Nigerian,Toyin - Nigerian cuisine,"495 Pat Mell Rd W #105, Marietta, GA 30060, USA",http://www.toyintakeout.com/
Libyan,Ali Mediterranean Grill | Gyro-Kabob-Seafood,"1532 S Pine Ave, Ocala, FL 34471, USA",
Moroccan,Lakis Restaurant,"3405 SW College Rd, Ocala, FL 34474, USA",
Moroccan,Mojo's-Food. Music. Soul. (Ocala Location),"2015 SW 17th St, Ocala, FL 34471, USA",https://www.ilovemojos.com/
Moroccan,La Cuisine Restaurant,"48 SW 1st Ave, Ocala, FL 34471, USA",http://lacuisineocala.com/
Moroccan,Fiore's Cafe,"2327 S Pine Ave, Ocala, FL 34471, USA",
Moroccan,Moroccan Breeze Restaurant,"9404 S Orange Blossom Trl, Orlando, FL 32837, USA",
Moroccan,Gyro Grill,"6160 SW State Rd 200 #103, Ocala, FL 34476, USA",http://www.gyrogrillocala.com/
Moroccan,Latinos y Mas Restaurant,"2030 S Pine Ave, Ocala, FL 34471, USA",http://www.latinosymas.com/
Moroccan,Ipanema Brazilian Steak House,"2023 S Pine Ave, Ocala, FL 34471, USA",https://www.ipanemaocala.com/
Moroccan,TajineXpress • Taste of Home •,"971 N Goldenrod Rd #166, Orlando, FL 32807, USA",http://www.tajinexpress.com/
Lebanese,Lakis Restaurant,"3405 SW College Rd, Ocala, FL 34474, USA",
Lebanese,Ali Mediterranean Grill | Gyro-Kabob-Seafood,"1532 S Pine Ave, Ocala, FL 34471, USA",
Lebanese,Gyro Grill,"6160 SW State Rd 200 #103, Ocala, FL 34476, USA",http://www.gyrogrillocala.com/
Lebanese,Alfee's Grill,"989 U.S. 441 And, Hartsock Sawmill Rd, Lady Lake, FL 32159, USA",
Lebanese,Manhattan Gyros & Subs,"1420 NW 10th St, Ocala, FL 34475, USA",http://manhattangyros.com/
Lebanese,Amerikanos Grille,"998 Del Mar Dr #108, Lady Lake, FL 32159, USA",https://www.amerikanosgrille.net/
Lebanese,Falafel King,"3252 SW 35th Blvd, Gainesville, FL 32608, USA",http://falafelkingsandwiches.com/
Lebanese,Piesanos Stone Fired Pizza - 42nd St,"2575 SW 42nd St, Ocala, FL 34471, USA",http://piesanostogo.com/
Lebanese,Beirut Bites,"100 E 4th Ave, Mt Dora, FL 32757, USA",
Lebanese,Anf gyros & grill (ocala),"2400 SW 19th Avenue Rd, Ocala, FL 34471, USA",http://eatatanfgyros.com/
Lebanese,Piesanos Stone Fired Pizza,"8075 SW State Rd 200, Ocala, FL 34481, USA",https://www.piesanostogo.com/
Lebanese,GRILL EXPRESS,"808 W University Ave, Gainesville, FL 32601, USA",http://www.808grillexpress.com/
Lebanese,Gyro Plus,"2409 SW 13th St, Gainesville, FL 32608, USA",https://gyroplusgnv.com/
Lebanese,Taziki's Mediterranean Cafe - Gainesville,"2905 SW 42nd St Ste 10, Gainesville, FL 32608, USA",https://www.tazikis.com/location/gainesville/
Lebanese,Haeorum Foods Korean BBQ,"3045 SE 3rd Ave, Ocala, FL 34471, USA",http://koreanfoodocala.com/
Lebanese,Olive Garden Italian Restaurant,"3363 SW College Rd, Ocala, FL 34474, USA",https://www.olivegarden.com/locations/fl/ocala/ocala-paddock-mall/1015?cmpid=br:og_ag:ie_ch:loc_ca:OGGMB_sn:gmb_gt:ocala-fl-1015_pl:locurl_rd:1005
Lebanese,La Cuisine Restaurant,"48 SW 1st Ave, Ocala, FL 34471, USA",http://lacuisineocala.com/
Lebanese,Mojo's-Food. Music. Soul. (Ocala Location),"2015 SW 17th St, Ocala, FL 34471, USA",https://www.ilovemojos.com/
Lebanese,Miller's Ale House,"305 SE 17th St, Ocala, FL 34471, USA",https://millersalehouse.com/locations/ocala/?utm_source=gmb&utm_medium=organic
Lebanese,Tuscany Restaurant and Bar,"1450 SW 154th Street Rd, Ocala, FL 34473, USA",http://www.tuscanysummerglen.com/
Vietnamese,AK Pho & Boba Tea,"2635 SW College Rd #200, Ocala, FL 34471, USA",
Vietnamese,Pho Sai Gon,"11717 US-301, Oxford, FL 34484, USA",https://phosaigon1oxford.com/
Vietnamese,Phở Village,"17860 SE 109th Ave Unit 600, Summerfield, FL 34491, USA",
Hungarian,Fiore's Cafe,"2327 S Pine Ave, Ocala, FL 34471, USA",
Hungarian,Tropical Delight,"1022 S Pine Ave, Ocala, FL 34471, USA",https://order.online/business/tropical-delight-1-inc-255342
Hungarian,Haeorum Foods Korean BBQ,"3045 SE 3rd Ave, Ocala, FL 34471, USA",http://koreanfoodocala.com/
Hungarian,"Crunchies & Munchies, Inc.","529 NE 36th Ave, Ocala, FL 34470, USA",http://crunchiesandmunchiesinc.com/
Hungarian,"Harry's Seafood,Bar & Grille","24 SE 1st Ave, Ocala, FL 34471, USA",http://www.hookedonharrys.com/
Hungarian,Mojo's-Food. Music. Soul. (Ocala Location),"2015 SW 17th St, Ocala, FL 34471, USA",https://www.ilovemojos.com/
Hungarian,Carrabba's Italian Grill,"2370 SW College Rd, Ocala, FL 34474, USA",https://locations.carrabbas.com/florida/ocala/2370-sw-college-rd?y_source=1_MTU1MDI5NDEtNzE1LWxvY2F0aW9uLndlYnNpdGU%3D
Hungarian,La Cuisine Restaurant,"48 SW 1st Ave, Ocala, FL 34471, USA",http://lacuisineocala.com/
Hungarian,Hungry Howie's Pizza & Subs,"6853 SE Maricamp Rd, Ocala, FL 34472, USA",https://www.hungryhowies.com/stores/fl/ocala/6853-se-maricamp?utm_source=google&utm_medium=organic&utm_campaign=googlebusinessprofile
Hungarian,"Crunchies & Munchies, Inc.","8721 Baseline Rd, Ocala, FL 34480, USA",http://crunchiesandmunchiesinc.com/
Hungarian,Marcelina's Italian Restaurant,"8810 SW State Rd 200, Ocala, FL 34481, USA",http://marcelinasocala.com/
Hungarian,Little Bickle,"3331 E Silver Springs Blvd, Ocala, FL 34470, USA",
Hungarian,Old San Juan Restaurant,"184 Marion Oaks Blvd, Ocala, FL 34473, USA",https://www.facebook.com/OSJRESTAURANT
Hungarian,Latinos y Mas Restaurant,"2030 S Pine Ave, Ocala, FL 34471, USA",http://www.latinosymas.com/
Hungarian,Ipanema Brazilian Steak House,"2023 S Pine Ave, Ocala, FL 34471, USA",https://www.ipanemaocala.com/
Hungarian,Tropical Vibes Restaurant & Bar,"11008 SE 66th Terrace, Belleview, FL 34420, USA",
Hungarian,No.1 NEW YORK PIZZA,"184 Marion Oaks Blvd, Ocala, FL 34473, USA",http://ocalanewyorkpizza.com/
Hungarian,Tom's Cuban on the Go,"1800 SW Hwy 484 unit-b, Ocala, FL 34473, USA",http://www.tomscubanonthego.com/
Hungarian,Mi Tierra Latina Mexican & Peruvian,"2105 County Hwy 484, Ocala, FL 34473, USA",http://www.vivamitierralatina.com/
Mediterranean,Lakis Restaurant,"3405 SW College Rd, Ocala, FL 34474, USA",
Mediterranean,Gyro Grill,"6160 SW State Rd 200 #103, Ocala, FL 34476, USA",http://www.gyrogrillocala.com/
Mediterranean,Manhattan Gyros & Subs,"1420 NW 10th St, Ocala, FL 34475, USA",http://manhattangyros.com/
Mediterranean,Ali Mediterranean Grill | Gyro-Kabob-Seafood,"1532 S Pine Ave, Ocala, FL 34471, USA",
Mediterranean,Amerikanos Grille,"998 Del Mar Dr #108, Lady Lake, FL 32159, USA",https://www.amerikanosgrille.net/
Mediterranean,Anf gyros & grill (ocala),"2400 SW 19th Avenue Rd, Ocala, FL 34471, USA",http://eatatanfgyros.com/
Ethiopian,Harambe Ethiopian Restaurant,"2149 Commercial Dr, Vancouver, BC V5N 4B3, Canada",
Ethiopian,Gojo Café Ethiopia I Ethiopian Cuisine,"2838 Commercial Dr, Vancouver, BC V5N 4C6, Canada",http://www.gojocafe.com/
Ethiopian,Cafe Selam,"2715 E Cherry St B, Seattle, WA 98122, USA",https://www.cafeselam.com/
Ethiopian,Ras Dashen Restaurant,"2801 E Cherry St, Seattle, WA 98122, USA",http://www.rasdashenseattle.com/
Caribbean,Tropical Delight,"1022 S Pine Ave, Ocala, FL 34471, USA",https://order.online/business/tropical-delight-1-inc-255342
Caribbean,Tropical Vibes Restaurant & Bar,"11008 SE 66th Terrace, Belleview, FL 34420, USA",
Caribbean,Little Bickle,"3331 E Silver Springs Blvd, Ocala, FL 34470, USA",
Caribbean,Iriejamaican restaurant,"9319 SE Maricamp Rd, Ocala, FL 34472, USA",
Caribbean,Jahmerican Mobile Bakery,"2421 NW 10th St, Ocala, FL 34475, USA",
Caribbean,Od's Jerk Grill & Catering Jamaican Food,"2655 SW Hwy 484, Ocala, FL 34473, USA",
Caribbean,Impact Island Cafe,"1750 SE 58th Ave, Ocala, FL 34480, USA",http://www.impactisland.co/
Caribbean,Barry’s jerk delight,"3711 E Silver Springs Blvd, Ocala, FL 34470, USA",
Caribbean,Sunbless Bakery/Jamaican Restaurant,"9327 SE Maricamp Rd, Ocala, FL 34472, USA",
Caribbean,Jahmerican Bakery,"2024 NE 10th St, Ocala, FL 34470, USA",
Caribbean,Diddy's Caribbean Mart,"166 Marion Oaks Blvd suite 4, Ocala, FL 34473, USA",
Soul,GG's Heavenly Soul Food,"2209 E Silver Springs Blvd, Ocala, FL 34470, USA",
Soul,WAYNE'S KITCHEN,"1211 NW 10th St, Ocala, FL 34475, USA",http://www.facebook.com/Waynes-Kitchen-531779716833952/
Soul,Big Apple,"1943 W Silver Springs Blvd, Ocala, FL 34475, USA",
Argentinian,La Pérgola (Italian - Argentinian Ristorante),"2780 N Florida Ave, Hernando, FL 34442, USA",http://lapergolamenu.com/
Argentinian,Ipanema Brazilian Steak House,"2023 S Pine Ave, Ocala, FL 34471, USA",https://www.ipanemaocala.com/
Argentinian,The Equestrian Grill,"10155 SW Hwy 484, Dunnellon, FL 34432, USA",
Argentinian,Sabores Del Plata,"6200 Buford Hwy NE #1g, Norcross, GA 30071, USA",https://saboresatlanta.com/
Argentinian,Latinos y Mas Restaurant,"2030 S Pine Ave, Ocala, FL 34471, USA",http://www.latinosymas.com/
Argentinian,El Criollo,"16580 S Hwy 475, Summerfield, FL 34491, USA",
Argentinian,Terra Gaucha Brazilian Steakhouse - Jacksonville,"4483 Southside Blvd, Jacksonville, FL 32216, USA",http://terragaucha.com/
Argentinian,Embers Wood Grill,"3545 SW 34th St Suite A, Gainesville, FL 32608, USA",http://embersofflorida.com/
Argentinian,Cafe Havana,"923 N Magnolia Ave STE 300, Ocala, FL 34475, USA",https://m.facebook.com/pages/Cafe-Havana/116142141747312
Argentinian,La Hacienda Restaurant and Supermarket,"4185 FL-40, Ocala, FL 34482, USA",
Argentinian,La Cuisine Restaurant,"48 SW 1st Ave, Ocala, FL 34471, USA",http://lacuisineocala.com/
Argentinian,Angela's Latin Bakery,"6152 SW State Rd 200, Ocala, FL 34476, USA",https://www.bitesquad.com/food/angela-s-latin-bakery/38566
Argentinian,Copacabana Cuban Café,"320 Dora Drawdy Way, Mt Dora, FL 32757, USA",https://www.copacabanamountdora.com/
Argentinian,Latin Family Restaurant,"11223 N Williams St, Dunnellon, FL 34432, USA",https://cyrusramsey.com/places/latin-family-restaurant/
Argentinian,Mesa de Notte,"2436 E Silver Springs Blvd, Ocala, FL 34470, USA",https://www.mesaocala.com/
Argentinian,The Rose Plantation,"150 Rose Ave, Fruitland Park, FL 34731, USA",http://www.theroseplantation.com/
Argentinian,Marcelina's Italian Restaurant,"8810 SW State Rd 200, Ocala, FL 34481, USA",http://marcelinasocala.com/
Argentinian,Mark's Prime Steakhouse,"30 S Magnolia Ave, Ocala, FL 34471, USA",https://marksprimesteakhouse.com/
Argentinian,Latin American Cafe,"2714 NE 14th St, Ocala, FL 34470, USA",http://latinamericancafeocala.com/
Argentinian,El porteñito restaurant,"720 NW 13th St, Gainesville, FL 32601, USA",https://elportenitorestaurantfl.com/
Chilean,Los Chiles Taqueria,"10347 US Hwy 27, Ocala, FL 34482, USA",https://loschilestaqueriafl.com/
Chilean,Los Chiles Tortas,"13051 US Hwy 27, Ocala, FL 34482, USA",
Chilean,Latinos y Mas Restaurant,"2030 S Pine Ave, Ocala, FL 34471, USA",http://www.latinosymas.com/
Chilean,Chili's Grill & Bar,"11290 SW 93rd Ct Rd, Ocala, FL 34481, USA",https://www.chilis.com/locations/us/florida/ocala/west-ocala?utm_source=google&utm_medium=local&utm_campaign=Chilis
Chilean,Old San Juan Restaurant,"184 Marion Oaks Blvd, Ocala, FL 34473, USA",https://www.facebook.com/OSJRESTAURANT
Chilean,El Mezcal Mexican Restaurant Ocala,"8449 SW State Rd 200 #147-149, Ocala, FL 34481, USA",
Chilean,La Ceiba Latin Food Restaurant,"2602 SW 19th Avenue Rd Suite 103, Ocala, FL 34471, USA",http://laceiba.com/
Chilean,Hacienda colombiana #2,"2409 NE Jacksonville Rd, Ocala, FL 34470, USA",
Chilean,Latin American Cafe,"2714 NE 14th St, Ocala, FL 34470, USA",http://latinamericancafeocala.com/
Chilean,Las Micheladas mexican & seafood,"12210 US Hwy 27, Ocala, FL 34482, USA",
Chilean,Mojo's-Food. Music. Soul. (Ocala Location),"2015 SW 17th St, Ocala, FL 34471, USA",https://www.ilovemojos.com/
Chilean,Ipanema Brazilian Steak House,"2023 S Pine Ave, Ocala, FL 34471, USA",https://www.ipanemaocala.com/
Chilean,La Hacienda Restaurant and Supermarket,"4185 FL-40, Ocala, FL 34482, USA",
Chilean,Chili's Grill & Bar,"3501 SW 36th Ave, Ocala, FL 34474, USA",https://www.chilis.com/locations/us/florida/ocala/ocala?utm_source=google&utm_medium=local&utm_campaign=Chilis
Chilean,Brisas del Mar Ocala,"1900 S Pine Ave, Ocala, FL 34471, USA",http://www.brisasdelmarmexicanrestaurant.com/
Chilean,Filo's Mexican Cantina,"8527 NW 17th Ln, Ocala, FL 34482, USA",https://worldequestriancenter.com/ocala-fl/visit/dining/
Chilean,Sazon King,"4325 FL-40, Ocala, FL 34482, USA",
Chilean,El Criollo,"16580 S Hwy 475, Summerfield, FL 34491, USA",
Chilean,La Fiesta Mexican Cocina Ocala,"4937 NW Blitchton Rd, Ocala, FL 34482, USA",
Chilean,Los Magueyes Mexican Restaurant - Ocala,"5855 SE 5th St UNIT 1, Ocala, FL 34472, USA",http://www.losmagueyesmexrest.com/
Colombian,Hacienda colombiana #2,"2409 NE Jacksonville Rd, Ocala, FL 34470, USA",
Colombian,ThisFruta Grill&Healthy food truck,"481 SW 60th Ave, Ocala, FL 34474, USA",
Colombian,La Ceiba Latin Food Restaurant,"2602 SW 19th Avenue Rd Suite 103, Ocala, FL 34471, USA",http://laceiba.com/
Colombian,Melo Colombian Stuffed Arepas & More,"100 E 4th Ave, Mt Dora, FL 32757, USA",https://melo-104188.square.site/
Costa Rican,Costa Rica Restaurant,"6421, 6421, 2500 W Lincoln Ave, Anaheim, CA 92801, USA",
Czech,Elevation89,"1770 SW 60th Ave suite 800, Ocala, FL 34474, USA",http://elevation89attheocalaairport.com/
Danish,Wolfy's Restaurant,"2159 E Silver Springs Blvd, Ocala, FL 34470, USA",https://m.facebook.com/wolfysocala/
Dutch,Tropical Delight,"1022 S Pine Ave, Ocala, FL 34471, USA",https://order.online/business/tropical-delight-1-inc-255342
Dutch,Mojo's-Food. Music. Soul. (Ocala Location),"2015 SW 17th St, Ocala, FL 34471, USA",https://www.ilovemojos.com/
Dutch,Huddle House,"331 NW 20th St, Ocala, FL 34475, USA",https://huddlehouse.com/locations/fl/ocala/331-nw-20th-street
Dutch,La Cuisine Restaurant,"48 SW 1st Ave, Ocala, FL 34471, USA",http://lacuisineocala.com/
Dutch,Stirrups Restaurant,"8510 NW 17th Ln, Ocala, FL 34482, USA",https://stirrupsocala.com/
Dutch,Haeorum Foods Korean BBQ,"3045 SE 3rd Ave, Ocala, FL 34471, USA",http://koreanfoodocala.com/
Dutch,"Harry's Seafood,Bar & Grille","24 SE 1st Ave, Ocala, FL 34471, USA",http://www.hookedonharrys.com/
Dutch,Carrabba's Italian Grill,"2370 SW College Rd, Ocala, FL 34474, USA",https://locations.carrabbas.com/florida/ocala/2370-sw-college-rd?y_source=1_MTU1MDI5NDEtNzE1LWxvY2F0aW9uLndlYnNpdGU%3D
Dutch,Latinos y Mas Restaurant,"2030 S Pine Ave, Ocala, FL 34471, USA",http://www.latinosymas.com/
Dutch,Elevation89,"1770 SW 60th Ave suite 800, Ocala, FL 34474, USA",http://elevation89attheocalaairport.com/
Dutch,Little Bickle,"3331 E Silver Springs Blvd, Ocala, FL 34470, USA",
Dutch,The Gathering Cafe Downtown Ocala,"306 SW Broadway St, Ocala, FL 34471, USA",https://www.thegatheringcafeocala.com/
Dutch,Cafe Havana,"923 N Magnolia Ave STE 300, Ocala, FL 34475, USA",https://m.facebook.com/pages/Cafe-Havana/116142141747312
Dutch,Fiore's Cafe,"2327 S Pine Ave, Ocala, FL 34471, USA",
Dutch,WingHouse Bar & Grill,"2145 E Silver Springs Blvd, Ocala, FL 34470, USA",https://winghouse.com/locations/ocala/
Dutch,Little Joey's Pizza & Italian Restaurant,"8602 SW State Rd 200, Ocala, FL 34481, USA",
Dutch,Burger King,"2240 SW Hwy 484, Ocala, FL 34473, USA",https://burgerking.com/store-locator/store/restaurant_25354
Dutch,Tabbys Restaurant,"10863 FL-40, Silver Springs, FL 34488, USA",
Dutch,Gator Joe's Beach Bar & Grill,"12431 SE 135 Ave, Ocklawaha, FL 32179, USA",http://www.gatorjoesocala.com/
Ecuadorian,Mi Tierra Latina Mexican & Peruvian,"2105 County Hwy 484, Ocala, FL 34473, USA",http://www.vivamitierralatina.com/
Finnish,Filo's Mexican Cantina,"8527 NW 17th Ln, Ocala, FL 34482, USA",https://worldequestriancenter.com/ocala-fl/visit/dining/
Finnish,Lakis Restaurant,"3405 SW College Rd, Ocala, FL 34474, USA",
Finnish,Stirrups Restaurant,"8510 NW 17th Ln, Ocala, FL 34482, USA",https://stirrupsocala.com/
Finnish,Fiore's Cafe,"2327 S Pine Ave, Ocala, FL 34471, USA",
Finnish,Old San Juan Restaurant,"184 Marion Oaks Blvd, Ocala, FL 34473, USA",https://www.facebook.com/OSJRESTAURANT
Finnish,Elevation89,"1770 SW 60th Ave suite 800, Ocala, FL 34474, USA",http://elevation89attheocalaairport.com/
Finnish,Mojo's-Food. Music. Soul. (Ocala Location),"2015 SW 17th St, Ocala, FL 34471, USA",https://www.ilovemojos.com/
Finnish,La Cuisine Restaurant,"48 SW 1st Ave, Ocala, FL 34471, USA",http://lacuisineocala.com/
Finnish,"Harry's Seafood,Bar & Grille","24 SE 1st Ave, Ocala, FL 34471, USA",http://www.hookedonharrys.com/
Finnish,Haeorum Foods Korean BBQ,"3045 SE 3rd Ave, Ocala, FL 34471, USA",http://koreanfoodocala.com/
Finnish,Mesa de Notte,"2436 E Silver Springs Blvd, Ocala, FL 34470, USA",https://www.mesaocala.com/
Finnish,Marcelina's Italian Restaurant,"8810 SW State Rd 200, Ocala, FL 34481, USA",http://marcelinasocala.com/
Finnish,Ipanema Brazilian Steak House,"2023 S Pine Ave, Ocala, FL 34471, USA",https://www.ipanemaocala.com/
Finnish,Latinos y Mas Restaurant,"2030 S Pine Ave, Ocala, FL 34471, USA",http://www.latinosymas.com/
Finnish,Lena's Seafood,"18478 FL-40, Silver Springs, FL 34488, USA",https://www.facebook.com/lenasseafood.florida/
Finnish,Tuscany Restaurant and Bar,"1450 SW 154th Street Rd, Ocala, FL 34473, USA",http://www.tuscanysummerglen.com/
Finnish,Gyro Grill,"6160 SW State Rd 200 #103, Ocala, FL 34476, USA",http://www.gyrogrillocala.com/
Finnish,Jax Snappers Fish and Chicken,"2901 NE Jacksonville Rd, Ocala, FL 34479, USA",https://jaxsnappersfishchicken.com/
Finnish,Mark's Prime Steakhouse,"30 S Magnolia Ave, Ocala, FL 34471, USA",https://marksprimesteakhouse.com/
Ghanaian,Ivoire Delice African Restaurant,"1116 N Main St, Gainesville, FL 32601, USA",
Guatemalan,Latinos y Mas Restaurant,"2030 S Pine Ave, Ocala, FL 34471, USA",http://www.latinosymas.com/
Guatemalan,La Ceiba Latin Food Restaurant,"2602 SW 19th Avenue Rd Suite 103, Ocala, FL 34471, USA",http://laceiba.com/
Guatemalan,Brisas del Mar Ocala,"1900 S Pine Ave, Ocala, FL 34471, USA",http://www.brisasdelmarmexicanrestaurant.com/
Guatemalan,Taqueria Food truck a la antiguita,"1318 N 14th St, Leesburg, FL 34748, USA",
Guatemalan,Lechonera Ocala,"3334 NW Blitchton Rd, Ocala, FL 34475, USA",https://lechoneraocalafl.com/
Guatemalan,Mojo's-Food. Music. Soul. (Ocala Location),"2015 SW 17th St, Ocala, FL 34471, USA",https://www.ilovemojos.com/
Guatemalan,Latin American Cafe,"2714 NE 14th St, Ocala, FL 34470, USA",http://latinamericancafeocala.com/
Guatemalan,La Hacienda Restaurant and Supermarket,"4185 FL-40, Ocala, FL 34482, USA",
Guatemalan,Rincon Guatemalteco,"708 W Dr Martin Luther King Jr Blvd, Tampa, FL 33603, USA",
Guatemalan,El Restaurante Guatemala,"5108 15th St E Unit 501 Vendor 11, 12, 13, Bradenton, FL 34203, USA",
Guatemalan,Ipanema Brazilian Steak House,"2023 S Pine Ave, Ocala, FL 34471, USA",https://www.ipanemaocala.com/
Guatemalan,Elevation89,"1770 SW 60th Ave suite 800, Ocala, FL 34474, USA",http://elevation89attheocalaairport.com/
Guatemalan,La Cuisine Restaurant,"48 SW 1st Ave, Ocala, FL 34471, USA",http://lacuisineocala.com/
Honduran,Antojitos Con Sabor Catracho Restaurante Hondureno,"1429 NE 25th Ave, Ocala, FL 34470, USA",http://antojitosconsabor.com/
Icelandic,Stirrups Restaurant,"8510 NW 17th Ln, Ocala, FL 34482, USA",https://stirrupsocala.com/
Icelandic,Impact Island Cafe,"1750 SE 58th Ave, Ocala, FL 34480, USA",http://www.impactisland.co/
Icelandic,Filo's Mexican Cantina,"8527 NW 17th Ln, Ocala, FL 34482, USA",https://worldequestriancenter.com/ocala-fl/visit/dining/
Icelandic,"Harry's Seafood,Bar & Grille","24 SE 1st Ave, Ocala, FL 34471, USA",http://www.hookedonharrys.com/
Icelandic,Tropical Delight,"1022 S Pine Ave, Ocala, FL 34471, USA",https://order.online/business/tropical-delight-1-inc-255342
Icelandic,Elevation89,"1770 SW 60th Ave suite 800, Ocala, FL 34474, USA",http://elevation89attheocalaairport.com/
Icelandic,The Flame Indian Kitchen,"3710 SW College Rd, Ocala, FL 34474, USA",https://www.theflameindiankitchen.us/home
Icelandic,Lets Eat Fresh Commissary Kitchen,"809 N Magnolia Ave, Ocala, FL 34475, USA",https://www.letseatfresh.net/
Icelandic,La Cuisine Restaurant,"48 SW 1st Ave, Ocala, FL 34471, USA",http://lacuisineocala.com/
Icelandic,Little Bickle,"3331 E Silver Springs Blvd, Ocala, FL 34470, USA",
Indonesian,Indo Cafe,"13754 Aurora Ave N Suite D, Seattle, WA 98133, USA",http://www.myindocafe.com/
Iranian,Persepolis Grill,"5517 University Wy NE, Seattle, WA 98105, USA",http://www.persepolis-grill.com/
Iraqi,Gyro Grill,"6160 SW State Rd 200 #103, Ocala, FL 34476, USA",http://www.gyrogrillocala.com/
Israeli,Gyro Grill,"6160 SW State Rd 200 #103, Ocala, FL 34476, USA",http://www.gyrogrillocala.com/
Israeli,Gyro Plus,"2409 SW 13th St, Gainesville, FL 32608, USA",https://gyroplusgnv.com/
Israeli,Falafel King,"3252 SW 35th Blvd, Gainesville, FL 32608, USA",http://falafelkingsandwiches.com/
Israeli,Lakis Restaurant,"3405 SW College Rd, Ocala, FL 34474, USA",
Israeli,CAVA,"1404 W University Ave, Gainesville, FL 32603, USA",http://cava.com/
Israeli,Taverna Manos Mediterranean Grille,"5705 W Gulf to Lake Hwy, Crystal River, FL 34429, USA",http://tavernamanos.com/
Israeli,Gili's Kitchen Ormond Beach,"188 E Granada Blvd, Ormond Beach, FL 32176, USA",https://www.giliskitchen.com/
Israeli,Izgara Middle Eastern Cuisine,"1251 S Pine Island Rd, Plantation, FL 33324, USA",https://izgaramiddleeastern.com/
Israeli,Manhattan Gyros & Subs,"1420 NW 10th St, Ocala, FL 34475, USA",http://manhattangyros.com/
Israeli,Elevation89,"1770 SW 60th Ave suite 800, Ocala, FL 34474, USA",http://elevation89attheocalaairport.com/
Israeli,Mama Kitchen NY,"7 Rochester Ave, Brooklyn, NY 11233, USA",https://www.mamakitchenny.getsauce.com/?utm_source=GMB&utm_medium=Website%20button&utm_id=Mama%20Kitchen%20NY
Israeli,Taziki's Mediterranean Cafe - Gainesville,"2905 SW 42nd St Ste 10, Gainesville, FL 32608, USA",https://www.tazikis.com/location/gainesville/
Israeli,Over The Top Pita,"240 Citrus Tower Blvd Suite B, Clermont, FL 34711, USA",http://www.overthetoppita.com/
Israeli,Haeorum Foods Korean BBQ,"3045 SE 3rd Ave, Ocala, FL 34471, USA",http://koreanfoodocala.com/
Israeli,Mojo's-Food. Music. Soul. (Ocala Location),"2015 SW 17th St, Ocala, FL 34471, USA",https://www.ilovemojos.com/
Israeli,Ipanema Brazilian Steak House,"2023 S Pine Ave, Ocala, FL 34471, USA",https://www.ipanemaocala.com/
Israeli,Latinos y Mas Restaurant,"2030 S Pine Ave, Ocala, FL 34471, USA",http://www.latinosymas.com/
Israeli,La Cuisine Restaurant,"48 SW 1st Ave, Ocala, FL 34471, USA",http://lacuisineocala.com/
Israeli,Simcha,"370 S Main St, Sharon, MA 02067, USA",https://www.simcharestaurant.com/
Israeli,TooJay’s Deli • Bakery • Restaurant,"1129 Canal St, The Villages, FL 32162, USA",https://www.toojays.com/location/the-villages-restaurant-lake-sumter-landing/?utm_source=ExtNet&utm_medium=Yext
Jamaican,Tropical Delight,"1022 S Pine Ave, Ocala, FL 34471, USA",https://order.online/business/tropical-delight-1-inc-255342
Jamaican,Iriejamaican restaurant,"9319 SE Maricamp Rd, Ocala, FL 34472, USA",
Jamaican,Little Bickle,"3331 E Silver Springs Blvd, Ocala, FL 34470, USA",
Jamaican,Jahmerican Mobile Bakery,"2421 NW 10th St, Ocala, FL 34475, USA",
Jamaican,Od's Jerk Grill & Catering Jamaican Food,"2655 SW Hwy 484, Ocala, FL 34473, USA",
Jamaican,Barry’s jerk delight,"3711 E Silver Springs Blvd, Ocala, FL 34470, USA",
Jamaican,Tropical Vibes Restaurant & Bar,"11008 SE 66th Terrace, Belleview, FL 34420, USA",
Jamaican,Sunbless Bakery/Jamaican Restaurant,"9327 SE Maricamp Rd, Ocala, FL 34472, USA",
Jamaican,Jahmerican Bakery,"2024 NE 10th St, Ocala, FL 34470, USA",
Jamaican,Impact Island Cafe,"1750 SE 58th Ave, Ocala, FL 34480, USA",http://www.impactisland.co/
Jamaican,Diddy's Caribbean Mart,"166 Marion Oaks Blvd suite 4, Ocala, FL 34473, USA",
Jamaican,Jamaican Jerk Hut & Island Scoops,"2468 US-441 27 Suite 103, Fruitland Park, FL 34731, USA",https://jamaicanjerkhut.froogleorders.com/
Jordanian,Gyro Hut,"1532 S Pine Ave, Ocala, FL 34471, USA",https://m.facebook.com/thegyrohut/
Laotian,Thai Ruby At Lake Sumter,"1064 Canal St, Lady Lake, FL 32162, USA",https://www.facebook.com/Thairubytogo/
Laotian,Sticky Rice,"1915 E Colonial Dr, Orlando, FL 32803, USA",http://www.stickywithit.com/
Laotian,Wok N Roll II,"8602 SW State Rd 200, Ocala, FL 34481, USA",
Laotian,Savanh Of Laos,"5667 Seminole Blvd, Seminole, FL 33772, USA",https://www.savanhoflaos.com/
Laotian,Snay Thai,"445 Plaza Dr, Eustis, FL 32726, USA",https://www.snaythairestaurant.com/
Laotian,Lets Eat Fresh Commissary Kitchen,"809 N Magnolia Ave, Ocala, FL 34475, USA",https://www.letseatfresh.net/
Laotian,Sohao Cafe,"3045 SW 34th St #16, Gainesville, FL 32608, USA",http://www.sohaocafe.com/
Laotian,Saikok Lao Thai Cafe,"3690 E Bay Dr ste h, Largo, FL 33771, USA",https://www.bitecheap.com/saikokcafe
Laotian,Bangkok Square,"6500 SW Archer Rd, Gainesville, FL 32608, USA",http://www.bangkoksquarefl.com/
Laotian,Marcelina's Italian Restaurant,"8810 SW State Rd 200, Ocala, FL 34481, USA",http://marcelinasocala.com/
Lithuanian,Old Vilnius Cafe Deli,"2601 75th St, Darien, IL 60561, USA",http://www.oldvilniuscafe.com/
Malaysian,Kedai Makan,"1449 E Pine St, Seattle, WA 98122, USA",http://www.kedaimakansea.com/
Malaysian,Malay Satay Hut,"5540, 15230 NE 24th St, Redmond, WA 98052, USA",https://www.malaysatay.com/
Mongolian,Ocean Buffet,"3425 SW College Rd, Ocala, FL 34474, USA",
Mongolian,China Lee Buffet,"3933 E Silver Springs Blvd, Ocala, FL 34470, USA",http://chinaleebuffet.com/?utm_source=gmb&utm_medium=referral
Mongolian,Tasty Bowl,"2575 SW 42nd St, Ocala, FL 34471, USA",http://www.createtastybowl.com/
Mongolian,Yummy House Ocala,"3500 SW College Rd Ste 400, Ocala, FL 34474, USA",https://yummyhouseflorida.com/ocala-menu/
Mongolian,Great Wall Restaurant,"4901 E Silver Springs Blvd # 702, Ocala, FL 34470, USA",
Mongolian,Shanghai Restaurant,"2699 NE 35th St, Ocala, FL 34479, USA",https://shanghaiocala.kwickmenu.com/index.php
Mongolian,China 1,"2703 E Silver Springs Blvd, Ocala, FL 34470, USA",
Mongolian,CHINA HOUSE,"184 Marion Oaks Blvd, Ocala, FL 34473, USA",http://facebook.com/ChinaHouseMarionOaks
Mongolian,China Wal,"7123 N US Hwy 441, Ocala, FL 34475, USA",https://cyrusramsey.com/places/china-wal/
Mongolian,Zhang Garden Chinese Restaurant,"3035 SE Maricamp Rd # 109, Ocala, FL 34471, USA",https://www.zhanggardenfl.com/1invj85h/restaurant/order-online
Mongolian,Taipei Garden,"2602 SW 19th Avenue Rd Unit 203, Ocala, FL 34471, USA",
Mongolian,China Taste,"2775 NW 49th Ave #203, Ocala, 5FL, Ocala, FL 34482, USA",http://www.chinatasteocalafl.com/
Mongolian,Wok N Stuff II,"3435 N Pine Ave #202, Ocala, FL 34475, USA",
Mongolian,Pei Wei Asian Express,"3100 SW College Rd, Ocala, FL 34474, USA",https://www.peiwei.com/florida/527-paddock-mall/
Mongolian,New China,"5400 SW College Rd #304, Ocala, FL 34474, USA",http://www.newchinaocala.com/
Mongolian,Li Jing Chinese Restaurant,"8075 SW State Rd 200, Ocala, FL 34481, USA",
Mongolian,China Wok,"6845 SE Maricamp Rd, Ocala, FL 34472, USA",https://www.facebook.com/pages/China-Wok/117730508254013
Mongolian,#1 Chinese Food,"2400 SW College Rd, Ocala, FL 34471, USA",
Mongolian,Panda Express,"3435 SW College Rd, Ocala, FL 34474, USA",https://www.pandaexpress.com/locations/fl/ocala/2351
Mongolian,China Star,"8075 SW State Rd 200 #123, Ocala, FL 34481, USA",
Nepalese,Himalayan Cafe - Indian & Nepalese Restaurant,"202 SW 43rd St, Renton, WA 98057, USA",https://himalayancaferenton.com/
Nicaraguan,La Ceiba Latin Food Restaurant,"2602 SW 19th Avenue Rd Suite 103, Ocala, FL 34471, USA",http://laceiba.com/
Pakistani,Kabab King FL,"11352 S Orange Blossom Trl, Orlando, FL 32837, USA",https://kababkingfl.com/?utm_source=google
Panamanian,Salomas Panamanian Cuisine,"1810 Town Center Blvd Suite 13, Fleming Island, FL 32003, USA",
Paraguayan,I Love Paraguay Restaurant,"4316 Greenpoint Ave, Queens, NY 11104, USA",http://www.ilovepy.com/
Peruvian,La Ceiba Latin Food Restaurant,"2602 SW 19th Avenue Rd Suite 103, Ocala, FL 34471, USA",http://laceiba.com/
Peruvian,Mi Tierra Latina Mexican & Peruvian,"2105 County Hwy 484, Ocala, FL 34473, USA",http://www.vivamitierralatina.com/
Peruvian,Alda's Peruvian Kitchen,"2655 SW Hwy 484, Ocala, FL 34473, USA",https://www.facebook.com/profile.php?id=100094126246311&mibextid=ZbWKwL
Peruvian,Taverna Berrocal,"2515 NE 3rd St, Ocala, FL 34470, USA",
Peruvian,Chicharrón y más,"128 Marion Oaks Blvd, Ocala, FL 34473, USA",
Philippine,The Manila Fiesta,"1952 McGilchrist St SE, Salem, OR 97302, USA",https://m.facebook.com/THEMANILAFIESTA/
Polish,Aneta's Bistro - Polish Cuisine,"2065 N Pine Ave, Ocala, FL 34475, USA",
Puerto Rican,La Estrella de Borinquen,"2409 County Rd 200A, Ocala, FL 34470, USA",
Puerto Rican,Old San Juan Restaurant,"184 Marion Oaks Blvd, Ocala, FL 34473, USA",https://www.facebook.com/OSJRESTAURANT
Puerto Rican,Mr. Fry Guy - Mofongo Tripleta,"5848 S Pine Ave, Ocala, FL 34480, USA",https://www.mrfryguyocala.com/
Puerto Rican,Lechonera Ocala,"3334 NW Blitchton Rd, Ocala, FL 34475, USA",https://lechoneraocalafl.com/
Puerto Rican,Charlie’s Pinchos,"3711 E Silver Springs Blvd, Ocala, FL 34470, USA",https://facebook.com/charliespinchosocala
Puerto Rican,El Criollo,"16580 S Hwy 475, Summerfield, FL 34491, USA",
Puerto Rican,Frappé del Encanto,"3102 W Silver Springs Blvd, Ocala, FL 34474, USA",http://www.frappedelencanto.com/
Romanian,Taverna Berrocal,"2515 NE 3rd St, Ocala, FL 34470, USA",
Romanian,Haeorum Foods Korean BBQ,"3045 SE 3rd Ave, Ocala, FL 34471, USA",http://koreanfoodocala.com/
Romanian,Lakis Restaurant,"3405 SW College Rd, Ocala, FL 34474, USA",
Romanian,Roma's Italian Restaurant,"2775 NW 49th Ave, Ocala, FL 34482, USA",https://www.romasocala.com/
Romanian,Mesa de Notte,"2436 E Silver Springs Blvd, Ocala, FL 34470, USA",https://www.mesaocala.com/
Romanian,Ipanema Brazilian Steak House,"2023 S Pine Ave, Ocala, FL 34471, USA",https://www.ipanemaocala.com/
Saudi Arabian,Ali Mediterranean Grill | Gyro-Kabob-Seafood,"1532 S Pine Ave, Ocala, FL 34471, USA",
Singaporean,Singapore Hawker,"1169 Pacific St #120, Coquitlam, BC V3B 0J1, Canada",http://www.singaporehawker.ca/
Singaporean,Singapore Hawker Burnaby,"7150 Sperling Ave, Burnaby, BC V5E 2W5, Canada",http://www.singaporehawker.ca/
Singaporean,Shiok Singaporean Cuisine,"1716 Kingsway, Vancouver, BC V5N 2S4, Canada",http://shiok.ca/
Singaporean,Prata-Man Singapore Cuisine,"9060 Capstan Wy, Richmond, BC V6X 3N6, Canada",https://prata-man-richmond.business.site/
Somali,Haeorum Foods Korean BBQ,"3045 SE 3rd Ave, Ocala, FL 34471, USA",http://koreanfoodocala.com/
Somali,Big Man's Cafe,"1011 NE 14th St, Ocala, FL 34470, USA",https://bigmanscafe.com/
Somali,GG's Heavenly Soul Food,"2209 E Silver Springs Blvd, Ocala, FL 34470, USA",
Somali,Ipanema Brazilian Steak House,"2023 S Pine Ave, Ocala, FL 34471, USA",https://www.ipanemaocala.com/
Somali,Mojo's-Food. Music. Soul. (Ocala Location),"2015 SW 17th St, Ocala, FL 34471, USA",https://www.ilovemojos.com/
Somali,Yum Yum Kitchen,"13101 SE County Rd 326, Ocala, FL 34482, USA",https://www.cedarkeyspice.com/yum-yum-kitchen
Somali,Latinos y Mas Restaurant,"2030 S Pine Ave, Ocala, FL 34471, USA",http://www.latinosymas.com/
Somali,Lakis Restaurant,"3405 SW College Rd, Ocala, FL 34474, USA",
Somali,M&D West African Cuisine,"405 NW 13th St, Gainesville, FL 32601, USA",http://mdwestafricancuisine.com/
Somali,"Harry's Seafood,Bar & Grille","24 SE 1st Ave, Ocala, FL 34471, USA",http://www.hookedonharrys.com/
Somali,Sam's St Johns Seafood of Ocala,"7119 N US Hwy 441, Ocala, FL 34475, USA",https://www.lovethatseafood.com/
Somali,La Cuisine Restaurant,"48 SW 1st Ave, Ocala, FL 34471, USA",http://lacuisineocala.com/
Somali,Mark's Prime Steakhouse,"30 S Magnolia Ave, Ocala, FL 34471, USA",https://marksprimesteakhouse.com/
Somali,Little Bickle,"3331 E Silver Springs Blvd, Ocala, FL 34470, USA",
Somali,Fiore's Cafe,"2327 S Pine Ave, Ocala, FL 34471, USA",
Somali,Ivoire Delice African Restaurant,"1116 N Main St, Gainesville, FL 32601, USA",
Sri Lankan,Ceylon Hut Food Truck (Sri Lankan Cuisine),"2807 E South St, Orlando, FL 32803, USA",https://www.ceylonhut.us/
Swiss,WingHouse Bar & Grill,"2145 E Silver Springs Blvd, Ocala, FL 34470, USA",https://winghouse.com/locations/ocala/
Syrian,Syrian Kitchen,"440 State St, Salem, OR 97301, USA",https://oregonsyriankitchen.square.site/
Taiwanese,Taipei Garden,"2602 SW 19th Avenue Rd Unit 203, Ocala, FL 34471, USA",
Taiwanese,Pei Wei Asian Express,"3100 SW College Rd, Ocala, FL 34474, USA",https://www.peiwei.com/florida/527-paddock-mall/
Taiwanese,Tasty Bowl,"2575 SW 42nd St, Ocala, FL 34471, USA",http://www.createtastybowl.com/
Thai,Ayuttaya Thai Cuisine,"2437 SW 27th Ave, Ocala, FL 34471, USA",http://www.ayuttayathai.com/
Thai,Rice & Noodles Thai Cuisine,"11175 SW 93rd Ct Rd, Ocala, FL 34481, USA",https://www.riceandnoodlesocala.com/
Thai,ROYAL ORCHID THAI Cuisine,"3131 SW College Rd #206, Ocala, FL 34474, USA",https://www.royalorchidocala.com/
Thai,Thai To go,"9020 SW 27th Ave Suite B, Ocala, FL 34476, USA",http://www.thaitogocuisine.com/
Thai,Ninja Sushi & Thai,"2575 SW 42nd St #109, Ocala, FL 34471, USA",http://ninjasushiocala.com/
Thai,Exotic Thai Restaurant,"1532 S Pine Ave, Ocala, FL 34471, USA",
Tunisian,Moun Of Tunis Restaurant,"7445 1/2 Sunset Blvd, Los Angeles, CA 90046, USA",http://www.mounoftunis.com/index.html
Ukrainian,Ukrainian Restaurant,"1148 Marion Ave, Windsor, ON N9A 2J4, Canada",https://www.ukrainianrestaurant.ca/
Venezuelan,Paparepas Venezuelan Food,"1620 Broadway, Seattle, WA 98122, USA",http://www.paparepas.com/
Vietnamese,AK Pho & Boba Tea,"2635 SW College Rd #200, Ocala, FL 34471, USA",
Vietnamese,Pho Sai Gon,"11717 US-301, Oxford, FL 34484, USA",https://phosaigon1oxford.com/
Vietnamese,Phở Village,"17860 SE 109th Ave Unit 600, Summerfield, FL 34491, USA",
Yemeni,Yemeni Restaurant,"5426 Cleveland Ave, Columbus, OH 43231, USA",https://yemenirestaurant.us/
Zambian,Jahmerican Bakery,"2024 NE 10th St, Ocala, FL 34470, USA",
