Cuisine Type,Name,Address,Website
Mexican,EL Mescal family Mexican restaurant and bar,"439 US-6, Fruita, CO 81521, USA",
Mexican,El Mescal Family Mexican Restaurant & Bar,"2210 Hwy 6 And 50, Grand Junction, CO 81505, USA",
Mexican,Aztecas Family Mexican Restaurant,"603 US-50, Grand Junction, CO 81503, USA",
Mexican,Agavero's Mexican Experience,"569 32 Rd, Grand Junction, CO 81504, USA",
Mexican,Fidel's Cocina & Bar,"113 W 3rd St, Palisade, CO 81526, USA",https://fidelspalisade.com/
Mexican,El Rey Mexican food LLC,"Brentwood Dr, Palisade, CO 81526, USA",
Mexican,Taqueria Guadalajara,"719 Pitkin Ave # 0, Grand Junction, CO 81501, USA",
Mexican,El Charro Loco,"2886 North Ave, Grand Junction, CO 81501, USA",
Mexican,Las Marias,"118 S 7th St, Grand Junction, CO 81501, USA",http://lasmariasmexican.com/
Mexican,AZTECAS FAMILY MEXICAN RESTAURANT,"705 Horizon Dr, Grand Junction, CO 81506, USA",
Mexican,La Milpa Tortilla Factory,"514 30 Rd, Grand Junction, CO 81504, USA",http://www.lamilpatortillafactory.com/
Mexican,Loncheria Rubi,"2515 US-50 & U.S. 6, Grand Junction, CO 81505, USA",
Mexican,EL ASADERO,"2931 North Ave, Grand Junction, CO 81504, USA",http://orderelasadero.com/
Mexican,Tacoparty,"126 S 5th St, Grand Junction, CO 81501, USA",https://www.tacopartygj.com/
Mexican,Los Alazanes,"2301 North Ave, Grand Junction, CO 81501, USA",
Mexican,Tequila's Mexican Restaurant,"2452 US-6, Grand Junction, CO 81505, USA",http://www.tequilasgrandjunction.net/
Mexican,Taqueria Guadalajara #2,"683 Horizon Dr #112, Grand Junction, CO 81506, USA",http://www.taqueriaguadalajara2.com/
Mexican,Jalapeños Tacos,"2324 Hwy 6 And 50, Grand Junction, CO 81505, USA",
Mexican,Los Jilbertos,"2812 North Ave, Grand Junction, CO 81501, USA",
Mexican,Dos Hombres Restaurant,"3245 I-70BL, Clifton, CO 81520, USA",https://doshombresrestaurant.com/
Swedish,Wagon Wheel Restaurant,"10900 CO-65, Mesa, CO 81643, USA",http://www.wagonwheelrbm.com/
Swedish,Devil's Kitchen,"840 Kennedy Ave, Grand Junction, CO 81501, USA",https://www.devilskitchenrestaurant.com/?utm_source=google&utm_medium=organic&utm_campaign=business_listing
Swedish,Ocotillo Restaurant And Bar At Redlands Mesa,"2325 W Ridges Blvd, Grand Junction, CO 81507, USA",https://www.ocotillogj.com/
Swedish,The Hungry Moose,"25861 CO-65, Cedaredge, CO 81413, USA",https://www.grandmesalodge.com/restaurant
Swedish,Cafe Sol,"420 Main St, Grand Junction, CO 81501, USA",http://www.cafesolgj.com/
Swedish,IHOP,"2420 Highway 6 And 50, Grand Junction, CO 81505, USA",https://restaurants.ihop.com/en-us/co/grand-junction/breakfast-2420-hwy-6-and-50-1837?utm_source=google&utm_medium=organic&utm_campaign=google_my_business&utm_term=1837&utm_content=website
Latvian,Wagon Wheel Restaurant,"10900 CO-65, Mesa, CO 81643, USA",http://www.wagonwheelrbm.com/
Italian,Olive Garden Italian Restaurant,"2416 Highway 6 And 50, Grand Junction, CO 81505, USA",https://www.olivegarden.com/locations/co/grand-junction/grand-junction-mesa-mall/1580?cmpid=br:og_ag:ie_ch:loc_ca:OGGMB_sn:gmb_gt:grand-junction-co-1580_pl:locurl_rd:1446
Italian,Citrola's Italian Restaurant,"759 Horizon Dr, Grand Junction, CO 81506, USA",https://www.citrolasgj.com/
Italian,Enzo's Ristorante Italiano,"707 Horizon Dr, Grand Junction, CO 81506, USA",http://www.myenzos.com/
Italian,Ristorante Pantuso,"421 Brach Dr, Grand Junction, CO 81507, USA",https://mypantusos.com/
Italian,Pablo's Pizza,"319 Main St, Grand Junction, CO 81501, USA",http://www.pablospizza.com/
Italian,PizzAmoré (PizzAmore),"683 Horizon Dr #104, Grand Junction, CO 81506, USA",https://www.pizzamoregj.com/
Italian,Junct'n Square Pizza,"119 N 7th St, Grand Junction, CO 81501, USA",http://www.jctsquare.com/
Italian,Donatos Pizza,"2530 Rimrock Ave, Grand Junction, CO 81505, USA",https://www.donatos.com/locations/grand-junction
Spanish,El Mescal Family Mexican Restaurant & Bar,"2210 Hwy 6 And 50, Grand Junction, CO 81505, USA",
Spanish,EL Mescal family Mexican restaurant and bar,"439 US-6, Fruita, CO 81521, USA",
Spanish,AZTECAS FAMILY MEXICAN RESTAURANT,"705 Horizon Dr, Grand Junction, CO 81506, USA",
Spanish,El Tapatio,"1145 North Ave, Grand Junction, CO 81501, USA",http://tapatiorestaurants.com/
Spanish,Agavero's Mexican Experience,"569 32 Rd, Grand Junction, CO 81504, USA",
Spanish,Lonchera La Casita,"1801 Main St, Grand Junction, CO 81501, USA",
Spanish,Tequila's Mexican Restaurant,"2452 US-6, Grand Junction, CO 81505, USA",http://www.tequilasgrandjunction.net/
Spanish,Cafe Rio Fresh Modern Mexican,"2412 Patterson Rd, Grand Junction, CO 81505, USA",https://www.caferio.com/locations/grand-junction
Spanish,Aztecas Family Mexican Restaurant,"603 US-50, Grand Junction, CO 81503, USA",
Spanish,Costa Vida,"2430 Patterson Rd Unit A, Grand Junction, CO 81505, USA",https://www.costavida.com/locations/us/co/grand-junction/2430-patterson-road/?utm_source=G&utm_medium=Local&utm_campaign=Google-Local&utm_source=G&utm_medium=Local&utm_campaign=Google-Local
Spanish,Pollo Asado,"304 North Ave, Grand Junction, CO 81501, USA",
Spanish,Mi Mexico,"624 Rae Lynn St, Grand Junction, CO 81505, USA",https://www.mimexicofamily.com/
Spanish,Tequila's Mexican Restaurant,"2560 North Ave, Grand Junction, CO 81501, USA",http://www.tequilasgrandjunction.net/
Spanish,Taqueria Guadalajara #2,"683 Horizon Dr #112, Grand Junction, CO 81506, USA",http://www.taqueriaguadalajara2.com/
Spanish,Fiesta Guadalajara,"710 North Ave, Grand Junction, CO 81501, USA",http://www.fiestaguadalajaraco.com/
Spanish,Loncheria Rubi,"2515 US-50 & U.S. 6, Grand Junction, CO 81505, USA",
Spanish,Wagon Wheel Restaurant,"10900 CO-65, Mesa, CO 81643, USA",http://www.wagonwheelrbm.com/
Spanish,La Milpa Tortilla Factory,"514 30 Rd, Grand Junction, CO 81504, USA",http://www.lamilpatortillafactory.com/
Spanish,El Asadero,"Grand Junction, CO 81505, USA",
Spanish,Las Marias,"118 S 7th St, Grand Junction, CO 81501, USA",http://lasmariasmexican.com/
American,Wagon Wheel Restaurant,"10900 CO-65, Mesa, CO 81643, USA",http://www.wagonwheelrbm.com/
American,Warehouse25sixty-five Kitchen + Bar,"2565 American Way, Grand Junction, CO 81501, USA",http://www.warehouse2565.com/
American,Bin 707 Foodbar,"225 N 5th St # 105, Grand Junction, CO 81501, USA",http://www.bin707.com/
American,Texas Roadhouse,"2870 North Ave, Grand Junction, CO 81501, USA",https://www.texasroadhouse.com/locations/colorado/grand-junction?utm_source=listing&utm_medium=search
American,Applebee's Grill + Bar,"711 Horizon Dr, Grand Junction, CO 81506, USA",https://restaurants.applebees.com/en-us/co/grand-junction/711-horizon-drive-84059?utm_source=google&utm_medium=organic&utm_campaign=google_my_business&utm_term=84059&utm_content=website
American,Outback Steakhouse,"2432 US-6 & 50, Grand Junction, CO 81505, USA",https://locations.outback.com/colorado/grand-junction/2432-highway-6-50?utm_source=gmb&utm_medium=local_search&utm_campaign=website_cta&y_source=1_MTU1MDIyMjgtNzE1LWxvY2F0aW9uLndlYnNpdGU%3D
American,Bistro 743,"743 Horizon Dr, Grand Junction, CO 81506, USA",http://doubletree3.hilton.com/en/hotels/colorado/doubletree-by-hilton-hotel-grand-junction-GJTDTDT/dining/index.html
American,Stella's Fried Pork Tenderloins,"476 28 Rd, Grand Junction, CO 81501, USA",http://www.stellasfriedporktenderloins.com/
American,626 On Rood,"626 Rood Ave, Grand Junction, CO 81501, USA",http://www.626onrood.com/
American,Denny's,"710 Horizon Dr, Grand Junction, CO 81506, USA",https://locations.dennys.com/CO/GRAND-JUNCTION/246091?utm_source=yext&utm_medium=local-listing&utm_campaign=yext-listing&y_source=1_MjIyOTAyNy03MTUtbG9jYXRpb24ud2Vic2l0ZQ%3D%3D
American,Red Robin Gourmet Burgers and Brews,"2530 Rimrock Ave, Grand Junction, CO 81505, USA",https://locations.redrobin.com/co/grand-junction/118/
American,Culver's,"582 24 1/2 Rd, Grand Junction, CO 81505, USA",https://www.culvers.com/restaurants/grand-junction-co-24-12-road
American,The Winery Restaurant,"642 Main St, Grand Junction, CO 81501, USA",http://www.winery-restaurant.com/
American,The Bistro - Eat. Drink. Connect.®,"765 Horizon Dr, Grand Junction, CO 81506, USA",https://www.marriott.com/hotels/hotel-information/restaurant/gjtcy-courtyard-grand-junction/?scid=f2ae0541-1279-4f24-b197-a979c79310b0
American,Devil's Kitchen,"840 Kennedy Ave, Grand Junction, CO 81501, USA",https://www.devilskitchenrestaurant.com/?utm_source=google&utm_medium=organic&utm_campaign=business_listing
American,Red Lobster,"575 24 1/2 Rd, Grand Junction, CO 81505, USA",https://www.redlobster.com/seafood-restaurants/locations/co/grand-junction/575-24-12-road
American,Handlebar Tap House,"417 Monument Rd #1, Grand Junction, CO 81507, USA",http://www.handlebargj.com/
American,Pufferbelly Station Restaurant,"337 S 1st St, Grand Junction, CO 81501, USA",https://www.facebook.com/Pufferbelly-Restaurant-638880192855626
American,The Smoke N CEO,"457 Colorado Ave, Grand Junction, CO 81501, USA",https://the-smoken-ceo.com/
American,The Feisty Pint,"359 Colorado Ave, Grand Junction, CO 81501, USA",https://feistypint.com/
Scottish,The Goat and Clover Tavern,"336 Main St #104, Grand Junction, CO 81501, USA",https://www.goatandclover.com/
Scottish,Wagon Wheel Restaurant,"10900 CO-65, Mesa, CO 81643, USA",http://www.wagonwheelrbm.com/
Scottish,The Winery Restaurant,"642 Main St, Grand Junction, CO 81501, USA",http://www.winery-restaurant.com/
Scottish,Devil's Kitchen,"840 Kennedy Ave, Grand Junction, CO 81501, USA",https://www.devilskitchenrestaurant.com/?utm_source=google&utm_medium=organic&utm_campaign=business_listing
Scottish,The Hungry Moose,"25861 CO-65, Cedaredge, CO 81413, USA",https://www.grandmesalodge.com/restaurant
Scottish,Tapestry Lounge At The Wine Country Inn,"777 Grande River Drive, Palisade, CO 81526, USA",https://coloradowinecountryinn.com/culinary/
Scottish,Bin 707 Foodbar,"225 N 5th St # 105, Grand Junction, CO 81501, USA",http://www.bin707.com/
Scottish,The Hog And The Hen,"510 Main St, Grand Junction, CO 81501, USA",https://thehogandthehen.com/
Scottish,13 °Brix Cider Bistro,"130 W 3rd St, Palisade, CO 81526, USA",https://www.13brixciderbistro.com/
Scottish,Caroline’s,"777 Grande River Drive, Palisade, CO 81526, USA",https://coloradowinecountryinn.com/culinary/
Scottish,Randy's Southside Diner,"2704 US-50, Grand Junction, CO 81503, USA",http://www.randyssouthsidediner.com/
Scottish,Kannah Creek Brewing Company,"1960 N 12th St, Grand Junction, CO 81501, USA",http://www.kannahcreekbrewingco.com/
British,The Goat and Clover Tavern,"336 Main St #104, Grand Junction, CO 81501, USA",https://www.goatandclover.com/
British,Wagon Wheel Restaurant,"10900 CO-65, Mesa, CO 81643, USA",http://www.wagonwheelrbm.com/
British,Moody's Lounge,"546 Main St, Grand Junction, CO 81501, USA",http://www.moodyslounge.com/
British,Ocotillo Restaurant And Bar At Redlands Mesa,"2325 W Ridges Blvd, Grand Junction, CO 81507, USA",https://www.ocotillogj.com/
British,The Hungry Moose,"25861 CO-65, Cedaredge, CO 81413, USA",https://www.grandmesalodge.com/restaurant
British,Mary's Restaurant,"230 E Lynwood St G & H, Grand Junction, CO 81503, USA",https://bit.ly/2Ygs8UV
British,Tapestry Lounge At The Wine Country Inn,"777 Grande River Drive, Palisade, CO 81526, USA",https://coloradowinecountryinn.com/culinary/
British,The Brit,"5905 Corporate Dr, Colorado Springs, CO 80919, USA",https://www.greatbritish.net/?utm_source=gmb&utm_medium=organic
British,7th Street Deli,"2232 N 7th St, Grand Junction, CO 81501, USA",http://www.7thstreetdeligj.com/
British,The Reckless Roadhouse,"424 Minter Ave, De Beque, CO 81630, USA",http://recklessroadhouse.com/
British,PizzAmoré (PizzAmore),"683 Horizon Dr #104, Grand Junction, CO 81506, USA",https://www.pizzamoregj.com/
British,13 °Brix Cider Bistro,"130 W 3rd St, Palisade, CO 81526, USA",https://www.13brixciderbistro.com/
British,MOUNTAIN HIGH PIE,"202 Main St, Collbran, CO 81624, USA",http://www.mountainhighpie.com/
British,Einstein Bros. Bagels,"2546 Rimrock Ave #100, Grand Junction, CO 81505, USA",http://www.einsteinbros.com/
British,Octopus Coffee,"759 Horizon Dr, Grand Junction, CO 81506, USA",https://www.octopuscoffeegj.com/
British,Great Harvest Bread,"2464 US-6 & Hwy 50 130, Grand Junction, CO 81505, USA",http://greatharvestgrandjunction.com/
British,Main Street Bagels,"559 Main St, Grand Junction, CO 81501, USA",http://gjmainstreetbagels.com
British,Sugar & Ice Co.,"950 North Ave STE 104, Grand Junction, CO 81501, USA",http://sugarandicegj.com/
British,Caroline’s,"777 Grande River Drive, Palisade, CO 81526, USA",https://coloradowinecountryinn.com/culinary/
British,Fidel's Cocina & Bar,"113 W 3rd St, Palisade, CO 81526, USA",https://fidelspalisade.com/
Thai,Thai Smile restaurant,"2692 US-50 E, Grand Junction, CO 81503, USA",http://www.thaismilegrandjunction.com/
Thai,Thai Chili & Pho Restaurant,"2536 Rimrock Ave, Grand Junction, CO 81505, USA",https://thaichili100.wixsite.com/thaichili
Thai,Thai Number 9,"539 N 1st St #3524, Grand Junction, CO 81501, USA",
Thai,Lucky Thai LLC,"310 N 7th St, Grand Junction, CO 81501, USA",https://luckythaifoodtruck.square.site/
Thai,Sang Garden Chinese Restaurant,"687 Horizon Dr, Grand Junction, CO 81506, USA",http://www.sanggardengj.com/
Thai,Ginger Oriental Restaurant,"2381 Patterson Rd, Grand Junction, CO 81505, USA",
Thai,Smile Hot Pot,"550 South Ave, Grand Junction, CO 81501, USA",https://www.smilehotpotgrandjunction.com/
Thai,E C'S Asian Station,"200 W Grand Ave #8, Grand Junction, CO 81501, USA",
Thai,Dragon Treasure Orchard Mesa,"2740 US-50, Grand Junction, CO 81503, USA",https://dragontreasureco.com/
Thai,Yama Sushi & Asian Fusion,"2839 North Ave, Grand Junction, CO 81501, USA",https://www.yamasushigrandjunction.com/
Thai,Dragon Treasure,"576 Kokopelli Dr A, Fruita, CO 81521, USA",https://dragontreasurecotogo.com/
Thai,Phat Thai,"343 Main St, Carbondale, CO 81623, USA",http://www.phatthai.com/
Thai,Genghis Grill,"2474 US-6, Grand Junction, CO 81505, USA",https://locations.genghisgrill.com/co/grandjunction/genghis-grill-1403.html
Thai,China Jade,"569 32 Rd STE 7A, Grand Junction, CO 81504, USA",http://www.chinajade8888.net/
Thai,1-2-Thai,"1st St, Paonia, CO 81428, USA",http://onetwothai.com/
Japanese,SNOWFOX Sushi,"630 24 Rd, Grand Junction, CO 81505, USA",https://jfefood.com/
Japanese,Tepanyaki Japanese Steakhouse & Sushi Bar,"8709, 752 1/2 Horizon Dr, Grand Junction, CO 81506, USA",
Japanese,Yama Sushi & Asian Fusion,"2839 North Ave, Grand Junction, CO 81501, USA",https://www.yamasushigrandjunction.com/
Japanese,Suehiro Japanese Restaurant,"541 Main St, Grand Junction, CO 81501, USA",http://www.suehirosushigrandjunction.com/
Japanese,Kuniko's Teriyaki Grill,"2695 Patterson Rd #11, Grand Junction, CO 81506, USA",
Japanese,SNOWFOX Sushi,"569 32 Rd, Fruitvale, CO 81504, USA",https://jfefood.com/
Japanese,Sushi GO,"2424 US-6 Food Court space # 138, Grand Junction, CO 81505, USA",http://sushigoco.com/
Japanese,SNOWFOX Sushi,"2600 N 12th St, Grand Junction, CO 81501, USA",https://jfefood.com/
Japanese,No Coast Sushi,"1119 N 1st St, Grand Junction, CO 81501, USA",https://nocoastsushi.com/?y_source=1_MTk3MTkxMzUtNzE1LWxvY2F0aW9uLndlYnNpdGU%3D
Japanese,Hama Sushi & Hibachi,"2839 North Ave, Grand Junction, CO 81501, USA",
Japanese,Koi Ramen & Sushi,"2880 North Ave, Grand Junction, CO 81501, USA",https://www.koiramenandsushi.com/
Chinese,Dragon Treasure Orchard Mesa,"2740 US-50, Grand Junction, CO 81503, USA",https://dragontreasureco.com/
Chinese,Sang Garden Chinese Restaurant,"687 Horizon Dr, Grand Junction, CO 81506, USA",http://www.sanggardengj.com/
Chinese,China Jade,"569 32 Rd STE 7A, Grand Junction, CO 81504, USA",http://www.chinajade8888.net/
Chinese,Dragon Treasure,"576 Kokopelli Dr A, Fruita, CO 81521, USA",https://dragontreasurecotogo.com/
Chinese,China Pantry,"Grand Junction, CO 81505, USA",
Chinese,Grand International Buffet,"2504 US-6 UNIT 500, Grand Junction, CO 81505, USA",
Chinese,E C'S Asian Station,"200 W Grand Ave #8, Grand Junction, CO 81501, USA",
Chinese,Ginger Oriental Restaurant,"2381 Patterson Rd, Grand Junction, CO 81505, USA",
Chinese,Chopstix Express,"1037 North Ave, Grand Junction, CO 81501, USA",
Chinese,Panda Express,"2422 Patterson Rd, Grand Junction, CO 81505, USA",https://www.pandaexpress.com/
Chinese,Bamboo City Restaurant,"2472 Patterson Rd, Grand Junction, CO 81505, USA",
Chinese,Genghis Grill,"2474 US-6, Grand Junction, CO 81505, USA",https://locations.genghisgrill.com/co/grandjunction/genghis-grill-1403.html
Chinese,Chin Chin Restaurant,"3210 I-70BL Unit O, Clifton, CO 81520, USA",http://chinchinoriental.com/
Chinese,Smile Hot Pot,"550 South Ave, Grand Junction, CO 81501, USA",https://www.smilehotpotgrandjunction.com/
Indian,GURU'S KITCHEN,"356 Main St, Grand Junction, CO 81501, USA",https://guruskitchentogo.com/
Indian,Namaste Nepal Restaurant,"2692 US-50, Grand Junction, CO 81503, USA",http://beyondmenu.com/
Indian,Karma Kitchen,"229 E Aspen Ave, Fruita, CO 81521, USA",https://qmenu.us/#/karma-kitchen-fruita
Indian,Masala & Curry,"730 Cooper Ave, Glenwood Springs, CO 81601, USA",http://www.masalaandcurry.com/
Indian,Nepal Restaurant,"6824 CO-82, Glenwood Springs, CO 81601, USA",https://nepalrestaurant1999.com/
Indian,Everest Nepal Restaurant,"35 Market St, Glenwood Springs, CO 81601, USA",http://everestnepalrestaurant.com/
Indian,Himalayan Pun Hill Kitchen,"710 N Townsend Ave, Montrose, CO 81401, USA",http://himalayanpunhill.com/
Indian,Sherpa Cafe,"309 6th St, Crested Butte, CO 81224, USA",http://www.sherpascafe.com/
Indian,Guru's Restaurant,"448 E Main St, Montrose, CO 81401, USA",https://gurusmontrose.com/
Indian,Bamboo City Restaurant,"2472 Patterson Rd, Grand Junction, CO 81505, USA",
Indian,Tandoori Grill,"619 S Broadway, Boulder, CO 80305, USA",https://tandooriorderonline.com/
Canadian,Ocotillo Restaurant And Bar At Redlands Mesa,"2325 W Ridges Blvd, Grand Junction, CO 81507, USA",https://www.ocotillogj.com/
Canadian,The Feisty Pint,"359 Colorado Ave, Grand Junction, CO 81501, USA",https://feistypint.com/
Canadian,Warehouse25sixty-five Kitchen + Bar,"2565 American Way, Grand Junction, CO 81501, USA",http://www.warehouse2565.com/
Canadian,The Hungry Moose,"25861 CO-65, Cedaredge, CO 81413, USA",https://www.grandmesalodge.com/restaurant
Canadian,Wagon Wheel Restaurant,"10900 CO-65, Mesa, CO 81643, USA",http://www.wagonwheelrbm.com/
Canadian,Devil's Kitchen,"840 Kennedy Ave, Grand Junction, CO 81501, USA",https://www.devilskitchenrestaurant.com/?utm_source=google&utm_medium=organic&utm_campaign=business_listing
Canadian,Orchard Mesa Cruisers,"2692 US-50, Grand Junction, CO 81503, USA",https://www.omcruisers.com/
Canadian,Kannah Creek Brewing Company,"1960 N 12th St, Grand Junction, CO 81501, USA",http://www.kannahcreekbrewingco.com/
Canadian,Boston's Restaurant & Sports Bar,"2404 Patterson Rd, Grand Junction, CO 81505, USA",http://www.bostons.com/
Canadian,Smokin' Oak Wood-Fired Pizza,"2478 Highway 6 & 50, Unit B, Grand Junction, CO 81505, USA",https://smokinoakpizza.com/
Canadian,Cafe Sol,"420 Main St, Grand Junction, CO 81501, USA",http://www.cafesolgj.com/
Canadian,Mary's Restaurant,"230 E Lynwood St G & H, Grand Junction, CO 81503, USA",https://bit.ly/2Ygs8UV
Canadian,Copper Club Brewing Company,"153 N Mulberry St, Fruita, CO 81521, USA",http://www.copperclubbrew.com/
Canadian,Tacoparty,"126 S 5th St, Grand Junction, CO 81501, USA",https://www.tacopartygj.com/
Canadian,Munchies Pizza & Deli,"550 Kokopelli Dr, Fruita, CO 81521, USA",http://munchiesfruita.com/?utm_source=google-gmb-maps&utm_medium=gmb-website-button&utm_campaign=locl.io&utm_content=9435473d-701e-4675-a8a5-5492774ae9c0
Canadian,Old Chicago Pizza + Taproom,"120 North Ave, Grand Junction, CO 81501, USA",https://oldchicago.com/locations/grand-junction
Canadian,A&W Restaurant,"2424 US-6 & 50, Grand Junction, CO 81505, USA",https://awrestaurants.com/locations/colorado/grand-junction/2424-highways-6-50/
Canadian,Caroline’s,"777 Grande River Drive, Palisade, CO 81526, USA",https://coloradowinecountryinn.com/culinary/
Canadian,Enzo's Ristorante Italiano,"707 Horizon Dr, Grand Junction, CO 81506, USA",http://www.myenzos.com/
Canadian,MOUNTAIN HIGH PIE,"202 Main St, Collbran, CO 81624, USA",http://www.mountainhighpie.com/
Russian,Wagon Wheel Restaurant,"10900 CO-65, Mesa, CO 81643, USA",http://www.wagonwheelrbm.com/
Jewish,Main Street Bagels,"559 Main St, Grand Junction, CO 81501, USA",http://gjmainstreetbagels.com
Jewish,Plosky's Deli,"1201 Main Street, ENTRANCE ON, Colorado Ave, Carbondale, CO 81623, USA",https://www.ploskysdeli.com/
Jewish,D Z Akin's,"6930 Alvarado Rd, San Diego, CA 92120, USA",https://www.dzakinsdeli.com/
Jewish,Congregation Ohr Shalom Junction,"441 Kennedy Ave, Grand Junction, CO 81501, USA",
Jewish,Nosh House,"678 El Camino Real, Tustin, CA 92780, USA",http://koshernoshhouse.com/
Jewish,Connie's | Family Restaurant,"415 S Grand Mesa Dr, Cedaredge, CO 81413, USA",
Jewish,Kitchen18,"10211 N Scottsdale Rd, Scottsdale, AZ 85253, USA",http://www.thekitchen18.com/
Jewish,Alexander Lake Lodge Alexander Hotel,"21221 Baron Lake Dr, Cedaredge, CO 81413, USA",http://www.alexanderlodge.co/
Jewish,il porcellino salumi wholesale,"216 E Cody Ln, Basalt, CO 81621, USA",https://www.ilporcellinodenver.com/
Jewish,Goldmans Deli,"6929 Hayden Rd, Scottsdale, AZ 85250, USA",http://goldmansdeliarizona.com/
Jewish,Route 65,"5211, 12912 CO-65, Eckert, CO 81418, USA",https://www.facebook.com/ROUTE-65-Burgers-Fries-Antiques-Gifts-Furniture-1113545002004449/
Jewish,Lost Mesa Grill,"130 W Main St, Cedaredge, CO 81413, USA",http://www.lostmesagrill.com/
Jewish,Graystone,"21565 North Rd, Eckert, CO 81418, USA",
Jewish,La Familia Mexican Restaurant,"365 N Grand Mesa Dr, Cedaredge, CO 81413, USA",http://lafamiliamexican.restaurant/
Polish,Cracovia Polish-American Restaurant & Bar,"8121 W 94th Ave, Westminster, CO 80021, USA",http://www.cracoviarestaurant.com/
Polish,Mama's Pierogi,"714 Grand Ave, Glenwood Springs, CO 81601, USA",https://www.facebook.com/profile.php?id=100047494788156
Polish,Pierogies Factory,"3795 Wadsworth Blvd, Wheat Ridge, CO 80033, USA",http://pierogiesfactory.com/
Polish,Dickey's Barbecue Pit,"569 32 Rd #11, Grand Junction, CO 81504, USA",https://www.dickeys.com/locations/colorado/grand-junction/grand-junction-1?utm_source=google&utm_campaign=gmb&utm_medium=organic&utm_content=button-website
Polish,Blue Moon Bar & Grille,"120 N 7th St, Grand Junction, CO 81501, USA",http://www.bluemoongj.com/
Polish,Munchies Pizza & Deli,"550 Kokopelli Dr, Fruita, CO 81521, USA",http://munchiesfruita.com/?utm_source=google-gmb-maps&utm_medium=gmb-website-button&utm_campaign=locl.io&utm_content=9435473d-701e-4675-a8a5-5492774ae9c0
Polish,Sunrise Restaurant,"811 S 7th St, Grand Junction, CO 81501, USA",
Polish,All Pierogi Kitchen / Restaurant & Euro Market,"1245 W Baseline Rd STE #101-103, Mesa, AZ 85202, USA",http://allpierogi.com/
Polish,Wienerschnitzel,"1650 Hwy 6 & #50, Fruita, CO 81521, USA",http://www.wienerschnitzel.com/location/823-highway-50-and-k-road-fruita-1650-highway-50-fruita-co-81521/?utm_source=google&utm_medium=profiles&utm_campaign=local_profiles
Polish,Wienerschnitzel,"2550 North Ave, Grand Junction, CO 81501, USA",http://www.wienerschnitzel.com/location/171-north-avenue-north-25th-grand-junction-2550-north-avenue-grand-junction-co-81501/?utm_source=google&utm_medium=profiles&utm_campaign=local_profiles
Polish,Rosi's Little Bavarian Restaurant,"141 W 6th St, Glenwood Springs, CO 81601, USA",
Polish,Alexander Lake Lodge Alexander Hotel,"21221 Baron Lake Dr, Cedaredge, CO 81413, USA",http://www.alexanderlodge.co/
Polish,Daily Bread,"729 Grand Ave, Glenwood Springs, CO 81601, USA",
Polish,R J's Steak House,"2323 S Grand Mesa Dr, Cedaredge, CO 81413, USA",
German,Wagon Wheel Restaurant,"10900 CO-65, Mesa, CO 81643, USA",http://www.wagonwheelrbm.com/
German,Wienerstube Restaurant,"351 Market St, Basalt, CO 81621, USA",https://www.wienerstuberestaurant.com/
German,Village Inn,"1910 North Ave, Grand Junction, CO 81501, USA",https://www.villageinn.com/grand-junction-co
German,Ein Prosit,"313 Main St, Frisco, CO 80443, USA",https://www.pullmandistillery.com/
German,The Brass Rail Tavern,"476 28 Rd, Grand Junction, CO 81501, USA",https://m.facebook.com/TheBrassRailTavern/
German,Rosi's Little Bavarian Restaurant,"141 W 6th St, Glenwood Springs, CO 81601, USA",
German,Alpenrose Vail,"100 E Meadow Dr STE 25, Vail, CO 81657, USA",http://www.alpenrose-vail.com/
German,Suds Brothers Brewery,"127 E Aspen Ave, Fruita, CO 81521, USA",http://www.sudsbrothers2fruita.com/
German,MOUNTAIN HIGH PIE,"202 Main St, Collbran, CO 81624, USA",http://www.mountainhighpie.com/
German,Kannah Creek Brewing Company,"1960 N 12th St, Grand Junction, CO 81501, USA",http://www.kannahcreekbrewingco.com/
German,Gabys German Eatery - with reservation please,"245 S Harlan St, Lakewood, CO 80226, USA",http://gabysgermaneatery.com/
German,Uwe's German Restaurant,"31 Iowa Ave #5913, Colorado Springs, CO 80909, USA",http://www.uwesgermanrestaurant.com/
German,The Feisty Pint,"359 Colorado Ave, Grand Junction, CO 81501, USA",https://feistypint.com/
German,Helga's Haus & Bier Garden: German Restaurant & Bier Garden & Deli,"14197 E Exposition Ave, Aurora, CO 80012, USA",https://www.helgashaus.com/
German,Tapestry Lounge At The Wine Country Inn,"777 Grande River Drive, Palisade, CO 81526, USA",https://coloradowinecountryinn.com/culinary/
German,Edgewater Brewery,"905 Struthers Ave, Grand Junction, CO 81501, USA",http://www.kannahcreekbrewingco.com/edgewater/
German,Freddy's Frozen Custard & Steakburgers,"2489 US-6 And 50, Grand Junction, CO 81505, USA",https://www.freddys.com/?utm_source=google&utm_medium=yext
German,13 °Brix Cider Bistro,"130 W 3rd St, Palisade, CO 81526, USA",https://www.13brixciderbistro.com/
German,Almresi Vail,"333 Bridge St, Vail, CO 81657, USA",http://www.almresi-vail.com/
German,Fidel's Cocina & Bar,"113 W 3rd St, Palisade, CO 81526, USA",https://fidelspalisade.com/
French,Bistro 317,"317 Main St, Grand Junction, CO 81501, USA",https://bistro317.com/
Hawaiian,Ekahi Grill To Go,"1230 N 12th St # 300, Grand Junction, CO 81501, USA",https://www.ekahigrill.com/
Hawaiian,Tropix Hawaiian BBQ,"2740 US-50, Grand Junction, CO 81503, USA",
Brazilian,Strayhorn Grill,"456 Kokopelli Dr, Fruita, CO 81521, USA",http://www.strayhorngrill.com/
Brazilian,Outback Steakhouse,"2432 US-6 & 50, Grand Junction, CO 81505, USA",https://locations.outback.com/colorado/grand-junction/2432-highway-6-50?utm_source=gmb&utm_medium=local_search&utm_campaign=website_cta&y_source=1_MTU1MDIyMjgtNzE1LWxvY2F0aW9uLndlYnNpdGU%3D
Brazilian,Nomad Bowlz,"2591 Legacy Way, Grand Junction, CO 81503, USA",http://www.nomadbowlz.com/
Brazilian,Texas Roadhouse,"2870 North Ave, Grand Junction, CO 81501, USA",https://www.texasroadhouse.com/locations/colorado/grand-junction?utm_source=listing&utm_medium=search
Brazilian,Tepanyaki Japanese Steakhouse & Sushi Bar,"8709, 752 1/2 Horizon Dr, Grand Junction, CO 81506, USA",
Brazilian,Rodizio Grill - Mesa,"1840 S Val Vista Dr, Mesa, AZ 85204, USA",https://www.rodiziogrill.com/mesa-gilbert/
Brazilian,Texas de Brazil - Denver,"8390 Northfield Blvd Ste 1800, Denver, CO 80238, USA",https://texasdebrazil.com/locations/denver/?utm_source=gmb&utm_medium=yext&y_source=1_NDg4MzA3NDEtNzE1LWxvY2F0aW9uLndlYnNpdGU%3D
Brazilian,Little Brazil Restaurant,"7333 W 38th Ave, Wheat Ridge, CO 80033, USA",http://www.littlebrazilco.com/
Brazilian,Cattlemen's Bar & Grill,"1369 12 1/2 Rd, Loma, CO 81524, USA",https://www.cattlemensbarandgrill.com/
Brazilian,Rodizio Grill - Provo,"4801 N University Ave, Provo, UT 84604, USA",https://www.rodiziogrill.com/provo-riverwoods/
Brazilian,Serra Gaucha Brazilian Steakhouse,"16160 N 83rd Ave, Peoria, AZ 85382, USA",http://serragaucha.us/
Brazilian,Braza Grill,"1873 W Traverse Pkwy A, Lehi, UT 84043, USA",http://www.brazagrillutah.com/
Brazilian,Fogo de Chão Brazilian Steakhouse,"6300 N Scottsdale Rd, Scottsdale, AZ 85253, USA",https://fogodechao.com/location/scottsdale/
Brazilian,Octopus Coffee,"759 Horizon Dr, Grand Junction, CO 81506, USA",https://www.octopuscoffeegj.com/
Brazilian,Rio Picanha Steakhouse,"381 N Azusa Ave, West Covina, CA 91791, USA",http://www.riopicanha.com/
Brazilian,Rei Do Gado Brazilian Steakhouse,"939 Fourth Ave, San Diego, CA 92101, USA",http://www.reidogado.net/
Brazilian,Fogo de Chão Brazilian Steakhouse,"668 Sixth Ave, San Diego, CA 92101, USA",https://fogodechao.com/location/san-diego/
Brazilian,Galeto Brazilian Steakhouse,"825 N 54th St, Chandler, AZ 85226, USA",https://www.galeto.com/location/galeto-chandler-az
Brazilian,Brazil by the Bay,"3770 Hancock St G, San Diego, CA 92110, USA",http://www.brazilbythebay.com/
Brazilian,Sabor Brazilian Grill,"3944 W Point Loma Blvd Suite G, San Diego, CA 92110, USA",http://www.saborbraziliangrill.com/
Peruvian,Pollo Asado,"304 North Ave, Grand Junction, CO 81501, USA",
Peruvian,Rosario's Peruvian Restaurant,"625 Ken Pratt Blvd, Longmont, CO 80501, USA",http://www.rosariosperuvianrestaurant.com/
Peruvian,Rotisserie Chicken Taytacha Peruvian,"2385 N Academy Blvd, Colorado Springs, CO 80909, USA",https://taytacha.com/
Peruvian,Suds Brothers Brewery,"127 E Aspen Ave, Fruita, CO 81521, USA",http://www.sudsbrothers2fruita.com/
Peruvian,Tumi 2.0,"1245 W Guadalupe Rd, Mesa, AZ 85202, USA",https://www.tumi2az.com/
Peruvian,CHICA Aspen,"501 E Dean St, Aspen, CO 81611, USA",https://chicarestaurant.com/aspen
Peruvian,Culver's,"582 24 1/2 Rd, Grand Junction, CO 81505, USA",https://www.culvers.com/restaurants/grand-junction-co-24-12-road
Peruvian,Wienerschnitzel,"1650 Hwy 6 & #50, Fruita, CO 81521, USA",http://www.wienerschnitzel.com/location/823-highway-50-and-k-road-fruita-1650-highway-50-fruita-co-81521/?utm_source=google&utm_medium=profiles&utm_campaign=local_profiles
Salvadorian,La Pupusaria,"2575 U.S. 6 & 50, UNIT C, Grand Junction, CO 81501, USA",https://www.facebook.com/lapupuseriaGJ/
Cuban,Wagon Wheel Restaurant,"10900 CO-65, Mesa, CO 81643, USA",http://www.wagonwheelrbm.com/
Cuban,Roots Gastrohub,"401 Colorado Ave, Grand Junction, CO 81501, USA",https://rootsgastrohub.com/
Cuban,The Goat and Clover Tavern,"336 Main St #104, Grand Junction, CO 81501, USA",https://www.goatandclover.com/
Cuban,The Smoke N CEO,"457 Colorado Ave, Grand Junction, CO 81501, USA",https://the-smoken-ceo.com/
Cuban,Fiesta Guadalajara,"710 North Ave, Grand Junction, CO 81501, USA",http://www.fiestaguadalajaraco.com/
Cuban,Grand Mesa Grill,"Walker Field Dr, Grand Junction, CO 81506, USA",
Cuban,Fidel's Cocina & Bar,"113 W 3rd St, Palisade, CO 81526, USA",https://fidelspalisade.com/
Cuban,The Hungry Moose,"25861 CO-65, Cedaredge, CO 81413, USA",https://www.grandmesalodge.com/restaurant
Cuban,Cafe Sol,"420 Main St, Grand Junction, CO 81501, USA",http://www.cafesolgj.com/
Cuban,Which Wich Superior Sandwiches,"2691 Patterson Rd, Grand Junction, CO 81506, USA",http://www.whichwich.com/
Cuban,Cattlemen's Cafe & Catering,"435 US-6, Fruita, CO 81521, USA",https://cattlemensbarandgrill.com/
Cuban,McAlister's Deli,"480 W Park Dr Suite 106, Grand Junction, CO 81505, USA",https://locations.mcalistersdeli.com/co/grand-junction/480-west-park-drive?utm_source=google&utm_medium=organic&utm_campaign=locations_partner
Cuban,The Rockslide Brew Pub,"401 Main St, Grand Junction, CO 81501, USA",https://www.rockslidebrewpub.com/
Cuban,Cuba Cuba Cafe & Bar,"1173 Delaware St, Denver, CO 80204, USA",http://www.cubacubarestaurants.com/
Cuban,The Little Pink Truck,"2405 Patterson Rd, Grand Junction, CO 81501, USA",http://littlepinktruck.com/
Cuban,La Familia Mexican Restaurant,"365 N Grand Mesa Dr, Cedaredge, CO 81413, USA",http://lafamiliamexican.restaurant/
Cuban,Caroline’s,"777 Grande River Drive, Palisade, CO 81526, USA",https://coloradowinecountryinn.com/culinary/
Cuban,MOUNTAIN HIGH PIE,"202 Main St, Collbran, CO 81624, USA",http://www.mountainhighpie.com/
Cuban,Pêche. Restaurant,"336 Main St, Palisade, CO 81526, USA",http://pecherestaurantcolorado.com/
Cuban,Base Camp Provisions,"155 N Mulberry St, Fruita, CO 81521, USA",http://www.basecampfruita.com/
Tibetan,Namaste Nepal Restaurant,"2692 US-50, Grand Junction, CO 81503, USA",http://beyondmenu.com/
Egyptian,"The Great Greek Mediterranean Grill - Grand Junction, CO","2566 Patterson Rd suite 110, Grand Junction, CO 81505, USA",https://www.thegreatgreekgrill.com/grand-junction-co
Greek,"The Great Greek Mediterranean Grill - Grand Junction, CO","2566 Patterson Rd suite 110, Grand Junction, CO 81505, USA",https://www.thegreatgreekgrill.com/grand-junction-co
Greek,Pita Place,"Grand Junction, CO 81505, USA",
Greek,Grand Mesa Grill,"Walker Field Dr, Grand Junction, CO 81506, USA",
Greek,Blue Moon Bar & Grille,"120 N 7th St, Grand Junction, CO 81501, USA",http://www.bluemoongj.com/
Greek,Olive Garden Italian Restaurant,"2416 Highway 6 And 50, Grand Junction, CO 81505, USA",https://www.olivegarden.com/locations/co/grand-junction/grand-junction-mesa-mall/1580?cmpid=br:og_ag:ie_ch:loc_ca:OGGMB_sn:gmb_gt:grand-junction-co-1580_pl:locurl_rd:1446
Belgian,Wagon Wheel Restaurant,"10900 CO-65, Mesa, CO 81643, USA",http://www.wagonwheelrbm.com/
Belgian,Devil's Kitchen,"840 Kennedy Ave, Grand Junction, CO 81501, USA",https://www.devilskitchenrestaurant.com/?utm_source=google&utm_medium=organic&utm_campaign=business_listing
Belgian,The Rockslide Brew Pub,"401 Main St, Grand Junction, CO 81501, USA",https://www.rockslidebrewpub.com/
Belgian,Bistro 317,"317 Main St, Grand Junction, CO 81501, USA",https://bistro317.com/
Belgian,Spoons bistro & bakery,"3090 N 12th St, Grand Junction, CO 81506, USA",https://spoonsbistroandbakery.com/
Belgian,Pufferbelly Station Restaurant,"337 S 1st St, Grand Junction, CO 81501, USA",https://www.facebook.com/Pufferbelly-Restaurant-638880192855626
Belgian,Berna B's Classic Cuisine,"2913 Patterson Rd Unit #101, Grand Junction, CO 81504, USA",http://bernabs.com/
Belgian,New Belgium Ranger Station,"100 Elbert Ln #115, Snowmass Village, CO 81615, USA",http://www.rangerstation.org/
Belgian,Bistro 743,"743 Horizon Dr, Grand Junction, CO 81506, USA",http://doubletree3.hilton.com/en/hotels/colorado/doubletree-by-hilton-hotel-grand-junction-GJTDTDT/dining/index.html
Belgian,Village Inn,"1910 North Ave, Grand Junction, CO 81501, USA",https://www.villageinn.com/grand-junction-co
Belgian,The Hungry Moose,"25861 CO-65, Cedaredge, CO 81413, USA",https://www.grandmesalodge.com/restaurant
Belgian,IHOP,"2420 Highway 6 And 50, Grand Junction, CO 81505, USA",https://restaurants.ihop.com/en-us/co/grand-junction/breakfast-2420-hwy-6-and-50-1837?utm_source=google&utm_medium=organic&utm_campaign=google_my_business&utm_term=1837&utm_content=website
Belgian,Ale House,"2531 N 12th St, Grand Junction, CO 81501, USA",https://alehousegj.com/
Belgian,Starvin' Arvin's,"3247 F Rd, Clifton, CO 81520, USA",http://www.starvin-arvins.com/
Belgian,13 °Brix Cider Bistro,"130 W 3rd St, Palisade, CO 81526, USA",https://www.13brixciderbistro.com/
Belgian,Paradox Grille,"43200 CO-141, Gateway, CO 81522, USA",https://www.gatewaycanyons.com/paradox-grille/?utm_source=gmb-Paradox&utm_medium=organic&utm_campaign=gmb
Belgian,Mary's Restaurant,"230 E Lynwood St G & H, Grand Junction, CO 81503, USA",https://bit.ly/2Ygs8UV
Belgian,Dream Cafe,"314 Main St, Grand Junction, CO 81501, USA",https://www.dreamcafegj.com/
Belgian,Randy's Southside Diner,"569 1/2 32 Rd, Clifton, CO 81520, USA",http://www.randyssouthsidediner.com/
Belgian,Alarado Biscuit Company,"2422 US-6, Grand Junction, CO 81505, USA",https://alaradobiscuitcompany.com/
Irish,The Goat and Clover Tavern,"336 Main St #104, Grand Junction, CO 81501, USA",https://www.goatandclover.com/
Welsh,Wagon Wheel Restaurant,"10900 CO-65, Mesa, CO 81643, USA",http://www.wagonwheelrbm.com/
Cajun,Soulful Cajun Food Truck,"Grand Junction, CO 81505, USA",
Cajun,Shell Shack Seafood,"599 30 Rd, Grand Junction, CO 81504, USA",
Cajun,Wagon Wheel Restaurant,"10900 CO-65, Mesa, CO 81643, USA",http://www.wagonwheelrbm.com/
Cajun,Red Lobster,"575 24 1/2 Rd, Grand Junction, CO 81505, USA",https://www.redlobster.com/seafood-restaurants/locations/co/grand-junction/575-24-12-road
Cajun,Popeyes Louisiana Kitchen,"3223 I-70BL, Clifton, CO 81520, USA",https://www.popeyes.com/store-locator/store/restaurant_86416?utm_source=yext&utm_medium=referral&utm_campaign=organic-local-listings
Portuguese,"The Great Greek Mediterranean Grill - Grand Junction, CO","2566 Patterson Rd suite 110, Grand Junction, CO 81505, USA",https://www.thegreatgreekgrill.com/grand-junction-co
Portuguese,Ristorante Pantuso,"421 Brach Dr, Grand Junction, CO 81507, USA",https://mypantusos.com/
Portuguese,No Coast Sushi,"1119 N 1st St, Grand Junction, CO 81501, USA",https://nocoastsushi.com/?y_source=1_MTk3MTkxMzUtNzE1LWxvY2F0aW9uLndlYnNpdGU%3D
Portuguese,Mi Mexico,"624 Rae Lynn St, Grand Junction, CO 81505, USA",https://www.mimexicofamily.com/
Portuguese,Alexander Lake Lodge Alexander Hotel,"21221 Baron Lake Dr, Cedaredge, CO 81413, USA",http://www.alexanderlodge.co/
Portuguese,Riviera Supper Club and Scratch Kitchen,"702 Grand Ave, Glenwood Springs, CO 81601, USA",http://www.rivieraglenwood.com/
Portuguese,Corrida,"1023 Walnut St STE 400, Boulder, CO 80302, USA",https://www.corridaboulder.com/
Portuguese,Mesa 21,"21 Lindsey St, Fall River, MA 02720, USA",https://mesa21fallriver.com/
Portuguese,Rodizio Grill - Mesa,"1840 S Val Vista Dr, Mesa, AZ 85204, USA",https://www.rodiziogrill.com/mesa-gilbert/
Portuguese,Mi Mexico,"1706 E Main St, Montrose, CO 81401, USA",https://www.mimexicofamily.com/
Portuguese,O Prego San Diego,"980 Los Vallecitos Blvd, San Marcos, CA 92069, USA",https://www.opregosd.com/
Portuguese,Element 47,"675 E Durant Ave, Aspen, CO 81611, USA",https://www.thelittlenell.com/dine/element-47
Portuguese,Crumbl - - Grand Junction,"2546 Rimrock Ave #400, Grand Junction, CO 81505, USA",https://crumblcookies.com/grandjunction?utm_source=google+business&utm_medium=profile&utm_campaign=CRUMBL-US+%7C+GOOGLE+BUSINESS+%7C+STORE+PAGE+%7C+ONGOING+%7C+CONSIDERATION+%7C+PROFILE
Portuguese,City Market,"135 S Plum St, Fruita, CO 81521, USA",https://www.citymarket.com/stores/grocery/co/fruita/fruita/620/00413?cid=loc_62000413_gmb
Portuguese,Mesa Moreira,"58 W Market St, York, PA 17401, USA",http://www.mesamoreira.com/
Portuguese,City Market,"569 32 Rd, Grand Junction, CO 81504, USA",https://www.citymarket.com/stores/grocery/co/grand-junction/grand-junction/620/00425?cid=loc_62000425_gmb
Portuguese,City Market,"2770 US-50, Grand Junction, CO 81503, USA",https://www.citymarket.com/stores/grocery/co/grand-junction/grand-junction/620/00401?cid=loc_62000401_gmb
Portuguese,Safeway,"681 Horizon Dr, Grand Junction, CO 81506, USA",https://local.safeway.com/safeway/co/grand-junction/681-horizon-dr.html?utm_source=G&utm_medium=Maps&utm_campaign=G+Places
Portuguese,Ajax Tavern,"685 E Durant Ave, Aspen, CO 81611, USA",https://www.thelittlenell.com/dine/ajax-tavern
Portuguese,Sweet Basil,"193 Gore Creek Dr, Vail, CO 81657, USA",https://sweetbasilvail.com/
Turkish,"The Great Greek Mediterranean Grill - Grand Junction, CO","2566 Patterson Rd suite 110, Grand Junction, CO 81505, USA",https://www.thegreatgreekgrill.com/grand-junction-co
Tahitian,Tropix Hawaiian BBQ,"2740 US-50, Grand Junction, CO 81503, USA",
Kenyan,Kuniko's Teriyaki Grill,"2695 Patterson Rd #11, Grand Junction, CO 81506, USA",
Korean,Korean Corn Dogs,"2591 Legacy Way, Grand Junction, CO 81503, USA",
Korean,Smile Hot Pot,"550 South Ave, Grand Junction, CO 81501, USA",https://www.smilehotpotgrandjunction.com/
Korean,Thai Smile restaurant,"2692 US-50 E, Grand Junction, CO 81503, USA",http://www.thaismilegrandjunction.com/
Korean,E C'S Asian Station,"200 W Grand Ave #8, Grand Junction, CO 81501, USA",
Korean,Ginger Oriental Restaurant,"2381 Patterson Rd, Grand Junction, CO 81505, USA",
Korean,Kuniko's Teriyaki Grill,"2695 Patterson Rd #11, Grand Junction, CO 81506, USA",
Korean,Genghis Grill,"2474 US-6, Grand Junction, CO 81505, USA",https://locations.genghisgrill.com/co/grandjunction/genghis-grill-1403.html
Korean,Noodles and Company,"2474 US-6 & 50, Grand Junction, CO 81505, USA",https://locations.noodles.com/co/grand-junction/2474-highway-6---50.html?utm_campaign=yext&utm_medium=organic&utm_source=google
Korean,Dragon Treasure Orchard Mesa,"2740 US-50, Grand Junction, CO 81503, USA",https://dragontreasureco.com/
Korean,Grand International Buffet,"2504 US-6 UNIT 500, Grand Junction, CO 81505, USA",
Korean,Yama Sushi & Asian Fusion,"2839 North Ave, Grand Junction, CO 81501, USA",https://www.yamasushigrandjunction.com/
Korean,Sang Garden Chinese Restaurant,"687 Horizon Dr, Grand Junction, CO 81506, USA",http://www.sanggardengj.com/
Korean,Phở 88,"2463 Patterson Rd, Grand Junction, CO 81505, USA",http://pho88grandjunction.com/
Korean,Thai Chili & Pho Restaurant,"2536 Rimrock Ave, Grand Junction, CO 81505, USA",https://thaichili100.wixsite.com/thaichili
Korean,The Smoke N CEO,"457 Colorado Ave, Grand Junction, CO 81501, USA",https://the-smoken-ceo.com/
Korean,Suehiro Japanese Restaurant,"541 Main St, Grand Junction, CO 81501, USA",http://www.suehirosushigrandjunction.com/
Korean,China Jade,"569 32 Rd STE 7A, Grand Junction, CO 81504, USA",http://www.chinajade8888.net/
Korean,Wagon Wheel Restaurant,"10900 CO-65, Mesa, CO 81643, USA",http://www.wagonwheelrbm.com/
Korean,Thai Number 9,"539 N 1st St #3524, Grand Junction, CO 81501, USA",
Korean,Korean Garden,"8025 Fountain Mesa Rd, Fountain, CO 80817, USA",https://www.koreangardenco.com/#
Algerian,The Hungry Moose,"25861 CO-65, Cedaredge, CO 81413, USA",https://www.grandmesalodge.com/restaurant
Algerian,Wagon Wheel Restaurant,"10900 CO-65, Mesa, CO 81643, USA",http://www.wagonwheelrbm.com/
Libyan,Wagon Wheel Restaurant,"10900 CO-65, Mesa, CO 81643, USA",http://www.wagonwheelrbm.com/
Moroccan,Jaffa Middle Eastern Kitchen,"400 E Valley Rd, Carbondale, CO 81623, USA",http://www.jaffakitchen.com/
Lebanese,Pita Place,"Grand Junction, CO 81505, USA",
Lebanese,"The Great Greek Mediterranean Grill - Grand Junction, CO","2566 Patterson Rd suite 110, Grand Junction, CO 81505, USA",https://www.thegreatgreekgrill.com/grand-junction-co
Lebanese,Grand Mesa Grill,"Walker Field Dr, Grand Junction, CO 81506, USA",
Lebanese,Olive Garden Italian Restaurant,"2416 Highway 6 And 50, Grand Junction, CO 81505, USA",https://www.olivegarden.com/locations/co/grand-junction/grand-junction-mesa-mall/1580?cmpid=br:og_ag:ie_ch:loc_ca:OGGMB_sn:gmb_gt:grand-junction-co-1580_pl:locurl_rd:1446
Lebanese,Ekahi Grill To Go,"1230 N 12th St # 300, Grand Junction, CO 81501, USA",https://www.ekahigrill.com/
Lebanese,Namaste Nepal Restaurant,"2692 US-50, Grand Junction, CO 81503, USA",http://beyondmenu.com/
Lebanese,Wagon Wheel Restaurant,"10900 CO-65, Mesa, CO 81643, USA",http://www.wagonwheelrbm.com/
Lebanese,PizzAmoré (PizzAmore),"683 Horizon Dr #104, Grand Junction, CO 81506, USA",https://www.pizzamoregj.com/
Lebanese,GURU'S KITCHEN,"356 Main St, Grand Junction, CO 81501, USA",https://guruskitchentogo.com/
Lebanese,Jaffa Middle Eastern Kitchen,"400 E Valley Rd, Carbondale, CO 81623, USA",http://www.jaffakitchen.com/
Lebanese,Blue Moon Bar & Grille,"120 N 7th St, Grand Junction, CO 81501, USA",http://www.bluemoongj.com/
Lebanese,Citrola's Italian Restaurant,"759 Horizon Dr, Grand Junction, CO 81506, USA",https://www.citrolasgj.com/
Lebanese,Chick-fil-A,"522 Bogart Ln, Grand Junction, CO 81505, USA",https://www.chick-fil-a.com/locations/co/grand-junction?utm_source=yext&utm_medium=link
Lebanese,Smokin' Oak Wood-Fired Pizza,"2478 Highway 6 & 50, Unit B, Grand Junction, CO 81505, USA",https://smokinoakpizza.com/
Lebanese,Munchies Pizza & Deli,"550 Kokopelli Dr, Fruita, CO 81521, USA",http://munchiesfruita.com/?utm_source=google-gmb-maps&utm_medium=gmb-website-button&utm_campaign=locl.io&utm_content=9435473d-701e-4675-a8a5-5492774ae9c0
Lebanese,Zoup!,"644 North Ave, Grand Junction, CO 81501, USA",https://restaurants.zoup.com/co/grand-junction/644-north-ave/
Lebanese,The Rockslide Brew Pub,"401 Main St, Grand Junction, CO 81501, USA",https://www.rockslidebrewpub.com/
Lebanese,Arby's,"& 50, 2468 US-6, Grand Junction, CO 81505, USA",https://locations.arbys.com/co/grandjunction/2468-us-hwy-6-50.html?utm_source=google%20my%20business&utm_medium=organic&utm_campaign=website%20link
Lebanese,Noodles and Company,"2474 US-6 & 50, Grand Junction, CO 81505, USA",https://locations.noodles.com/co/grand-junction/2474-highway-6---50.html?utm_campaign=yext&utm_medium=organic&utm_source=google
Lebanese,Bistro 317,"317 Main St, Grand Junction, CO 81501, USA",https://bistro317.com/
Vietnamese,Phở 88,"2463 Patterson Rd, Grand Junction, CO 81505, USA",http://pho88grandjunction.com/
Vietnamese,Thai Chili & Pho Restaurant,"2536 Rimrock Ave, Grand Junction, CO 81505, USA",https://thaichili100.wixsite.com/thaichili
Vietnamese,Smile Hot Pot,"550 South Ave, Grand Junction, CO 81501, USA",https://www.smilehotpotgrandjunction.com/
Vietnamese,Sang Garden Chinese Restaurant,"687 Horizon Dr, Grand Junction, CO 81506, USA",http://www.sanggardengj.com/
Vietnamese,Thai Smile restaurant,"2692 US-50 E, Grand Junction, CO 81503, USA",http://www.thaismilegrandjunction.com/
Vietnamese,Ginger Oriental Restaurant,"2381 Patterson Rd, Grand Junction, CO 81505, USA",
Vietnamese,Chinese Restaurant,"576 Kokopelli Dr unit a, Fruita, CO 81521, USA",
Vietnamese,Cafe 168 Pho and Ramen,"309 Railroad Ave, Rifle, CO 81650, USA",https://qmenu.us/#/cafe-168-pho-and-ramen-rifle
Hungarian,Wagon Wheel Restaurant,"10900 CO-65, Mesa, CO 81643, USA",http://www.wagonwheelrbm.com/
Mediterranean,Pita Place,"Grand Junction, CO 81505, USA",
Mediterranean,"The Great Greek Mediterranean Grill - Grand Junction, CO","2566 Patterson Rd suite 110, Grand Junction, CO 81505, USA",https://www.thegreatgreekgrill.com/grand-junction-co
Mediterranean,Grand Mesa Grill,"Walker Field Dr, Grand Junction, CO 81506, USA",
Mediterranean,Olive Garden Italian Restaurant,"2416 Highway 6 And 50, Grand Junction, CO 81505, USA",https://www.olivegarden.com/locations/co/grand-junction/grand-junction-mesa-mall/1580?cmpid=br:og_ag:ie_ch:loc_ca:OGGMB_sn:gmb_gt:grand-junction-co-1580_pl:locurl_rd:1446
Mediterranean,Blue Moon Bar & Grille,"120 N 7th St, Grand Junction, CO 81501, USA",http://www.bluemoongj.com/
Mediterranean,PizzAmoré (PizzAmore),"683 Horizon Dr #104, Grand Junction, CO 81506, USA",https://www.pizzamoregj.com/
Mediterranean,Namaste Nepal Restaurant,"2692 US-50, Grand Junction, CO 81503, USA",http://beyondmenu.com/
Mediterranean,Citrola's Italian Restaurant,"759 Horizon Dr, Grand Junction, CO 81506, USA",https://www.citrolasgj.com/
Mediterranean,GURU'S KITCHEN,"356 Main St, Grand Junction, CO 81501, USA",https://guruskitchentogo.com/
Mediterranean,Ekahi Grill To Go,"1230 N 12th St # 300, Grand Junction, CO 81501, USA",https://www.ekahigrill.com/
Mediterranean,Devil's Kitchen,"840 Kennedy Ave, Grand Junction, CO 81501, USA",https://www.devilskitchenrestaurant.com/?utm_source=google&utm_medium=organic&utm_campaign=business_listing
Mediterranean,Munchies Pizza & Deli,"550 Kokopelli Dr, Fruita, CO 81521, USA",http://munchiesfruita.com/?utm_source=google-gmb-maps&utm_medium=gmb-website-button&utm_campaign=locl.io&utm_content=9435473d-701e-4675-a8a5-5492774ae9c0
Mediterranean,McAlister's Deli,"480 W Park Dr Suite 106, Grand Junction, CO 81505, USA",https://locations.mcalistersdeli.com/co/grand-junction/480-west-park-drive?utm_source=google&utm_medium=organic&utm_campaign=locations_partner
Mediterranean,Bistro 317,"317 Main St, Grand Junction, CO 81501, USA",https://bistro317.com/
Mediterranean,Jaffa Middle Eastern Kitchen,"400 E Valley Rd, Carbondale, CO 81623, USA",http://www.jaffakitchen.com/
Mediterranean,The Rockslide Brew Pub,"401 Main St, Grand Junction, CO 81501, USA",https://www.rockslidebrewpub.com/
Mediterranean,Chick-fil-A,"522 Bogart Ln, Grand Junction, CO 81505, USA",https://www.chick-fil-a.com/locations/co/grand-junction?utm_source=yext&utm_medium=link
Mediterranean,Smokin' Oak Wood-Fired Pizza,"2478 Highway 6 & 50, Unit B, Grand Junction, CO 81505, USA",https://smokinoakpizza.com/
Mediterranean,Zoup!,"644 North Ave, Grand Junction, CO 81501, USA",https://restaurants.zoup.com/co/grand-junction/644-north-ave/
Mediterranean,Enzo's Ristorante Italiano,"707 Horizon Dr, Grand Junction, CO 81506, USA",http://www.myenzos.com/
Ethiopian,Ras Kassa's Ethiopian Restaurant,"802 S Public Rd, Lafayette, CO 80026, USA",http://www.raskassas.com/
Ethiopian,Addis Ababa Ethiopian Restaurant,"2222 S Havana St unit B, Aurora, CO 80014, USA",
Ethiopian,Nile Ethiopian Restaurant,"1951 S Havana St, Aurora, CO 80014, USA",
Ethiopian,Megenagna,"306 S Ironton St Unit C, Aurora, CO 80012, USA",https://megenagnaethiopianrestaurant.com/
Ethiopian,Abyssinia Ethiopian Restaurant and Bar,"5707 E Colfax Ave, Denver, CO 80220, USA",
Ethiopian,Mesob Ethiopian Restaurant,"1422 Poplar St, Denver, CO 80220, USA",https://www.mesobethiopianrestaurant.com/
Ethiopian,Geez Habesha Bar & Restaurant,"262 Havana St, Aurora, CO 80010, USA",
Ethiopian,Mama Africa Cafe Restaurant and Bar,"6603 Leetsdale Dr F, Denver, CO 80224, USA",https://www.mamaafricacafe.com/
Ethiopian,Uchenna Ethiopian Restaurant,"2501 W Colorado Ave # 105, Colorado Springs, CO 80904, USA",https://uchennaalive.com/
Ethiopian,Eatopia: Eat Ethiopian,"1030 Havana St B, Aurora, CO 80010, USA",
Ethiopian,Taste of Ethiopia Restaurant & Coffee Shop,"3680 Citadel Dr N, Colorado Springs, CO 80909, USA",https://www.tasteofethiopiacolorado.com/
Ethiopian,Queen of Sheba Ethiopian Restaurant,"7225 E Colfax Ave, Denver, CO 80220, USA",
Ethiopian,The Ethiopian Restaurant,"2816 E Colfax Ave, Denver, CO 80206, USA",https://m.facebook.com/The-Ethiopian-Restaurant-105937256138469/
Ethiopian,Langano Ethiopian Restaurant,"10180 E Colfax Ave Ste 116, Aurora, CO 80010, USA",https://langano-restaurant.com/
Ethiopian,Lucy Ethiopian Restaurant,"7401 E Colfax Ave, Denver, CO 80220, USA",https://lucyrestaurant.net/
Ethiopian,Cafe Lalibela Ethiopian Cuisine,"849 W University Dr, Tempe, AZ 85281, USA",http://www.cafelalibela.com/
Ethiopian,Mahider Ethiopian Restaurant & Market,"1465 State St #7, Salt Lake City, UT 84115, USA",https://mahiderethiopian.com/
Ethiopian,Authentic Ethio African Spices,"1740 E McDowell Rd, Phoenix, AZ 85006, USA",http://authenticethioafrican.com/
Ethiopian,Octopus Coffee,"759 Horizon Dr, Grand Junction, CO 81506, USA",https://www.octopuscoffeegj.com/
Ethiopian,Abyssinia Restaurant and Cafe Ethiopian Cuisine,"842 E Indian School Rd, Phoenix, AZ 85014, USA",http://abyssiniarestaurant.mobile-webview3.com/index.php
Caribbean,Wagon Wheel Restaurant,"10900 CO-65, Mesa, CO 81643, USA",http://www.wagonwheelrbm.com/
Caribbean,Devil's Kitchen,"840 Kennedy Ave, Grand Junction, CO 81501, USA",https://www.devilskitchenrestaurant.com/?utm_source=google&utm_medium=organic&utm_campaign=business_listing
Caribbean,Chili's Grill & Bar,"584 24 1/2 Rd, Grand Junction, CO 81505, USA",https://www.chilis.com/locations/us/colorado/grand-junction/grand-junction?utm_source=google&utm_medium=local&utm_campaign=Chilis
Caribbean,The Hungry Moose,"25861 CO-65, Cedaredge, CO 81413, USA",https://www.grandmesalodge.com/restaurant
Caribbean,Red Lobster,"575 24 1/2 Rd, Grand Junction, CO 81505, USA",https://www.redlobster.com/seafood-restaurants/locations/co/grand-junction/575-24-12-road
Caribbean,Mary's Restaurant,"230 E Lynwood St G & H, Grand Junction, CO 81503, USA",https://bit.ly/2Ygs8UV
Caribbean,Pablo's Pizza,"319 Main St, Grand Junction, CO 81501, USA",http://www.pablospizza.com/
Caribbean,Bravo Pizza,"936 North Ave, Grand Junction, CO 81501, USA",http://bravopizza970.zenfoody.com/#/single
Caribbean,Cafe Sol,"420 Main St, Grand Junction, CO 81501, USA",http://www.cafesolgj.com/
Caribbean,Zoup!,"644 North Ave, Grand Junction, CO 81501, USA",https://restaurants.zoup.com/co/grand-junction/644-north-ave/
Caribbean,Buffalo Wild Wings,"2412 US-50, Grand Junction, CO 81505, USA",https://www.buffalowildwings.com/locations/us/co/grand-junction/2412-hwy--6-&-50/sports-bar-847?utm_source=google%20my%20business&utm_medium=organic&utm_campaign=website%20link
Caribbean,Tapestry Lounge At The Wine Country Inn,"777 Grande River Drive, Palisade, CO 81526, USA",https://coloradowinecountryinn.com/culinary/
Caribbean,Fidel's Cocina & Bar,"113 W 3rd St, Palisade, CO 81526, USA",https://fidelspalisade.com/
Caribbean,KFC,"1111 North Ave, Grand Junction, CO 81501, USA",https://locations.kfc.com/co/grand-junction/1111-north-avenue
Caribbean,Cruise Control Kitchen and Cellar,"555 Colorado Ave, Grand Junction, CO 81501, USA",https://cruisecontrolgj.com/
Caribbean,Pêche. Restaurant,"336 Main St, Palisade, CO 81526, USA",http://pecherestaurantcolorado.com/
Caribbean,Caroline’s,"777 Grande River Drive, Palisade, CO 81526, USA",https://coloradowinecountryinn.com/culinary/
Caribbean,J's Jamaican Flava,"3016 S Academy Blvd, Colorado Springs, CO 80916, USA",http://www.js-jamaican-flava.com/
Soul,Soulful Cajun Food Truck,"Grand Junction, CO 81505, USA",
Argentinian,The Whole Empanada,"31 Duroux Ln G, Basalt, CO 81621, USA",https://wholeempanada.com/
Argentinian,Bodegón by Domingo Sausage Co.,"46 N 4th St, Carbondale, CO 81623, USA",https://www.domingosausageco.com/
Argentinian,Rincon Argentino,"2525 Arapahoe Ave, Boulder, CO 80302, USA",http://www.rinconargentinoboulder.com/
Argentinian,Gaucho Parrilla,"15177 Candelas Pkwy, Arvada, CO 80007, USA",https://freedomstreetsocial.com/vendors/gaucho-parrilla/
Argentinian,Mary's Restaurant,"230 E Lynwood St G & H, Grand Junction, CO 81503, USA",https://bit.ly/2Ygs8UV
Chilean,Thai Chili & Pho Restaurant,"2536 Rimrock Ave, Grand Junction, CO 81505, USA",https://thaichili100.wixsite.com/thaichili
Chilean,Chili's Grill & Bar,"584 24 1/2 Rd, Grand Junction, CO 81505, USA",https://www.chilis.com/locations/us/colorado/grand-junction/grand-junction?utm_source=google&utm_medium=local&utm_campaign=Chilis
Chilean,El Mescal Family Mexican Restaurant & Bar,"2210 Hwy 6 And 50, Grand Junction, CO 81505, USA",
Chilean,EL Mescal family Mexican restaurant and bar,"439 US-6, Fruita, CO 81521, USA",
Chilean,Dos Hombres Restaurant,"3245 I-70BL, Clifton, CO 81520, USA",https://doshombresrestaurant.com/
Chilean,Strayhorn Grill,"456 Kokopelli Dr, Fruita, CO 81521, USA",http://www.strayhorngrill.com/
Chilean,El Charro Loco,"2886 North Ave, Grand Junction, CO 81501, USA",
Chilean,Loncheria Rubi,"2515 US-50 & U.S. 6, Grand Junction, CO 81505, USA",
Chilean,Lonchera La Casita,"1801 Main St, Grand Junction, CO 81501, USA",
Chilean,Cafe Rio Fresh Modern Mexican,"2412 Patterson Rd, Grand Junction, CO 81505, USA",https://www.caferio.com/locations/grand-junction
Chilean,Agavero's Mexican Experience,"569 32 Rd, Grand Junction, CO 81504, USA",
Chilean,Tequila's Mexican Restaurant,"2452 US-6, Grand Junction, CO 81505, USA",http://www.tequilasgrandjunction.net/
Chilean,The Hog And The Hen,"510 Main St, Grand Junction, CO 81501, USA",https://thehogandthehen.com/
Chilean,Munchies Pizza & Deli,"550 Kokopelli Dr, Fruita, CO 81521, USA",http://munchiesfruita.com/?utm_source=google-gmb-maps&utm_medium=gmb-website-button&utm_campaign=locl.io&utm_content=9435473d-701e-4675-a8a5-5492774ae9c0
Chilean,Mi Mexico,"624 Rae Lynn St, Grand Junction, CO 81505, USA",https://www.mimexicofamily.com/
Chilean,Aztecas Family Mexican Restaurant,"603 US-50, Grand Junction, CO 81503, USA",
Chilean,Taqueria Guadalajara,"719 Pitkin Ave # 0, Grand Junction, CO 81501, USA",
Chilean,Tequila's Mexican Restaurant,"2560 North Ave, Grand Junction, CO 81501, USA",http://www.tequilasgrandjunction.net/
Chilean,Pollo Asado,"304 North Ave, Grand Junction, CO 81501, USA",
Chilean,El M7 Mariscos y Mas,"2956 North Ave, Grand Junction, CO 81504, USA",https://www.facebook.com/elm7mariscosymas/?ref=page_internal
Colombian,Wagon Wheel Restaurant,"10900 CO-65, Mesa, CO 81643, USA",http://www.wagonwheelrbm.com/
Colombian,Los Parceros Colombian Restaurant,"15473 E Hampden Ave A, Aurora, CO 80013, USA",
Colombian,La Chiva Colombian Cuisine,"1446 S Broadway, Denver, CO 80210, USA",https://www.lachivacolombian.com/
Colombian,La Tiendita Colombian Restaurant,"456 W Main St, Mesa, AZ 85201, USA",http://latienditacolombianrestaurant.com/
Colombian,Mary's Restaurant,"230 E Lynwood St G & H, Grand Junction, CO 81503, USA",https://bit.ly/2Ygs8UV
Colombian,Tapestry Lounge At The Wine Country Inn,"777 Grande River Drive, Palisade, CO 81526, USA",https://coloradowinecountryinn.com/culinary/
Colombian,MOUNTAIN HIGH PIE,"202 Main St, Collbran, CO 81624, USA",http://www.mountainhighpie.com/
Colombian,La Familia Mexican Restaurant,"365 N Grand Mesa Dr, Cedaredge, CO 81413, USA",http://lafamiliamexican.restaurant/
Colombian,Fidel's Cocina & Bar,"113 W 3rd St, Palisade, CO 81526, USA",https://fidelspalisade.com/
Colombian,Caroline’s,"777 Grande River Drive, Palisade, CO 81526, USA",https://coloradowinecountryinn.com/culinary/
Colombian,El Sazon De Mi Tierra,"1605 Grand Ave STE H, Glenwood Springs, CO 81601, USA",http://elsazondemitierra.online/
Colombian,Mountain Air Roasters Coffee!,"126 N 7th St, Grand Junction, CO 81501, USA",http://www.mountainairroasters.com/
Colombian,Connie's | Family Restaurant,"415 S Grand Mesa Dr, Cedaredge, CO 81413, USA",
Colombian,Lost Mesa Grill,"130 W Main St, Cedaredge, CO 81413, USA",http://www.lostmesagrill.com/
Colombian,Sabor Latino,"2080 W North Temple St, Salt Lake City, UT 84116, USA",https://saborlatinoutah.com/
Colombian,El Rincon Restaurant,"1530 Railroad Ave UNIT C, Rifle, CO 81650, USA",
Colombian,13 °Brix Cider Bistro,"130 W 3rd St, Palisade, CO 81526, USA",https://www.13brixciderbistro.com/
Colombian,Ajiaco Colombian Bistro,"3216 Silver Ave SE, Albuquerque, NM 87108, USA",http://www.ajiacobistro.com/
Colombian,Sabores Colombianos,"3695 University Ave, San Diego, CA 92104, USA",http://saborescolombianossd.com/
Colombian,Peppe's Pollo,"1209 S Glendora Ave, West Covina, CA 91790, USA",http://peppes-pollo.edan.io/
Costa Rican,Wagon Wheel Restaurant,"10900 CO-65, Mesa, CO 81643, USA",http://www.wagonwheelrbm.com/
Czech,Devil's Kitchen,"840 Kennedy Ave, Grand Junction, CO 81501, USA",https://www.devilskitchenrestaurant.com/?utm_source=google&utm_medium=organic&utm_campaign=business_listing
Danish,Ocotillo Restaurant And Bar At Redlands Mesa,"2325 W Ridges Blvd, Grand Junction, CO 81507, USA",https://www.ocotillogj.com/
Danish,Wagon Wheel Restaurant,"10900 CO-65, Mesa, CO 81643, USA",http://www.wagonwheelrbm.com/
Danish,Kannah Creek Brewing Company,"1960 N 12th St, Grand Junction, CO 81501, USA",http://www.kannahcreekbrewingco.com/
Danish,Mary's Restaurant,"230 E Lynwood St G & H, Grand Junction, CO 81503, USA",https://bit.ly/2Ygs8UV
Danish,Main Street Bagels,"559 Main St, Grand Junction, CO 81501, USA",http://gjmainstreetbagels.com
Danish,Caroline’s,"777 Grande River Drive, Palisade, CO 81526, USA",https://coloradowinecountryinn.com/culinary/
Danish,13 °Brix Cider Bistro,"130 W 3rd St, Palisade, CO 81526, USA",https://www.13brixciderbistro.com/
Danish,Fidel's Cocina & Bar,"113 W 3rd St, Palisade, CO 81526, USA",https://fidelspalisade.com/
Danish,"The Great Greek Mediterranean Grill - Grand Junction, CO","2566 Patterson Rd suite 110, Grand Junction, CO 81505, USA",https://www.thegreatgreekgrill.com/grand-junction-co
Danish,Rosi's Little Bavarian Restaurant,"141 W 6th St, Glenwood Springs, CO 81601, USA",
Danish,Georgia Sweets,"330 Glenwood Ave, Grand Junction, CO 81501, USA",
Danish,MOUNTAIN HIGH PIE,"202 Main St, Collbran, CO 81624, USA",http://www.mountainhighpie.com/
Danish,Alexander Lake Lodge Alexander Hotel,"21221 Baron Lake Dr, Cedaredge, CO 81413, USA",http://www.alexanderlodge.co/
Danish,Taste of Denmark,"1901 S Kipling St, Lakewood, CO 80227, USA",https://www.tasteofdenmarkco.com/
Danish,Tapestry Lounge At The Wine Country Inn,"777 Grande River Drive, Palisade, CO 81526, USA",https://coloradowinecountryinn.com/culinary/
Danish,Starbucks,"Mesa Mall, 624 Rae Lynn St, Grand Junction, CO 81505, USA",https://www.starbucks.com/store-locator/store/7092/
Danish,Far View Terrace Café / Gift Shop / Mesa Mocha,"Mile Marker 15, Mesa Verde National Park, CO 81330, USA",https://www.visitmesaverde.com/lodging-camping/dining/far-view-terrace-cafe/?utm_source=google&utm_medium=places&utm_campaign=google_places
Dutch,Ocotillo Restaurant And Bar At Redlands Mesa,"2325 W Ridges Blvd, Grand Junction, CO 81507, USA",https://www.ocotillogj.com/
Dutch,Mary's Restaurant,"230 E Lynwood St G & H, Grand Junction, CO 81503, USA",https://bit.ly/2Ygs8UV
Dutch,Spoons bistro & bakery,"3090 N 12th St, Grand Junction, CO 81506, USA",https://spoonsbistroandbakery.com/
Dutch,Cafe Sol,"420 Main St, Grand Junction, CO 81501, USA",http://www.cafesolgj.com/
Dutch,Texas Roadhouse,"2870 North Ave, Grand Junction, CO 81501, USA",https://www.texasroadhouse.com/locations/colorado/grand-junction?utm_source=listing&utm_medium=search
Dutch,Dutch Mill Cafe,"401 Main St, Antonito, CO 81120, USA",https://m.facebook.com/pages/Dutch-Mill-Restaurant/108079019233283
Dutch,Ristorante Pantuso,"421 Brach Dr, Grand Junction, CO 81507, USA",https://mypantusos.com/
Dutch,Fiesta Guadalajara,"710 North Ave, Grand Junction, CO 81501, USA",http://www.fiestaguadalajaraco.com/
Dutch,Dutch Bros Coffee,"1136 S Greenfield Rd, Mesa, AZ 85206, USA",https://locations.dutchbros.com/dutch-bros-coffee-15582c2c2a89?y_source=1_MTUyMjgyNjQtNzE1LWxvY2F0aW9uLndlYnNpdGU%3D
Dutch,Dutch Bros Coffee,"1326 S Alma School Rd, Mesa, AZ 85210, USA",https://locations.dutchbros.com/dutch-bros-coffee-dce276232be3?y_source=1_MTUyMjgyNTEtNzE1LWxvY2F0aW9uLndlYnNpdGU%3D
Dutch,Burger King,"289 W Aspen Ave, Fruita, CO 81521, USA",https://burgerking.com/store-locator/store/restaurant_8394
Ecuadorian,Como en Ecuador,"1409 S State St, Provo, UT 84606, USA",https://www.comoenecuador.com/?utm_source=gmb&utm_medium=website
Finnish,Devil's Kitchen,"840 Kennedy Ave, Grand Junction, CO 81501, USA",https://www.devilskitchenrestaurant.com/?utm_source=google&utm_medium=organic&utm_campaign=business_listing
Finnish,Wagon Wheel Restaurant,"10900 CO-65, Mesa, CO 81643, USA",http://www.wagonwheelrbm.com/
Guatemalan,Wagon Wheel Restaurant,"10900 CO-65, Mesa, CO 81643, USA",http://www.wagonwheelrbm.com/
Honduran,Honduras Breeze Restaurant,"1443 Chester St, Aurora, CO 80010, USA",https://m.facebook.com/profile.php?id=1273000329458997&tsid=0.4500492871865647&source=typeahead
Honduran,El Rinconcito Hondureño,"106 E Del Mar Cir, Aurora, CO 80011, USA",
Honduran,Restaurante Antojitos Hondureños,"11703 E Colfax Ave, Aurora, CO 80010, USA",
Honduran,LEMPIRA RESTAURANT,"1452 Uinta St, Denver, CO 80220, USA",https://www.lempirarestaurantdenver.com/
Icelandic,Devil's Kitchen,"840 Kennedy Ave, Grand Junction, CO 81501, USA",https://www.devilskitchenrestaurant.com/?utm_source=google&utm_medium=organic&utm_campaign=business_listing
Icelandic,Wagon Wheel Restaurant,"10900 CO-65, Mesa, CO 81643, USA",http://www.wagonwheelrbm.com/
Icelandic,Bin 707 Foodbar,"225 N 5th St # 105, Grand Junction, CO 81501, USA",http://www.bin707.com/
Icelandic,The Hungry Moose,"25861 CO-65, Cedaredge, CO 81413, USA",https://www.grandmesalodge.com/restaurant
Icelandic,Caroline’s,"777 Grande River Drive, Palisade, CO 81526, USA",https://coloradowinecountryinn.com/culinary/
Icelandic,Mary's Restaurant,"230 E Lynwood St G & H, Grand Junction, CO 81503, USA",https://bit.ly/2Ygs8UV
Icelandic,13 °Brix Cider Bistro,"130 W 3rd St, Palisade, CO 81526, USA",https://www.13brixciderbistro.com/
Indonesian,Bumbu Asian Food Truck,"210 8th St, Glenwood Springs, CO 81601, USA",http://www.bumbufoodtruck.com/
Iranian,"The Great Greek Mediterranean Grill - Grand Junction, CO","2566 Patterson Rd suite 110, Grand Junction, CO 81505, USA",https://www.thegreatgreekgrill.com/grand-junction-co
Iraqi,Pita Place,"Grand Junction, CO 81505, USA",
Israeli,"The Great Greek Mediterranean Grill - Grand Junction, CO","2566 Patterson Rd suite 110, Grand Junction, CO 81505, USA",https://www.thegreatgreekgrill.com/grand-junction-co
Israeli,Jaffa Middle Eastern Kitchen,"400 E Valley Rd, Carbondale, CO 81623, USA",http://www.jaffakitchen.com/
Israeli,Cafe Sol,"420 Main St, Grand Junction, CO 81501, USA",http://www.cafesolgj.com/
Israeli,Devil's Kitchen,"840 Kennedy Ave, Grand Junction, CO 81501, USA",https://www.devilskitchenrestaurant.com/?utm_source=google&utm_medium=organic&utm_campaign=business_listing
Israeli,Pablo's Pizza,"319 Main St, Grand Junction, CO 81501, USA",http://www.pablospizza.com/
Israeli,Ale House,"2531 N 12th St, Grand Junction, CO 81501, USA",https://alehousegj.com/
Israeli,Sultan Mediterranean Grill,"574 N Main St, Moab, UT 84532, USA",http://www.sultanmoab.com/
Israeli,Bravo Pizza,"936 North Ave, Grand Junction, CO 81501, USA",http://bravopizza970.zenfoody.com/#/single
Israeli,KFC,"1111 North Ave, Grand Junction, CO 81501, USA",https://locations.kfc.com/co/grand-junction/1111-north-avenue
Israeli,Taco John's,"1430 North Ave, Grand Junction, CO 81501, USA",https://locations.tacojohns.com/co/grand-junction/1430-north-ave.html
Israeli,Caravan Middle Eastern Food,"123 E Colorado Ave, Telluride, CO 81435, USA",https://caravantelluride.com/
Israeli,"Boychik - Avanti F&B, Boulder","1401 Pearl St, Boulder, CO 80302, USA",http://boychikkitchen.com/
Israeli,Pitas in Paradise,"302 Elk Ave, Crested Butte, CO 81224, USA",https://www.pitasinparadise.com/
Israeli,Ali Baba Grill,"3054 28th St, Boulder, CO 80304, USA",http://www.alibabagrill.com/
Israeli,Tempranillo Restaurant,"165 Midland Ave, Basalt, CO 81621, USA",http://www.tempranillorestaurant.com/
Israeli,Kalita Grill Greek Cafe,"2426 Arapahoe Ave, Boulder, CO 80302, USA",https://kalitagrill.com/
Israeli,Byblos Express Greek and Lebanese,"400 N Corona St, Denver, CO 80218, USA",https://www.byblos-cafe.com/
Israeli,Alexander Lake Lodge Alexander Hotel,"21221 Baron Lake Dr, Cedaredge, CO 81413, USA",http://www.alexanderlodge.co/
Jamaican,The Hungry Moose,"25861 CO-65, Cedaredge, CO 81413, USA",https://www.grandmesalodge.com/restaurant
Jamaican,Taqueria Guadalajara #2,"683 Horizon Dr #112, Grand Junction, CO 81506, USA",http://www.taqueriaguadalajara2.com/
Jamaican,Reggae Pot Jamaican Grill (Denver,"7562 S University Blvd C, Centennial, CO 80122, USA",http://reggaepotjamaicangrill.com/
Jamaican,J's Jamaican Flava,"3016 S Academy Blvd, Colorado Springs, CO 80916, USA",http://www.js-jamaican-flava.com/
Jamaican,Zoup!,"644 North Ave, Grand Junction, CO 81501, USA",https://restaurants.zoup.com/co/grand-junction/644-north-ave/
Jamaican,KC'S Wing House & Sports Bar,"312 7th St, Glenwood Springs, CO 81601, USA",
Jamaican,Buffalo Wild Wings,"2412 US-50, Grand Junction, CO 81505, USA",https://www.buffalowildwings.com/locations/us/co/grand-junction/2412-hwy--6-&-50/sports-bar-847?utm_source=google%20my%20business&utm_medium=organic&utm_campaign=website%20link
Jamaican,Pêche. Restaurant,"336 Main St, Palisade, CO 81526, USA",http://pecherestaurantcolorado.com/
Jamaican,Just Kool,"E. Ohio Drive and, E Alameda Pkwy, Aurora, CO 80017, USA",http://www.justkooljerk.com/
Jamaican,La Familia Mexican Restaurant,"365 N Grand Mesa Dr, Cedaredge, CO 81413, USA",http://lafamiliamexican.restaurant/
Jamaican,Cruise Control Kitchen and Cellar,"555 Colorado Ave, Grand Junction, CO 81501, USA",https://cruisecontrolgj.com/
Jamaican,Lost Mesa Grill,"130 W Main St, Cedaredge, CO 81413, USA",http://www.lostmesagrill.com/
Jamaican,Ale House,"2531 N 12th St, Grand Junction, CO 81501, USA",https://alehousegj.com/
Jamaican,Tu Casa Mexican Restaurant,"106 Oak Ridge Dr, Gypsum, CO 81637, USA",http://tucasamexicanrestaurant.com/
Jamaican,Dainty's Kitchen,"302 E Platte Ave, Colorado Springs, CO 80903, USA",https://daintyjamaicankitchen.blizzfull.com/
Jamaican,Connie's | Family Restaurant,"415 S Grand Mesa Dr, Cedaredge, CO 81413, USA",
Jamaican,Alexander Lake Lodge Alexander Hotel,"21221 Baron Lake Dr, Cedaredge, CO 81413, USA",http://www.alexanderlodge.co/
Jamaican,Hot Pot Caribbean Cuisine,"2081 N Arizona Ave # 132, Chandler, AZ 85225, USA",http://www.hotpotcuisine.com/
Jamaican,Mountain Air Roasters Coffee!,"126 N 7th St, Grand Junction, CO 81501, USA",http://www.mountainairroasters.com/
Jamaican,Caribbean Palm Scottsdale,"2515 N Scottsdale Rd, Scottsdale, AZ 85257, USA",http://caribbeanpalmscottsdale.com/
Kuwaiti,Wagon Wheel Restaurant,"10900 CO-65, Mesa, CO 81643, USA",http://www.wagonwheelrbm.com/
Laotian,Thai Smile restaurant,"2692 US-50 E, Grand Junction, CO 81503, USA",http://www.thaismilegrandjunction.com/
Laotian,Sang Garden Chinese Restaurant,"687 Horizon Dr, Grand Junction, CO 81506, USA",http://www.sanggardengj.com/
Laotian,Wagon Wheel Restaurant,"10900 CO-65, Mesa, CO 81643, USA",http://www.wagonwheelrbm.com/
Laotian,Kuniko's Teriyaki Grill,"2695 Patterson Rd #11, Grand Junction, CO 81506, USA",
Lithuanian,Ocotillo Restaurant And Bar At Redlands Mesa,"2325 W Ridges Blvd, Grand Junction, CO 81507, USA",https://www.ocotillogj.com/
Malaysian,Thai Smile restaurant,"2692 US-50 E, Grand Junction, CO 81503, USA",http://www.thaismilegrandjunction.com/
Mongolian,Genghis Grill,"2474 US-6, Grand Junction, CO 81505, USA",https://locations.genghisgrill.com/co/grandjunction/genghis-grill-1403.html
Nepalese,Namaste Nepal Restaurant,"2692 US-50, Grand Junction, CO 81503, USA",http://beyondmenu.com/
Nicaraguan,Wagon Wheel Restaurant,"10900 CO-65, Mesa, CO 81643, USA",http://www.wagonwheelrbm.com/
Norwegian,Wagon Wheel Restaurant,"10900 CO-65, Mesa, CO 81643, USA",http://www.wagonwheelrbm.com/
Pakistani,GURU'S KITCHEN,"356 Main St, Grand Junction, CO 81501, USA",https://guruskitchentogo.com/
Pakistani,Karma Kitchen,"229 E Aspen Ave, Fruita, CO 81521, USA",https://qmenu.us/#/karma-kitchen-fruita
Pakistani,Namaste Nepal Restaurant,"2692 US-50, Grand Junction, CO 81503, USA",http://beyondmenu.com/
Pakistani,Saima’s Grill,"2043 S Alma School Rd, Mesa, AZ 85210, USA",https://order.online/business/saimas-grill-11349122
Pakistani,Casa Lahori,"11975 Bernardo Plaza Dr, San Diego, CA 92128, USA",https://casalahori.com/
Pakistani,Smoky Hill Indian Cuisine,"22942 E Smoky Hill Rd Unit A, Aurora, CO 80016, USA",http://www.smokyhillindian.com/
Pakistani,Hilal Grill,"1638 N 40th St, Phoenix, AZ 85008, USA",http://www.hilalgrill.com/
Pakistani,Alexander Lake Lodge Alexander Hotel,"21221 Baron Lake Dr, Cedaredge, CO 81413, USA",http://www.alexanderlodge.co/
Pakistani,Nepal Restaurant,"6824 CO-82, Glenwood Springs, CO 81601, USA",https://nepalrestaurant1999.com/
Pakistani,The Hungry Moose,"25861 CO-65, Cedaredge, CO 81413, USA",https://www.grandmesalodge.com/restaurant
Pakistani,Masala & Curry,"730 Cooper Ave, Glenwood Springs, CO 81601, USA",http://www.masalaandcurry.com/
Pakistani,Ali Grill,"1155 S Havana St unit 35, Aurora, CO 80012, USA",http://aligrillaurora.com/
Pakistani,Tandoori Grill,"619 S Broadway, Boulder, CO 80305, USA",https://tandooriorderonline.com/
Pakistani,Himalayan Pun Hill Kitchen,"710 N Townsend Ave, Montrose, CO 81401, USA",http://himalayanpunhill.com/
Pakistani,Devil's Kitchen,"840 Kennedy Ave, Grand Junction, CO 81501, USA",https://www.devilskitchenrestaurant.com/?utm_source=google&utm_medium=organic&utm_campaign=business_listing
Pakistani,Guru Palace,"2048 E Baseline Rd #1, Mesa, AZ 85204, USA",http://www.gurupalacearizona.com/?utm_source=google&utm_medium=wix_google_business_profile&utm_campaign=6808879092148925507
Pakistani,Lahori's Dhaba,"912 N Alma School Rd, Chandler, AZ 85224, USA",http://lahorisdhaba.com/
Pakistani,Pita Place,"Grand Junction, CO 81505, USA",
Pakistani,Bundoo Khan,"2736 Nutwood Ave Suite A, Fullerton, CA 92831, USA",https://bundookhanusa.com/
Pakistani,Guru's Restaurant,"448 E Main St, Montrose, CO 81401, USA",https://gurusmontrose.com/
Panamanian,Wagon Wheel Restaurant,"10900 CO-65, Mesa, CO 81643, USA",http://www.wagonwheelrbm.com/
Peruvian,Pollo Asado,"304 North Ave, Grand Junction, CO 81501, USA",
Peruvian,Rosario's Peruvian Restaurant,"625 Ken Pratt Blvd, Longmont, CO 80501, USA",http://www.rosariosperuvianrestaurant.com/
Peruvian,Rotisserie Chicken Taytacha Peruvian,"2385 N Academy Blvd, Colorado Springs, CO 80909, USA",https://taytacha.com/
Peruvian,Suds Brothers Brewery,"127 E Aspen Ave, Fruita, CO 81521, USA",http://www.sudsbrothers2fruita.com/
Peruvian,Tumi 2.0,"1245 W Guadalupe Rd, Mesa, AZ 85202, USA",https://www.tumi2az.com/
Peruvian,CHICA Aspen,"501 E Dean St, Aspen, CO 81611, USA",https://chicarestaurant.com/aspen
Peruvian,Culver's,"582 24 1/2 Rd, Grand Junction, CO 81505, USA",https://www.culvers.com/restaurants/grand-junction-co-24-12-road
Peruvian,Wienerschnitzel,"1650 Hwy 6 & #50, Fruita, CO 81521, USA",http://www.wienerschnitzel.com/location/823-highway-50-and-k-road-fruita-1650-highway-50-fruita-co-81521/?utm_source=google&utm_medium=profiles&utm_campaign=local_profiles
Philippine,QDOBA Mexican Eats,"401 Jurassic Ave, Fruita, CO 81521, USA",https://locations.qdoba.com/us/co/fruita/401-jurassic-ave.html
Polish,Cracovia Polish-American Restaurant & Bar,"8121 W 94th Ave, Westminster, CO 80021, USA",http://www.cracoviarestaurant.com/
Polish,Mama's Pierogi,"714 Grand Ave, Glenwood Springs, CO 81601, USA",https://www.facebook.com/profile.php?id=100047494788156
Polish,Pierogies Factory,"3795 Wadsworth Blvd, Wheat Ridge, CO 80033, USA",http://pierogiesfactory.com/
Polish,Dickey's Barbecue Pit,"569 32 Rd #11, Grand Junction, CO 81504, USA",https://www.dickeys.com/locations/colorado/grand-junction/grand-junction-1?utm_source=google&utm_campaign=gmb&utm_medium=organic&utm_content=button-website
Polish,Blue Moon Bar & Grille,"120 N 7th St, Grand Junction, CO 81501, USA",http://www.bluemoongj.com/
Polish,Munchies Pizza & Deli,"550 Kokopelli Dr, Fruita, CO 81521, USA",http://munchiesfruita.com/?utm_source=google-gmb-maps&utm_medium=gmb-website-button&utm_campaign=locl.io&utm_content=9435473d-701e-4675-a8a5-5492774ae9c0
Polish,Sunrise Restaurant,"811 S 7th St, Grand Junction, CO 81501, USA",
Polish,All Pierogi Kitchen / Restaurant & Euro Market,"1245 W Baseline Rd STE #101-103, Mesa, AZ 85202, USA",http://allpierogi.com/
Polish,Wienerschnitzel,"1650 Hwy 6 & #50, Fruita, CO 81521, USA",http://www.wienerschnitzel.com/location/823-highway-50-and-k-road-fruita-1650-highway-50-fruita-co-81521/?utm_source=google&utm_medium=profiles&utm_campaign=local_profiles
Polish,Wienerschnitzel,"2550 North Ave, Grand Junction, CO 81501, USA",http://www.wienerschnitzel.com/location/171-north-avenue-north-25th-grand-junction-2550-north-avenue-grand-junction-co-81501/?utm_source=google&utm_medium=profiles&utm_campaign=local_profiles
Polish,Rosi's Little Bavarian Restaurant,"141 W 6th St, Glenwood Springs, CO 81601, USA",
Polish,Alexander Lake Lodge Alexander Hotel,"21221 Baron Lake Dr, Cedaredge, CO 81413, USA",http://www.alexanderlodge.co/
Polish,Daily Bread,"729 Grand Ave, Glenwood Springs, CO 81601, USA",
Polish,R J's Steak House,"2323 S Grand Mesa Dr, Cedaredge, CO 81413, USA",
Puerto Rican,Raices Restaurant coffee Bar,"1916 W Baseline Rd, Mesa, AZ 85202, USA",https://raicesrestaurantecoffeebar.com/
Puerto Rican,Don Guillo Puerto Rican Native Cuisine,"2551 Delta Dr, Colorado Springs, CO 80910, USA",https://m.facebook.com/pages/category/Advertising-Marketing/Don-Guillo-878047759218636/
Puerto Rican,Bin 707 Foodbar,"225 N 5th St # 105, Grand Junction, CO 81501, USA",http://www.bin707.com/
Puerto Rican,Puerto Rico Latin Bar & Grill,"2714 W Thomas Rd, Phoenix, AZ 85017, USA",https://facebook.com/PuertoRicanLatinGrill.com
Puerto Rican,República Empanada Restaurant,"204 E 1st Ave, Mesa, AZ 85210, USA",http://www.republicaempanada.com/
Puerto Rican,Corrida,"1023 Walnut St STE 400, Boulder, CO 80302, USA",https://www.corridaboulder.com/
Puerto Rican,Casa de Mambo,"1130 W Grove Ave #110, Mesa, AZ 85210, USA",https://www.casademambo.com/
Puerto Rican,Rincon Argentino,"2525 Arapahoe Ave, Boulder, CO 80302, USA",http://www.rinconargentinoboulder.com/
Puerto Rican,Piglatin Cocina,"2825 Dublin Blvd, Colorado Springs, CO 80918, USA",http://piglatincocina.com/
Puerto Rican,Mesa Latina Food Truck Wesley Chapel,"29602 FL-54, Wesley Chapel, FL 33543, USA",https://mhme.nu/qr/9cc30946-143b-4d72-af82-6db5001e9caf
Puerto Rican,787 Restaurant & Bar,"6219 Airport Rd, El Paso, TX 79925, USA",https://www.787rest.com/
Puerto Rican,Ale House,"2531 N 12th St, Grand Junction, CO 81501, USA",https://alehousegj.com/
Romanian,Bin 707 Foodbar,"225 N 5th St # 105, Grand Junction, CO 81501, USA",http://www.bin707.com/
Saudi Arabian,"The Great Greek Mediterranean Grill - Grand Junction, CO","2566 Patterson Rd suite 110, Grand Junction, CO 81505, USA",https://www.thegreatgreekgrill.com/grand-junction-co
Singaporean,Sang Garden Chinese Restaurant,"687 Horizon Dr, Grand Junction, CO 81506, USA",http://www.sanggardengj.com/
Singaporean,E C'S Asian Station,"200 W Grand Ave #8, Grand Junction, CO 81501, USA",
Singaporean,Grand International Buffet,"2504 US-6 UNIT 500, Grand Junction, CO 81505, USA",
Singaporean,Ginger Oriental Restaurant,"2381 Patterson Rd, Grand Junction, CO 81505, USA",
Singaporean,China Jade,"569 32 Rd STE 7A, Grand Junction, CO 81504, USA",http://www.chinajade8888.net/
Singaporean,Wagon Wheel Restaurant,"10900 CO-65, Mesa, CO 81643, USA",http://www.wagonwheelrbm.com/
Singaporean,Sugar & Ice Co.,"2424 US-6 Suite 320, Grand Junction, CO 81505, USA",https://sugarandicegj.com/
Singaporean,Devil's Kitchen,"840 Kennedy Ave, Grand Junction, CO 81501, USA",https://www.devilskitchenrestaurant.com/?utm_source=google&utm_medium=organic&utm_campaign=business_listing
Singaporean,Mary's Restaurant,"230 E Lynwood St G & H, Grand Junction, CO 81503, USA",https://bit.ly/2Ygs8UV
Singaporean,Pablo's Pizza,"319 Main St, Grand Junction, CO 81501, USA",http://www.pablospizza.com/
Singaporean,The Feisty Pint,"359 Colorado Ave, Grand Junction, CO 81501, USA",https://feistypint.com/
Singaporean,Bravo Pizza,"936 North Ave, Grand Junction, CO 81501, USA",http://bravopizza970.zenfoody.com/#/single
Singaporean,Shanghai Garden Restaurant,"1538 Railroad Ave, Rifle, CO 81650, USA",https://shanghaigardenchinesefood.com/
Singaporean,Zoup!,"644 North Ave, Grand Junction, CO 81501, USA",https://restaurants.zoup.com/co/grand-junction/644-north-ave/
Singaporean,Sugar & Ice Co.,"950 North Ave STE 104, Grand Junction, CO 81501, USA",http://sugarandicegj.com/
Singaporean,K'Gen Asian Cuisine,"231 Harris St, Basalt, CO 81621, USA",
Singaporean,KFC,"1111 North Ave, Grand Junction, CO 81501, USA",https://locations.kfc.com/co/grand-junction/1111-north-avenue
Singaporean,"The Great Greek Mediterranean Grill - Grand Junction, CO","2566 Patterson Rd suite 110, Grand Junction, CO 81505, USA",https://www.thegreatgreekgrill.com/grand-junction-co
Singaporean,Zheng Asian Bistro,"35 Market St Unit C, Glenwood Springs, CO 81601, USA",http://www.zhengbistro.com/
Singaporean,Cafe Sol,"420 Main St, Grand Junction, CO 81501, USA",http://www.cafesolgj.com/
Slovak,Wagon Wheel Restaurant,"10900 CO-65, Mesa, CO 81643, USA",http://www.wagonwheelrbm.com/
Slovenian,Wagon Wheel Restaurant,"10900 CO-65, Mesa, CO 81643, USA",http://www.wagonwheelrbm.com/
Somali,Maandeeq East Africa Restaurant,"1535 S Havana St, Aurora, CO 80012, USA",https://maandeeqcafe.square.site/
South African,African Grill and Bar - Lakewood Colorado,"955 S Kipling Pkwy, Lakewood, CO 80226, USA",http://www.africangrilllakewood.com/
Sri Lankan,"The Great Greek Mediterranean Grill - Grand Junction, CO","2566 Patterson Rd suite 110, Grand Junction, CO 81505, USA",https://www.thegreatgreekgrill.com/grand-junction-co
Swiss,Wagon Wheel Restaurant,"10900 CO-65, Mesa, CO 81643, USA",http://www.wagonwheelrbm.com/
Swiss,Devil's Kitchen,"840 Kennedy Ave, Grand Junction, CO 81501, USA",https://www.devilskitchenrestaurant.com/?utm_source=google&utm_medium=organic&utm_campaign=business_listing
Swiss,Bistro 743,"743 Horizon Dr, Grand Junction, CO 81506, USA",http://doubletree3.hilton.com/en/hotels/colorado/doubletree-by-hilton-hotel-grand-junction-GJTDTDT/dining/index.html
Swiss,Ocotillo Restaurant And Bar At Redlands Mesa,"2325 W Ridges Blvd, Grand Junction, CO 81507, USA",https://www.ocotillogj.com/
Swiss,Pour Fellows,"701 Main St, Grand Junction, CO 81501, USA",https://www.pourfellowsjunction.com/
Swiss,Scallywags Bar and Grill LLC,"509 28 1/2 Rd, Grand Junction, CO 81501, USA",https://scallywagsbng.com/
Swiss,Berna B's Classic Cuisine,"2913 Patterson Rd Unit #101, Grand Junction, CO 81504, USA",http://bernabs.com/
Swiss,Warehouse25sixty-five Kitchen + Bar,"2565 American Way, Grand Junction, CO 81501, USA",http://www.warehouse2565.com/
Swiss,The Winery Restaurant,"642 Main St, Grand Junction, CO 81501, USA",http://www.winery-restaurant.com/
Swiss,Village Inn,"1910 North Ave, Grand Junction, CO 81501, USA",https://www.villageinn.com/grand-junction-co
Swiss,The Hungry Moose,"25861 CO-65, Cedaredge, CO 81413, USA",https://www.grandmesalodge.com/restaurant
Swiss,Bookcliff Bar,"Grand Junction, CO 81506, USA",
Swiss,Bistro 317,"317 Main St, Grand Junction, CO 81501, USA",https://bistro317.com/
Swiss,Culver's,"582 24 1/2 Rd, Grand Junction, CO 81505, USA",https://www.culvers.com/restaurants/grand-junction-co-24-12-road
Swiss,Sunrise Restaurant,"811 S 7th St, Grand Junction, CO 81501, USA",
Swiss,Chili's Grill & Bar,"584 24 1/2 Rd, Grand Junction, CO 81505, USA",https://www.chilis.com/locations/us/colorado/grand-junction/grand-junction?utm_source=google&utm_medium=local&utm_campaign=Chilis
Swiss,Applebee's Grill + Bar,"711 Horizon Dr, Grand Junction, CO 81506, USA",https://restaurants.applebees.com/en-us/co/grand-junction/711-horizon-drive-84059?utm_source=google&utm_medium=organic&utm_campaign=google_my_business&utm_term=84059&utm_content=website
Swiss,Wendy's,"750 1/2 Horizon Dr, Grand Junction, CO 81506, USA",https://locations.wendys.com/united-states/co/grand-junction/750-1/2-horizon-drive?utm_source=Yext&utm_medium=Google_My_Business&utm_campaign=Local_Search&utm_content=EN_US
Swiss,Swiss Chalet Restaurant,"20 Vail Rd, Vail, CO 81657, USA",https://sonnenalp.com/dining/swiss-chalet/
Swiss,The Smoke N CEO,"457 Colorado Ave, Grand Junction, CO 81501, USA",https://the-smoken-ceo.com/
Syrian,Pita Place,"Grand Junction, CO 81505, USA",
Syrian,"The Great Greek Mediterranean Grill - Grand Junction, CO","2566 Patterson Rd suite 110, Grand Junction, CO 81505, USA",https://www.thegreatgreekgrill.com/grand-junction-co
Syrian,GURU'S KITCHEN,"356 Main St, Grand Junction, CO 81501, USA",https://guruskitchentogo.com/
Syrian,Jaffa Middle Eastern Kitchen,"400 E Valley Rd, Carbondale, CO 81623, USA",http://www.jaffakitchen.com/
Taiwanese,Tasty Pot,"6330 S Parker Rd, Aurora, CO 80016, USA",https://www.ordertastypot.com/
Taiwanese,Formosa Bites,"315 E Pikes Peak Ave Suite 100, Colorado Springs, CO 80903, USA",http://www.wellinthesprings.com/
Taiwanese,Din Tai Fung,"3333 Bristol St Ste Ste 2071, Costa Mesa, CA 92626, USA",https://dintaifungusa.com/us/locations/costa-mesa.html
Taiwanese,formoosa,"4646 Convoy St #103, San Diego, CA 92111, USA",http://formoosa.com/
Taiwanese,Kuniko's Teriyaki Grill,"2695 Patterson Rd #11, Grand Junction, CO 81506, USA",
Tanzanian,African Grill and Bar - Lakewood Colorado,"955 S Kipling Pkwy, Lakewood, CO 80226, USA",http://www.africangrilllakewood.com/
Thai,Thai Smile restaurant,"2692 US-50 E, Grand Junction, CO 81503, USA",http://www.thaismilegrandjunction.com/
Thai,Thai Chili & Pho Restaurant,"2536 Rimrock Ave, Grand Junction, CO 81505, USA",https://thaichili100.wixsite.com/thaichili
Thai,Thai Number 9,"539 N 1st St #3524, Grand Junction, CO 81501, USA",
Thai,Lucky Thai LLC,"310 N 7th St, Grand Junction, CO 81501, USA",https://luckythaifoodtruck.square.site/
Thai,Sang Garden Chinese Restaurant,"687 Horizon Dr, Grand Junction, CO 81506, USA",http://www.sanggardengj.com/
Thai,Ginger Oriental Restaurant,"2381 Patterson Rd, Grand Junction, CO 81505, USA",
Thai,Smile Hot Pot,"550 South Ave, Grand Junction, CO 81501, USA",https://www.smilehotpotgrandjunction.com/
Thai,E C'S Asian Station,"200 W Grand Ave #8, Grand Junction, CO 81501, USA",
Thai,Dragon Treasure Orchard Mesa,"2740 US-50, Grand Junction, CO 81503, USA",https://dragontreasureco.com/
Thai,Yama Sushi & Asian Fusion,"2839 North Ave, Grand Junction, CO 81501, USA",https://www.yamasushigrandjunction.com/
Thai,Dragon Treasure,"576 Kokopelli Dr A, Fruita, CO 81521, USA",https://dragontreasurecotogo.com/
Thai,Phat Thai,"343 Main St, Carbondale, CO 81623, USA",http://www.phatthai.com/
Thai,Genghis Grill,"2474 US-6, Grand Junction, CO 81505, USA",https://locations.genghisgrill.com/co/grandjunction/genghis-grill-1403.html
Thai,China Jade,"569 32 Rd STE 7A, Grand Junction, CO 81504, USA",http://www.chinajade8888.net/
Thai,1-2-Thai,"1st St, Paonia, CO 81428, USA",http://onetwothai.com/
Tunisian,Wagon Wheel Restaurant,"10900 CO-65, Mesa, CO 81643, USA",http://www.wagonwheelrbm.com/
Ukrainian,Wagon Wheel Restaurant,"10900 CO-65, Mesa, CO 81643, USA",http://www.wagonwheelrbm.com/
Uruguayan,Wagon Wheel Restaurant,"10900 CO-65, Mesa, CO 81643, USA",http://www.wagonwheelrbm.com/
Venezuelan,Bocas Venezuelan Grill,"683 Horizon Dr #112, Grand Junction, CO 81506, USA",
Vietnamese,Phở 88,"2463 Patterson Rd, Grand Junction, CO 81505, USA",http://pho88grandjunction.com/
Vietnamese,Thai Chili & Pho Restaurant,"2536 Rimrock Ave, Grand Junction, CO 81505, USA",https://thaichili100.wixsite.com/thaichili
Vietnamese,Smile Hot Pot,"550 South Ave, Grand Junction, CO 81501, USA",https://www.smilehotpotgrandjunction.com/
Vietnamese,Sang Garden Chinese Restaurant,"687 Horizon Dr, Grand Junction, CO 81506, USA",http://www.sanggardengj.com/
Vietnamese,Thai Smile restaurant,"2692 US-50 E, Grand Junction, CO 81503, USA",http://www.thaismilegrandjunction.com/
Vietnamese,Ginger Oriental Restaurant,"2381 Patterson Rd, Grand Junction, CO 81505, USA",
Vietnamese,Chinese Restaurant,"576 Kokopelli Dr unit a, Fruita, CO 81521, USA",
Vietnamese,Cafe 168 Pho and Ramen,"309 Railroad Ave, Rifle, CO 81650, USA",https://qmenu.us/#/cafe-168-pho-and-ramen-rifle
Yemeni,Yemen Grill,"2353 S Havana St UnitD#15A, Aurora, CO 80014, USA",http://yemengrilldenver.com/
Zambian,Wagon Wheel Restaurant,"10900 CO-65, Mesa, CO 81643, USA",http://www.wagonwheelrbm.com/
Zimbabwean,Devil's Kitchen,"840 Kennedy Ave, Grand Junction, CO 81501, USA",https://www.devilskitchenrestaurant.com/?utm_source=google&utm_medium=organic&utm_campaign=business_listing
