Cuisine Type,Name,Address,Website
Mexican,Neno's Gourmet Mexican Street Food,"642 Monroe Ave, Rochester, NY 14607, USA",https://nenosmexican.com/
Mexican,Adelita's Mexican Cocina & Tequila,"3349 Monroe Ave, Rochester, NY 14618, USA",https://www.adelitascocina.com/
Mexican,Aguilera's Authentic Mexican Food,"521 Monroe Ave, Rochester, NY 14607, USA",
Mexican,Mecate Mexican Restaurant,"1166 NY-31, Macedon, NY 14502, USA",http://www.mecatemexicanrestaurantny.com/
Mexican,Rancho Viejo Gates,"2336 Lyell Ave, Rochester, NY 14606, USA",https://ranchoviejo-gates.com/
Mexican,Mi Rancho Alegre,"300 Center Pl Dr, Rochester, NY 14615, USA",http://www.miranchoalegre.us/
Mexican,Moe's Southwest Grill,"3246 Monroe Ave, Rochester, NY 14618, USA",https://locations.moes.com/ny/rochester/3246-monroe-ave?utm_source=google&utm_medium=organic&utm_campaign=locations_partner
Mexican,Los Gallos Mexican Grill,"2700 W Ridge Rd, Rochester, NY 14626, USA",https://losgallosmexicangrill.com/
Mexican,Monte Alban,"2160 Penfield Rd, Penfield, NY 14526, USA",http://www.montealbangrill.com/
Mexican,Mecate Mexican Restaurant & Bar,"200 Park Point Dr, Henrietta, NY 14623, USA",http://mecatemexicanrestaurantny.com/
Mexican,Chipotle Mexican Grill,"3349 Monroe Ave, Rochester, NY 14618, USA",https://locations.chipotle.com/ny/rochester/3349-monroe-ave?utm_source=google&utm_medium=yext&utm_campaign=yext_listings
Mexican,Corona's II Authentic Mexican Restaurant,"6515 Brockport Spencerport Rd Suite 19, Brockport, NY 14420, USA",http://coronasii.hrpos.heartland.us/
Mexican,Monte Alban,"845 East Ridge Road, Rochester, NY 14621, USA",http://www.montealbangrill.com/
Mexican,Chipotle Mexican Grill,"2735 Monroe Ave, Rochester, NY 14618, USA",https://locations.chipotle.com/ny/rochester/2735-monroe-ave?utm_source=google&utm_medium=yext&utm_campaign=yext_listings
Mexican,Monte Alban,"2245 Empire Blvd, Webster, NY 14580, USA",http://www.montealbangrill.com/
Mexican,La Casa Restaurant,"93 Alexander St, Rochester, NY 14620, USA",https://www.rochesterlacasa.com/
Mexican,Margarita's Mexican Cantina,"2525 W Ridge Rd, Rochester, NY 14626, USA",https://www.margaritasmexcantina.com/
Mexican,Pura Vida Ville,"2115 Buffalo RD Westmar plaza , Next UPS Store, Rochester, NY 14624, USA",
Mexican,Bitter Honey,"127 Railroad St #110, Rochester, NY 14609, USA",http://www.bitterhoneyroc.com/
Mexican,Mesquite Grill,"910 Elmgrove Rd, Rochester, NY 14624, USA",http://mesquitemexgrill.com/
Swedish,Swedish Inn,"12678 Lake Blvd, Lindstrom, MN 55045, USA",http://www.theswedishinn.com/
Italian,Benucci's,"3349 Monroe Ave, Rochester, NY 14618, USA",http://www.benuccis.com/
Italian,Rocco,"165 Monroe Ave, Rochester, NY 14607, USA",https://www.osteriarocco.com/
Italian,Bella Pasta Restaurant and Catering,"2500 Ridgeway Ave, Rochester, NY 14626, USA",http://bellapastagreece.com/
Italian,Pane Vino on the Avenue,"3400 Monroe Ave, Rochester, NY 14618, USA",http://www.panevinorochester.com/
Italian,Monroes Restaurant,"3001 Monroe Ave, Rochester, NY 14618, USA",http://www.monroes3001.com/
Italian,Lemoncello Italian Restaurant & Bar,"137 W Commercial St, East Rochester, NY 14445, USA",http://www.lemoncello137.com/
Italian,Bocaccini's Italian Bistro,"6720 Pittsford Palmyra Rd, Fairport, NY 14450, USA",http://www.bocaccinis.com/
Italian,Perlo's Restaurant,"202 N Washington St, East Rochester, NY 14445, USA",https://www.perlosrestaurant.com/
Italian,Grappa Italian Nouveau,"30 Celebration Dr, Rochester, NY 14620, USA",http://grapparoc.com/
Italian,Pane Vino On The River,"175 N Water St, Rochester, NY 14604, USA",https://panevinorochester.com/
Italian,The Pasta Villa,"1313 East Ridge Road, Rochester, NY 14621, USA",http://www.thepastavilla.com/
Italian,Olive Garden Italian Restaurant,"100 Paddy Creek Cir, Rochester, NY 14615, USA",https://www.olivegarden.com/locations/ny/rochester/rochester-greece-ny-paddy-creek-circle/1420?cmpid=br:og_ag:ie_ch:loc_ca:OGGMB_sn:gmb_gt:rochester-ny-1420_pl:locurl_rd:1312
Italian,Mangia Mangia,"2273 S Union St, Spencerport, NY 14559, USA",http://mangia-foods.com/
Italian,Carrabba's Italian Grill,"3340 W Henrietta Rd, Rochester, NY 14623, USA",https://locations.carrabbas.com/new-york/rochester/3340-west-henrietta-road?y_source=1_MTU1MDMxMTQtNzE1LWxvY2F0aW9uLndlYnNpdGU%3D
Italian,Veneto Wood Fired Pizza & Pasta,"318 East Ave, Rochester, NY 14604, USA",http://www.venetorestaurant.com/
Italian,Piccolo Fazools Bistro,"73 Main St, Brockport, NY 14420, USA",http://www.pfbistro.com/
Italian,Agatina's Restaurant,"2967 Buffalo Rd, Rochester, NY 14624, USA",https://agatinas.com/?utm_source=Website&utm_medium=GMB
Italian,La Bella Vita,"2126 Empire Blvd, Webster, NY 14580, USA",http://labellavitabistro.com/
Italian,Davinci of Greece,"1558 W Ridge Rd, Rochester, NY 14615, USA",http://davincisrestaurant.com/
Italian,Amore Italian Restaurant & Lounge,"1750 East Ave, Rochester, NY 14610, USA",https://www.wegmansamore.com/
Spanish,Mi Tierra,"19480 US-2, Monroe, WA 98272, USA",http://restaurantmitierra.com/
American,Blue Ridge Grill,"3400 W Ridge Rd, Rochester, NY 14626, USA",http://www.theblueridgegrill.com/
American,Erie Grill,"41 N Main St, Pittsford, NY 14534, USA",http://www.eriegrill.com/
American,Monroes Restaurant,"3001 Monroe Ave, Rochester, NY 14618, USA",http://www.monroes3001.com/
American,Mark's Texas Hots,"487 Monroe Ave, Rochester, NY 14607, USA",https://www.facebook.com/markstxhots/
American,Cracker Barrel Old Country Store,"2075 Hylan Dr, Rochester, NY 14623, USA",https://www.crackerbarrel.com/Locations/States/ny/rochester/387/?utm_source=google&utm_medium=maps&utm_campaign=crackerbarrelurl
American,Rooney's Restaurant,"90 Henrietta St, Rochester, NY 14620, USA",https://www.rooneysrestaurant.com/
American,TRATA: The Restaurant At The Armory,"145 Culver Rd, Rochester, NY 14620, USA",http://www.tratarochester.com/
American,Fairport Hots,"1226 Fairport Rd, Fairport, NY 14450, USA",http://fairporthots.com/
American,Redd,"24 Winthrop St, Rochester, NY 14607, USA",http://www.reddrochester.com/
American,black & blue,"3349 Monroe Ave, Rochester, NY 14618, USA",https://blackandbluesteakandcrab.com/rochester/
American,Good Luck,"50 Anderson Ave, Rochester, NY 14607, USA",http://www.restaurantgoodluck.com/
American,Spencerport Hots,"500 S Union St, Spencerport, NY 14559, USA",http://www.spencerporthots.com/
American,The Retreat,"512 Long Pond Rd, Rochester, NY 14612, USA",http://www.theretreatgreece.com/
American,CRISP Rochester,"819 S Clinton Ave, Rochester, NY 14620, USA",https://crisprochester.com/
American,AVVINO,"2541 Monroe Ave, Rochester, NY 14618, USA",https://www.avvinorochester.com/
American,Char Broil Family Restaurant,"2450 Monroe Ave, Rochester, NY 14618, USA",http://www.charbroilrestaurant.com/
American,Hose 22 Firehouse Grill,"56 Stutson St, Rochester, NY 14612, USA",http://www.hose22.com/
American,Dogtown,"691 Monroe Ave, Rochester, NY 14607, USA",http://www.dogtownhots.com/
American,Silk O'Loughlins,"5980 St Paul Blvd, Rochester, NY 14617, USA",http://www.silkoloughlins.com/
American,Jim’s At The Mall,"Mall, 362 Greece Ridge Center Dr, Rochester, NY 14626, USA",http://www.jimsatthemall.com/
British,The Old Toad,"277 Alexander St, Rochester, NY 14607, USA",http://www.theoldtoad.com/
Thai,Thai On Main Street,"115 W Main St, Monroe, WA 98272, USA",https://thaionmainstreet.com/
Thai,Benjarong Thai Restaurant,"whitfield building, 19480 US-2 D1, Monroe, WA 98272, USA",https://benjarongmonroe.com/
Thai,Thai and Taps Restaurant Snohomish,"115 Ave A, Snohomish, WA 98290, USA",http://www.thaiandtapssnohomish.com/
Thai,ThaiYada Restaurant,"315 Alexander St, Rochester, NY 14604, USA",https://www.thaiyadarestaurant.com/
Thai,The KING AND I Cuisine of Thailand,"1455 E Henrietta Rd, Rochester, NY 14623, USA",http://www.thekingandithaicuisine.com/
Thai,Patsara Thai,"528 Carnarvon St, New Westminster, BC V3L 1C4, Canada",https://www.patsara.ca/
Thai,Siri Thai Cuisine,"315 S Telegraph Rd, Monroe, MI 48161, USA",http://www.sirithaicuisinemonroe.com/
Thai,Lakewood Thai Cuisine,"17020 Twin Lakes Ave, Marysville, WA 98271, USA",http://www.lakewoodthai.com/
Thai,Khong Thai Cuisine,"260 Winton Rd N, Rochester, NY 14610, USA",http://www.khongthaicuisine.com/
Thai,Saks Thai Cuisine Inc,"7374 Pittsford Palmyra Rd, Fairport, NY 14450, USA",http://www.saksthaicuisine.com/
Thai,Pattaya Thai Restaurant,"1843 Penfield Rd, Penfield, NY 14526, USA",http://pattayathairochesterny.com/
Japanese,Tokyo Teriyaki & Wok,"14650 N Kelsey St, Monroe, WA 98272, USA",http://tokyoteriyakimonroe.menu11.com/
Japanese,Plum Garden Japanese Restaurant,"3349 Monroe Ave, Rochester, NY 14618, USA",https://www.plumgarden.com/
Japanese,Tokyo Japanese Restaurant,"1000 Hylan Dr, Rochester, NY 14623, USA",https://www.tokyojapaneserestaurantny.com/
Japanese,Sakura Home,"2775 Monroe Ave, Rochester, NY 14618, USA",https://sakurahometogo.com/
Japanese,Plum House,"686 Monroe Ave, Rochester, NY 14607, USA",https://www.plumhouse686.com/
Japanese,Fish Face,"400 Bakers Park, Rochester, NY 14617, USA",https://www.isquaresushi.com/
Japanese,Umai Revolving Sushi,"2833 Monroe Ave, Rochester, NY 14618, USA",https://umairoc.com/
Japanese,Taisho Bistro Japanese Izakaya Rochester,"100 Marketplace Dr Suite 350, Henrietta, NY 14623, USA",http://www.taisho-bistro.com/
Japanese,Taste Of Japan,"3047 W Henrietta Rd, Rochester, NY 14623, USA",
Japanese,Youkoso Sushi,"1455 E Henrietta Rd Suite A, Rochester, NY 14623, USA",http://www.youkososushi.com/
Japanese,Shiki,"1054 S Clinton Ave, Rochester, NY 14620, USA",https://www.shikirestaurantrochester.com/
Japanese,Kobe Japanese Steakhouse & Sushi Bar,"2496 W Ridge Rd, Rochester, NY 14626, USA",http://www.kobesushisteak.com/
Japanese,Sushi585,"381 Gregory St, Rochester, NY 14620, USA",https://sushi585.com/
Japanese,Sogo Sushi & Hibachi,"326 Greece Ridge Center Dr, Rochester, NY 14626, USA",https://greece.sogoroc.com/
Japanese,Tokyo Restaurant,"1946 W Spring St, Monroe, GA 30655, USA",https://www.tokyomonroega.com/
Japanese,Taka House Restaurant,"809 Ridge Rd, Webster, NY 14580, USA",http://www.takahouse.com/
Japanese,Plum House Japanese Restaurant,"12 Lake St, Monroe, NY 10950, USA",http://www.nyplumhouse.com/
Japanese,Osaka sushi,"3685 W Henrietta Rd, Rochester, NY 14623, USA",http://www.osakasushirochester.com/
Japanese,Maru Izakaya,"274 N Goodman St, Rochester, NY 14607, USA",http://www.marusushiramenbar.com/
Japanese,Sakura Garden,"6720 Pittsford Palmyra Rd, Fairport, NY 14450, USA",http://www.sakuragardenfairportny.com/
Chinese,Chen Garden,"1750 Monroe Ave #1843, Rochester, NY 14618, USA",
Chinese,New Ming,"1132 Monroe Ave, Rochester, NY 14620, USA",https://www.newmingny.com/
Chinese,Red Sun Chinese Cuisine,"Behind Sakura Home, 2775 Monroe Ave, Rochester, NY 14618, USA",https://redsunchinesetogo.com/
Chinese,Han Noodle Bar,"600 Monroe Ave, Rochester, NY 14607, USA",http://hannoodlebar.com/
Chinese,New Yu House Chinese Restaurant,"1100 Long Pond Rd Suite 105, Rochester, NY 14626, USA",https://www.newyuhousechineserestaurant.com/?utm_source=gmb&utm_medium=website
Chinese,Tsingtao House,"2831 W Henrietta Rd, Rochester, NY 14623, USA",https://www.tsingtaohouseny.com/
Chinese,New Greece China,"2538 Ridgeway Ave, Rochester, NY 14626, USA",https://www.beyondmenu.com/31357/rochester/new-greece-china-rochester-14626.aspx
Chinese,New China,"3118 E Henrietta Rd #9701, Henrietta, NY 14467, USA",http://www.newchinahenrietta.com/?utm_source=gmb&utm_medium=website
Chinese,Bamboo House Restaurant,"2185 Monroe Ave, Rochester, NY 14618, USA",http://www.bamboohouseny.com/menu
Chinese,New East Star,"115 Pattonwood Dr #1409, Rochester, NY 14617, USA",http://www.neweaststarny.com/
Chinese,China Garden Restaurant,"B 20 Finn Road, Henrietta, NY 14467, USA",http://www.chinagardenm988.com/
Chinese,New Gourmet House,"525 Titus Ave, Rochester, NY 14617, USA",https://www.newgourmethouse.com/
Chinese,Yummy Yummy,"495 Lyell Ave, Rochester, NY 14606, USA",https://yummyyummyrochestertogo.com/
Chinese,China Garden Kitchen,"268 Winton Rd N, Rochester, NY 14610, USA",https://smorefood.com/order-online/china-garden-kitchen-rochester-14610-eb66ktik?utm_source=gmb&utm_medium=website
Chinese,Lake Chinese Food,"4462 Lake Ave, Rochester, NY 14612, USA",http://www.lakechinesetogo.com/
Chinese,Yangs Kitchen Express,"74 Main St, Brockport, NY 14420, USA",https://www.yangskitchenexpressny.com/
Chinese,Super Wing Chinese Restaurant,"420 Lyell Ave, Rochester, NY 14606, USA",http://www.superwing420lyell.com/
Chinese,China Chef,"980 Ridge Rd, Webster, NY 14580, USA",https://chinachefny.com/
Chinese,Yummy Garden,"2411 W Henrietta Rd, Rochester, NY 14623, USA",https://www.yummygardenny.com/
Chinese,China Buffet,"3333 W Henrietta Rd, Rochester, NY 14623, USA",
Indian,Taj Mahal Fine Indian Cuisine,"1742 Long Pond Rd STE 1, Rochester, NY 14606, USA",https://www.tajmahalny.com/
Indian,Haveli Indian Cuisine,"1635 E Henrietta Rd, Rochester, NY 14623, USA",http://haveliindianrochesterny.com/
Indian,Thali of India,"3259 S Winton Rd, Rochester, NY 14623, USA",https://www.thaliofindia.com/
Indian,Namaste Indian Grill,"3675 W Henrietta Rd, Rochester, NY 14623, USA",https://namasteindiangrill.com/
Indian,Tandoor of India Fairport NY,"6720 Pittsford Palmyra Rd, Fairport, NY 14450, USA",https://tandoorofindia.com/
Indian,Rosie Nepalese & Indian Cuisine,"3349 Monroe Ave, Rochester, NY 14618, USA",https://rosierestaurant.com/
Indian,Curry House of India,"3047 W Henrietta Rd, Rochester, NY 14623, USA",
Indian,Naan-Tastic,"100 Marketplace Dr, Rochester, NY 14623, USA",https://www.naan-tastic.com/
Indian,Tandoor of India Henrietta NY,"376 Jefferson Rd, Rochester, NY 14623, USA",http://tandoorofindia.com/
Indian,Amaya Indian Cuisine,"1900 S Clinton Ave, Rochester, NY 14618, USA",http://www.amayaindiancuisine.com/
Indian,Hyderabad Biryani House Rochester,"1100 W Jefferson Rd, Rochester, NY 14623, USA",http://www.hyderabadbiryanihouse.com/
Indian,Kandyan Catering,"1868 Crittenden Rd, Rochester, NY 14623, USA",
Indian,India House Express,"1340 Mt Hope Ave, Rochester, NY 14620, USA",https://www.indiahouse.com/india-house-express---collegetown.html
Indian,India House Express,"2122 Empire Blvd, Webster, NY 14580, USA",http://www.indiahouse.com/
Indian,Naan-Tastic,"407 Commerce Dr Suite 600, Victor, NY 14564, USA",https://www.naan-tastic.com/
Indian,Royal of India,"300 Park Point Dr, Rochester, NY 14623, USA",http://royalofindia.us/
Indian,Amaya Indian Street Food & Sweets,"1425 Jefferson Rd Suite 9, Rochester, NY 14623, USA",
Indian,India House Restaurant - Rochester,"998 S Clinton Ave, Rochester, NY 14620, USA",http://indiahouse.com/
Indian,Jugnoos,"3333 W Henrietta Rd Unit C, Rochester, NY 14623, USA",
Indian,India House Restaurant,"7343 NY-96, Victor, NY 14564, USA",http://indiahouse.com/
Canadian,Char Broil Family Restaurant,"2450 Monroe Ave, Rochester, NY 14618, USA",http://www.charbroilrestaurant.com/
Russian,Alyonka Russian Cuisine,"2870 W State St, Boise, ID 83702, USA",http://alyonkarussiancuisine.com/
Jewish,Fox's Deli,"3450 Winton Pl, Rochester, NY 14623, USA",http://www.foxsdeliroc.com/
Jewish,Yossies Cafe & Restaurant,"131 Acres Rd UNIT 111, Monroe, NY 10950, USA",
Jewish,Eataly Dairy,"48 Bakertown Rd, Monroe, NY 10950, USA",https://www.clover.com/online-ordering/eataly-monroe/
Jewish,Kosher On The Go catering,"112 Spring St, Monroe, NY 10950, USA",
Jewish,Lipman's Kosher Market,"1482 Monroe Ave, Rochester, NY 14618, USA",http://www.lipmanskoshermarket.com/
Jewish,Kosher Nosh Deli Restaurant & Catering,"894 Prospect St, Glen Rock, NJ 07452, USA",http://www.koshernosh.com/
Jewish,Captain Morgan,"Student Alumni Union, 39 Lomb Memorial Dr, Rochester, NY 14623, USA",https://www.rit.edu/fa/diningservices/loaded-latke#1
Jewish,KJ Kosher Food Center - Weinstock's Grocery,"1 Apta Way #104, Monroe, NY 10950, USA",http://kiryas-food-center.poi.place/
Jewish,Brownsteins Deli & Bakery,"1862 Monroe Ave, Rochester, NY 14618, USA",https://www.brownsteinsbagel.com/
Jewish,Everything Kosher Food Truck,"Located in Levi’s parking, lot 498 Red Apple Ct, Central Valley, NY 10917, USA",http://www.everything-kosher.com/
Jewish,Fred and Murry's Kosher Delicatessen,"4345 US Highway 9 Pond Road Plaza, Freehold, NJ 07728, USA",http://fredandmurrysdeli.com/
Jewish,Leo's Deli,"2021 S Winton Rd S, Rochester, NY 14618, USA",
Jewish,Munch and Brunch,"11 Ruzhin Rd, Kiryas Joel, NY 10950, USA",
Jewish,Epstein's,"2574 Central Park Ave, Yonkers, NY 10710, USA",
Jewish,Kosher Castle,"43 NY-59, Monsey, NY 10952, USA",https://koshercastlemonsey.com/
Jewish,Fireside Kosher,"59 NY-59, Monsey, NY 10952, USA",http://www.kosherfireside.com/
Jewish,Bossi's Bakery & Cafe' kosher,"33 Lake St, Monroe, NY 10950, USA",https://m.facebook.com/Bossis-Bakery-Cafe-620545494712792/
Jewish,Nussy's Cuisine,"41 Main St C, Monsey, NY 10952, USA",http://www.nussyscuisine.com/
Jewish,Pomona Kosher Grill,"1621 US-202 Unit 6, Pomona, NY 10970, USA",http://pomonakoshergrill.com/
Polish,Polska Chata LLC,"32 Vinedale Ave, Rochester, NY 14622, USA",http://polskachatallc.com/
German,Hofbrauhaus Restaurant,"9001 N Main St, Helen, GA 30545, USA",https://www.hofbrauhaushelenga.net/
French,Cure,"50 Rochester Public Market, Rochester, NY 14609, USA",http://curebar.net/
Hawaiian,Tiki Hawaiian Barbeque,"1450 N Wenatchee Ave, Wenatchee, WA 98801, USA",https://www.tikihawaiianbbq.com/
Brazilian,Fogo de Chão Brazilian Steakhouse,"18602 Alderwood Mall Pkwy Suite 1110, Lynnwood, WA 98037, USA",https://fogodechao.com/location/lynnwood/
Peruvian,Aji Limo Peruvian cuisine,"199 Main St, Ossining, NY 10562, USA",http://www.ajilimoperuviancuisine.com/
Salvadorian,Salvadorean Pupusas,"802 Valley Mall Pkwy, East Wenatchee, WA 98802, USA",http://salvadorean-pupusas.edan.io/
Cuban,Mami Cocina NY,"839 West Ave Building # 6, Rochester, NY 14611, USA",http://www.mamicocinany.com/
Cuban,Carmen’s Cooking,"1855 Monroe Ave, Rochester, NY 14618, USA",http://www.carmenscooking.com/
Cuban,La Esquina Tropical spanish food,"3641 Dewey Ave, Rochester, NY 14616, USA",https://esquinatropical364.wixsite.com/mysite
Cuban,Rancho Palma,"1149 Lyell Ave, Rochester, NY 14606, USA",
Cuban,Mi Viejo San Juan Restaurant,"1143 Joseph Ave, Rochester, NY 14621, USA",https://www.facebook.com/ElfogondeMiViejo/
Cuban,Que Chévere,"625 Culver Rd, Rochester, NY 14609, USA",https://linktr.ee/quechevere585
Cuban,Sabor Tropical,"Rochester, NY 14609, USA",
Cuban,El Pilon Criollo,"973 N Clinton Ave, Rochester, NY 14621, USA",http://elpiloncriollo.com/
Cuban,D'Mangu Restaurant,"1165 Portland Ave, Rochester, NY 14621, USA",http://dmangu.com/
Cuban,El Latino Restaurant,"1020 Chili Ave, Rochester, NY 14611, USA",https://www.facebook.com/ElLatinoRestaurant
Cuban,Cocina Latina- No delivery,"2960 Dewey Ave, Rochester, NY 14616, USA",http://cocinalatinaws.com/
Cuban,Latino's Paradise,"478 Portland Ave, Rochester, NY 14605, USA",https://latinosparadiseny.com/
Cuban,Típico House Bar & Grill,"90 Lake Ave, Rochester, NY 14608, USA",
Cuban,Neno's Gourmet Mexican Street Food,"642 Monroe Ave, Rochester, NY 14607, USA",https://nenosmexican.com/
Cuban,Blue Palm Grill,"4348 Culver Rd, Rochester, NY 14622, USA",
Cuban,Sobrinos,"1456 N Clinton Ave, Rochester, NY 14621, USA",
Cuban,El Sazón Restaurant,"144 Lyell Ave, Rochester, NY 14608, USA",
Cuban,Pellegrino's Deli Cafe,"1120 Mt Hope Ave, Rochester, NY 14620, USA",https://www.pellegrinosdeli.com/
Cuban,Root 31,"3349 Monroe Ave, Rochester, NY 14618, USA",http://root31.com/
Cuban,AVVINO,"2541 Monroe Ave, Rochester, NY 14618, USA",https://www.avvinorochester.com/
Tibetan,Tibetan Kitchen Cafe,"680 Broughton St, Victoria, BC V8W 2C1, Canada",https://tibetankitchencafe.com/
Egyptian,Master Falafel,"519 Monroe Ave, Rochester, NY 14607, USA",https://www.masterfalafelrochester.com/
Greek,Basha Mediterranean Eatery,"2900 Monroe Ave, Rochester, NY 14618, USA",https://bashamed.com/
Greek,Olives,"50 State St, Pittsford, NY 14534, USA",http://olivespittsford.com/
Greek,Aladdin's Natural Eatery,"646 Monroe Ave, Rochester, NY 14607, USA",http://eataladdins.com/
Greek,Cedar,"746 Monroe Ave, Rochester, NY 14607, USA",https://cedarlebaneserochester.com/
Greek,Morningstar Greek American,"850 Merchants Rd, Rochester, NY 14609, USA",https://www.facebook.com/Morningstar-Greek-American-Restaurant-104213079945/timeline
Greek,Voula's Greek Sweets,"439 Monroe Ave, Rochester, NY 14607, USA",http://www.voulasgreeksweets.com/
Greek,Eat Greek,"1273 Chili Ave, Rochester, NY 14624, USA",https://eatgreektruck.com/
Greek,Dalia's,"1220 Fairport Rd #5, Fairport, NY 14450, USA",https://www.daliasmenu.com/?utm_source=gbp
Greek,Mediterranean Kebab House,"3047 W Henrietta Rd, Rochester, NY 14623, USA",https://www.medkebabhouseroc.com/
Belgian,The Thirsty Belgian,"2650 Broadway Ave S #600, Rochester, MN 55904, USA",http://www.thirstybelgian.com/
Irish,Mulconry's Irish Pub and Restaurant,"17 Liftbridge Ln E, Fairport, NY 14450, USA",http://www.mulconrys.com/
Irish,McColley's,"89 S Union St, Spencerport, NY 14559, USA",http://www.mccolleys.com/
Irish,Shamrock Jack's Irish Pub,"4554 Culver Rd, Rochester, NY 14622, USA",http://www.shamrockjacks.com/
Irish,O'Callaghan's Pub,"470 Monroe Ave, Rochester, NY 14607, USA",http://www.ocallspub.com/
Irish,Murphy's Law Irish Pub,"370 East Ave, Rochester, NY 14604, USA",https://murphyslawrochesterny.com/
Irish,Carroll's Bar & Restaurant,"1768 E Main St, Rochester, NY 14609, USA",https://www.facebook.com/jocarrollsbar
Irish,Johnny’s Irish Pub,"1382 Culver Rd, Rochester, NY 14609, USA",http://johnnyslivemusic.com/?utm_source=gmb&utm_medium=organic&utm_campaign=reopen
Irish,Timothy Patrick's (TP's) Irish Restaurant and Sports Pub,"916 Panorama Trail S, Rochester, NY 14625, USA",http://tpsirishpub.com/
Irish,Caverly's Irish Pub,"741 South Ave, Rochester, NY 14620, USA",
Irish,Magpie Irish Pub,"653 Park Ave, Rochester, NY 14607, USA",http://www.magpiepub.com/
Irish,Flaherty's Three Flags Inn — Webster,"1200 Bay Rd, Webster, NY 14580, USA",https://flahertys.com/
Irish,McArdle's Restaurant,"1355 Fairport Rd, Fairport, NY 14450, USA",https://www.mcardlesfairport.com/
Irish,Flaherty's Three Flags Inn,"60 W Main St, Honeoye Falls, NY 14472, USA",https://flahertys.com/
Cajun,The French Quarter,"534 W Ridge Rd, Rochester, NY 14615, USA",http://www.thefqc.com/
Portuguese,Lareira Restaurant,"66 E Jericho Turnpike, Mineola, NY 11501, USA",https://www.lareirarestaurant.com/
Turkish,Anatolia Mediterranean Grill,"4671 Culver Rd, Rochester, NY 14622, USA",http://amgroc.com/
Turkish,Turkish Delight,"1930 Pike Pl, Seattle, WA 98101, USA",
Turkish,As Evi Turkish Cuisine,"315 East Ridge Road, Rochester, NY 14621, USA",https://aseviturkishcuisine.com/
Turkish,As Evi Bakery And Restaurant,"2973 W Henrietta Rd, Rochester, NY 14623, USA",https://asevirestaurants.com/
Turkish,Istanbul Foodlovers,"355 Applegarth Rd, Monroe Township, NJ 08831, USA",https://istanbulfoodlovers.com/
Turkish,TURKISH KITCHEN,"2616 Monroe St, Madison, WI 53711, USA",https://turkishkitchenmadison.net/
Haitian,Tap Tap Cuisine,"3927 N Williams Ave, Portland, OR 97227, USA",https://instagram.com/taptap_cuisine?igshid=YzAwZjE1ZTI0Zg%3D%3D&utm_source=qr
Kenyan,Kamara's West African Restaurant,"2003 Lyell Ave, Rochester, NY 14606, USA",
Korean,서울 하우스 Seoul House,"2805 W Henrietta Rd, Rochester, NY 14623, USA",https://www.rocseoulhouse.com/?utm_source=gmb&utm_medium=referral
Korean,Sodam,"900 Jefferson Rd, Rochester, NY 14623, USA",https://www.sodamkoreanrochesterny.com/
Korean,bb.q Chicken Rochester,"510 Monroe Ave, Rochester, NY 14607, USA",https://bbqchicken.com/
Korean,Youngs Korean Restaurant,"120 Mushroom Blvd, Rochester, NY 14623, USA",
Nigerian,Kamara's West African Restaurant,"2003 Lyell Ave, Rochester, NY 14606, USA",
Libyan,Basha Mediterranean Eatery,"2900 Monroe Ave, Rochester, NY 14618, USA",https://bashamed.com/
Lebanese,Basha Mediterranean Eatery,"2900 Monroe Ave, Rochester, NY 14618, USA",https://bashamed.com/
Lebanese,Jasmine Restaurant & Cafe,"1761 Mt Hope Ave, Rochester, NY 14620, USA",http://www.jasminerestaurantcafe.com/
Lebanese,Cedar,"746 Monroe Ave, Rochester, NY 14607, USA",https://cedarlebaneserochester.com/
Lebanese,Sultan Cuisine and Bakery Restaurant,"1659 Mt Hope Ave, Rochester, NY 14620, USA",
Lebanese,Babylon Restaurant,"1475 E Henrietta Rd, Rochester, NY 14623, USA",https://www.babylonrestaurantny.com/
Lebanese,Anatolia Mediterranean Grill,"4671 Culver Rd, Rochester, NY 14622, USA",http://amgroc.com/
Lebanese,Shawarma Restaurant,"3670 Mt Read Blvd, Rochester, NY 14616, USA",
Lebanese,Master Falafel,"519 Monroe Ave, Rochester, NY 14607, USA",https://www.masterfalafelrochester.com/
Lebanese,Arian's Mediterranean Kebab & Grill LLC,"201 Monroe Ave, Rochester, NY 14607, USA",https://ariansmediterraneankebabandgri.godaddysites.com/
Lebanese,Levantine’s Syrian Cafe & Cuisine,"750 Elmgrove Rd, Rochester, NY 14624, USA",http://www.levantinescafe.com/
Lebanese,Fattoush Restaurant,"5 S Main St, Pittsford, NY 14534, USA",http://fattoushpittsford.com/
Lebanese,Lebanese Grill,"2783 S Rochester Rd, Rochester Hills, MI 48307, USA",https://www.lebanesegrill3.com/
Lebanese,Aladdin's Natural Eatery,"646 Monroe Ave, Rochester, NY 14607, USA",http://eataladdins.com/
Lebanese,Sinbad's,"719 Park Ave, Rochester, NY 14607, USA",http://mysinbads.com/
Lebanese,Pita Restaurant,"1378 Mt Hope Ave, Rochester, NY 14620, USA",https://www.pitamthope.com/
Lebanese,Dalia's,"1220 Fairport Rd #5, Fairport, NY 14450, USA",https://www.daliasmenu.com/?utm_source=gbp
Lebanese,As Evi Turkish Cuisine,"315 East Ridge Road, Rochester, NY 14621, USA",https://aseviturkishcuisine.com/
Lebanese,Falafel Aleppo,"3240 Chili Ave, Rochester, NY 14624, USA",https://www.facebook.com/profile.php?id=100085568526592
Lebanese,Ali Baba,"339 East Ave, Rochester, NY 14604, USA",https://alibabamediterraneancuisineincrny.com/
Lebanese,Rachel's Mediterranean Grill,"300 Hylan Dr, Rochester, NY 14623, USA",https://www.rachelsgrill.com/
Vietnamese,Saigon Pho And Grill,"19959 US-2, Monroe, WA 98272, USA",
Vietnamese,Phở Thanh Na,"19022 Lenton Pl SE, Monroe, WA 98272, USA",https://www.facebook.com/PhoThanhNa
Vietnamese,Saigon Kitchen,"249 E Main St, Monroe, WA 98272, USA",
Vietnamese,Phở Mimôsa,"817 Ave D, Snohomish, WA 98290, USA",https://www.phomimosa.com/
Vietnamese,Ivy's Kitchen Vietnamese Restaurant,"4598 Main St, Vancouver, BC V5V 3R5, Canada",
Vietnamese,Family Pho & Banh Mi,"1427 Ave D, Snohomish, WA 98290, USA",
Vietnamese,Viet Thai Noodle House,"25 95th Dr NE #108, Lake Stevens, WA 98258, USA",https://www.facebook.com/VietThaiNoodleHouse
Vietnamese,Yummy Banh Mi,"1606 Hewitt Ave, Everett, WA 98201, USA",
Vietnamese,Saigon Pho,"1384 Lyell Ave, Rochester, NY 14606, USA",
Vietnamese,SEA Restaurant,"741 Monroe Ave, Rochester, NY 14607, USA",https://www.facebook.com/SEA-Restaurant-162779773795
Vietnamese,Blue Taro,"942 Monroe Ave, Rochester, NY 14620, USA",
Vietnamese,Nam Vang Restaurant,"1380 Lyell Ave, Rochester, NY 14606, USA",
Hungarian,Brigitta's Hungarian Restaurant,"202 Hwy 31 East, 202 TX-31, Kilgore, TX 75662, USA",http://www.brigittashungariandelivery.com/
Mediterranean,Basha Mediterranean Eatery,"2900 Monroe Ave, Rochester, NY 14618, USA",https://bashamed.com/
Mediterranean,Cedar,"746 Monroe Ave, Rochester, NY 14607, USA",https://cedarlebaneserochester.com/
Mediterranean,Arian's Mediterranean Kebab & Grill LLC,"201 Monroe Ave, Rochester, NY 14607, USA",https://ariansmediterraneankebabandgri.godaddysites.com/
Mediterranean,Mediterranean Kebab House,"3047 W Henrietta Rd, Rochester, NY 14623, USA",https://www.medkebabhouseroc.com/
Mediterranean,Sinbad's,"719 Park Ave, Rochester, NY 14607, USA",http://mysinbads.com/
Mediterranean,Master Falafel,"519 Monroe Ave, Rochester, NY 14607, USA",https://www.masterfalafelrochester.com/
Mediterranean,Pita Restaurant,"1378 Mt Hope Ave, Rochester, NY 14620, USA",https://www.pitamthope.com/
Mediterranean,Shish Kabob Garden,"525 N Telegraph Rd, Monroe, MI 48162, USA",http://shishkabobgarden.com/
Mediterranean,Jasmine Restaurant & Cafe,"1761 Mt Hope Ave, Rochester, NY 14620, USA",http://www.jasminerestaurantcafe.com/
Mediterranean,Dalia's,"1220 Fairport Rd #5, Fairport, NY 14450, USA",https://www.daliasmenu.com/?utm_source=gbp
Mediterranean,Anatolia Mediterranean Grill,"4671 Culver Rd, Rochester, NY 14622, USA",http://amgroc.com/
Mediterranean,Olives,"50 State St, Pittsford, NY 14534, USA",http://olivespittsford.com/
Mediterranean,Rachel's Mediterranean Grill,"300 Hylan Dr, Rochester, NY 14623, USA",https://www.rachelsgrill.com/
Mediterranean,Aladdin's Natural Eatery,"646 Monroe Ave, Rochester, NY 14607, USA",http://eataladdins.com/
Ethiopian,Harambe Ethiopian Restaurant,"2149 Commercial Dr, Vancouver, BC V5N 4B3, Canada",
Ethiopian,Axum Restaurant,"1279 E Hastings St, Vancouver, BC V6A 1S4, Canada",http://www.axumrestaurant.ca/
Ethiopian,Gojo Café Ethiopia I Ethiopian Cuisine,"2838 Commercial Dr, Vancouver, BC V5N 4C6, Canada",http://www.gojocafe.com/
Ethiopian,Zemeta Ethiopian Restaurant,"1015-1009 S Clinton Ave, Rochester, NY 14620, USA",
Ethiopian,Abyssinia Restaurant,"1657 Mt Hope Ave, Rochester, NY 14620, USA",https://www.abyssiniarochesterorder.com/
Ethiopian,Addis Ababa Restaurant,"752 S Goodman St, Rochester, NY 14620, USA",http://www.addisababaroc.com/
Caribbean,Jamaican Spice,"516 Monroe Ave, Rochester, NY 14607, USA",https://www.jamaicanspiceny.com/
Caribbean,Everything Iz Good,"551 E Main St, Rochester, NY 14604, USA",https://www.everythingizgood.com/
Caribbean,Livie's Jamaican Restaurant & Import Market,"1583 Howard Rd, Rochester, NY 14624, USA",
Caribbean,Nins,"1049 Hudson Ave, Rochester, NY 14621, USA",
Caribbean,Reggae Jamaica Restaurant & Bakery,"1485 Dewey Ave, Rochester, NY 14615, USA",https://www.reggaejamaicarestaurantandbakery.com/
Caribbean,Mama B's,"1475 E Henrietta Rd, Rochester, NY 14623, USA",
Caribbean,Jen’s Roti Shop and Caribbean Cuisine,"694 Milford Rd, East Stroudsburg, PA 18301, USA",
Caribbean,Yaad Style Jamaican Restaurant,"499 Lyell Ave, Rochester, NY 14606, USA",
Caribbean,People's Choice Kitchen,"575 Brooks Ave, Rochester, NY 14619, USA",https://www.peopleschoiceroc.com/
Caribbean,Simply Jerk Jamaican Grill,"866 Cranbury - South River Rd, Monroe Township, NJ 08831, USA",http://www.simplyjerkjamaicangrill.com/
Caribbean,Three Little Birds Jamaican Food,"651 Jefferson Ave, Rochester, NY 14611, USA",
Caribbean,Grand Mango Caribbean Restaurant,"4 Smith Clove Rd, Central Valley, NY 10917, USA",https://www.grandmangocaribbeanrestaurant.com/
Caribbean,Caricom Spices Restaurant,"2497 PA-611, Scotrun, PA 18355, USA",https://www.facebook.com/Caricom-Caribbean-Spices-Restaurant-101037319997718/
Caribbean,Cravin Jamaican Cuisine Ossining,"109 Main St, Ossining, NY 10562, USA",http://www.cravinjc.com/
Caribbean,Jamaican Soul,"211 Genesee St, Rochester, NY 14611, USA",
Caribbean,Peppa Pot Restaurant,"522 E Main St, Rochester, NY 14604, USA",
Caribbean,Island Wraps,"5152 E River Rd, West Henrietta, NY 14586, USA",https://www.islandwraps2go.com/
Caribbean,Yash Bowl Restaurant,"1733 Norton St, Rochester, NY 14609, USA",https://www.yashbowlrestaurant.com/?utm_source=gmb&utm_medium=website
Caribbean,Yaadstyle Restaurant,"156 Dolson Ave, Middletown, NY 10940, USA",http://www.yaadstylejerkhouse.com/
Soul,Soulfood Sistas,"675 Maple St, Rochester, NY 14611, USA",
Argentinian,Puerto La Boca,"2060 India St, San Diego, CA 92101, USA",https://www.puertolaboca.com/
Chilean,Mi Tierra,"19480 US-2, Monroe, WA 98272, USA",http://restaurantmitierra.com/
Colombian,Sabor a Colombia Restaurant & Bar Levittown,"2953 Hempstead Tpke, Levittown, NY 11756, USA",https://www.saboracolombiarestaurant.com/
Costa Rican,Mi Viejo San Juan Restaurant,"1143 Joseph Ave, Rochester, NY 14621, USA",https://www.facebook.com/ElfogondeMiViejo/
Czech,Koliba,"3111 23rd Ave, Astoria, NY 11105, USA",https://www.kolibarestaurant.com/
Danish,Taste of Scandinavia Bakery & Cafe,"401 W 98th St, Bloomington, MN 55420, USA",http://www.tasteofscandinavia.com/
Dutch,Dutch Mill,"2901 Dewey Ave, Rochester, NY 14616, USA",
Ecuadorian,Lechon Hornado Ecuatoriano,"7618 Roosevelt Ave, Queens, NY 11372, USA",http://orderlechonhornadoecuatoriano.com/
Ghanaian,Kamara's West African Restaurant,"2003 Lyell Ave, Rochester, NY 14606, USA",
Guatemalan,Sabor Guatemalteco,"103-18 Roosevelt Ave, Queens, NY 11368, USA",
Honduran,Restaurante Antojitos Hondureños,"11703 E Colfax Ave, Aurora, CO 80010, USA",
Icelandic,Icelandic Street Food,"Lækjargata 8, 101 Reykjavík, Iceland",http://www.icelandicfoods.com/
Indonesian,Indo Cafe,"13754 Aurora Ave N Suite D, Seattle, WA 98133, USA",http://www.myindocafe.com/
Iranian,Celeshmet Restaurant | Authentic Persian Halal Restaurant,"6956 Victoria Dr, Vancouver, BC V5P 3Y8, Canada",http://celeshmet.com/?utm_source=gmb&utm_medium=referral
Iraqi,Levantine’s Syrian Cafe & Cuisine,"750 Elmgrove Rd, Rochester, NY 14624, USA",http://www.levantinescafe.com/
Israeli,Jasmine Restaurant & Cafe,"1761 Mt Hope Ave, Rochester, NY 14620, USA",http://www.jasminerestaurantcafe.com/
Israeli,Master Falafel,"519 Monroe Ave, Rochester, NY 14607, USA",https://www.masterfalafelrochester.com/
Israeli,Cedar,"746 Monroe Ave, Rochester, NY 14607, USA",https://cedarlebaneserochester.com/
Israeli,Basha Mediterranean Eatery,"2900 Monroe Ave, Rochester, NY 14618, USA",https://bashamed.com/
Israeli,Shawarma Restaurant,"3670 Mt Read Blvd, Rochester, NY 14616, USA",
Israeli,Levantine’s Syrian Cafe & Cuisine,"750 Elmgrove Rd, Rochester, NY 14624, USA",http://www.levantinescafe.com/
Israeli,Arian's Mediterranean Kebab & Grill LLC,"201 Monroe Ave, Rochester, NY 14607, USA",https://ariansmediterraneankebabandgri.godaddysites.com/
Israeli,Pita Restaurant,"1378 Mt Hope Ave, Rochester, NY 14620, USA",https://www.pitamthope.com/
Israeli,Aladdin's Natural Eatery,"646 Monroe Ave, Rochester, NY 14607, USA",http://eataladdins.com/
Israeli,As Evi Turkish Cuisine,"315 East Ridge Road, Rochester, NY 14621, USA",https://aseviturkishcuisine.com/
Israeli,Allan's Falafel,"115 Main St, Chester, NY 10918, USA",https://www.allansfalafel.net/
Israeli,Dalia's,"1220 Fairport Rd #5, Fairport, NY 14450, USA",https://www.daliasmenu.com/?utm_source=gbp
Israeli,Chortke,"In the rear, parking lot of the village gate, 352 N Goodman St, Rochester, NY 14607, USA",http://www.chortkegrill.com/
Israeli,Sinbad's,"719 Park Ave, Rochester, NY 14607, USA",http://mysinbads.com/
Israeli,Falafel Aleppo,"3240 Chili Ave, Rochester, NY 14624, USA",https://www.facebook.com/profile.php?id=100085568526592
Israeli,Babylon Restaurant,"1475 E Henrietta Rd, Rochester, NY 14623, USA",https://www.babylonrestaurantny.com/
Israeli,Natural Oasis,"288 Monroe Ave, Rochester, NY 14607, USA",http://www.naturaloasisny.com/
Israeli,Adamah Neighborhood Table,"611 Langdon St, Madison, WI 53703, USA",http://adamahmadison.com/
Israeli,Sultan Cuisine and Bakery Restaurant,"1659 Mt Hope Ave, Rochester, NY 14620, USA",
Jamaican,Jamaican Spice,"516 Monroe Ave, Rochester, NY 14607, USA",https://www.jamaicanspiceny.com/
Jamaican,Nins,"1049 Hudson Ave, Rochester, NY 14621, USA",
Jamaican,Everything Iz Good,"551 E Main St, Rochester, NY 14604, USA",https://www.everythingizgood.com/
Jamaican,Livie's Jamaican Restaurant & Import Market,"1583 Howard Rd, Rochester, NY 14624, USA",
Jamaican,Reggae Jamaica Restaurant & Bakery,"1485 Dewey Ave, Rochester, NY 14615, USA",https://www.reggaejamaicarestaurantandbakery.com/
Jamaican,This Is It,"211 Genesee St, Rochester, NY 14611, USA",
Jamaican,Mar Rays,"852 Portland Ave, Rochester, NY 14621, USA",
Jamaican,Pop Style International,"227 Genesee St, Rochester, NY 14611, USA",
Jamaican,Pan-Cart,"Closed, Rochester, NY 14609, USA",
Jamaican,Yaad Style Jamaican Restaurant,"499 Lyell Ave, Rochester, NY 14606, USA",
Jamaican,Hungry Hut,"775 N Goodman St, Rochester, NY 14609, USA",
Jamaican,Avery's Savory Catering,"87 Parsells Ave, Rochester, NY 14609, USA",
Jamaican,Mama B's,"1475 E Henrietta Rd, Rochester, NY 14623, USA",
Jamaican,Jamaican Soul,"211 Genesee St, Rochester, NY 14611, USA",
Jamaican,Three Little Birds Jamaican Food,"651 Jefferson Ave, Rochester, NY 14611, USA",
Jamaican,People's Choice Kitchen,"575 Brooks Ave, Rochester, NY 14619, USA",https://www.peopleschoiceroc.com/
Jamaican,Yash Bowl Restaurant,"1733 Norton St, Rochester, NY 14609, USA",https://www.yashbowlrestaurant.com/?utm_source=gmb&utm_medium=website
Jamaican,Peppa Pot Restaurant,"522 E Main St, Rochester, NY 14604, USA",
Jamaican,Simply Jerk Jamaican Grill,"866 Cranbury - South River Rd, Monroe Township, NJ 08831, USA",http://www.simplyjerkjamaicangrill.com/
Jamaican,Fiyah side jamaican cuisine,"775 N Goodman St, Rochester, NY 14609, USA",
Jordanian,Basha Mediterranean Eatery,"2900 Monroe Ave, Rochester, NY 14618, USA",https://bashamed.com/
Kuwaiti,Moga Kuwait Restaurant,"833P+4XF, Rumaithiya, Kuwait",http://instagram.com/moga.kw
Laotian,Thai On Main Street,"115 W Main St, Monroe, WA 98272, USA",https://thaionmainstreet.com/
Malaysian,Ipoh Malay Cuisine,"1316 W 73rd Ave, Vancouver, BC V6P 4M9, Canada",https://www.ipohmalaycuisine.ca/
Malaysian,Laksa King,"2546 E Hastings St, Vancouver, BC V5K 1Z3, Canada",https://laksaking.ca/
Malaysian,Malay Satay Hut,"5540, 15230 NE 24th St, Redmond, WA 98052, USA",https://www.malaysatay.com/
Mongolian,Mongolian BBQ/Mochinut,"544 Jefferson Rd, Rochester, NY 14623, USA",https://www.mongolianbbqroc.com/
Mongolian,Sun’s Mongolian,"850 Ridge Rd, Irondequoit, NY 14617, USA",http://www.rocmongolianbbq.com/
Nepalese,Royal Nepalese Momo Palace - #1 Place for Momos + Sugarcane Juice,"3490 Kingsway, Vancouver, BC V5R 5L7, Canada",https://www.royalmomopalace.com/
Nicaraguan,Sabor Nicaragüense Restaurant,"1927 S Western Ave, Los Angeles, CA 90018, USA",http://sabornicaraguenserestaurant.com/
Pakistani,Jugnoos,"3333 W Henrietta Rd Unit C, Rochester, NY 14623, USA",
Paraguayan,I Love Paraguay Restaurant,"4316 Greenpoint Ave, Queens, NY 11104, USA",http://www.ilovepy.com/
Peruvian,Aji Limo Peruvian cuisine,"199 Main St, Ossining, NY 10562, USA",http://www.ajilimoperuviancuisine.com/
Philippine,Pampanga’s Cuisine Home of the Original Sisig,"5179 Joyce St, Vancouver, BC V5R 4G8, Canada",http://pampangascuisine.ca/
Polish,Polska Chata LLC,"32 Vinedale Ave, Rochester, NY 14622, USA",http://polskachatallc.com/
Puerto Rican,El Rincon Caribe,"2936 PA-611, Tannersville, PA 18372, USA",
Romanian,Romanian Garden,"43-06 43rd Ave, Queens, NY 11104, USA",https://www.romaniangarden.nyc/
Saudi Arabian,Basha Mediterranean Eatery,"2900 Monroe Ave, Rochester, NY 14618, USA",https://bashamed.com/
Singaporean,Singapore Hawker,"1169 Pacific St #120, Coquitlam, BC V3B 0J1, Canada",http://www.singaporehawker.ca/
Singaporean,Shiok Singaporean Cuisine,"1716 Kingsway, Vancouver, BC V5N 2S4, Canada",http://shiok.ca/
Singaporean,Prata-Man Singapore Cuisine,"9060 Capstan Wy, Richmond, BC V6X 3N6, Canada",https://prata-man-richmond.business.site/
Somali,Baarakallah Restaurant Somali Cuisine,"408 Cedar Ave #1, Minneapolis, MN 55454, USA",https://baarakallahsomalicuisine.com/
South African,Kamara's West African Restaurant,"2003 Lyell Ave, Rochester, NY 14606, USA",
Swiss,Suisse Haus Food & Spirits,"1602 12th St, Monroe, WI 53566, USA",
Syrian,Cedar,"746 Monroe Ave, Rochester, NY 14607, USA",https://cedarlebaneserochester.com/
Taiwanese,Bubble 88,"10209 King George Blvd #102, Surrey, BC V3T 2W6, Canada",https://bubble88.business.site/
Taiwanese,台風 Typhoon Bubble Tea Taiwanese Cuisine,"11700 Cambie Rd. #175, Richmond, BC V6X 1L5, Canada",https://typhoonbbt.ca/
Taiwanese,Joys Taiwanese Food,"4380 No. 3 Rd, Richmond, BC V6X 3V7, Canada",
Taiwanese,Chef Hung Taiwanese Beef Noodle,"3313 Shrum Lane #102, Vancouver, BC V6S 0C8, Canada",http://www.chefhungnoodle.com/
Tanzanian,Kamara's West African Restaurant,"2003 Lyell Ave, Rochester, NY 14606, USA",
Thai,Thai On Main Street,"115 W Main St, Monroe, WA 98272, USA",https://thaionmainstreet.com/
Thai,Benjarong Thai Restaurant,"whitfield building, 19480 US-2 D1, Monroe, WA 98272, USA",https://benjarongmonroe.com/
Thai,Thai and Taps Restaurant Snohomish,"115 Ave A, Snohomish, WA 98290, USA",http://www.thaiandtapssnohomish.com/
Thai,ThaiYada Restaurant,"315 Alexander St, Rochester, NY 14604, USA",https://www.thaiyadarestaurant.com/
Thai,The KING AND I Cuisine of Thailand,"1455 E Henrietta Rd, Rochester, NY 14623, USA",http://www.thekingandithaicuisine.com/
Thai,Patsara Thai,"528 Carnarvon St, New Westminster, BC V3L 1C4, Canada",https://www.patsara.ca/
Thai,Siri Thai Cuisine,"315 S Telegraph Rd, Monroe, MI 48161, USA",http://www.sirithaicuisinemonroe.com/
Thai,Lakewood Thai Cuisine,"17020 Twin Lakes Ave, Marysville, WA 98271, USA",http://www.lakewoodthai.com/
Thai,Khong Thai Cuisine,"260 Winton Rd N, Rochester, NY 14610, USA",http://www.khongthaicuisine.com/
Thai,Saks Thai Cuisine Inc,"7374 Pittsford Palmyra Rd, Fairport, NY 14450, USA",http://www.saksthaicuisine.com/
Thai,Pattaya Thai Restaurant,"1843 Penfield Rd, Penfield, NY 14526, USA",http://pattayathairochesterny.com/
Tunisian,Moun Of Tunis Restaurant,"7445 1/2 Sunset Blvd, Los Angeles, CA 90046, USA",http://www.mounoftunis.com/index.html
Ukrainian,Galicia Restaurant,"489 South Ave, Rochester, NY 14620, USA",https://www.galiciarestaurant.com/
Uruguayan,La Gran Uruguaya Restaurant,"85-02 37th Ave, Jackson Heights, NY 11372, USA",http://lagranuruguaya.com/
Venezuelan,Paparepas Venezuelan Food,"21224 84th Ave S, Kent, WA 98031, USA",https://www.paparepas.com/
Vietnamese,Saigon Pho And Grill,"19959 US-2, Monroe, WA 98272, USA",
Vietnamese,Phở Thanh Na,"19022 Lenton Pl SE, Monroe, WA 98272, USA",https://www.facebook.com/PhoThanhNa
Vietnamese,Saigon Kitchen,"249 E Main St, Monroe, WA 98272, USA",
Vietnamese,Phở Mimôsa,"817 Ave D, Snohomish, WA 98290, USA",https://www.phomimosa.com/
Vietnamese,Ivy's Kitchen Vietnamese Restaurant,"4598 Main St, Vancouver, BC V5V 3R5, Canada",
Vietnamese,Family Pho & Banh Mi,"1427 Ave D, Snohomish, WA 98290, USA",
Vietnamese,Viet Thai Noodle House,"25 95th Dr NE #108, Lake Stevens, WA 98258, USA",https://www.facebook.com/VietThaiNoodleHouse
Vietnamese,Yummy Banh Mi,"1606 Hewitt Ave, Everett, WA 98201, USA",
Vietnamese,Saigon Pho,"1384 Lyell Ave, Rochester, NY 14606, USA",
Vietnamese,SEA Restaurant,"741 Monroe Ave, Rochester, NY 14607, USA",https://www.facebook.com/SEA-Restaurant-162779773795
Vietnamese,Blue Taro,"942 Monroe Ave, Rochester, NY 14620, USA",
Vietnamese,Nam Vang Restaurant,"1380 Lyell Ave, Rochester, NY 14606, USA",
Yemeni,Halal-Yemen Restaurant,"525 East Ridge Road, Rochester, NY 14621, USA",
Zambian,Kamara's West African Restaurant,"2003 Lyell Ave, Rochester, NY 14606, USA",
Zimbabwean,Kamara's West African Restaurant,"2003 Lyell Ave, Rochester, NY 14606, USA",
