Cuisine Type,Name,Address,Website
Mexican,Salon Mexico,"500b Main St, Fairplay, CO 80440, USA",
Mexican,Casa Sanchez,"706 Main St, Fairplay, CO 80440, USA",https://www.casasanchez-mexicanrestaurant.com/locations
Mexican,Los 3 Garcias,"25567 Conifer Rd, Conifer, CO 80433, USA",https://www.los3garciasrestaurants.com/
Mexican,3 Victoria Conifer,"10903 US Hwy 285 E204, Conifer, CO 80433, USA",http://3victoriasconifer.com/
Mexican,Mi Casa Mexican Restaurant and Cantina,"600 South Park Avenue, Breckenridge, CO 80424, USA",http://www.micasabreck.com/
Mexican,Casa Tequilas,"1204 Bergen Pkwy, Evergreen, CO 80439, USA",http://casatequilasrestaurant.com/
Mexican,Fiesta Jalisco,"Reliance Place Shopping Center, 224 S Main St, Breckenridge, CO 80424, USA",https://www.breckenridge.fiestajaliscoco.com/
Mexican,Salado,"456 Front St Suite B, Fairplay, CO 80440, USA",http://saladorestaurant.com/
Mexican,Coa Cantina,"1900 Airport Rd # A4, Breckenridge, CO 80424, USA",http://www.coacantinabreck.com/
Mexican,Oaxacan bites,"327 N Main St, Breckenridge, CO 80424, USA",
Mexican,Tu Casa Mexican Restaurant,"11757 W Ken Caryl Ave A, Littleton, CO 80127, USA",http://tucasamexican.com/
Mexican,Quandary Tequila Bistro,"505 S Main St C1, Breckenridge, CO 80424, USA",https://quandarytequilabistro.com/?utm_source=Google%20My%20Business&utm_medium=organic
Mexican,Sancho Tacos & Tequilas,"520 S Main St, Breckenridge, CO 80424, USA",http://www.sanchotaco.com/
Mexican,Las Fuentes Restaurant,"13161 W Alameda Pkwy, Lakewood, CO 80228, USA",
Mexican,Rita's • Agave Y Tacos,"301 S Main St, Breckenridge, CO 80424, USA",http://ritasbreck.com/
Mexican,Fuego Azteca Mexican Restaurant & Cantina,"5 County Rd 72, Fraser, CO 80442, USA",https://fuegoaztecas.com/
Mexican,Casa Grande Mexican Restaurant,"220 E Elkhorn Ave, Estes Park, CO 80517, USA",http://www.casagrandemexicanaofep.com/
Mexican,Las Potrancas Mexican Restaurant Arvada,"11651 W 64th Ave, Arvada, CO 80004, USA",https://www.laspotrancasmexicanrestaurant.com/arvada/index.html
Mexican,Hacienda Colorado,"10500 Bierstadt Way, Lone Tree, CO 80112, USA",https://haciendacolorado.com/locations/lone-tree/
Mexican,4G's at Columbine,"5950 S Platte Canyon Rd, Littleton, CO 80123, USA",https://4gscolumbine.net/
Swedish,Taste of Scandinavia Bakery & Cafe,"401 W 98th St, Bloomington, MN 55420, USA",http://www.tasteofscandinavia.com/
Italian,Millonzi's Restaurant,"501 Front St, Fairplay, CO 80440, USA",https://www.millonzisrestaurant.com/
Italian,Zuccaro's Kitchen,"12787 US-24, Hartsel, CO 80449, USA",http://zuccaroskitchen.com/
Italian,Sauce on the Maggie,"The Village at Breckenridge Plaza 1, 600 South Park Avenue, Breckenridge, CO 80424, USA",https://sauceonthemaggie.com/?utm_source=Google%20My%20Business&utm_medium=organic
Italian,Giampietro Pasta & Pizzeria,"100 N Main St #212, Breckenridge, CO 80424, USA",http://www.giampietropizza.com/
Italian,Michael's Italian Restaurant,"326 S Main St, Breckenridge, CO 80424, USA",http://www.michaelsitalian.com/
Italian,Cranelli's Italian Restaurant,"10047 Park Meadows Dr Unit F, Lone Tree, CO 80124, USA",http://www.cranellis.com/
Italian,Radicato Breckenridge,"137 S Main St Floor 2, Breckenridge, CO 80424, USA",https://www.radicatobreck.com/
Italian,3 Sons Italian Restaurant & Bar,"14805 W 64th Ave, Arvada, CO 80007, USA",https://www.3sonsitalian.com/
Italian,Blue River Bistro,"305 N Main St, Breckenridge, CO 80424, USA",http://www.blueriverbistro.com/
Italian,Windy City Pizza and Pub (Breckenridge),"400 North Park Avenue #15A, Breckenridge, CO 80424, USA",https://windycitypizza.co/breckenridge/
Italian,Crave BV,"300 E Main St, Buena Vista, CO 81211, USA",https://cravebv.com/
Italian,Piante Pizzeria,"520 S Main St #3M, Breckenridge, CO 80424, USA",http://www.piantepizzeria.com/
Italian,2 Dads Eatery and Taproom,"60006 US Hwy 285, Bailey, CO 80421, USA",
Italian,Nonna's Italian Bistro,"11877 E Arapahoe Rd Suite 100, Centennial, CO 80111, USA",https://www.nonnasbistro.com/
Italian,Oliver's Italian,"4950 S Yosemite St F3, Greenwood Village, CO 80111, USA",https://www.oliversitalian.com/
Italian,Maggiano's Little Italy,"7401 S Clinton St, Englewood, CO 80112, USA",https://www.maggianos.com/locations/colorado/englewood/7401-south-clinton-st.?utm_source=google&utm_medium=organic&utm_campaign=Maggianos
Italian,Mici Italian,"727 Colorado Blvd, Denver, CO 80206, USA",https://miciitalian.com/
Italian,Legends Steaks & Seafood,"215 S Ridge St, Breckenridge, CO 80424, USA",http://www.legendsbreckenridge.com/
Italian,Papa's Kitchen,"30230 Co Rd 383, Buena Vista, CO 81211, USA",
Italian,C' Amore Italian Restaurant,"6232 S Parker Rd Unit 400, Centennial, CO 80016, USA",https://camoreitalian.com/
Spanish,Bordertown Mexican Grill,"538 Peace Portal Dr, Blaine, WA 98230, USA",https://bordertownmexicangrill.com/
American,McCall's Park Bar,"511 Front St, Fairplay, CO 80440, USA",http://mccallsparkbar.com/
American,2 Dads Eatery and Taproom,"60006 US Hwy 285, Bailey, CO 80421, USA",
American,Platte River Saloon,"517 Front St, Fairplay, CO 80440, USA",https://platteriversaloon.wixsite.com/fairplay
American,Highline Cafe & Saloon,"12779 US-24, Hartsel, CO 80449, USA",https://www.facebook.com/Highline-Cafe-Saloon-1732388637059944/
American,South Park Coney Island Boardwalk,"10 Old Stagecoach Rd Ste 973, Bailey, CO 80421, USA",
American,Otto's Fairplay,"450 US Hwy 285, Fairplay, CO 80440, USA",https://www.facebook.com/ottosfoodcart/
American,Cutthroat Cafe,"157 Main St, Bailey, CO 80421, USA",http://cutthroatcafebailey.com/
American,South Park Saloon,"24 N Main St, Alma, CO 80420, USA",http://www.southparksaloon.com/
American,The Smiling Pig,"1 Co Rd 68, Bailey, CO 80421, USA",http://thesmilingpig.com/
American,Myla Rose Saloon,"4192 CO-9, Breckenridge, CO 80424, USA",http://mylarosesaloon.com/
American,Spencer's Restaurant,"620 Village Rd, Breckenridge, CO 80424, USA",http://www.beaverrun.com/dining/spencers
American,Hearthstone Restaurant,"130 S Ridge St, Breckenridge, CO 80424, USA",https://www.hearthstonebreck.com/
American,Traverse Restaurant & Bar,"112 Overlook Dr, Breckenridge, CO 80424, USA",https://thelodgeatbreckenridge.com/breck-dining/
American,Robbie's Tavern,"1627 Ski Hill Rd, Breckenridge, CO 80424, USA",https://robbiestavern.com/
American,Bird and Cow,"113 S Ridge St, Breckenridge, CO 80424, USA",https://birdandcow.com/
American,HD Tavern,"500 S Main St, Breckenridge, CO 80424, USA",http://www.hungrydogofbreck.com/
American,Flip Side Breckenridge,"320 S Main St, Breckenridge, CO 80424, USA",http://www.flipsideburger.com/
American,Sevens,"1979 Ski Hill Rd, Breckenridge, CO 80424, USA",
American,9600 Kitchen,"550 Village Rd, Breckenridge, CO 80424, USA",https://www.breckenridge.com/explore-the-resort/during-your-stay/dining/9600-kitchen.aspx
American,Otto's Food Cart,"45 S Main St, Alma, CO 80420, USA",https://www.facebook.com/ottosfoodcart/
Scottish,Macleod’s Scottish Pub,"5200 Ballard Ave NW, Seattle, WA 98107, USA",http://www.macleodsballard.com/
British,The Brit,"5905 Corporate Dr, Colorado Springs, CO 80919, USA",https://www.greatbritish.net/?utm_source=gmb&utm_medium=organic
British,The Burns Pub & Restaurant,"9009 Metro Airport Ave, Broomfield, CO 80021, USA",https://theburnspub.com/
Thai,Thai Chili 89 Thai Street Food (Breckenridge Location),"100 N Main St #204, Breckenridge, CO 80424, USA",https://www.thaichilibreckenridge.com/
Thai,Bangkok Happy Bowl Thai Bistro and Sushi Bar,"103.5 N Main St, Breckenridge, CO 80424, USA",https://ordering.chownow.com/order/30152/locations/55681?y_source=1_MTQzOTIzMDktNzE1LWxvY2F0aW9uLndlYnNpdGU%3D
Thai,Beau Thai Restaurant,"1262 Bergen Pkwy e108, Evergreen, CO 80439, USA",
Thai,E&T Thai Food,"9234 Park Meadows Dr STE 700, Lone Tree, CO 80124, USA",https://www.eandtthaifood.com/
Thai,Thai Green & Sushi,"3300 Youngfield St Unit 7A, Wheat Ridge, CO 80033, USA",http://www.thaigreensushi.com/
Thai,La mai Thai kitchen,"2001 Sheridan Boulevard suite c, Edgewater, CO 80214, USA",http://lamaithaikitchen.com/
Thai,Aung's Bangkok Cafe,"1225 E Hampden Ave, Englewood, CO 80113, USA",http://aungsbangkokcafe.com/
Thai,Chang Noi Thai Cuisine,"18366 Lincoln Ave Unit 109, Parker, CO 80134, USA",http://www.changnoithaiparker.com/
Thai,Estes Thai Restaurant,"401 E Elkhorn Ave, Estes Park, CO 80517, USA",http://www.estesthai.com/
Thai,Asian Fusion,"22186 US Hwy 285, Fairplay, CO 80440, USA",
Thai,At Nine Thai,"8101 S Quebec St unit c, Centennial, CO 80112, USA",https://www.atninethai.com/
Thai,Mountain Thai Kitchen,"1000 Depot Hill Rd A, Broomfield, CO 80020, USA",http://mountainthaikitchen.com/
Thai,Peak of asia,"500 S Main St, Breckenridge, CO 80424, USA",http://www.peakofasiaco.com/
Thai,Dancing Noodle,"10841 S Crossroads Dr UNIT 10, Parker, CO 80134, USA",https://www.dancingnoodlerestaurant.com/
Thai,Mile High Thai,"707 Federal Blvd Kitchen 10-11, Denver, CO 80204, USA",http://www.milehighthai.com/
Japanese,Oyama Sushi & Ramen,"25587 Conifer Rd#120, Conifer, CO 80433, USA",https://www.oyamasushiandramen.com/
Japanese,SNOWFOX Sushi,"400 North Park Avenue, Breckenridge, CO 80424, USA",https://jfefood.com/store-locations/
Japanese,The Blue Fish Breckenridge,"112 Lincoln Ave, Breckenridge, CO 80424, USA",https://www.thebluefishsushi.com/
Japanese,Asian Fusion,"22186 US Hwy 285, Fairplay, CO 80440, USA",
Japanese,Wasabi Japanese Restaurant,"311 S Main St, Breckenridge, CO 80424, USA",http://www.wasabi-breckenridge.com/
Japanese,Mountain Flying Fish,"La Cima Mall, 500 S Main St, Breckenridge, CO 80424, USA",http://mtflyingfish.com/
Japanese,Asobi Teppanyaki,"110 South Park Avenue, Breckenridge, CO 80424, USA",http://www.asobiteppanyakico.com/#/
Japanese,Bangkok Happy Bowl Thai Bistro and Sushi Bar,"103.5 N Main St, Breckenridge, CO 80424, USA",https://ordering.chownow.com/order/30152/locations/55681?y_source=1_MTQzOTIzMDktNzE1LWxvY2F0aW9uLndlYnNpdGU%3D
Japanese,Thai Green & Sushi,"3300 Youngfield St Unit 7A, Wheat Ridge, CO 80033, USA",http://www.thaigreensushi.com/
Japanese,Mt Fuji Hibachi & Sushi,"18260 Lincoln Ave, Parker, CO 80134, USA",http://www.mtfujiparker.com/?utm_source=gmb&utm_medium=website
Japanese,Hiratori Hibachi Express Ramen Yakitori,"18671 Mainstreet D, Parker, CO 80134, USA",https://japaneserestaurantparker.com/
Japanese,Yutaka Japanese Bistro,"105 11411, 4945 S Twenty Mile Rd, Parker, CO 80134, USA",https://www.yutakaparker.com/
Japanese,Kurosawa,"17002 Mainstreet UNIT A, Parker, CO 80134, USA",http://www.kurosawaparker.com/?utm_source=gmb&utm_medium=website
Japanese,Shoyu Sushi (Parker),"10981 S Parker Rd, Parker, CO 80134, USA",http://shoyuparker.com/
Japanese,Osaka's,"2460 Canyon Blvd Suite #1, Boulder, CO 80302, USA",https://www.osakasrestaurant.com/
Japanese,Mr. Ramen & Sushi,"9328 Jordan Rd #105, Parker, CO 80134, USA",http://www.mrramenparker.com/
Japanese,Hooked Beaver Creek,"122 Beaver Creek Dr, Avon, CO 81620, USA",https://hookedbc.com/
Japanese,Cung Sushi and Catering,"3550 W 38th Ave, Denver, CO 80211, USA",
Chinese,China Village Chinese Restaurant,"60693 US Hwy 285, Bailey, CO 80421, USA",https://chinavillagechineserestaurant.business.site/
Chinese,Asian Fusion,"22186 US Hwy 285, Fairplay, CO 80440, USA",
Chinese,Hong Kong,"8280 W Coal Mine Ave, Littleton, CO 80123, USA",
Chinese,P.F. Chang's,"8315 Park Meadows Center Dr, Lone Tree, CO 80124, USA",https://www.pfchangs.com/locations/us/co/lone-tree/8315-s-park-meadows-center-dr/1700-park-meadows.html?utm_source=google_gbp&utm_medium=organic
Chinese,China Garden,"460 W Riverside Dr, Estes Park, CO 80517, USA",http://www.chinagardenestespark.com/
Chinese,He-Xing Garden,"7500 S University Blvd #103C-D, Centennial, CO 80122, USA",http://www.hexinggarden-co.com/
Chinese,John Holly's Asian Bistro,"9232 Park Meadows Dr, Lone Tree, CO 80124, USA",https://johnhollysasianbistrolonetree.com/
Chinese,Peak of asia,"500 S Main St, Breckenridge, CO 80424, USA",http://www.peakofasiaco.com/
Chinese,Asobi Teppanyaki,"110 South Park Avenue, Breckenridge, CO 80424, USA",http://www.asobiteppanyakico.com/#/
Chinese,NBX Asian Cuisine,"9068 Forsstrom Dr C20, Lone Tree, CO 80124, USA",https://nbxasiancuisine.com/
Chinese,The Smiling Pig,"1 Co Rd 68, Bailey, CO 80421, USA",http://thesmilingpig.com/
Chinese,Peter's Chinese Cafe,"2609 12th Ave, Denver, CO 80206, USA",http://peterschinese.com/
Chinese,Hong Kong Station 港味小厨,"6878 S Yosemite St, Centennial, CO 80112, USA",https://www.hkstationdenver.com/
Chinese,Pho Dong Huong Restaurant,"9050 W 58th Ave, Arvada, CO 80002, USA",http://www.phodonghuongarvada.com/?utm_source=gmb&utm_medium=website
Chinese,Hoong's Palace,"10333 E Costilla Ave, Englewood, CO 80112, USA",http://www.hoongspalace.com/
Chinese,Bangkok Happy Bowl Thai Bistro and Sushi Bar,"103.5 N Main St, Breckenridge, CO 80424, USA",https://ordering.chownow.com/order/30152/locations/55681?y_source=1_MTQzOTIzMDktNzE1LWxvY2F0aW9uLndlYnNpdGU%3D
Chinese,SNOWFOX Sushi,"400 North Park Avenue, Breckenridge, CO 80424, USA",https://jfefood.com/store-locations/
Chinese,Cherry Village Asian Grill,"17001 Lincoln Ave A, Parker, CO 80134, USA",https://www.cherryvillageasiangrill.com/
Chinese,Thai Chili 89 Thai Street Food (Breckenridge Location),"100 N Main St #204, Breckenridge, CO 80424, USA",https://www.thaichilibreckenridge.com/
Chinese,The Soup Pot,"351 US Hwy 285, Fairplay, CO 80440, USA",https://www.souppotco.com/
Indian,Cuisine of the Himalayas,"1262 Bergen Pkwy, Evergreen, CO 80439, USA",https://www.cuisineofthehimalayas.com/
Indian,Zaika Indian Cuisine - Erie,"51 Erie Pkwy, Erie, CO 80516, USA",http://www.zaikaerie.com/
Indian,Zaika Indian Cuisine,"151 W Mineral Ave #109, Littleton, CO 80120, USA",https://www.zaikalittleton.com/
Indian,India's Kitchen II-Centennial,"8236 S Holly St, Centennial, CO 80122, USA",http://www.indiaskitchen2.com/
Indian,Urban Village Grill,"8505 Park Meadows Center Dr #2184, Lone Tree, CO 80124, USA",https://urbanvillagegrill.com/
Indian,Himalayan Curry & Kebob,"101 W Elkhorn Ave, Estes Park, CO 80517, USA",https://www.himalayancurryandkebob.com/
Indian,Durbar - Nepalese & Indian Bistro,"47 Cooper Creek Way #222, Winter Park, CO 80482, USA",https://winterpark.durbarbistroorderonline.com/
Indian,Spice Of India Restaurant and Bar,"12025 N Pecos St, Westminster, CO 80234, USA",https://spiceofindiausa.com/
Indian,India's Kitchen-Parker,"18701 Mainstreet, Parker, CO 80134, USA",https://www.indiaskitchen1.com/
Indian,India’s Kitchen III,"16270 E Arapahoe Rd #202, Foxfield, CO 80016, USA",https://www.indiaskitchen3.com/
Indian,Tandoori Flames Indian Scratch Kitchen,"556 Village Square Ln Suite 200, Castle Pines, CO 80108, USA",http://tandooriflamesrestaurant.com/
Indian,Smoky Hill Indian Cuisine,"22942 E Smoky Hill Rd Unit A, Aurora, CO 80016, USA",http://www.smokyhillindian.com/
Indian,Spice Kitchen Parker,"19751 Mainstreet, Parker, CO 80138, USA",http://www.spicekitchenparker.com/
Indian,Colorado Curry - Berthoud,"903 Mountain Ave, Berthoud, CO 80513, USA",http://coloradocurry.com/
Russian,Masha and the Bear Russian Cafe,"12101 E Iliff Ave, Aurora, CO 80014, USA",http://www.mbrussiancafe.com/
Russian,Restaurant National,"909 S Oneida St Ste 1b, Denver, CO 80224, USA",
Jewish,Zaidy's Deli & Bakery,"600 S Holly St #114, Denver, CO 80246, USA",http://www.zaidysdeli.com/
Jewish,East Side Kosher Deli,"499 S Elm St, Glendale, CO 80246, USA",http://www.eastsidekosherdeli.com/
Jewish,Mordy's Falafel & Grill,"701 S Monaco St Pkwy, Denver, CO 80224, USA",http://mordysfalafel.com/
Jewish,Bistro at Canyons Village,"2669 Canyons Resort Dr, Park City, UT 84098, USA",http://www.parkcitykosher.com/
Jewish,D Z Akin's,"6930 Alvarado Rd, San Diego, CA 92120, USA",https://www.dzakinsdeli.com/
Jewish,The Bagel Deli & Restaurant,"6439 E Hampden Ave, Denver, CO 80222, USA",https://www.bageldeli.com/
Jewish,Kitchen18,"10211 N Scottsdale Rd, Scottsdale, AZ 85253, USA",http://www.thekitchen18.com/
Jewish,The Ranch @ West 40,"12101 W Colfax Ave, Lakewood, CO 80215, USA",http://www.ranchatwest40.com/
Jewish,Deno's Mountain Bistro,"78911 US-40, Winter Park, CO 80482, USA",http://www.denoswp.com/
Jewish,New York Deli News,"7105 E Hampden Ave, Denver, CO 80224, USA",https://nydelinews.com/
Jewish,Rosenberg's Kosher,"942 S Monaco St Pkwy, Denver, CO 80224, USA",http://www.rosenbergskosher.com/
Jewish,Max's Deli,"191 Skokie Valley Rd, Highland Park, IL 60035, USA",https://www.maxs-deli.com/
Jewish,Jason's Deli,"204 Union Blvd, Lakewood, CO 80228, USA",https://www.jasonsdeli.com/restaurants/lakewood-deli
Jewish,D'Deli,"1207 Washington Ave, Golden, CO 80401, USA",http://www.ddeligolden.com/
Jewish,Call Your Mother Deli - Tennyson,"3880 Tennyson St, Denver, CO 80212, USA",https://www.callyourmotherdeli.com/
Jewish,Heidi's Brooklyn Deli,"9630 Heritage Hills Cir, Lone Tree, CO 80124, USA",https://heidisbrooklyndeli.com/location/lone-tree/
Jewish,Kosher Nosh Deli Restaurant & Catering,"894 Prospect St, Glen Rock, NJ 07452, USA",http://www.koshernosh.com/
Jewish,Ali Baba Grill,"109 N Rubey Dr, Golden, CO 80403, USA",http://www.alibabagrill.com/
Jewish,European Market & Bistro,"1990 Wadsworth Blvd Unit 7, 8, Lakewood, CO 80214, USA",https://europeanmarket-bistro.com/
Jewish,Classic Eats Delicatessen,"3910 W Colfax Ave, Denver, CO 80204, USA",http://classiceatsdeli.com/
Polish,Pierogies Factory,"3795 Wadsworth Blvd, Wheat Ridge, CO 80033, USA",http://pierogiesfactory.com/
German,The Old Bavaria Haus Restaurant,"233 6th St, New Westminster, BC V3L 3A5, Canada",http://www.oldbavariahaus.com/
French,La Française Bistrot,"411 S Main St Unit 4, Breckenridge, CO 80424, USA",http://lafrancaisebistrot.com/
French,Bistro Vendôme,"2267 Kearney St, Denver, CO 80207, USA",http://www.bistrovendome.com/
French,French Alpine Bistro - Crêperie du Village,"400 E Hopkins Ave, Aspen, CO 81611, USA",http://www.frenchalpinebistro.com/
French,Le French - 9+CO,"846 Albion St, Denver, CO 80220, USA",http://www.lefrenchdenver.com/
French,La Merise French Bistro,"2700 E 3rd Ave North, Denver, CO 80206, USA",http://lamerisedenver.com/
French,Bistro Barbès,"5021 E 28th Ave, Denver, CO 80207, USA",http://bistrobarbes.com/
French,Cafe de France,"2730 S Colorado Blvd, Denver, CO 80222, USA",http://www.cafedefrancedtc.com/
French,La Tour Restaurant,"122 E Meadow Dr, Vail, CO 81657, USA",http://www.latour-vail.com/
French,Atelier by Radex,"2011 E 17th Ave, Denver, CO 80206, USA",https://atelierbyradex.com/
French,La Francaise,"411 S Main St #3, Breckenridge, CO 80424, USA",http://lafrancaisebreck.com/
French,Cutthroat Cafe,"157 Main St, Bailey, CO 80421, USA",http://cutthroatcafebailey.com/
French,French 75,"717 17th St Ste B, Denver, CO 80202, USA",https://www.bonannoconcepts.com/restaurant/french-75/
French,Le French Café,"2525 Arapahoe Ave C-1, Boulder, CO 80302, USA",https://www.lefrenchcafeboulder.com/
French,Highline Cafe & Saloon,"12779 US-24, Hartsel, CO 80449, USA",https://www.facebook.com/Highline-Cafe-Saloon-1732388637059944/
French,Crepes A La Cart,"307 S Main St, Breckenridge, CO 80424, USA",http://www.crepesalacarts.com/
French,Famille,"8875 Westminster Blvd, Westminster, CO 80031, USA",https://www.famillewestminster.com/
French,Vintage,"12 Vail Rd #100, Vail, CO 81657, USA",http://www.vintage-vail.com/
Hawaiian,Ekahi Grill,"101 Oak Ridge Dr, Gypsum, CO 81637, USA",https://order.spoton.com/so-ekahi-grill-to-go-888/gypsum-co/5e793ae8c21f82266a8a9e63
Brazilian,Botteco Brazil Restaurant,"14561 Bothell Way NE, Shoreline, WA 98155, USA",http://bottecobrazil.com/
Brazilian,Fogo de Chão Brazilian Steakhouse,"8419 Park Meadows Center Dr, Lone Tree, CO 80124, USA",https://fogodechao.com/location/lone-tree/
Brazilian,Texas de Brazil - Denver,"8390 Northfield Blvd Ste 1800, Denver, CO 80238, USA",https://texasdebrazil.com/locations/denver/?utm_source=gmb&utm_medium=yext&y_source=1_NDg4MzA3NDEtNzE1LWxvY2F0aW9uLndlYnNpdGU%3D
Brazilian,Novilhos Brazilian Steakhouse,"12405 SE 38th St, Bellevue, WA 98006, USA",https://novilhos.com/
Brazilian,Little Brazil Restaurant,"7333 W 38th Ave, Wheat Ridge, CO 80033, USA",http://www.littlebrazilco.com/
Brazilian,Tucanos Brazilian Grill,"545 E University Pkwy, Orem, UT 84097, USA",http://www.tucanos.com/
Brazilian,Aroma do Brazil,"10722 E Iliff Ave, Aurora, CO 80014, USA",http://www.aromaofbrazil.com/
Brazilian,Fogo de Chão Brazilian Steakhouse,"440 Bellevue Way NE, Bellevue, WA 98004, USA",https://fogodechao.com/location/bellevue/
Brazilian,Tucanos Brazilian Grill,"3294 Cinema Point, Colorado Springs, CO 80922, USA",http://www.tucanos.com/
Brazilian,Fogo de Chão Brazilian Steakhouse,"18602 Alderwood Mall Pkwy Suite 1110, Lynnwood, WA 98037, USA",https://fogodechao.com/location/lynnwood/
Brazilian,The Grill From Ipanema,"2313 1st Ave, Seattle, WA 98121, USA",https://www.seattlegrillfromipanema.com/?y_source=1_OTE5OTMzODItNzE1LWxvY2F0aW9uLndlYnNpdGU%3D
Brazilian,Fogo de Chão Brazilian Steakhouse,"930 SW 6th Ave, Portland, OR 97204, USA",https://fogodechao.com/location/portland/
Brazilian,Rodizio Grill Brazilian Steakhouse Denver Tech Center,"7340 S Clinton St, Englewood, CO 80112, USA",https://www.rodiziogrill.com/denvertechcenter/
Peruvian,San Fernando Roasted Peruvian Chicken,"16616 International Blvd, SeaTac, WA 98188, USA",http://www.pollos-sanfernando.com/
Salvadorian,El Balcon,"326 Pacific Ave, Bremerton, WA 98337, USA",https://elbalconwa.com/
Cuban,El Bohio Cuban Cuisine,"2080 Youngfield St, Lakewood, CO 80215, USA",https://www.elbohiocuban.com/
Tibetan,Little Tibet,"4479 Broadway, Boulder, CO 80304, USA",http://www.littletibetrestaurant.com/
Tibetan,Tibet's Restaurant & Bar,"321 McCaslin Blvd A, Louisville, CO 80027, USA",https://www.tibetsrestaurant.com/
Tibetan,Tibet Kitchen,"2359 Arapahoe Ave, Boulder, CO 80303, USA",https://ordertibetkitchenllc.com/
Greek,Gyros Delish,"Breckenridge, CO 80424, USA",
Greek,Sam's Gyros & Kabobs,"609 W Midland Ave, Woodland Park, CO 80863, USA",http://samgyro.com/
Greek,Renzios Greek Food,"8401 Park Meadows Center Dr, Lone Tree, CO 80124, USA",https://renzios.net/
Greek,The Simple Greek,"5846 S Wadsworth Blvd Ste 3300, Littleton, CO 80123, USA",https://restaurants.thesimplegreek.com/co/littleton/5846-S-Wadsworth-Ste-3300/
Greek,Garbanzo,"5846 S Wadsworth Blvd, Littleton, CO 80123, USA",https://restaurants.eatgarbanzo.com/co/littleton/5846-s.-wadsworth
Greek,Amir Grill,"103 N Rubey Dr Unit E, Golden, CO 80403, USA",http://amirgrill.com/
Greek,Brooks Place Tavern,"25577 Conifer Rd #100, Conifer, CO 80433, USA",http://www.brooksplacetavern.com/
Greek,Byblos Express Greek and Lebanese,"9385 S Colorado Blvd #105, Highlands Ranch, CO 80126, USA",https://www.byblos-cafe.com/
Greek,Ali Baba Grill,"109 N Rubey Dr, Golden, CO 80403, USA",http://www.alibabagrill.com/
Greek,Chef Zorba's,"2626 E 12th Ave, Denver, CO 80206, USA",http://www.chefzorbas.com/
Greek,BoLD Restaurant and Bar,"505 S Main St #B1, Breckenridge, CO 80424, USA",https://www.boldbreck.com/
Greek,Opa Grill,"18366 Lincoln Ave, Parker, CO 80134, USA",https://www.opagrillparker.com/
Greek,Rocky Mountain Wraps,"25997 Conifer Rd Unit A & B, Conifer, CO 80433, USA",http://www.rockymountainwraps.com/
Greek,"The Great Greek Mediterranean Grill - Westminster, CO","14315 Orchard Pkwy #400, Westminster, CO 80023, USA",https://www.thegreatgreekgrill.com/westminster-co-location
Greek,GyroX Mediterranean Deli & Tavern,"1641 Miner St, Idaho Springs, CO 80452, USA",
Greek,The Olive - Mediterranean Cuisine,"324 E Main St, Buena Vista, CO 81211, USA",
Belgian,Fritz European Fry House,"718 Davie St, Vancouver, BC V6Z 1B6, Canada",
Irish,Clancy's Irish Pub,"7000 W 38th Ave, Wheat Ridge, CO 80033, USA",https://clancysirish.pub/#
Irish,The Irish Heather Shebeen,"248 E Georgia St, Vancouver, BC V6A 1Z7, Canada",https://www.irishheather.com/
Irish,The Abbey Tavern,"5151 E Colfax Ave, Denver, CO 80220, USA",http://theabbeytaverndenver.com/
Irish,Flanagan's on Main,"438 Main St, Park City, UT 84060, USA",http://flanagansonmain.com/
Irish,Mulligans Irish Pub,"231 Ten Mile Cir, Frisco, CO 80443, USA",https://www.facebook.com/MulligansIrishPub/
Irish,Burke and Riley's Irish Pub,"520 S Main St # 3P, Breckenridge, CO 80424, USA",http://www.burkeandrileyspub.com/home/index.php
Irish,Napper Tandy's Irish Pub,"110 Lincoln Ave, Breckenridge, CO 80424, USA",http://nappertandysbreck.com/
Irish,The Harp And Fiddle,"110 Main St, Park Ridge, IL 60068, USA",http://www.theharpandfiddle.com/
Irish,The Burns Pub & Restaurant,"9009 Metro Airport Ave, Broomfield, CO 80021, USA",https://theburnspub.com/
Irish,The Irish Rover Pub,"54 S Broadway, Denver, CO 80209, USA",https://theirishroverpub.com/
Irish,Darcy's Bistro & Pub,"4955 S Ulster St Ste 103, Denver, CO 80237, USA",https://www.coloradopubco.com/our-working-concepts/
Irish,Slattery's Pub & Grill,"5364 Greenwood Plaza Blvd, Greenwood Village, CO 80111, USA",https://www.slatteryspubandgrill.com/
Irish,Lansdowne Arms,"9352 Dorchester St, Highlands Ranch, CO 80129, USA",https://www.lansdownearmsco.com/
Irish,Cala Pub and Restaurant,"40 Cove Blvd A1, Dillon, CO 80435, USA",https://www.calapub.com/
Irish,Scruffy Murphy's,"2030 Larimer St, Denver, CO 80205, USA",http://www.scruffymurphysirishpub.com/
Irish,The Irish Pub,"2439 S College Ave UNIT C3, Fort Collins, CO 80525, USA",http://irishpubfoco.com/
Irish,The Field Irish Pub,"544 Fifth Ave Apt. A, San Diego, CA 92101, USA",https://thefield.com/
Irish,Murphy's Law Irish Pub,"58 S San Marcos Pl, Chandler, AZ 85225, USA",http://www.murphyslaw.pub/
Irish,Finn McCool's Bar & Grill,"8880 E Arapahoe Rd, Centennial, CO 80112, USA",http://www.mccoolsbar.com/
Cajun,The Lost Cajun,"204 Main St, Frisco, CO 80443, USA",https://thelostcajun.com/locations/frisco-colorado
Cajun,Pier 8 Cajun Seafood & Bar in Arvada,"7490 W 52nd Ave, Arvada, CO 80002, USA",http://www.pier8arvada.com/
Cajun,NoNo's Cafe,"3005 W County Line Rd, Littleton, CO 80129, USA",http://nonoscafe.com/
Turkish,Saray Turkish Cuisine,"6633 Hastings St, Burnaby, BC V5B 1S1, Canada",https://sarayturkish.com/
Turkish,Afghan Turkish Cuisine,"422 Willingdon Ave, Burnaby, BC V5C 5G4, Canada",http://www.afghanturkishcuisine.ca/
Turkish,Anatolia's Gate Restaurant,"7084 Kingsway, Burnaby, BC V5E 1E7, Canada",http://www.anatoliasgaterestaurant.com/
Turkish,Turkish Donair,"4066 Hastings St, Burnaby, BC V5C 2J3, Canada",https://order.online/store/TurkishDonair-1519392/en-US/?hideModal=true&pickup=true
Kenyan,Dijah's Kitchen - African Restaurant,"16108 Ash Way #103, Lynnwood, WA 98087, USA",http://www.dijahskitchen.com/
Korean,Gawon Express Korean Cuisine,"8968 University High St, Burnaby, BC V5A 4Y6, Canada",https://gawon.webflow.io/
Korean,Busan Daeji Gukbap Korean Restaurant,"4501 North Rd #201, Burnaby, BC V3N 4R7, Canada",
Korean,Koreana Korean Restaurant,"1001 Austin Ave #101, Coquitlam, BC V3K 3N9, Canada",http://www.koreanaeats.com/
Korean,So Hyang Korean Cuisine,"6345 Fraser St, Vancouver, BC V5W 3A3, Canada",https://so-hyang.ca/
Korean,Oh! Zzhu Sam Korean Restaurant,"7506 Edmonds St, Burnaby, BC V3N 1B4, Canada",http://www.ohzzhusam.com/
Korean,Hanwoori Korean Restaurant,"5740 Imperial St, Burnaby, BC V5J 1G2, Canada",http://www.hanwoori.ca/
Korean,Shilla Korean Restaurant,"1031 Kingsway, Vancouver, BC V5V 3C7, Canada",http://shillakorean.ca/
Korean,Jang Mo Jib Korean Restaurant,"808 Bute St, Vancouver, BC V6E 1Y4, Canada",https://www.jangmojibca.com/
Korean,Jang Mo Jib Metrotown,"5075 Kingsway, Burnaby, BC V5H 2E6, Canada",
Korean,Na-Re Korean Kitchen,"7413 Edmonds St, Burnaby, BC V3N 1B1, Canada",http://www.narekoreankitchen.com/
Nigerian,Alebi African Cuisine,"10694 135a St, Surrey, BC V3T 4E2, Canada",http://alebiafricanrestaurant.com/
Moroccan,Casablanca Restaurant,"270 S Downing St, Denver, CO 80209, USA",https://www.meccagrilldenver.com/?utm_source=gmb&utm_medium=website
Lebanese,Hayati Mediterranean Grill,"2958 N Downing St, Denver, CO 80205, USA",https://hayatimediterranean.com/
Lebanese,CAVA,"1515 Park Central Dr, Highlands Ranch, CO 80129, USA",http://try.cava.com/colorado/
Lebanese,BoLD Restaurant and Bar,"505 S Main St #B1, Breckenridge, CO 80424, USA",https://www.boldbreck.com/
Lebanese,Snowpack Taproom & Pizzeria,"11863 Springs Rd #200, Conifer, CO 80433, USA",https://snowpacktaproom.com/
Lebanese,Gyros Delish,"Breckenridge, CO 80424, USA",
Lebanese,Hunt Brothers Pizza,"640 US Hwy 285, Fairplay, CO 80440, USA",https://www.huntbrotherspizza.com/
Lebanese,2 Dads Eatery and Taproom,"60006 US Hwy 285, Bailey, CO 80421, USA",
Lebanese,Fatty's Pizzeria,"106 S Ridge St, Breckenridge, CO 80424, USA",http://www.fattyspizzeria.com/
Lebanese,DECA+BOL,"141 E Meadow Dr #113, Vail, CO 81657, USA",https://decabolvail.com/
Lebanese,Indulge Bistro & Wine Bar,"1299 Washington Ave, Golden, CO 80401, USA",https://www.indulgewinebar.com/
Lebanese,Soupz On,"2B (physical, 400 North Park Avenue #12B, Breckenridge, CO 80424, USA",http://www.soupzon.net/
Lebanese,Sauce on the Maggie,"The Village at Breckenridge Plaza 1, 600 South Park Avenue, Breckenridge, CO 80424, USA",https://sauceonthemaggie.com/?utm_source=Google%20My%20Business&utm_medium=organic
Lebanese,Little Beirut,"65 Minerva Rd, London NW10 6HJ, UK",
Lebanese,Indulge Bistro & Wine Bar,"6955 S York St Ste 406, Centennial, CO 80122, USA",https://www.indulgewinebar.com/
Lebanese,Abo's Pizza,"799 US-287, Broomfield, CO 80020, USA",http://abospizza.com/
Lebanese,Launch Espresso Food Spirits - Cafe,"18455 W Colfax Ave #101, Golden, CO 80401, USA",https://www.launchcolorado.com/
Lebanese,Spencer's Restaurant,"620 Village Rd, Breckenridge, CO 80424, USA",http://www.beaverrun.com/dining/spencers
Lebanese,Empire Burger,"La Cima Mall, 500 S Main St, Breckenridge, CO 80424, USA",http://www.empireburger.com/
Lebanese,Downstairs at Eric's,"111 S Main St, Breckenridge, CO 80424, USA",http://www.downstairsaterics.com/
Lebanese,Abo's Pizza,"2761 Iris Ave, Boulder, CO 80304, USA",http://www.abos-pizza.com/
Vietnamese,Phở Bay Georgetown,"1025 Rose St, Georgetown, CO 80444, USA",http://www.facebook.com/phobaygeorgetown
Vietnamese,Peak of asia,"500 S Main St, Breckenridge, CO 80424, USA",http://www.peakofasiaco.com/
Vietnamese,Taste of Vietnam,"9226 Park Meadows Dr Unit B, Lone Tree, CO 80124, USA",https://www.tasteofvietnamco.net/
Vietnamese,Pho Evergreen,"1193 Bergen Pkwy B, Evergreen, CO 80439, USA",http://www.phoevergreen.com/
Vietnamese,Phở Duy (Broomfield),"6600 W 120th Ave B, Broomfield, CO 80020, USA",http://www.phoduy6.com/
Vietnamese,Lakeside Pho,"4348 Sheridan Boulevard, Denver, CO 80212, USA",http://www.lakesidepho.net/
Vietnamese,Phở 79,"6650 W 120th Ave Unit 4-5, Broomfield, CO 80020, USA",http://www.pho79co.com/
Vietnamese,Tu's Kitchen,"6500 W 120th Ave, Broomfield, CO 80020, USA",http://tukitchenco.com/
Vietnamese,Pho 78 Westminster,"7275 W 88th Ave Unit D - E, Westminster, CO 80021, USA",http://www.pho78colorado.com/
Vietnamese,Phở 9,"8936 W Bowles Ave, Littleton, CO 80123, USA",http://pho9co.com/
Vietnamese,Phở Khang,"8283 S Akron St Ste 140, Centennial, CO 80112, USA",https://skiplinow.com/shop/Hgs5lGL-3/site
Vietnamese,One Vietnamese Restaurant,"8767 Sheridan Boulevard, Westminster, CO 80003, USA",https://onevietnameserestaurant.com/
Vietnamese,Phở 2 Love Vietnamese Noodles & Grill Restaurant,"6593 W Colfax Ave, Lakewood, CO 80214, USA",https://pho2lovelakewood.com/
Vietnamese,Pho Real,"301-2 N Main St, Breckenridge, CO 80424, USA",http://www.gophoreal.com/
Vietnamese,Mile High Pho,"1100 W Dillon Rd Unit 1, Louisville, CO 80027, USA",https://www.milehighpho.org/
Vietnamese,Phở Vy,"4004 Red Cedar Dr, Highlands Ranch, CO 80126, USA",http://www.phovyhr.com/
Vietnamese,Pho 8 Vietnamese & Chinese Restaurant,"3100 S Sheridan Blvd Unit H, Denver, CO 80227, USA",http://www.pho8co.com/
Vietnamese,Asian Cuisine & Vietnamese Noodle House,"1627 Coalton Rd, Superior, CO 80027, USA",http://asiancuisineco.com/
Vietnamese,Jennie Pho,"6765 W 120th Ave A, Broomfield, CO 80020, USA",https://jenniepho.com/
Vietnamese,Pho Lee,"6860 S Clinton St, Greenwood Village, CO 80112, USA",http://pholeerestaurant.com/
Hungarian,Budapest Bistro,"12926 Mukilteo Speedway, Lynnwood, WA 98037, USA",
Mediterranean,CAVA,"1515 Park Central Dr, Highlands Ranch, CO 80129, USA",http://try.cava.com/colorado/
Mediterranean,Mezza Mediterranean Grill,"15305 Compark Blvd #101, Parker, CO 80134, USA",http://mezzamedgrill.com/
Mediterranean,"Spitz - Greenwood Village Restaurant - Mediterranean Food, Greek Food, Vegan, Paleo & More","8181 E Arapahoe Rd suite E, Greenwood Village, CO 80112, USA",https://spitz-restaurant.com/mediterranean-food-greenwood-village-restaurant-bar/
Mediterranean,Casablanca Restaurant,"270 S Downing St, Denver, CO 80209, USA",https://www.meccagrilldenver.com/?utm_source=gmb&utm_medium=website
Mediterranean,Yasma,"550 Denman St, Vancouver, BC V6G 3H1, Canada",http://www.yasma.ca/
Mediterranean,Oscar's Kabob and Gyros,"6831 W 120th Ave, Broomfield, CO 80020, USA",http://oscarskabobngyros.hrpos.heartland.us/
Mediterranean,Piripi,"615 Briggs St Suite C, Erie, CO 80516, USA",http://www.piripirestaurant.com/
Mediterranean,Jaffa Middle Eastern Kitchen,"400 E Valley Rd, Carbondale, CO 81623, USA",http://www.jaffakitchen.com/
Mediterranean,Opa Grill,"18366 Lincoln Ave, Parker, CO 80134, USA",https://www.opagrillparker.com/
Mediterranean,CAVA,"4987 Factory Shops Blvd Unit 100, Castle Rock, CO 80108, USA",http://cava.com/
Mediterranean,Andreas Restaurant,"20227 56 Ave, Langley, BC V3A 3Y6, Canada",http://www.andreasrestaurant.ca/
Mediterranean,Olive Branch Grill,"6583 S Parker Rd Ste 100, Centennial, CO 80016, USA",http://www.olivebranchgrill.com/
Mediterranean,I Heart Gyro,"221A NE 104th Ave #207, Vancouver, WA 98664, USA",http://iheartgyro.com/
Mediterranean,The Med,"420 E 3300 S, Salt Lake City, UT 84115, USA",http://www.medslc.com/
Mediterranean,Hayati Mediterranean Grill,"2958 N Downing St, Denver, CO 80205, USA",https://hayatimediterranean.com/
Mediterranean,Charcoal & Woodz Restaurant & Bar,"17530 64 Ave, Surrey, BC V3S 1Y9, Canada",https://charcoalandwoodz.com/
Mediterranean,Gyros Delish,"Breckenridge, CO 80424, USA",
Mediterranean,Boss Burgers and Gyros,"861 Moraine Ave, Estes Park, CO 80517, USA",https://bossburgersandgyros.com/
Mediterranean,Nosh,"1890 Bonanza Dr Suite 112, Park City, UT 84060, USA",http://www.noshpc.com/
Mediterranean,KANEO,"508 Main St, Park City, UT 84060, USA",https://kaneoonmain.com/
Ethiopian,Harambe Ethiopian Restaurant,"2149 Commercial Dr, Vancouver, BC V5N 4B3, Canada",
Ethiopian,Fassil Restaurant,"736 E Broadway, Vancouver, BC V5T 1X9, Canada",http://www.fassil.ca/
Ethiopian,Axum Restaurant,"1279 E Hastings St, Vancouver, BC V6A 1S4, Canada",http://www.axumrestaurant.ca/
Ethiopian,Gojo Café Ethiopia I Ethiopian Cuisine,"2838 Commercial Dr, Vancouver, BC V5N 4C6, Canada",http://www.gojocafe.com/
Ethiopian,Blue Nile Ethiopian Restaurant,"7821 Rainier Ave S, Seattle, WA 98118, USA",
Ethiopian,Ahadu Ethiopian Restaurant,"1508 NE 117th St, Seattle, WA 98125, USA",http://www.ahadu-ethiopian-restaurant.net/
Ethiopian,Adey Abeba Ethiopian Restaurant,"2123 E Union St, Seattle, WA 98122, USA",https://adeyabeba.net/
Ethiopian,Zagol Ethiopian Restaurant,"2722 E Cherry St, Seattle, WA 98122, USA",http://www.zagolethiopianrestaurant.com/
Ethiopian,Jebena Cafe,"1510 NE 117th St, Seattle, WA 98125, USA",https://www.jebenacafe.com/
Ethiopian,Zobel Ethiopian Cuisine,"1219 E Jefferson St, Seattle, WA 98122, USA",http://zobelethiopianwa.com/
Ethiopian,Massawa Eritrean & Ethiopian Restaurant,"4411 S Mead St, Seattle, WA 98118, USA",
Ethiopian,massawa restaurant,"418 6th St, New Westminster, BC V3L 3B2, Canada",
Ethiopian,Enat Ethiopian Restaurant,"11546-11552, 11546 15th Ave NE, Seattle, WA 98125, USA",https://m.facebook.com/EnatEthiopianRestaurant/
Ethiopian,Adulis Eritrean and Ethiopian Restaurant,"10515 Greenwood Ave N, Seattle, WA 98133, USA",http://adulisrestaurant.com/
Ethiopian,Delish Ethiopian Cuisine,"5701 Rainier Ave S, Seattle, WA 98118, USA",http://delishethiopianfood.com/
Ethiopian,Agelgil Ethiopian Restaurant Seattle,"2800 E Cherry St a, Seattle, WA 98122, USA",https://www.seattleethiopianrestaurant.com/
Ethiopian,Cafe Selam,"2715 E Cherry St B, Seattle, WA 98122, USA",https://www.cafeselam.com/
Ethiopian,Ras Dashen Restaurant,"2801 E Cherry St, Seattle, WA 98122, USA",http://www.rasdashenseattle.com/
Ethiopian,Habesha Cafe,"5710 Rainier Ave S, Seattle, WA 98118, USA",https://habesha.cafe/
Ethiopian,Abyssinia Ethiopian Restaurant and Bar,"5707 E Colfax Ave, Denver, CO 80220, USA",
Caribbean,11 Hauz Authentic Jamaican Food,"1241 Center Dr, Park City, UT 84098, USA",https://11hauz.com/
Soul,Swirk Soul Food - Southern Catfish and BBQ,"2205 S Peoria St, Aurora, CO 80014, USA",
Argentinian,El Argento,"5001 Auburn Way N, Auburn, WA 98002, USA",https://www.elargentorestaurant.com/
Chilean,Al Chile,"1340 Davie St, Vancouver, BC V6E 1N6, Canada",https://instagram.com/alchilevan?igshid=MzRlODBiNWFlZA==
Colombian,El Parche Colombiano,"11740 15th Ave NE, Seattle, WA 98125, USA",http://www.elparchecolombiano.com/
Costa Rican,Costa Rica Restaurant,"6421, 6421, 2500 W Lincoln Ave, Anaheim, CA 92801, USA",
Czech,Vladimir's Czech Restaurant,"12785 Sir Francis Drake Blvd, Inverness, CA 94937, USA",
Danish,Sabà Cafe,"23343 Mavis Ave unit 102, Langley Twp, BC V1M 2R6, Canada",https://sabacafeandbistro.ca/cafe
Dutch,The Ditch on 40,"78941 US-40, Winter Park, CO 80482, USA",https://theditchon40.com/
Ecuadorian,Rinconcito Ecuatoriano,"3041 W Irving Park Rd, Chicago, IL 60618, USA",
Finnish,Finn's Cafe,"1624 1100 E, Salt Lake City, UT 84105, USA",http://www.finnscafe.net/
Ghanaian,Dijah's Kitchen - African Restaurant,"16108 Ash Way #103, Lynnwood, WA 98087, USA",http://www.dijahskitchen.com/
Guatemalan,La Guatemalteca,"10329 E Colfax Ave, Aurora, CO 80010, USA",https://www.laguatemaltecarestaurante.com/
Honduran,Honduras Breeze Restaurant,"1443 Chester St, Aurora, CO 80010, USA",https://m.facebook.com/profile.php?id=1273000329458997&tsid=0.4500492871865647&source=typeahead
Indonesian,Peranakan Kitchen (P'Kay),"1122 5th Ave, New Westminster, BC V3M 1Y6, Canada",https://perkit.ca/
Indonesian,Bali Thai,"88 W Pender St, Vancouver, BC V6B 1R3, Canada",https://www.balithaivancouver.com/
Indonesian,Indo Cafe,"13754 Aurora Ave N Suite D, Seattle, WA 98133, USA",http://www.myindocafe.com/
Indonesian,Waroeng Jajanan​,"22315 Hwy 99 i, Edmonds, WA 98026, USA",
Iranian,Pasargad Restaurant,"2565 Barnet Hwy #22, Coquitlam, BC V3H 4E2, Canada",http://pasargadrestaurant.ca/
Iranian,Suren Persian cuisine,"4624 Hastings St, Burnaby, BC V5C 2K5, Canada",https://linktr.ee/surenrestaurant
Iranian,Cazba Persian Grill Express,"9855 Austin Ave #106, Burnaby, BC V3J 1N4, Canada",https://cazbarestaurant.com/
Iranian,Delara Restaurant,"2272 W 4th Ave, Vancouver, BC V6K 1N8, Canada",http://delararestaurant.ca/
Iranian,Sahel Market & Restaurant,"3207 W Broadway, Vancouver, BC V6K 2H5, Canada",https://sahelpersianrestaurant.com/
Iranian,SadraRestaurantرستوران صدراونكوور,"SADRA Persian Restaurant, 1615 Lonsdale Ave, North Vancouver, BC V7M 2J5, Canada",http://sadrarestaurant.ca/
Iranian,Shishlik Grill House | شیشلیک,"1629 Lonsdale Ave, North Vancouver, BC V7M 2J5, Canada",https://shishlik.ca/
Iranian,Yaas Grill House,"2057 Lonsdale Ave, North Vancouver, BC V7M 2K6, Canada",https://www.yaas.ca/
Iranian,Mehman Restaurant,"1451 Lonsdale Ave, North Vancouver, BC V7M 2H9, Canada",http://www.mehmanrestaurant.ca/
Iranian,Cazba persian grill,"4567 Lougheed Hwy., Burnaby, BC V5C 3Z6, Canada",
Iranian,Cazba Restaurant,"132 16th St W, North Vancouver, BC V7M 1T4, Canada",http://cazbarestaurant.com/
Iranian,Gilaneh GrillHouse Restaurant - North Vancouver,"222 Pemberton Ave, North Vancouver, BC V7P 2R5, Canada",https://gillaneh.com/
Iranian,Khaghan Restaurant North Shore,"935 Marine Dr Unit 66, North Vancouver, BC V7P 1S3, Canada",https://linktr.ee/khaghan
Iranian,Khaghan Restaurant,"851 Denman St, Vancouver, BC V6G 2L9, Canada",
Iranian,Farsi Food,"1480 Pemberton Ave, North Vancouver, BC V7P 2S1, Canada",http://www.farsifood.ca/
Iranian,Grab and Go Persian Restaurant,"1805 Lonsdale Ave, North Vancouver, BC V7M 2J8, Canada",https://grabandgopersian.ca/
Iranian,Gillaneh GrillHouse - Downtown,"1072 Denman St, Vancouver, BC V6G 2M8, Canada",https://gilane.ca/
Iranian,ARBAB KABAB HOUSE,"7481 Edmonds St, Burnaby, BC V3N 1B3, Canada",
Iranian,Zeitoon Restaurant,"1795 Pendrell St, Vancouver, BC V6G 1T2, Canada",https://zeitoon.cloudwaitress.com/
Iranian,Celeshmet Restaurant | Authentic Persian Halal Restaurant,"6956 Victoria Dr, Vancouver, BC V5P 3Y8, Canada",http://celeshmet.com/?utm_source=gmb&utm_medium=referral
Iraqi,Baghdad Restaurant,"2410 S Colorado Blvd, Denver, CO 80222, USA",
Israeli,Tel Aviv Grill- Valley Village,"12450b Burbank Blvd, Valley Village, CA 91607, USA",https://www.telavivkoshergrill.com/
Jamaican,Reggae Pot Jamaican Grill (Denver,"7562 S University Blvd C, Centennial, CO 80122, USA",http://reggaepotjamaicangrill.com/
Laotian,Lao & Thai Restaurant,"New Iberia, LA 70560, USA",
Malaysian,Green & Oak Malaysian Restaurant,"3760 Hastings St, Burnaby, BC V5C 2H5, Canada",https://www.greenandoak.com/
Malaysian,IPOH Malaysian Cuisine,"2127-4500 Kingsway, Burnaby, BC V5H 2A9, Canada",https://www.facebook.com/ipohmalaysiancuisine/
Malaysian,Mamalee - Broadway,"3144 W Broadway, Vancouver, BC V6K 2H3, Canada",http://www.mamalee.ca/
Malaysian,Banana Leaf Malaysian Cafe,"1779 Robson St, Vancouver, BC V6G 1C9, Canada",https://www.bananaleaf-vancouver.com/robson
Malaysian,Penang Bistro Fine Malaysian Cuisine(10% OFF for Orders from Our Website!),"3932 Fraser St, Vancouver, BC V5V 4E4, Canada",https://penangbistro.zomi.menu/
Malaysian,Ipoh Malay Cuisine,"1316 W 73rd Ave, Vancouver, BC V6P 4M9, Canada",https://www.ipohmalaycuisine.ca/
Malaysian,Kopitiam Malaysia,"3885 Rupert St, Vancouver, BC V5R 2G7, Canada",https://kopitiammalaysia.ca/
Malaysian,Tropika,"2975 Cambie St, Vancouver, BC V5Z 2V7, Canada",http://www.tropikavancouver.ca/
Malaysian,Malaysian Hut,"14727 108 Ave, Surrey, BC V3R 1V9, Canada",http://www.malaysianhutrestaurant.com/
Malaysian,John 3:16 Malaysian Delights,"1063 W Broadway, Vancouver, BC V6H 1E2, Canada",https://john316mydelights.com/
Malaysian,Laksa King,"2546 E Hastings St, Vancouver, BC V5K 1Z3, Canada",https://laksaking.ca/
Malaysian,Malay Satay Hut,"5540, 15230 NE 24th St, Redmond, WA 98052, USA",https://www.malaysatay.com/
Mongolian,The Great Mongolian BBQ,"British Columbia, Lougheed Hwy. #460 Maple Ridge, BC V2X 2V5, Canada",http://www.thegreatmongolianbbq.com/
Mongolian,Mongo Bongo Mongolian Grill,"512 6th Ave. B, New Westminster, BC V3L 1V3, Canada",http://mongobongo.ca/
Nepalese,Royal Nepalese Momo Palace - #1 Place for Momos + Sugarcane Juice,"3490 Kingsway, Vancouver, BC V5R 5L7, Canada",https://www.royalmomopalace.com/
Nicaraguan,Las Segovias,"8014 Seville Ave, Huntington Park, CA 90255, USA",https://lassegoviasca.com/
Pakistani,Dewan-E-Khass,"5750 Fraser St, Vancouver, BC V5W 2Z5, Canada",http://dewanekhass.ca/dishes/
Panamanian,Panama 66,"1450 El Prado, San Diego, CA 92101, USA",https://www.panama66.com/
Paraguayan,I Love Paraguay Restaurant,"4316 Greenpoint Ave, Queens, NY 11104, USA",http://www.ilovepy.com/
Peruvian,San Fernando Roasted Peruvian Chicken,"16616 International Blvd, SeaTac, WA 98188, USA",http://www.pollos-sanfernando.com/
Philippine,Pampanga's Best Cafeteria,"4279 Fraser St, Vancouver, BC V5V 4G1, Canada",http://pampangasbestcafeteria.com/
Philippine,La Meza Grill,"11955 88 Ave, Delta, BC V4C 3C9, Canada",http://www.lamezagrill.com/
Philippine,EPIC GRILL SILOGS + SANS RIVAL,"538 Ewen Ave, New Westminster, BC V3M 5B8, Canada",https://epicsilogsgrill.com/
Philippine,PAMPANGA’S CUISINE Home of the Original Sisig,"6094 Fraser St, Vancouver, BC V5W 2Z7, Canada",https://pampangascuisine.ca/
Philippine,Kulinarya Filipino Eatery,"2922 Glen Dr, Coquitlam, BC V3B 2P5, Canada",http://www.kulinarya.ca/
Philippine,Pin Pin Restaurant,"6113 Fraser St, Vancouver, BC V5W 2Z9, Canada",http://www.pinpinrestaurant.com/
Philippine,Pampanga’s Cuisine Home of the Original Sisig,"5179 Joyce St, Vancouver, BC V5R 4G8, Canada",http://pampangascuisine.ca/
Philippine,Hapag Ihaw-Ihaw Restaurant,"5432 Victoria Dr, Vancouver, BC V5P 3V7, Canada",http://hapagrestaurant.com/
Philippine,PLATO FILIPINO,"5175 Joyce St, Vancouver, BC V5R 4G8, Canada",
Philippine,PLATO FILIPINO,"892 Carnarvon St #100, New Westminster, BC V3M 0C5, Canada",https://www.instagram.com/platofilipino/?hl=en
Philippine,Kulinarya Filipino Eatery,"1134 Commercial Dr, Vancouver, BC V5L 3X2, Canada",http://www.kulinarya.ca/
Philippine,The Filipino Noodle Joint,"180 Keefer Street Unit 111 - China Town Plaza, Vancouver, BC V6A 4E9, Canada",http://www.thefilipinonoodlejoint.com/
Polish,Pierogies Factory,"3795 Wadsworth Blvd, Wheat Ridge, CO 80033, USA",http://pierogiesfactory.com/
Puerto Rican,Areyto Puerto Rican Food,"3725 Buchtel Blvd S #508, Denver, CO 80210, USA",https://areytopuertorricanfood.com/
Saudi Arabian,Phoenician Kabob,"5709 E Colfax Ave, Denver, CO 80220, USA",http://www.pkabob.com/
Singaporean,Singapore Hawker Burnaby,"7150 Sperling Ave, Burnaby, BC V5E 2W5, Canada",http://www.singaporehawker.ca/
Singaporean,Shiok Express,"9855 Austin Ave #907, Burnaby, BC V3J 1N4, Canada",https://shiok.ca/lougheed
Singaporean,Singapore Hawker,"1169 Pacific St #120, Coquitlam, BC V3B 0J1, Canada",http://www.singaporehawker.ca/
Singaporean,Singapore Express,"2775 Laurel St Room 4145, Vancouver, BC V5Z 1M9, Canada",https://www.qooway.com/OLO/m-en?SingExpOnLaurel
Singaporean,Shiok Singaporean Cuisine,"1716 Kingsway, Vancouver, BC V5N 2S4, Canada",http://shiok.ca/
Singaporean,Prata-Man Singapore Cuisine,"9060 Capstan Wy, Richmond, BC V6X 3N6, Canada",https://prata-man-richmond.business.site/
Singaporean,Penang Bistro Fine Malaysian Cuisine(10% OFF for Orders from Our Website!),"3932 Fraser St, Vancouver, BC V5V 4E4, Canada",https://penangbistro.zomi.menu/
Slovak,Slovak Club Inc,"6920 Broadway, Merrillville, IN 46410, USA",
Somali,Sahara Cafe Somali Cuisine,"13919 Tukwila International Blvd, Tukwila, WA 98168, USA",
South African,Juba Restaurant & Café,"14223 Tukwila International Blvd, Tukwila, WA 98168, USA",
Sri Lankan,J.R Taste Of Ceylon,"3929 Knight St, Vancouver, BC V5N 3L8, Canada",http://j-r-taste-of-ceylon.jany.io/
Swiss,The Swiss Chalet,"19263 US-24, Woodland Park, CO 80863, USA",
Syrian,Yasma,"550 Denman St, Vancouver, BC V6G 3H1, Canada",http://www.yasma.ca/
Taiwanese,Chef Hung Taiwanese Beef Noodle,"9055 University High St #109, Burnaby, BC V5A 0A7, Canada",https://www.chefhungnoodle.com/
Tanzanian,Dijah's Kitchen - African Restaurant,"16108 Ash Way #103, Lynnwood, WA 98087, USA",http://www.dijahskitchen.com/
Thai,Thai Chili 89 Thai Street Food (Breckenridge Location),"100 N Main St #204, Breckenridge, CO 80424, USA",https://www.thaichilibreckenridge.com/
Thai,Bangkok Happy Bowl Thai Bistro and Sushi Bar,"103.5 N Main St, Breckenridge, CO 80424, USA",https://ordering.chownow.com/order/30152/locations/55681?y_source=1_MTQzOTIzMDktNzE1LWxvY2F0aW9uLndlYnNpdGU%3D
Thai,Beau Thai Restaurant,"1262 Bergen Pkwy e108, Evergreen, CO 80439, USA",
Thai,E&T Thai Food,"9234 Park Meadows Dr STE 700, Lone Tree, CO 80124, USA",https://www.eandtthaifood.com/
Thai,Thai Green & Sushi,"3300 Youngfield St Unit 7A, Wheat Ridge, CO 80033, USA",http://www.thaigreensushi.com/
Thai,La mai Thai kitchen,"2001 Sheridan Boulevard suite c, Edgewater, CO 80214, USA",http://lamaithaikitchen.com/
Thai,Aung's Bangkok Cafe,"1225 E Hampden Ave, Englewood, CO 80113, USA",http://aungsbangkokcafe.com/
Thai,Chang Noi Thai Cuisine,"18366 Lincoln Ave Unit 109, Parker, CO 80134, USA",http://www.changnoithaiparker.com/
Thai,Estes Thai Restaurant,"401 E Elkhorn Ave, Estes Park, CO 80517, USA",http://www.estesthai.com/
Thai,Asian Fusion,"22186 US Hwy 285, Fairplay, CO 80440, USA",
Thai,At Nine Thai,"8101 S Quebec St unit c, Centennial, CO 80112, USA",https://www.atninethai.com/
Thai,Mountain Thai Kitchen,"1000 Depot Hill Rd A, Broomfield, CO 80020, USA",http://mountainthaikitchen.com/
Thai,Peak of asia,"500 S Main St, Breckenridge, CO 80424, USA",http://www.peakofasiaco.com/
Thai,Dancing Noodle,"10841 S Crossroads Dr UNIT 10, Parker, CO 80134, USA",https://www.dancingnoodlerestaurant.com/
Thai,Mile High Thai,"707 Federal Blvd Kitchen 10-11, Denver, CO 80204, USA",http://www.milehighthai.com/
Ukrainian,Ukrainian Cuisine restaurant,"31811 WA-706, Ashford, WA 98304, USA",https://paradisevillagelodge.com/amenities/restaurant/
Ukrainian,Ukrainian Village,"815 Denman St, Vancouver, BC V6G 2L7, Canada",https://ukrainianvillage.wixsite.com/canada
Venezuelan,Arepa Venezuelan Kitchen,"1405 NE 50th St, Seattle, WA 98105, USA",https://arepavenezuelakitchen.com/
Vietnamese,Phở Bay Georgetown,"1025 Rose St, Georgetown, CO 80444, USA",http://www.facebook.com/phobaygeorgetown
Vietnamese,Peak of asia,"500 S Main St, Breckenridge, CO 80424, USA",http://www.peakofasiaco.com/
Vietnamese,Taste of Vietnam,"9226 Park Meadows Dr Unit B, Lone Tree, CO 80124, USA",https://www.tasteofvietnamco.net/
Vietnamese,Pho Evergreen,"1193 Bergen Pkwy B, Evergreen, CO 80439, USA",http://www.phoevergreen.com/
Vietnamese,Phở Duy (Broomfield),"6600 W 120th Ave B, Broomfield, CO 80020, USA",http://www.phoduy6.com/
Vietnamese,Lakeside Pho,"4348 Sheridan Boulevard, Denver, CO 80212, USA",http://www.lakesidepho.net/
Vietnamese,Phở 79,"6650 W 120th Ave Unit 4-5, Broomfield, CO 80020, USA",http://www.pho79co.com/
Vietnamese,Tu's Kitchen,"6500 W 120th Ave, Broomfield, CO 80020, USA",http://tukitchenco.com/
Vietnamese,Pho 78 Westminster,"7275 W 88th Ave Unit D - E, Westminster, CO 80021, USA",http://www.pho78colorado.com/
Vietnamese,Phở 9,"8936 W Bowles Ave, Littleton, CO 80123, USA",http://pho9co.com/
Vietnamese,Phở Khang,"8283 S Akron St Ste 140, Centennial, CO 80112, USA",https://skiplinow.com/shop/Hgs5lGL-3/site
Vietnamese,One Vietnamese Restaurant,"8767 Sheridan Boulevard, Westminster, CO 80003, USA",https://onevietnameserestaurant.com/
Vietnamese,Phở 2 Love Vietnamese Noodles & Grill Restaurant,"6593 W Colfax Ave, Lakewood, CO 80214, USA",https://pho2lovelakewood.com/
Vietnamese,Pho Real,"301-2 N Main St, Breckenridge, CO 80424, USA",http://www.gophoreal.com/
Vietnamese,Mile High Pho,"1100 W Dillon Rd Unit 1, Louisville, CO 80027, USA",https://www.milehighpho.org/
Vietnamese,Phở Vy,"4004 Red Cedar Dr, Highlands Ranch, CO 80126, USA",http://www.phovyhr.com/
Vietnamese,Pho 8 Vietnamese & Chinese Restaurant,"3100 S Sheridan Blvd Unit H, Denver, CO 80227, USA",http://www.pho8co.com/
Vietnamese,Asian Cuisine & Vietnamese Noodle House,"1627 Coalton Rd, Superior, CO 80027, USA",http://asiancuisineco.com/
Vietnamese,Jennie Pho,"6765 W 120th Ave A, Broomfield, CO 80020, USA",https://jenniepho.com/
Vietnamese,Pho Lee,"6860 S Clinton St, Greenwood Village, CO 80112, USA",http://pholeerestaurant.com/
Yemeni,Saba Yemeni Restaurant,"2881 Granville St, Vancouver, BC V6H 3J4, Canada",http://www.sabafoods.ca/
Zimbabwean,Akwaba Restaurant,"16251 E Colfax Ave, Aurora, CO 80011, USA",
