Cuisine Type,Name,Address,Website
Mexican,Casa Grande Mexican Restaurant Co,"210 S Byron Butler Pkwy, Perry, FL 32347, USA",https://www.facebook.com/pages/category/Tex-Mex-Restaurant/Casa-Grande-Mexican-Restaurant-503607366483181/
Mexican,Casa De Oro,"1211 2nd St, Perry, IA 50220, USA",https://casadeoroperry.com/
Mexican,"Old Mexico, mexican restaurant ,","2241 S Byron Butler Pkwy, Perry, FL 32348, USA",https://m.facebook.com/Old-Mexico-129766210435518/
Mexican,Mariachi Mexican Grill,"2714 Fir St, Perry, OK 73077, USA",
Mexican,Jalisco Mexican Restaurant,"273 Perry Pkwy A, Perry, GA 31069, USA",
Mexican,Mex to U,"1114 1st Ave, Perry, IA 50220, USA",
Mexican,Jalisco Grill,"1023 St Patricks Dr, Perry, GA 31069, USA",https://jaliscogrillperry.com/
Mexican,Tania's Mexican Restaurant,"2180 Carlisle Rd, Aspers, PA 17304, USA",http://ordertaniasmexicanrestaurant.com/
Mexican,Mojo Taco,"Cove Mountain Farmer's Market, 1600 State Rd, Duncannon, PA 17020, USA",
Mexican,Agave Azul Mexican Grill,"308 Perry Plaza, Perryville, MO 63775, USA",https://agaveazulmex.com/
Mexican,El Mariachi Mexican Restaurant,"18 Ship Shopping Center, Shippensburg, PA 17257, USA",https://www.elmariachishippensburg.com/
Mexican,Hidalgo’s Mexican Restaurant,"215 W Main St, Perryville, AR 72126, USA",
Mexican,Mi Rancho Mexican Grill & Pizzeria,"223 1 E 2nd St, Perryville, KY 40468, USA",
Mexican,Casa Mariachi,"5206 Simpson Ferry Rd, Mechanicsburg, PA 17055, USA",
Mexican,El Salto Mexican Restaurant,"4335 Ebenezer Rd, Nottingham, MD 21236, USA",http://elsaltomexicanrestaurant.com/
Mexican,El Paso Mexican Restaurant,"603 Perry Pkwy, Gaithersburg, MD 20877, USA",http://www.taqueriaelpaso.com/
Mexican,El Sol Cantina,"3721 Market St, Camp Hill, PA 17011, USA",http://www.elsolcantina.com/
Mexican,El Rodeo,"4956 Carlisle Pike, Mechanicsburg, PA 17050, USA",https://www.elrodeopa.com/
Mexican,Plaza Azteca Mechanicsburg,"5470 Carlisle Pike, Mechanicsburg, PA 17050, USA",https://plazaazteca.com/mechanicsburg-pa/
Mexican,El Toro Coatzingo,"3401 Hartzdale Dr #113, Camp Hill, PA 17011, USA",https://eltorocoatzingopa.com/
Italian,Mastracchio's Restaurant & Lounge,"344 Juniata Pkwy E, Newport, PA 17074, USA",http://www.mastracchiosrestaurantandlounge.com/
Italian,Olive Garden Italian Restaurant,"6520 Carlisle Pike, Mechanicsburg, PA 17050, USA",https://www.olivegarden.com/locations/pa/mechanicsburg/mechanicsburg-silver-spring-commons/1471?cmpid=br:og_ag:ie_ch:loc_ca:OGGMB_sn:gmb_gt:mechanicsburg-pa-1471_pl:locurl_rd:1349
Italian,Sorrento Pizza,"104 N Market St, Duncannon, PA 17020, USA",http://www.sorrentosduncannon.com/
Italian,Alfredo Pizza & Italian Restaurant,"6520 Carlisle Pike, Mechanicsburg, PA 17050, USA",
Italian,Pizza Town Pizzeria,"2 Pine St, Thompsontown, PA 17094, USA",https://m.facebook.com/pages/Pizza-Town/755833424434292
Italian,Visaggio'sRistorante/Hotel/ Castel Castagna Banquet Facility,"6990 Wertzville Rd, Enola, PA 17025, USA",http://www.visaggios.com/
Italian,Jojo's Original Italian Pizza,"1 S Market St, Millerstown, PA 17062, USA",
Italian,Brothers Pizzeria,"233 Market St, Newport, PA 17074, USA",https://www.toasttab.com/brothers-pizzeria-new-em-233-market-street
Italian,Pizza City & Subs,"101 S Carlisle St, Landisburg, PA 17040, USA",
Italian,DaVinci Italian Eatery,"6617 Carlisle Pike, Mechanicsburg, PA 17050, USA",https://www.davinciitalianeatery.com/?utm_source=gbp
Italian,Luna Italian Cuisine,"100 Legacy Pk Dr #102, Mechanicsburg, PA 17055, USA",https://lunaitalian.com/
Italian,Poppa'z,"1752 Landisburg Rd, Landisburg, PA 17040, USA",
Italian,Carrabba's Italian Grill,"5250 Carlisle Pike, Mechanicsburg, PA 17050, USA",https://locations.carrabbas.com/pennsylvania/mechanicsburg/5250-carlisle-pike?y_source=1_MTU1MDMxMTgtNzE1LWxvY2F0aW9uLndlYnNpdGU%3D
Italian,Bambino’s Original Pizza,"23 S 2nd St, Newport, PA 17074, USA",
Italian,Bacco Mechanicsburg,"5523 Carlisle Pike, Hampden Township, PA 17050, USA",http://www.baccopizzeriawinebar.com/
Italian,Giuseppe's Pizza Cantina,"600 E Simpson St, Mechanicsburg, PA 17055, USA",http://giuseppepizzacantina.com/
Italian,Marcello's Ristorante & Pizza,"900 Cavalry Rd, Carlisle, PA 17013, USA",http://www.marcelloscarlisle.com/
Italian,The Pizza Shop Enola,"299 W Shady Ln, Enola, PA 17025, USA",https://thepizzashopofenola.com/
Italian,Chris's Original Pizza,"1394 Susquehanna Trail, Liverpool, PA 17045, USA",
Italian,Zeiderelli's Pizza,"16 S Market St, Duncannon, PA 17020, USA",http://www.orderstart.com/zeiderellispizza
Spanish,España Restaurant,"1118 Denman St, Vancouver, BC V6G 2M8, Canada",http://www.espanarestaurant.ca/
American,Ranch House Restaurant,"3456 Susquehanna Trail, Duncannon, PA 17020, USA",http://ranchhouseperryco.com/
American,Marysville All American Diner,"510 S State Rd, Marysville, PA 17053, USA",
American,Red Rabbit Drive-In,"60 Benvenue Rd, Duncannon, PA 17020, USA",http://www.redrabbitdrivein.com/
American,Village Square Diner,"5201 Spring Rd, Shermans Dale, PA 17090, USA",
American,The Local Table,"654 Weavers Mill Rd, Loysville, PA 17047, USA",
American,Mountain Stone Inn,"14 Soule Rd, New Bloomfield, PA 17068, USA",
American,Max's Grille & Sports Bar,"146 Center St, Millersburg, PA 17061, USA",http://maxsgrillepa.com/
American,Lumberjack's Kitchen,"3200 Susquehanna Trail, Duncannon, PA 17020, USA",
American,Newport family restaurant,"207 Fickes Ln, Newport, PA 17074, USA",
American,Shermans Creek Inn,"5150 Spring Rd, Shermans Dale, PA 17090, USA",http://www.shermanscreekinn.com/
American,Stoney Creek Inn,"150 Erie St, Dauphin, PA 17018, USA",https://www.stoneycreekrestaurant.com/
American,Mastracchio's Restaurant & Lounge,"344 Juniata Pkwy E, Newport, PA 17074, USA",http://www.mastracchiosrestaurantandlounge.com/
American,Grandpa's Love Shack,"4900 Spring Rd, Shermans Dale, PA 17090, USA",https://grandpasloveshack.com/
American,Silver Spring Diner,"6520 Carlisle Pike #260, Mechanicsburg, PA 17050, USA",
American,Poppa'z,"1752 Landisburg Rd, Landisburg, PA 17040, USA",
American,Doyle Hotel,"7 N Market St, Duncannon, PA 17020, USA",https://www.doylehotelpa.com/
American,Waterfront Bar and Grill,"13 S Main St, Marysville, PA 17053, USA",
American,Harshbarger's Sub 'N Malt,"716 Swamp Rd, Mifflintown, PA 17059, USA",http://www.harshbargers.com/
American,Burger King,"313 Bretz Ct, Newport, PA 17074, USA",https://burgerking.com/store-locator/store/restaurant_26915
American,1794 The Whiskey Rebellion,"10 S Hanover St, Carlisle, PA 17013, USA",https://www.1794thewhiskeyrebellion.com/
Scottish,Ranch House Restaurant,"3456 Susquehanna Trail, Duncannon, PA 17020, USA",http://ranchhouseperryco.com/
Scottish,Red Rabbit Drive-In,"60 Benvenue Rd, Duncannon, PA 17020, USA",http://www.redrabbitdrivein.com/
Scottish,Mastracchio's Restaurant & Lounge,"344 Juniata Pkwy E, Newport, PA 17074, USA",http://www.mastracchiosrestaurantandlounge.com/
Scottish,LauraMaes Smoked BBQ,"W Juniata Pkwy, Millerstown, PA 17062, USA",
British,Ranch House Restaurant,"3456 Susquehanna Trail, Duncannon, PA 17020, USA",http://ranchhouseperryco.com/
British,The Local Table,"654 Weavers Mill Rd, Loysville, PA 17047, USA",
British,Red Rabbit Drive-In,"60 Benvenue Rd, Duncannon, PA 17020, USA",http://www.redrabbitdrivein.com/
British,Mastracchio's Restaurant & Lounge,"344 Juniata Pkwy E, Newport, PA 17074, USA",http://www.mastracchiosrestaurantandlounge.com/
British,The Brit,"5905 Corporate Dr, Colorado Springs, CO 80919, USA",https://www.greatbritish.net/?utm_source=gmb&utm_medium=organic
British,Mountain Stone Inn,"14 Soule Rd, New Bloomfield, PA 17068, USA",
British,The Whip Tavern,"1383 N Chatham Rd, Coatesville, PA 19320, USA",http://www.thewhiptavern.com/
British,Silver Spring Diner,"6520 Carlisle Pike #260, Mechanicsburg, PA 17050, USA",
British,Stoney's British Pub,"3007 Concord Pike, Wilmington, DE 19803, USA",http://www.stoneyspub.com/
Thai,Pad Thai Restaurant,"6416 Carlisle Pike #1000, Mechanicsburg, PA 17050, USA",http://www.padthaipa.com/
Thai,Chalit's Thai Bistro,"5517 Carlisle Pike, Mechanicsburg, PA 17050, USA",http://chalitsthaibistro.com/
Thai,Bangkok Wok,"125 Gateway Dr, Mechanicsburg, PA 17050, USA",https://bangkokwok.takeout7.com/
Thai,Basil Leaf Thai Cuisine,"5202 Simpson Ferry Rd, Mechanicsburg, PA 17050, USA",http://www.basilleafpa.com/
Thai,Bangkok 56,"1917 Paxton St #2962, Harrisburg, PA 17104, USA",
Thai,Kanlaya Thai Restaurant,"1030 S 13th St, Harrisburg, PA 17104, USA",http://www.kanlayathairestaurant.com/
Thai,Tri Asian Taste,"1233 N 3rd St, Harrisburg, PA 17102, USA",
Thai,Freshido,"6455 Carlisle Pike Ste 1, Mechanicsburg, PA 17050, USA",http://www.freshido.com/
Thai,Tawan Thai Restaurant,"141 W High St, Carlisle, PA 17013, USA",http://www.tawanthaipa.com/
Japanese,Oishi Hibachi,"1600 State Rd, Duncannon, PA 17020, USA",
Chinese,New Garden Chinese Restaurant,"4 Newport Plaza, Newport, PA 17074, USA",
Chinese,Hong Kong Express,"1609 State Rd Suite 103, Duncannon, PA 17020, USA",
Chinese,China Star,"232 Market St, Millersburg, PA 17061, USA",https://chinastarms.com/
Chinese,China Taste,"431 N Enola Rd, Enola, PA 17025, USA",http://www.chinatasteenola.com/
Chinese,New Eastern,"5201 Spring Rd, Shermans Dale, PA 17090, USA",
Chinese,Great Wall,"3765 Peters Mountain Rd, Halifax, PA 17032, USA",
Chinese,Taipei Chinese Kitchen,"6560 Carlisle Pike Suite 100, Mechanicsburg, PA 17050, USA",
Chinese,Bonbon Cafe,"6499 Carlisle Pike #300, Mechanicsburg, PA 17050, USA",https://www.bonbon-cafe.com/
Chinese,Lins Wok,"4520 Marketplace Way, Enola, PA 17025, USA",https://linswokpa.com/
Chinese,Great Wall,"6520 Carlisle Pike, Mechanicsburg, PA 17050, USA",https://greatwallpatogo.com/
Chinese,Taipei Chinese Kitchen,"4510 Marketplace Way, Enola, PA 17025, USA",http://facebook.com/taipeichinesekitchen
Chinese,Happy Chen,"1161 Harrisburg Pike, Carlisle, PA 17013, USA",http://www.happychencarlisle.com/
Chinese,Happy Garden,"33 E Simpson St, Mechanicsburg, PA 17055, USA",https://business.google.com/u/1/menu/l/01000962757996339583
Chinese,China one,"1075 Harrisburg Pike, Carlisle, PA 17013, USA",https://www.chinaonecarlisle.com/
Chinese,Jasmine Chinese Kitchen,"5510 Carlisle Pike, Hampden Township, PA 17050, USA",http://www.jasminechinesekitchen.com/
Chinese,China Wok,"8233 US-522, Middleburg, PA 17842, USA",
Chinese,China Tea House,"4912 Louise Dr, Mechanicsburg, PA 17055, USA",https://www.chinateahouse-pa.com/
Chinese,China Cafe,"126 Old York Rd, New Cumberland, PA 17070, USA",http://www.chinacafecumberland.com/
Chinese,Great Wall Chinese Restaurant,"1225 Ritner Hwy, Carlisle, PA 17013, USA",
Chinese,China Inn Restaurant,"397 Baltimore Rd, Shippensburg, PA 17257, USA",
Indian,Banana Leaf Indian Cuisine,"6520 Carlisle Pike, Mechanicsburg, PA 17050, USA",https://www.bananaleafindiancuisine.com/
Indian,Kritunga Indian Cuisine and Banquet,"4920 Carlisle Pike, Mechanicsburg, PA 17050, USA",https://kritungausa.com/
Indian,Monsoon Indian Restaurant,"3401 Hartzdale Dr #120, Camp Hill, PA 17011, USA",https://www.monsoonindianpa.com/
Indian,Tikka Shack Indian Grub,"825 Hogestown Rd, Mechanicsburg, PA 17050, USA",http://www.tikkashack.com/
Indian,Honest Indian Restaurant,"6499 Carlisle Pike, Mechanicsburg, PA 17050, USA",https://honestharrisburg.com/
Indian,MK’s Punjabi Khana,"98 Longstreet Dr, Carlisle, PA 17013, USA",
Indian,DurBar Indian & Nepali Cuisine,"5103 Carlisle Pike, Mechanicsburg, PA 17050, USA",https://www.google.com/url?sa=t&source=web&rct=j&url=https://durbarindian.com/&ved=2ahUKEwjvu_atzvmDAxVkF1kFHfCDAMEQkBR6BAhkEAE&opi=89978449&usg=AOvVaw3JOcijwSL78ijpeR_w0uf_
Indian,Spice Restaurant & Bar,"125 W Main St, Mechanicsburg, PA 17055, USA",https://www.spicerestaurantandbar.com/
Indian,Jay Bhavani,"5510 Carlisle Pike, Hampden Township, PA 17050, USA",http://www.jbvusa.com/
Indian,Eggholic - Indian Veg & Egg Street Food,"65 Gateway Dr Suite B-102, Mechanicsburg, PA 17050, USA",http://theeggholic.com/
Indian,Nalan Indian Cuisine,"829 State St #2008, Lemoyne, PA 17043, USA",http://www.nalancuisine.com/
Indian,New York deli and Indian food,"1550 Harrisburg Pike, Carlisle, PA 17015, USA",
Indian,Royal Chef's Kitchen And Banquet,"2015 Linglestown Rd, Harrisburg, PA 17110, USA",https://www.royalchefkb.com/
Indian,Mechanicsburg BBQ Lahori Kabab Restaurant- Mechanicsburg,"4830 Carlisle Pike, Mechanicsburg, PA 17050, USA",http://www.lahorikababrestaurant.com/
Indian,Momo Hunt Restaurant & Bar,"3500 Walnut St, Harrisburg, PA 17109, USA",https://www.momohuntrnb.com/
Indian,Gorkha Restaurant,"3800 Trindle Rd, Camp Hill, PA 17011, USA",
Indian,99 Walnut Express (Nepali Indian Restaurant),"3406 Walnut St, Harrisburg, PA 17109, USA",
Indian,Naan Pizza Co.,"825 Hogestown Rd, Mechanicsburg, PA 17050, USA",http://naanpizza.com/
Indian,Passage to India,"26 N Hanover St, Carlisle, PA 17013, USA",http://www.passagetoindiaharrisburgpa.com/
Indian,Zaiqa Kabab & Grill,"5202 Simpson Ferry Rd #106-107, Mechanicsburg, PA 17050, USA",https://order.online/store/zaiqa-kabob-&-grill-mechanicsburg-24252929
Canadian,The Piano Inn and Cafe,"217 Queen St, Port Perry, ON L9L 1B9, Canada",https://pianocafe.ca/
Russian,Tatiana's Restaurant,"4601 Gettysburg Rd, Mechanicsburg, PA 17055, USA",http://tatianasrestaurant.com/
Jewish,Shtetl Kosher Restaurant,"9859 Bustleton Ave, Philadelphia, PA 19115, USA",https://shtetlkosherestaurant.com/?utm_source=gmb
Jewish,Judah Mediterranean Grille,"9311 Krewstown Rd, Philadelphia, PA 19115, USA",http://www.judahgrill.com/
Jewish,Star of David Kosher Grill,"942 Montgomery Ave, Narberth, PA 19072, USA",http://www.starofdavidgrill.com/
Jewish,Mastracchio's Restaurant & Lounge,"344 Juniata Pkwy E, Newport, PA 17074, USA",http://www.mastracchiosrestaurantandlounge.com/
Jewish,Zaydee's,"1441 W Norris St, Philadelphia, PA 19121, USA",
Jewish,Abe's Delicatessen,"326 N Washington Ave, Scranton, PA 18503, USA",https://www.facebook.com/Abes-Deli-245677362124134/
Jewish,Holy Schnitzel,"4102 18th Ave, Brooklyn, NY 11218, USA",https://holyschnitzel.com/
Jewish,Zagafen,"370 Montgomery Ave, Merion Station, PA 19066, USA",http://www.zagafen.com/
Jewish,Holy Schnitzel (Sheepshead Bay),"819 Avenue U, Brooklyn, NY 11223, USA",http://www.holyschnitzel.com/
Jewish,Shalom Pizzeria,"7598 Haverford Ave, Philadelphia, PA 19151, USA",http://www.shalompizzeriamenu.com/
Jewish,House of Kosher,"9806 Bustleton Ave, Philadelphia, PA 19115, USA",http://houseofkosher.com/
Jewish,Nanas Kitchen & Catering LLC,"109 N Narberth Ave, Narberth, PA 19072, USA",http://www.nanask.com/
Jewish,Mill Basin Deli,"5823 Avenue T, Brooklyn, NY 11234, USA",http://www.millbasindeli.com/
Jewish,Pitopia,"43 E 34th St, New York, NY 10016, USA",http://pitopiausa.com/
Jewish,Paralia Kitchen,"100 Ocean Pl, Loch Arbour, NJ 07711, USA",
Jewish,Koch's Deli,"618 Market St, Philadelphia, PA 19106, USA",https://www.kochsdelimenu.com/?utm_source=gbp
Polish,Pats Polish Deli,"535 Andrews Rd, Feasterville-Trevose, PA 19053, USA",http://www.patspolishdeli.com/
German,The Old Bavaria Haus Restaurant,"233 6th St, New Westminster, BC V3L 3A5, Canada",http://www.oldbavariahaus.com/
German,Deutsches Haus (Vancouver Alpen Club),"4875 Victoria Dr, Vancouver, BC V5N 4P3, Canada",https://www.vacbc.ca/
French,Laurel Run Lodge aka Chick's,"101 Laurel Run Rd, Landisburg, PA 17040, USA",
French,Ranch House Restaurant,"3456 Susquehanna Trail, Duncannon, PA 17020, USA",http://ranchhouseperryco.com/
French,Red Rabbit Drive-In,"60 Benvenue Rd, Duncannon, PA 17020, USA",http://www.redrabbitdrivein.com/
French,Petit Louis Bistro,"4800 Roland Ave, Baltimore, MD 21210, USA",https://petitlouis.com/
French,Buddy Boy Winery and Restaurant,"111 Barnett Dr, Duncannon, PA 17020, USA",http://www.buddyboywinery.com/
French,The Local Table,"654 Weavers Mill Rd, Loysville, PA 17047, USA",
French,Bistro Vendôme,"2267 Kearney St, Denver, CO 80207, USA",http://www.bistrovendome.com/
French,Tersiguel's French Country Restaurant,"8293 Main St, Ellicott City, MD 21043, USA",http://tersiguels.com/
French,Lumberjack's Kitchen,"3200 Susquehanna Trail, Duncannon, PA 17020, USA",
French,La Fable,"26 Baltimore Ave, Rehoboth Beach, DE 19971, USA",http://www.bonjour-fable.com/
French,Stoney Creek Inn,"150 Erie St, Dauphin, PA 17018, USA",https://www.stoneycreekrestaurant.com/
French,County Seat Restaurant,"8 W Main St, New Bloomfield, PA 17068, USA",
French,Old Trail Tavern + Steak,"120 Old Trail Rd, Liverpool, PA 17045, USA",http://www.oldtrailtavern.com/
French,Marysville All American Diner,"510 S State Rd, Marysville, PA 17053, USA",
French,Bitting's,"16 N 2nd St, Newport, PA 17074, USA",
French,Poppa'z,"1752 Landisburg Rd, Landisburg, PA 17040, USA",
French,Village Square Diner,"5201 Spring Rd, Shermans Dale, PA 17090, USA",
French,Mastracchio's Restaurant & Lounge,"344 Juniata Pkwy E, Newport, PA 17074, USA",http://www.mastracchiosrestaurantandlounge.com/
French,Newport family restaurant,"207 Fickes Ln, Newport, PA 17074, USA",
French,Riviera Tavern Inc,"3 Benvenue Rd, Duncannon, PA 17020, USA",
Hawaiian,Island Hut,"2502 6th St, Bremerton, WA 98312, USA",
Brazilian,Rio Brazilian Steak House Coquitlam,"2729 Barnet Hwy, Coquitlam, BC V3E 1K9, Canada",https://riobraziliansteakhouse.ca/
Brazilian,Boteco Brasil Restaurant,"2545 Nanaimo St, Vancouver, BC V5N 5E6, Canada",http://boteco.ca/
Brazilian,Rio Brazilian Steakhouse,"1122 Denman St, Vancouver, BC V6G 1T2, Canada",http://riobraziliansteakhouse.ca/
Peruvian,Quechua's Chicken,"3433A Simpson Ferry Rd, Camp Hill, PA 17011, USA",http://quechuaschicken.com/
Salvadorian,Pupuseria Salvadoreña Restaurant,"127 Gage Blvd, Richland, WA 99352, USA",
Cuban,Cuba Cuba Cafe & Bar,"1173 Delaware St, Denver, CO 80204, USA",http://www.cubacubarestaurants.com/
Tibetan,MoMos of Tibet,"8221 Germantown Ave, Philadelphia, PA 19118, USA",http://www.momosoftibet.com/
Tibetan,Cafe Tibet,"1510 Cortelyou Rd, Brooklyn, NY 11226, USA",
Tibetan,White Yak Restaurant,"6118 Ridge Ave, Philadelphia, PA 19128, USA",http://www.whiteyakrestaurant.com/
Tibetan,Tibetan Momo Bar,"171 E State St, Ithaca, NY 14850, USA",
Tibetan,Mastracchio's Restaurant & Lounge,"344 Juniata Pkwy E, Newport, PA 17074, USA",http://www.mastracchiosrestaurantandlounge.com/
Tibetan,Spicy Tibet,"75-04 Roosevelt Ave, Flushing, NY 11372, USA",https://www.ngatso.com/spicy-tibet
Tibetan,Lhasa,"177 1st Ave., New York, NY 10003, USA",
Tibetan,Nepal House - Restaurant & Bar,"920 N Charles St, Baltimore, MD 21201, USA",https://www.thenepalhouse.com/
Tibetan,Tibetan Japanese,"75-26 37th Ave, Queens, NY 11372, USA",
Tibetan,Nepali MoMO Kitchen,"532 N 15th St, Philadelphia, PA 19130, USA",http://nepalimomokitchenmenu.com/
Tibetan,Phayul,"37-65 74th Street, Queens, NY 11372, USA",
Tibetan,Cafe Himalaya,"78 E 1st St, New York, NY 10009, USA",http://cafehimalaya.weebly.com/
Tibetan,Tibet's Restaurant & Bar,"321 McCaslin Blvd A, Louisville, CO 80027, USA",https://www.tibetsrestaurant.com/
Tibetan,Tibet Corner,"802 Mainstreet, Hopkins, MN 55343, USA",http://www.tibet-corner.com/
Tibetan,Mount Masala Himalayan Cuisine Indo-Chinese Style Restaurant,"300 White Horse Rd E #1, Voorhees Township, NJ 08043, USA",http://www.mountmasala.com/
Tibetan,Lhasa Fresh Food,"81-09 41st Ave, Queens, NY 11373, USA",https://lhasa-fresh-food.business.site/
Egyptian,Neama's Egyptian Food,"24 N George St, York, PA 17401, USA",
Egyptian,Koshary Station,"4 S Prince St, Millersville, PA 17551, USA",
Egyptian,Koshary Corner,"301 W 29th St, Baltimore, MD 21211, USA",http://www.kosharybymisteka.com/
Greek,Hellenic Kouzina,"500 E Main St, Mechanicsburg, PA 17055, USA",http://hellenickouzina.net/
Greek,Olive Oil Grille,"71 Erford Rd, Camp Hill, PA 17011, USA",http://www.oliveoilgrille.com/
Greek,Chop Shish Mediterranean Restaurant,"2201 Market St, Camp Hill, PA 17011, USA",https://chopshish.com/
Greek,Aura Modern Mediterranean,"4434 Carlisle Pike, Camp Hill, PA 17011, USA",http://www.auramodernmed.com/
Greek,QuickChick Shawarma and Grill,"4957 Carlisle Pike, Mechanicsburg, PA 17050, USA",http://quickchickshawarma.com/
Greek,Stoney Creek Inn,"150 Erie St, Dauphin, PA 17018, USA",https://www.stoneycreekrestaurant.com/
Greek,King Tut HALAL Restaurant,"120 N Hanover St, Carlisle, PA 17013, USA",http://www.facebook.com/p/King-Tut-1-100083034654015/
Greek,Shawarma House & Grill,"3616 Capital City Mall Dr, Camp Hill, PA 17011, USA",https://www.facebook.com/ShawarmaaHouse/
Greek,Jigsy's Brewpub & Restaurant,"225 N Enola Rd, Enola, PA 17025, USA",http://www.jigsyspizza.com/
Greek,Luna Italian Cuisine,"100 Legacy Pk Dr #102, Mechanicsburg, PA 17055, USA",https://lunaitalian.com/
Greek,Grazery,"156 W High St, Carlisle, PA 17013, USA",http://www.grazerycarlisle.com/
Greek,The Greek,"102 Clinton Ave, State College, PA 16803, USA",http://www.thegreekrestaurant.net/
Greek,Valley Bistro,"4520 Valley Rd, Enola, PA 17025, USA",https://www.valleybistroenola.com/
Greek,Tatiana's Restaurant,"4601 Gettysburg Rd, Mechanicsburg, PA 17055, USA",http://tatianasrestaurant.com/
Greek,CoreLife Eatery,"25 N 32nd St Suite 400, Camp Hill, PA 17011, USA",https://locations.corelifeeatery.com/corelife-eatery-c362a1962961
Greek,Brothers Pizzeria,"233 Market St, Newport, PA 17074, USA",https://www.toasttab.com/brothers-pizzeria-new-em-233-market-street
Greek,Lumberjack's Kitchen,"3200 Susquehanna Trail, Duncannon, PA 17020, USA",
Irish,McGrath's Pub,"202 Locust St, Harrisburg, PA 17101, USA",http://mcgrathspub.net/?y_source=1_MzA3Nzc2ODUtNzE1LWxvY2F0aW9uLndlYnNpdGU%3D
Irish,Grotto Pub,"104 Market St, East Pennsboro Township, PA 17025, USA",
Irish,Max's Grille & Sports Bar,"146 Center St, Millersburg, PA 17061, USA",http://maxsgrillepa.com/
Irish,Williams French Fries,"200 Market St, Millersburg, PA 17061, USA",http://www.williamscatering.com/index_files/Page437.htm?y_source=1_MjI2OTgyNDQtNzE1LWxvY2F0aW9uLndlYnNpdGU%3D
Irish,Doyle Hotel,"7 N Market St, Duncannon, PA 17020, USA",https://www.doylehotelpa.com/
Irish,Appalachian Brewing Co. Mechanicsburg,"6462 Carlisle Pike, Mechanicsburg, PA 17050, USA",https://abcbrew.com/mechanicsburg
Irish,McCleary's Pub,"130 W Front St, Marietta, PA 17547, USA",http://www.mcclearyspub.com/
Irish,Hops & Barley's,"398 N York St #6260, Mechanicsburg, PA 17055, USA",
Irish,Gingerbread Man,"5 S Court House Ave, Carlisle, PA 17013, USA",https://facebook.com/GmanCarlisle1973/
Irish,Market Cross Pub,"113 N Hanover St, Carlisle, PA 17013, USA",https://marketcrosspub.com/
Irish,Ye Olde Emerald Tavern,"8300 Harford Rd, Parkville, MD 21234, USA",https://www.yeoldemeraldtavern.com/
Irish,Shady Mcgradys,"204 Verbeke St, Harrisburg, PA 17102, USA",https://www.shadymcgradyshbg.com/?utm_source=GMB&utm_medium=business_listing&utm_campaign=vast_amplified
Irish,Snappers Bar & Grill,"120 E Allen St, Mechanicsburg, PA 17055, USA",http://snappersbarandgrill.net/
Irish,"Flinchy's Restaurant, Bar and Deck","1833 Hummel Ave, Camp Hill, PA 17011, USA",http://www.flinchys.com/
Irish,Jigsy's Brewpub & Restaurant,"225 N Enola Rd, Enola, PA 17025, USA",http://www.jigsyspizza.com/
Irish,McGuigan's Public House,"266 Market St, Sunbury, PA 17801, USA",https://www.facebook.com/mcguiganspublichouse/
Irish,The Pub,"14 S Dewberry St, Harrisburg, PA 17101, USA",
Irish,Jack Cassidy's Irish Pub,"990 E High St, Pottstown, PA 19464, USA",https://www.jackcassidysirishpub.com/
Irish,The Irish Pub Next Door,"4584 Mountain Rd, Pasadena, MD 21122, USA",http://theirishpubnextdoor.com/
Irish,Hanrahan's Irish Pub,"690 Burmont Rd, Drexel Hill, PA 19026, USA",
Welsh,Welch's Riverside Restaurant,"505 Main St # 1, Carrollton, KY 41008, USA",
Cajun,Hook & Reel Cajun Seafood & Bar,"8652 Pulaski Hwy, Rosedale, MD 21237, USA",https://hookreel.com/location/rosedale/
Portuguese,Portuguese Club Of Vancouver,"1144 Commercial Dr, Vancouver, BC V5L 3X2, Canada",https://thepcov.ca/
Turkish,Saray Turkish Cuisine,"6633 Hastings St, Burnaby, BC V5B 1S1, Canada",https://sarayturkish.com/
Turkish,Afghan Turkish Cuisine,"422 Willingdon Ave, Burnaby, BC V5C 5G4, Canada",http://www.afghanturkishcuisine.ca/
Turkish,Turkish Donair,"4066 Hastings St, Burnaby, BC V5C 2J3, Canada",https://order.online/store/TurkishDonair-1519392/en-US/?hideModal=true&pickup=true
Turkish,Anatolia's Gate Restaurant,"7084 Kingsway, Burnaby, BC V5E 1E7, Canada",http://www.anatoliasgaterestaurant.com/
Turkish,Anatolias Gate Turkish Cuisine,"1039 Granville St, Vancouver, BC V6Z 1L4, Canada",https://anatoliasgate.ca/
Turkish,Istanbul Döner Shop,"990 Denman St, Vancouver, BC V6G 2M1, Canada",http://tryistanbuldoner.ca/
Haitian,Top Haitian Restaurant,"North Miami, FL 33161, USA",
Korean,Koreana Korean Restaurant,"1001 Austin Ave #101, Coquitlam, BC V3K 3N9, Canada",http://www.koreanaeats.com/
Korean,Tâ Bom Korean Cuisine,"1046 Austin Ave C, Coquitlam, BC V3K 3P3, Canada",http://www.tabom.ca/
Korean,So Hyang Korean Cuisine,"6345 Fraser St, Vancouver, BC V5W 3A3, Canada",https://so-hyang.ca/
Korean,Hanwoori Korean Restaurant,"5740 Imperial St, Burnaby, BC V5J 1G2, Canada",http://www.hanwoori.ca/
Korean,Shilla Korean Restaurant,"1031 Kingsway, Vancouver, BC V5V 3C7, Canada",http://shillakorean.ca/
Korean,Jang Mo Jib Metrotown,"5075 Kingsway, Burnaby, BC V5H 2E6, Canada",
Korean,Yook Korean Grilled BBQ & Bistro (육 코리안 바베큐),"2408 Nanaimo St, Vancouver, BC V5N 5E4, Canada",http://yookkoreanbbq.com/
Nigerian,Alebi African Cuisine,"10694 135a St, Surrey, BC V3T 4E2, Canada",http://alebiafricanrestaurant.com/
Nigerian,Taste of Africa,"10663 King George Blvd, Surrey, BC V3T 2X6, Canada",
Nigerian,Simba's Grill,"3300 Boundary Rd, Burnaby, BC V5M 4A4, Canada",http://www.simbasgrill.com/
Moroccan,Moltaqa Moroccan Restaurant Mainland Street Yaletown,"1002 Mainland St, Vancouver, BC V6B 6J8, Canada",https://www.moltaqarestaurant.ca/
Lebanese,Mazahr Lebanese Kitchen,"1488 W 11th Ave, Vancouver, BC V6H 1L1, Canada",http://www.mazahr.ca/
Vietnamese,Kim Son Vietnamese Food,"555 W 12th Ave #030, Vancouver, BC V5Z 3X7, Canada",
Vietnamese,Pho Century Fine Vietnamese Cuisine,"6701 Kingsway, Burnaby, BC V5E 1E4, Canada",https://phocentury.ca/
Vietnamese,Ivy's Kitchen Vietnamese Restaurant,"4598 Main St, Vancouver, BC V5V 3R5, Canada",
Hungarian,Budapest Bistro,"12926 Mukilteo Speedway, Lynnwood, WA 98037, USA",
Mediterranean,QuickChick Shawarma and Grill,"4957 Carlisle Pike, Mechanicsburg, PA 17050, USA",http://quickchickshawarma.com/
Mediterranean,Chop Shish Mediterranean Restaurant,"2201 Market St, Camp Hill, PA 17011, USA",https://chopshish.com/
Mediterranean,Olive Oil Grille,"71 Erford Rd, Camp Hill, PA 17011, USA",http://www.oliveoilgrille.com/
Mediterranean,Soltan Restaurant,"4930 Carlisle Pike c3, Hampden Township, PA 17050, USA",
Mediterranean,Shawarma House & Grill,"3616 Capital City Mall Dr, Camp Hill, PA 17011, USA",https://www.facebook.com/ShawarmaaHouse/
Mediterranean,King Tut HALAL Restaurant,"120 N Hanover St, Carlisle, PA 17013, USA",http://www.facebook.com/p/King-Tut-1-100083034654015/
Mediterranean,Cedars Lebanese Cuisine,"2153 Market St, Camp Hill, PA 17011, USA",http://cedarslebanesecuisine.com/
Mediterranean,Aura Modern Mediterranean,"4434 Carlisle Pike, Camp Hill, PA 17011, USA",http://www.auramodernmed.com/
Mediterranean,Mezza Cafe,"West Shore Farmers Market, 900 Market St, Lemoyne, PA 17043, USA",
Mediterranean,Olive Garden Italian Restaurant,"6520 Carlisle Pike, Mechanicsburg, PA 17050, USA",https://www.olivegarden.com/locations/pa/mechanicsburg/mechanicsburg-silver-spring-commons/1471?cmpid=br:og_ag:ie_ch:loc_ca:OGGMB_sn:gmb_gt:mechanicsburg-pa-1471_pl:locurl_rd:1349
Mediterranean,Hellenic Kouzina,"500 E Main St, Mechanicsburg, PA 17055, USA",http://hellenickouzina.net/
Mediterranean,Grazery,"156 W High St, Carlisle, PA 17013, USA",http://www.grazerycarlisle.com/
Mediterranean,Tatiana's Restaurant,"4601 Gettysburg Rd, Mechanicsburg, PA 17055, USA",http://tatianasrestaurant.com/
Mediterranean,Halaal Restaurant,"138 S 13th St, Harrisburg, PA 17104, USA",https://halaalrestaurantpa.com/
Mediterranean,CoreLife Eatery,"25 N 32nd St Suite 400, Camp Hill, PA 17011, USA",https://locations.corelifeeatery.com/corelife-eatery-c362a1962961
Mediterranean,Subway,"US Rt 22 & 322Y, Duncannon, PA 17020, USA",https://restaurants.subway.com/united-states/pa/duncannon/us-rt-22-&-322y?utm_source=yxt-goog&utm_medium=local&utm_term=acq&utm_content=34517&utm_campaign=evergreen-2020&y_source=1_MTQ5ODM4NzItNzE1LWxvY2F0aW9uLndlYnNpdGU%3D
Mediterranean,Zetina's,"209 Maple St, Halifax, PA 17032, USA",http://www.zetinasmenu.com/
Mediterranean,mezeh,"348 E Calder Way, State College, PA 16801, USA",http://www.mezeh.com/
Mediterranean,Lumberjack's Kitchen,"3200 Susquehanna Trail, Duncannon, PA 17020, USA",
Mediterranean,Pita Cabana Grill,"334 E Calder Way, State College, PA 16801, USA",http://pitacabana.com/
Ethiopian,Axum Restaurant,"1279 E Hastings St, Vancouver, BC V6A 1S4, Canada",http://www.axumrestaurant.ca/
Ethiopian,Harambe Ethiopian Restaurant,"2149 Commercial Dr, Vancouver, BC V5N 4B3, Canada",
Ethiopian,Fassil Restaurant,"736 E Broadway, Vancouver, BC V5T 1X9, Canada",http://www.fassil.ca/
Ethiopian,Gojo Café Ethiopia I Ethiopian Cuisine,"2838 Commercial Dr, Vancouver, BC V5N 4C6, Canada",http://www.gojocafe.com/
Ethiopian,Blue Nile Ethiopian Restaurant,"7821 Rainier Ave S, Seattle, WA 98118, USA",
Ethiopian,Ahadu Ethiopian Restaurant,"1508 NE 117th St, Seattle, WA 98125, USA",http://www.ahadu-ethiopian-restaurant.net/
Ethiopian,Massawa Eritrean & Ethiopian Restaurant,"4411 S Mead St, Seattle, WA 98118, USA",
Ethiopian,Jebena Cafe,"1510 NE 117th St, Seattle, WA 98125, USA",https://www.jebenacafe.com/
Ethiopian,Adey Abeba Ethiopian Restaurant,"2123 E Union St, Seattle, WA 98122, USA",https://adeyabeba.net/
Ethiopian,Zobel Ethiopian Cuisine,"1219 E Jefferson St, Seattle, WA 98122, USA",http://zobelethiopianwa.com/
Ethiopian,Zagol Ethiopian Restaurant,"2722 E Cherry St, Seattle, WA 98122, USA",http://www.zagolethiopianrestaurant.com/
Ethiopian,Queen Sheba Ethiopian Restaurant,"916 E John St, Seattle, WA 98102, USA",
Ethiopian,Adulis Eritrean and Ethiopian Restaurant,"10515 Greenwood Ave N, Seattle, WA 98133, USA",http://adulisrestaurant.com/
Ethiopian,Shewa-Ber Bar & Restaurant,"1801 S Jackson St, Seattle, WA 98144, USA",http://www.shewa-ber.com/
Ethiopian,Enat Ethiopian Restaurant,"11546-11552, 11546 15th Ave NE, Seattle, WA 98125, USA",https://m.facebook.com/EnatEthiopianRestaurant/
Ethiopian,Ras Dashen Restaurant,"2801 E Cherry St, Seattle, WA 98122, USA",http://www.rasdashenseattle.com/
Ethiopian,Habesha Cafe,"5710 Rainier Ave S, Seattle, WA 98118, USA",https://habesha.cafe/
Caribbean,Jamaican Jerk,"1320 Sam Nunn Blvd, Perry, GA 31069, USA",
Soul,Fatz Shawn's Soul Kitchen,"310 General Courtney Hodges Blvd, Perry, GA 31069, USA",http://fatzshawnssoulkitchen.com/
Argentinian,Patagōn,"1610 2nd Ave, Seattle, WA 98101, USA",https://www.patagonseattle.com/?utm_source=extnet&utm_medium=yext
Chilean,Al Chile,"1340 Davie St, Vancouver, BC V6E 1N6, Canada",https://instagram.com/alchilevan?igshid=MzRlODBiNWFlZA==
Colombian,Plantéis,"7415 US-31, Indianapolis, IN 46227, USA",http://www.mrpatakon.com/
Costa Rican,"Local Restaurant, Costa Rican Food","WWGG+2JG, San José Province, San José, Barrio Luján, Costa Rica",
Czech,Old Prague Restaurant,"5586 Liberty Ave, Vermilion, OH 44089, USA",http://oldpragueohio.com/
Dutch,Dutch Pantry Family Restaurant,"14680 Clearfield Shawville Hwy, Clearfield, PA 16830, USA",
Ecuadorian,El Rinconcito Restaurant Ecuatoriano & Bakery,"7001 West Chester Pike, Upper Darby, PA 19082, USA",https://elrinconcitoecuatoriano.com/
Ghanaian,Africana Cuisine,"9533 Belair Rd, Nottingham, MD 21236, USA",https://www.africanacuisinemd.com/
Guatemalan,Guatelinda Restaurant & Bakery,"340 W University Dr UNIT 32, Mesa, AZ 85201, USA",
Honduran,Honduras Restaurant,"6747 Tampa Ave, Reseda, CA 91335, USA",
Indonesian,Peranakan Kitchen (P'Kay),"1122 5th Ave, New Westminster, BC V3M 1Y6, Canada",https://perkit.ca/
Indonesian,Bali Thai,"88 W Pender St, Vancouver, BC V6B 1R3, Canada",https://www.balithaivancouver.com/
Indonesian,Indo Cafe,"13754 Aurora Ave N Suite D, Seattle, WA 98133, USA",http://www.myindocafe.com/
Iranian,Cazba Persian Grill Express,"9855 Austin Ave #106, Burnaby, BC V3J 1N4, Canada",https://cazbarestaurant.com/
Iranian,Pasargad Restaurant,"2565 Barnet Hwy #22, Coquitlam, BC V3H 4E2, Canada",http://pasargadrestaurant.ca/
Iranian,The Kebob House Restaurant,"2865 Shaughnessy St, Port Coquitlam, BC V3C 3H1, Canada",http://www.thekebobhouse.com/
Iranian,Suren Persian cuisine,"4624 Hastings St, Burnaby, BC V5C 2K5, Canada",https://linktr.ee/surenrestaurant
Iranian,Zeitoon Restaurant,"1795 Pendrell St, Vancouver, BC V6G 1T2, Canada",https://zeitoon.cloudwaitress.com/
Iranian,Farsi Food,"1480 Pemberton Ave, North Vancouver, BC V7P 2S1, Canada",http://www.farsifood.ca/
Iranian,Mehman Restaurant,"1451 Lonsdale Ave, North Vancouver, BC V7M 2H9, Canada",http://www.mehmanrestaurant.ca/
Iranian,Khaghan Restaurant North Shore,"935 Marine Dr Unit 66, North Vancouver, BC V7P 1S3, Canada",https://linktr.ee/khaghan
Iranian,SadraRestaurantرستوران صدراونكوور,"SADRA Persian Restaurant, 1615 Lonsdale Ave, North Vancouver, BC V7M 2J5, Canada",http://sadrarestaurant.ca/
Iranian,Cazba persian grill,"4567 Lougheed Hwy., Burnaby, BC V5C 3Z6, Canada",
Iranian,Avishan,"20433 Douglas Cres, Langley, BC V3A 4B6, Canada",https://avishanrestaurant.com/
Iranian,Khaghan Restaurant,"851 Denman St, Vancouver, BC V6G 2L9, Canada",
Iranian,Gillaneh GrillHouse - Downtown,"1072 Denman St, Vancouver, BC V6G 2M8, Canada",https://gilane.ca/
Iranian,Grab and Go Persian Restaurant,"1805 Lonsdale Ave, North Vancouver, BC V7M 2J8, Canada",https://grabandgopersian.ca/
Iranian,Celeshmet Restaurant | Authentic Persian Halal Restaurant,"6956 Victoria Dr, Vancouver, BC V5P 3Y8, Canada",http://celeshmet.com/?utm_source=gmb&utm_medium=referral
Israeli,Judah Mediterranean Grille,"9311 Krewstown Rd, Philadelphia, PA 19115, USA",http://www.judahgrill.com/
Jamaican,Jamaican Jerk,"1320 Sam Nunn Blvd, Perry, GA 31069, USA",
Laotian,Khao Niew Lao Food Restaurant,"Inside Cully, Central Building, 4579 NE Cully Blvd, Portland, OR 97218, USA",http://www.khaoniewlaostreetfood.com/
Malaysian,Green & Oak Malaysian Restaurant,"3760 Hastings St, Burnaby, BC V5C 2H5, Canada",https://www.greenandoak.com/
Malaysian,Penang Bistro Fine Malaysian Cuisine(10% OFF for Orders from Our Website!),"3932 Fraser St, Vancouver, BC V5V 4E4, Canada",https://penangbistro.zomi.menu/
Malaysian,Malaysian Hut,"14727 108 Ave, Surrey, BC V3R 1V9, Canada",http://www.malaysianhutrestaurant.com/
Malaysian,IPOH Malaysian Cuisine,"2127-4500 Kingsway, Burnaby, BC V5H 2A9, Canada",https://www.facebook.com/ipohmalaysiancuisine/
Malaysian,Kopitiam Malaysia,"3885 Rupert St, Vancouver, BC V5R 2G7, Canada",https://kopitiammalaysia.ca/
Malaysian,Banana Leaf Malaysian Cafe,"1779 Robson St, Vancouver, BC V6G 1C9, Canada",https://www.bananaleaf-vancouver.com/robson
Malaysian,Mamalee - Broadway,"3144 W Broadway, Vancouver, BC V6K 2H3, Canada",http://www.mamalee.ca/
Malaysian,Ipoh Malay Cuisine,"1316 W 73rd Ave, Vancouver, BC V6P 4M9, Canada",https://www.ipohmalaycuisine.ca/
Malaysian,Tropika,"2975 Cambie St, Vancouver, BC V5Z 2V7, Canada",http://www.tropikavancouver.ca/
Malaysian,Laksa King,"2546 E Hastings St, Vancouver, BC V5K 1Z3, Canada",https://laksaking.ca/
Malaysian,Nyonya House - Malaysian Restaurant - Please try to Order from Website,"3866 Bayview St #110, Richmond, BC V7E 3B6, Canada",http://nyonya.richmondpos.com/
Mongolian,New Eastern,"5201 Spring Rd, Shermans Dale, PA 17090, USA",
Nepalese,The Momo Grill Nepali Kitchen,"16016 Fraser Hwy #104, Surrey, BC V4N 0G3, Canada",https://themomogrill.com/
Nicaraguan,Las Segovias,"8014 Seville Ave, Huntington Park, CA 90255, USA",https://lassegoviasca.com/
Norwegian,Viking Soul Food - Belmont food cart,"4255 SE Belmont St, Portland, OR 97215, USA",http://www.vikingsoulfood.com/
Pakistani,Lahori Kabab Restaurant | Harrisburg,"3840 Union Deposit Rd, Harrisburg, PA 17109, USA",https://lahorikababrestaurant.com/
Peruvian,Quechua's Chicken,"3433A Simpson Ferry Rd, Camp Hill, PA 17011, USA",http://quechuaschicken.com/
Philippine,PLATO FILIPINO,"5175 Joyce St, Vancouver, BC V5R 4G8, Canada",
Polish,Pats Polish Deli,"535 Andrews Rd, Feasterville-Trevose, PA 19053, USA",http://www.patspolishdeli.com/
Puerto Rican,Mi Viejo San Juan Restaurant,"7229 E Colonial Dr, Orlando, FL 32807, USA",https://miviejosanjuanrestaurantorlandofl.com/
Singaporean,Singapore Hawker Burnaby,"7150 Sperling Ave, Burnaby, BC V5E 2W5, Canada",http://www.singaporehawker.ca/
Singaporean,Singapore Hawker,"1169 Pacific St #120, Coquitlam, BC V3B 0J1, Canada",http://www.singaporehawker.ca/
Singaporean,Singapore Express,"2775 Laurel St Room 4145, Vancouver, BC V5Z 1M9, Canada",https://www.qooway.com/OLO/m-en?SingExpOnLaurel
Singaporean,Shiok Singaporean Cuisine,"1716 Kingsway, Vancouver, BC V5N 2S4, Canada",http://shiok.ca/
Singaporean,Singapore Express,"12855 Clarke Pl, Richmond, BC V6V 2H9, Canada",
Singaporean,Prata-Man Singapore Cuisine,"9060 Capstan Wy, Richmond, BC V6X 3N6, Canada",https://prata-man-richmond.business.site/
Somali,Sahara Cafe Somali Cuisine,"13919 Tukwila International Blvd, Tukwila, WA 98168, USA",
Sri Lankan,J.R Taste Of Ceylon,"3929 Knight St, Vancouver, BC V5N 3L8, Canada",http://j-r-taste-of-ceylon.jany.io/
Swiss,Swiss Restaurant,"516 N Broadway, Santa Maria, CA 93454, USA",http://www.swissrestaurantandbar.com/
Syrian,Ayam Zaman Restaurant,"1090 Lougheed Hwy. #116, Coquitlam, BC V3K 6G9, Canada",
Taiwanese,Chef Hung Taiwanese Beef Noodle,"3313 Shrum Lane #102, Vancouver, BC V6S 0C8, Canada",http://www.chefhungnoodle.com/
Taiwanese,Bubble 88,"10209 King George Blvd #102, Surrey, BC V3T 2W6, Canada",https://bubble88.business.site/
Taiwanese,Ding Hao Noodle House,"2773 Barnet Hwy #4, Coquitlam, BC V3B 1C2, Canada",http://www.dinghaonoodlehouse.com/
Taiwanese,Kuai Wei Jia,"1163 Pinetree Wy #2102, Coquitlam, BC V3B 8A6, Canada",
Taiwanese,台風 Typhoon Bubble Tea Taiwanese Cuisine,"11700 Cambie Rd. #175, Richmond, BC V6X 1L5, Canada",https://typhoonbbt.ca/
Taiwanese,Wang's Taiwan Beef Noodle House,"8390 Granville St, Vancouver, BC V6P 4Z7, Canada",https://wangstaiwanhouse.com/
Taiwanese,Joys Taiwanese Food,"4380 No. 3 Rd, Richmond, BC V6X 3V7, Canada",
Taiwanese,CHJ Bistro,"12240 Second Ave #240, Richmond, BC V7E 3L8, Canada",https://www.chj-bistro.com/
Taiwanese,Chef Hung Taiwanese Beef Noodle,"4151 Hazelbridge Wy #2800, Richmond, BC V6X 4J7, Canada",http://www.chefhungnoodle.com/
Tanzanian,Africana Cuisine,"9533 Belair Rd, Nottingham, MD 21236, USA",https://www.africanacuisinemd.com/
Thai,Pad Thai Restaurant,"6416 Carlisle Pike #1000, Mechanicsburg, PA 17050, USA",http://www.padthaipa.com/
Thai,Chalit's Thai Bistro,"5517 Carlisle Pike, Mechanicsburg, PA 17050, USA",http://chalitsthaibistro.com/
Thai,Bangkok Wok,"125 Gateway Dr, Mechanicsburg, PA 17050, USA",https://bangkokwok.takeout7.com/
Thai,Basil Leaf Thai Cuisine,"5202 Simpson Ferry Rd, Mechanicsburg, PA 17050, USA",http://www.basilleafpa.com/
Thai,Bangkok 56,"1917 Paxton St #2962, Harrisburg, PA 17104, USA",
Thai,Kanlaya Thai Restaurant,"1030 S 13th St, Harrisburg, PA 17104, USA",http://www.kanlayathairestaurant.com/
Thai,Tri Asian Taste,"1233 N 3rd St, Harrisburg, PA 17102, USA",
Thai,Freshido,"6455 Carlisle Pike Ste 1, Mechanicsburg, PA 17050, USA",http://www.freshido.com/
Thai,Tawan Thai Restaurant,"141 W High St, Carlisle, PA 17013, USA",http://www.tawanthaipa.com/
Tunisian,Tunisian Cafe,"1435 Snyder Ave, Philadelphia, PA 19145, USA",
Ukrainian,Ukrainian Village,"815 Denman St, Vancouver, BC V6G 2L7, Canada",https://ukrainianvillage.wixsite.com/canada
Venezuelan,Paparepas Venezuelan Food,"21224 84th Ave S, Kent, WA 98031, USA",https://www.paparepas.com/
Vietnamese,Kim Son Vietnamese Food,"555 W 12th Ave #030, Vancouver, BC V5Z 3X7, Canada",
Vietnamese,Pho Century Fine Vietnamese Cuisine,"6701 Kingsway, Burnaby, BC V5E 1E4, Canada",https://phocentury.ca/
Vietnamese,Ivy's Kitchen Vietnamese Restaurant,"4598 Main St, Vancouver, BC V5V 3R5, Canada",
Yemeni,Saba Yemeni Restaurant,"2881 Granville St, Vancouver, BC V6H 3J4, Canada",http://www.sabafoods.ca/
