Cuisine Type,Name,Address,Website
Mexican,El Rio Lindo,"641 Oakland Ave, Helena, AR 72342, USA",https://www.facebook.com/ElRio641Oak/
Mexican,PaTio Mexican Restaurant,"1012 US 49, West Helena, AR 72390, USA",
Mexican,Pasquales Tamales,"1005 Highway #49 West, West Helena, AR 72390, USA",http://www.sucktheshuck.com/
Mexican,Ameca Mexican Restaurant,"362 W Chestnut St, Marianna, AR 72360, USA",
Mexican,El Jovenaso 3 Mexican Restaurant,"138 S Lake Ave, Phillips, WI 54555, USA",https://eljovenaso3wi.com/
Mexican,Guadalajara,"937 Commerce Plaza, Clarksdale, MS 38614, USA",
Mexican,El Amigo Feliz,"1304 E Mammoth Rd, Hazen, AR 72064, USA",
Mexican,Southland Road Store and Diner,"23 Phillips Rd 230, Lexa, AR 72355, USA",
Mexican,Atzimba Mexican Restaurant,"706 S State St, Clarksdale, MS 38614, USA",
Mexican,Downtown Bar & Grill,"520B Walnut St, Helena, AR 72342, USA",
Mexican,Taco Bell,"761 N Sebastian, West Helena, AR 72390, USA",https://locations.tacobell.com/ar/west-helena/761-north-sebastian-street.html?utm_source=yext&utm_campaign=googlelistings&utm_medium=referral&utm_term=032034&utm_content=website&y_source=1_NjE0MjIyNi03MTUtbG9jYXRpb24ud2Vic2l0ZQ%3D%3D
Mexican,El Acapulco,"2800 N State Hwy 7, Hot Springs, AR 71909, USA",https://www.facebook.com/El.acapulco.hsv/
Mexican,Cypress Corner Bar-B-Q,"8298 AR-1, Marianna, AR 72360, USA",
Mexican,La Casa Del Sol,"1967 Old Hwy 7 S, Dardanelle, AR 72834, USA",
Mexican,EL BARRIO MEXICAN RESTAURANT,"45 Camp St, Dover, AR 72837, USA",
Mexican,El Palenque Mexican Cuisine,"412 US-62, Ash Flat, AR 72513, USA",https://usmapz.me/el-palenque-mexican-cuisine-303404-us
Mexican,El Parralito,"327 US-70 E, Glenwood, AR 71943, USA",
Mexican,La Mesa,"1314 E Walnut St, Paris, AR 72855, USA",https://www.facebook.com/profile.php?id=100087273219301&mibextid=ZbWKwL
Mexican,Señor José Grill,"1490 US-67, Pocahontas, AR 72455, USA",https://www.facebook.com/senorjosegrill
Mexican,Rolando's,"210 Central Ave, Hot Springs National Park, AR 71901, USA",https://rolandosrestaurant.com/
Swedish,Ingrid's Scandinavian Food,"209 7th St, Oregon City, OR 97045, USA",http://ingridsscandinavianfood.com/
Italian,Roma Italian Restaurant,"2126 N 1st St, Jacksonville, AR 72076, USA",
Italian,Tavolo Italian Ristorante,"3000 Jennings Ln, Batesville, AR 72501, USA",https://www.tavoloisthebest.com/
Italian,Verona Italian Restaurant,"190 Skyline Dr, Conway, AR 72032, USA",http://veronasitalianrestaurantconway.com/?y_source=1_MTI2NTk3OTctNzE1LWxvY2F0aW9uLndlYnNpdGU%3D
Italian,Olive Garden Italian Restaurant,"554 Museum Rd, Conway, AR 72032, USA",https://www.olivegarden.com/locations/ar/conway/conway-museum-rd/6497?cmpid=br:og_ag:ie_ch:loc_ca:OGGMB_sn:gmb_gt:conway-ar-6497_pl:locurl_rd:1912
Italian,Pasta J,"1314 Green, Benton, AR 72015, USA",http://www.pastajitalian.com/
Italian,La Piazza Italian Restaurant,"104 E Cedar St, El Dorado, AR 71730, USA",https://www.facebook.com/LaPiazzaRistoranteItaliano/#
Italian,J&S Italian Villa,"4332 Central Ave B, Hot Springs, AR 71913, USA",https://jandsitalian.com/
Italian,Italian Bistro of Magnolia,"426 E Main St, Magnolia, AR 71753, USA",
Italian,Olive Garden Italian Restaurant,"16732 I-30, Benton, AR 72019, USA",https://www.olivegarden.com/locations/ar/benton/benton/6471?cmpid=br:og_ag:ie_ch:loc_ca:OGGMB_sn:gmb_gt:benton-ar-6471_pl:locurl_rd:1888
Italian,Subway,"770 N Sebastian, West Helena, AR 72390, USA",https://restaurants.subway.com/united-states/ar/west-helena/770-n-sebastion-st?utm_source=yxt-goog&utm_medium=local&utm_term=acq&utm_content=13623&utm_campaign=evergreen-2020&y_source=1_MTQ5MDU2NjktNzE1LWxvY2F0aW9uLndlYnNpdGU%3D
Italian,Olive Garden Italian Restaurant,"1918 Red Wolf Blvd, Jonesboro, AR 72401, USA",https://www.olivegarden.com/locations/ar/jonesboro/jonesboro/1824?cmpid=br:og_ag:ie_ch:loc_ca:OGGMB_sn:gmb_gt:jonesboro-ar-1824_pl:locurl_rd:1669
Italian,Verona Italian Restaurant,"1220 S 7th St, Heber Springs, AR 72543, USA",https://www.veronaitalianrestaurantmenu.com/?utm_source=gbp
Italian,Pasta J's Bryant,"2900 Horizon Dr, Bryant, AR 72022, USA",http://pastajsbryant.net/
Italian,Delta Que & Brew,"233 Cherry St, Helena, AR 72342, USA",https://www.deltaquebrew.com/
Italian,Verona Italian Restaurant,"16925 I-30, Benton, AR 72015, USA",http://veronaar.com/
Italian,Dolce Vita Italian Ristorante,"111 Ponderosa Ln, Hot Springs Village, AR 71909, USA",https://brunoshsv.com/dolce-vita
Italian,Italy in Town,"120 N Market St, Benton, AR 72015, USA",https://www.facebook.com/ItalyinTownBenton/
Italian,Roma Italian Restaurant,"1320 Hwy 65, A, Harrison, AR 72601, USA",https://www.orderromaitalianrestaurantmenu.com/?utm_source=gbp
Italian,Milano’s Italian Grill,"1800 Club Manor Dr, Maumelle, AR 72113, USA",https://www.milanosmaumelle.com/
Italian,Mama's Little Italy,"National Park, 1020 Airport Rd, Hot Springs, AR 71913, USA",
Spanish,Bodega,"1210 Broad St, Victoria, BC V8W 2A4, Canada",http://bodegabar.ca/
American,Mary’s Southern Traditions,"1355 US 49, Marvell, AR 72366, USA",
American,Downtown Bar & Grill,"520B Walnut St, Helena, AR 72342, USA",
American,Burger Shack,"372 Sebastian St, West Helena, AR 72390, USA",
American,DELTA DINER,"297 Richmond Dr, West Helena, AR 72390, USA",https://www.menupix.com/arkansas/restaurants/380373067/Delta-Diner-West-Helena-AR
American,El Rio Lindo,"641 Oakland Ave, Helena, AR 72342, USA",https://www.facebook.com/ElRio641Oak/
American,Wendy's,"278 Richmond Dr, West Helena, AR 72390, USA",https://locations.wendys.com/united-states/ar/west-helena/278-richmond-hl?utm_source=Yext&utm_medium=Google_My_Business&utm_campaign=Local_Search&utm_content=EN_US
American,Taco Bell,"761 N Sebastian, West Helena, AR 72390, USA",https://locations.tacobell.com/ar/west-helena/761-north-sebastian-street.html?utm_source=yext&utm_campaign=googlelistings&utm_medium=referral&utm_term=032034&utm_content=website&y_source=1_NjE0MjIyNi03MTUtbG9jYXRpb24ud2Vic2l0ZQ%3D%3D
American,McDonald's,"843 N Sebastian, West Helena, AR 72390, USA",https://www.mcdonalds.com/us/en-us/location/AR/WEST-HELENA/843-N-SEBASTIAN/30525.html?cid=RF:YXT:GMB::Clicks
American,Sonic Drive-In,"849 N Sebastian, West Helena, AR 72390, USA",https://www.sonicdrivein.com/locations/us/ar/west-helena/849-north-sebastian-street/store-3092/?utm_source=google%20my%20business&utm_medium=organic&utm_campaign=website%20link
American,Subway,"770 N Sebastian, West Helena, AR 72390, USA",https://restaurants.subway.com/united-states/ar/west-helena/770-n-sebastion-st?utm_source=yxt-goog&utm_medium=local&utm_term=acq&utm_content=13623&utm_campaign=evergreen-2020&y_source=1_MTQ5MDU2NjktNzE1LWxvY2F0aW9uLndlYnNpdGU%3D
American,PaTio Mexican Restaurant,"1012 US 49, West Helena, AR 72390, USA",
American,August Moon Chinese Restaurant,"108 Garland Ave, West Helena, AR 72390, USA",
American,The Hollywood Cafe,"1585 Old Commerce Rd, Tunica Resorts, MS 38664, USA",http://thehollywoodcafe.com/
American,JBP BIG BURGER,"571 Maple St, Friars Point, MS 38631, USA",
American,Blue & White,"1355 US-61, Tunica, MS 38676, USA",http://blueandwhiterestaurant.com/
American,Kathryn's of Mississippi Inc,"5770 Moon Lake Rd, Lula, MS 38644, USA",
American,3D's Cooking and Grilling,"432 2nd St, Holly Grove, AR 72069, USA",
American,Finger Lickin' Good,"1141 US-61, Tunica, MS 38676, USA",
American,Bobbie's Diner,"1208 N State St, Clarksdale, MS 38614, USA",
American,Sonic Drive-In,"86 Forrest Ave, Marianna, AR 72360, USA",https://www.sonicdrivein.com/locations/us/ar/marianna/86-forrest-avenue/store-2480/?utm_source=google%20my%20business&utm_medium=organic&utm_campaign=website%20link
British,The Three Brits Public House,"1780 Davie St, Vancouver, BC V6G 1W2, Canada",https://www.freehouse.co/locations/three-brits
Thai,Patsara Thai,"528 Carnarvon St, New Westminster, BC V3L 1C4, Canada",https://www.patsara.ca/
Japanese,Sugoi Japanese Grill,"903A US-65, McGehee, AR 71654, USA",http://www.facebook.com/sugoijapanesegrill
Japanese,Octopus sushi and hibachi,"2050 John Harden Dr, Jacksonville, AR 72076, USA",https://www.octopussushihibachi.com/
Japanese,Tokyo Japanese Steakhouse and Sushi Bar,"200 Dakota St, Cabot, AR 72023, USA",https://www.tokyocabot.com/
Japanese,Fuji Japanese Steakhouse,"3548 E Race Ave, Searcy, AR 72143, USA",https://www.fujisearcy.com/
Japanese,Sheridan Hibachi & Sushi,"802 Rock St, Sheridan, AR 72150, USA",https://www.clover.com/online-ordering/sheridan-hibachi--sushi-sheridan
Japanese,Sakura Japanese Steakhouse,"3000 Jennings Ln, Batesville, AR 72501, USA",
Japanese,Yoi Hibachi Food Truck,"1021 Main St, Vilonia, AR 72173, USA",https://elomaps.me/yoi-hibachi-food-truck-407579-us
Japanese,Osaka Japanese Steakhouse & Sushi Bar,"3954 Central Ave M, Hot Springs, AR 71913, USA",http://www.osakahotsprings.com/
Japanese,Dora Express Japanese Food,"2370 Harrison St, Batesville, AR 72501, USA",https://www.dorahibachiexpress.com/
Japanese,Village Hibachi,"4656 N State Hwy 7, Hot Springs Village, AR 71909, USA",https://villagehibachi.square.site/
Japanese,Sakura Japanese Restaurant,"7307 Alcoa Rd, Bryant, AR 72022, USA",
Japanese,Osaka Japanese Hibachi Steak House,"1700 Altus #105, Conway, AR 72032, USA",https://www.osakaconway.com/
Japanese,Kosuke Japanese Steakhouse and Sushi,"1900 Club Manor Dr Ste 108, Maumelle, AR 72113, USA",https://kosukemaumelle.weebly.com/
Japanese,Kanpai Japanese Steak & Sushi,"4120 E McCain Blvd, North Little Rock, AR 72217, USA",https://truckereater.com/places/kanpai-japanese-steak-sushi-little-rock-arkansas/
Japanese,KingKong Hibachi,"1608 AR-5, Benton, AR 72019, USA",
Japanese,Sumo Sushi and Steak,"5311 AR-5 #250, Bryant, AR 72022, USA",
Japanese,94 HIBACHI,"1121 Hwy 25b, Heber Springs, AR 72543, USA",
Japanese,Nori Sushi and Hibachi,"4000 AR-5, Bryant, AR 72022, USA",
Japanese,Sumo Japanese Steakhouse,"2801 Red Wolf Blvd, Jonesboro, AR 72401, USA",http://experiencesumo.com/locations
Japanese,KEIHIRO HIBACHI AND SUSHI,"250 E Military Dr, North Little Rock, AR 72118, USA",
Chinese,Teaden Chinese Restaurant,"569 Oakland Ave, Helena, AR 72342, USA",
Chinese,August Moon Chinese Restaurant,"108 Garland Ave, West Helena, AR 72390, USA",
Chinese,House of Lee Restaurant,"125 US-65, Dumas, AR 71639, USA",https://elomaps.me/house-of-lee-restaurant-488094-us
Chinese,Rice Bowl,"1914 N State St, Clarksdale, MS 38614, USA",
Chinese,Spann's Catering,"121 Sebastian St, West Helena, AR 72390, USA",
Chinese,Pearl 88,"1410 N State St, Clarksdale, MS 38614, USA",
Indian,India Restaurant,"1107 Georgia Ridge Dr, Mulberry, AR 72947, USA",
Russian,From Russia with Love,"12271 Melinda Ln NE, Aurora, OR 97002, USA",https://fromrussiawithloveaurora.menufy.com/
Jewish,Nosh-A-Rye Kosher Deli & Catering,"36 Bazeberry Rd, Cordova, TN 38018, USA",http://www.nosharye.com/
Polish,Downtown Bar & Grill,"520B Walnut St, Helena, AR 72342, USA",
German,Steinhaus Keller,"801 Central Ave #15, Hot Springs, AR 71901, USA",http://www.steinhauskeller.com/
French,Mary’s Southern Traditions,"1355 US 49, Marvell, AR 72366, USA",
French,Bistro Bar & Grill,"213 Plaza Ave, West Helena, AR 72390, USA",
French,Biscuit Row BBQ,"321 Phillips St, Helena, AR 72342, USA",
French,Otis & Henry's Bar & Grill,"777 Isle of Capri Pkwy, Lula, MS 38644, USA",
French,Cypress Corner Bar-B-Q,"8298 AR-1, Marianna, AR 72360, USA",
French,Kathryn's of Mississippi Inc,"5770 Moon Lake Rd, Lula, MS 38644, USA",
French,Sonic Drive-In,"849 N Sebastian, West Helena, AR 72390, USA",https://www.sonicdrivein.com/locations/us/ar/west-helena/849-north-sebastian-street/store-3092/?utm_source=google%20my%20business&utm_medium=organic&utm_campaign=website%20link
French,Dairy King,"219 Main St, Elaine, AR 72333, USA",
French,KFC,"789 N Sebastian, West Helena, AR 72390, USA",https://locations.kfc.com/ar/west-helena/789-n-sebastian
French,Burger Shack,"372 Sebastian St, West Helena, AR 72390, USA",
French,El Rio Lindo,"641 Oakland Ave, Helena, AR 72342, USA",https://www.facebook.com/ElRio641Oak/
French,Southland Road Store and Diner,"23 Phillips Rd 230, Lexa, AR 72355, USA",
French,Potts and pans,"226 Leifer St, West Helena, AR 72390, USA",
French,K&L,"657Sebastian Dr 456 sabastain Westhelena, West Helena, AR 72390, USA",
French,Blue shark,"798 N Sebastian, West Helena, AR 72390, USA",
French,Jays Drive INN,"West Helena, AR 72390, USA",
French,What You’ve Been Missing,"332 S 9th, West Helena, AR 72390, USA",https://what-youve-been-missing.ueniweb.com/?utm_campaign=gmb
French,Slap Yo Mama Catering,"106 Melton Pl, West Helena, AR 72390, USA",
French,Petit Bistro,"2702 N Walton Blvd, Bentonville, AR 72712, USA",https://www.petitbistronwa.com/
French,Kountry Kitchen,"122 Dr Herd E Stone St, Holly Grove, AR 72069, USA",
Hawaiian,Local Boyz Hawaiian Cafe,"1425 NW Monroe Ave, Corvallis, OR 97330, USA",https://www.localboyzhawaiiancafe.com/
Brazilian,Mama Brazil Cuisine,"530 SW 205th Ave Suite 400, Beaverton, OR 97006, USA",http://www.mamabrazilcuisine.com/
Peruvian,El Tumi De Oro Peruvian Restaurant & More,"710 Fayetteville Rd, Van Buren, AR 72956, USA",https://sites.google.com/view/eltumideoro/home?authuser=1
Peruvian,Peru FT,"1500 W Walnut St, Rogers, AR 72756, USA",
Peruvian,El Inka Grill,"7600 Dr Phillips Blvd, Orlando, FL 32819, USA",http://www.elinkagrill.com/
Peruvian,LIMA Peruvian Cuisine,"941 N Elm Pl, Broken Arrow, OK 74012, USA",http://limafoodba.com/
Peruvian,Romero's Cuisine Toque Latino,"812 N Thompson St Unit 11, Springdale, AR 72764, USA",https://www.facebook.com/profile.php?id=100086969832531
Peruvian,Pisco Mar,"9546 Allisonville Rd, Indianapolis, IN 46250, USA",https://www.piscomarindy.com/
Peruvian,Memories of Peru Pollos A La Brasa International Drive,"5700 International Dr, Orlando, FL 32819, USA",https://memoriesofperuinternational.com/
Peruvian,Peruvian Grill Sarasota,"3131 Clark Rd, Sarasota, FL 34231, USA",https://www.sarasotaperuviangrill.com/
Peruvian,Tio Lucho's,"675 North Highland Avenue Northeast Suite 6000, Atlanta, GA 30306, USA",http://www.tioluchos.com/
Salvadorian,SALVADORAN RESTAURANT,"Federal Way, WA 98003, USA",
Cuban,Havana Tropical Grill Restaurant,"203 N 2nd St, Rogers, AR 72756, USA",https://havanatropicalgrillnwa.com/
Cuban,Cafe Mi Amor (Coffee My Love),"2032 Central Ave, Hot Springs, AR 71901, USA",http://cafemiamor.love/
Cuban,Smokies Cuban Cafe,"3526 Parkway #4, Pigeon Forge, TN 37863, USA",
Cuban,The Hush Cuban kitchen & bar,"173 N Main St, Clayton, GA 30525, USA",https://www.hushcubancafe.com/menu
Cuban,90 Millas Cuban Bar & Restaurant,"166 St Charles St, Bowling Green, KY 42101, USA",
Cuban,Aroma Cafe Cuban Food and Sandwiches,"2570 E Broadway Ave, Maryville, TN 37804, USA",
Cuban,Rolando's,"210 Central Ave, Hot Springs National Park, AR 71901, USA",https://rolandosrestaurant.com/
Cuban,Simply Cuban Kitchen,"7837 TN-25, Cross Plains, TN 37049, USA",https://www.simplycubankitchentn.com/
Cuban,Coco's Cuban Restaurant,"1240 Buford Hwy #140, Cumming, GA 30041, USA",http://cocoscuban.com/
Cuban,Taco Bell,"761 N Sebastian, West Helena, AR 72390, USA",https://locations.tacobell.com/ar/west-helena/761-north-sebastian-street.html?utm_source=yext&utm_campaign=googlelistings&utm_medium=referral&utm_term=032034&utm_content=website&y_source=1_NjE0MjIyNi03MTUtbG9jYXRpb24ud2Vic2l0ZQ%3D%3D
Cuban,Soy Cubano,"1101 McKennie Ave, Nashville, TN 37206, USA",https://www.eatsoycubano.com/
Cuban,Nani's Restaurant,"51 D Earnest St, Blairsville, GA 30512, USA",
Cuban,Cuba Libre Restaurant & Rum Bar - Orlando,"9101 International Dr, Orlando, FL 32819, USA",http://cubalibrerestaurant.com/en/orlando/
Cuban,Cuban Cafe,"6333 US-550, Cuba, NM 87013, USA",
Cuban,D'Cuban Cafe,"6200 Buford Hwy, Norcross, GA 30071, USA",http://dcubancafe.com/
Cuban,The Cuban Guy,"42 Montgomery St, Waynesville, NC 28786, USA",
Cuban,Las Palmas Latin Grill,"6431 E County Line Rd #104, Tampa, FL 33647, USA",http://www.laspalmaslatingrill.com/
Cuban,Van Van Cuban Cafe,"2500 Tamiami Trail N #111, Naples, FL 34103, USA",http://vanvancubancafe.com/
Cuban,Cuba Cuba Cafe & Bar,"1173 Delaware St, Denver, CO 80204, USA",http://www.cubacubarestaurants.com/
Cuban,Sofrito Latin Cafe,"8607 Palm Pkwy, Orlando, FL 32836, USA",https://www.sofritocafe.com/
Tibetan,Little Tibet,"4479 Broadway, Boulder, CO 80304, USA",http://www.littletibetrestaurant.com/
Egyptian,Middle Eastern Cuisine,"400 President Clinton Ave, Little Rock, AR 72201, USA",http://middle-eastern-cuisine.jany.io/
Greek,Greek House,"1211 E Beebe Capps Expy, Searcy, AR 72143, USA",http://greekhousegrill.com/
Irish,The Wolf & Hound,"3617 W Broadway, Vancouver, BC V6R 2B8, Canada",http://www.wolfandhound.ca/
Welsh,Cajun Tales Seafood,"501 N Adams St, Welsh, LA 70591, USA",
Cajun,Cajun Express,"5082 AR-78, Wheatley, AR 72392, USA",
Cajun,The Cajun Fried House,"3007 S Olive St, Pine Bluff, AR 71603, USA",http://www.thecajunfriedhouse.com/
Cajun,Who Dat's Cajun Restaurant,"3209 AR-367, Bald Knob, AR 72010, USA",
Cajun,Cajun Dave’s,"734 E Main St, Piggott, AR 72454, USA",
Cajun,Spice & slice,"186 Forrest Ave, Marianna, AR 72360, USA",
Cajun,Boudreauxs Grill & Bar,"9811 Maumelle Blvd, Maumelle, AR 72113, USA",http://www.boudreauxs.biz/
Cajun,The Cajun Cafe Delta Crawfish,"3228 S Caraway Rd, Jonesboro, AR 72404, USA",
Cajun,Catfish Shack,"306 S Whitehead Dr, DeWitt, AR 72042, USA",
Cajun,Craw Billy's Seafood Boil & BBQ,"12633 N, 12633 US-65, St Joe, AR 72675, USA",https://craw-billys-seafood-boil.business.site/
Cajun,Mr Cajun's Kitchen,"606 N Olive St, North Little Rock, AR 72114, USA",https://www.mrcajunskitchenandcatering.com/
Cajun,CreoleCajunChef,"1406 Rehoboth Dr, Searcy, AR 72143, USA",https://www.creolecajunchef.com/
Cajun,Crawpappy's Cajun Cuisine,"1915 N Hwy 71, Alma, AR 72921, USA",
Cajun,Alligator Rays Cajun Sports Bar,"109 W Main St, Altus, AR 72821, USA",https://alligatorrays.com/
Cajun,Popeyes Louisiana Kitchen,"717 S State St, Clarksdale, MS 38614, USA",https://www.popeyes.com/store-locator/store/restaurant_81798?utm_source=yext&utm_medium=referral&utm_campaign=organic-local-listings
Cajun,Cooyons,"785 AR-201, Mountain Home, AR 72653, USA",
Cajun,The Hook Catfish Restaurant,"1802 AR-161, Jacksonville, AR 72076, USA",https://thehookcatfish.com/
Cajun,Cafe Rue Orleans - Cajun & Seafood,"1150 N College Ave, Fayetteville, AR 72703, USA",http://caferueorleans.com/
Cajun,AJ'S Rajun Cajun,"380 Harkrider St, Conway, AR 72032, USA",
Cajun,Cajun Boilers,"2806 Albert Pike Rd, Hot Springs, AR 71913, USA",http://cajunboilers.com/
Portuguese,Bacalhau Grill - Portuguese Restaurant & Market,"1555 Alum Rock Ave, San Jose, CA 95116, USA",https://www.bacalhaugrillsj.com/
Turkish,Bosphorous Turkish Cuisine,"The Marketplace, 7600 Dr Phillips Blvd ste 108, Orlando, FL 32819, USA",http://www.bosphorousrestaurant.com/
Haitian,kann,"548 SE Ash St, Portland, OR 97214, USA",https://kannrestaurant.com/
Kenyan,Tasty African Restaurant,"301 N Shackleford Rd F2, Little Rock, AR 72211, USA",https://www.facebook.com/tastyafricanrestaurant
Korean,Shilla Korean Restaurant,"1031 Kingsway, Vancouver, BC V5V 3C7, Canada",http://shillakorean.ca/
Nigerian,Alebi African Cuisine,"10694 135a St, Surrey, BC V3T 4E2, Canada",http://alebiafricanrestaurant.com/
Moroccan,Moltaqa Moroccan Restaurant Mainland Street Yaletown,"1002 Mainland St, Vancouver, BC V6B 6J8, Canada",https://www.moltaqarestaurant.ca/
Lebanese,Oasis Lebanese Cuisine | Beaverton,"14845 SW Murray Scholls Dr, Beaverton, OR 97007, USA",http://oasis-lebanese-cuisine.com/
Vietnamese,Ivy's Kitchen Vietnamese Restaurant,"4598 Main St, Vancouver, BC V5V 3R5, Canada",
Hungarian,Hungarian Rhapsody Restaurant,"14315 Northline Rd, Southgate, MI 48195, USA",https://www.therhapsodyrestaurant.com/
Mediterranean,Taziki's Mediterranean Cafe - Conway,"724 Oak St, Conway, AR 72032, USA",https://tazikiscafe.com/location/conway/
Mediterranean,The Terrace - Mediterreanean Kitchen,"2200 N Rodney Parham Rd #120, Little Rock, AR 72212, USA",https://www.theterracelittlerock.com/
Mediterranean,Greek House,"1211 E Beebe Capps Expy, Searcy, AR 72143, USA",http://greekhousegrill.com/
Mediterranean,Maryam's Grill Mediterranean Restaurant,"323 Center St, Little Rock, AR 72201, USA",https://www.maryamsgrill.com/
Mediterranean,The GOAT,"228 Cornerstone Blvd, Hot Springs, AR 71913, USA",
Mediterranean,Taziki's Mediterranean Cafe - Gateway,"10800 Bass Pro Pkwy suite a, Little Rock, AR 72210, USA",https://www.tazikis.com/location/gateway
Mediterranean,Taziki's Mediterranean Cafe - McCain Mall,"3929 McCain Blvd Ste G07B, North Little Rock, AR 72116, USA",https://tazikiscafe.com/location/mccain-mall/
Mediterranean,Taziki's Mediterranean Cafe - Cantrell Road,"8200 Cantrell Rd, Little Rock, AR 72227, USA",https://www.tazikis.com/location/cantrell-road
Mediterranean,Taziki's Mediterranean Cafe - Chenal Creek,"12800 Chenal Pkwy, Little Rock, AR 72211, USA",https://www.tazikis.com/location/chenal-creek
Mediterranean,Taziki's Mediterranean Cafe - Highway 10/Taylor Loop,"15000 Cantrell Rd, Little Rock, AR 72223, USA",https://www.tazikis.com/
Mediterranean,Al Seraj Mediterranean Restaurant & Market,"11400 N Rodney Parham Rd, Little Rock, AR 72212, USA",http://www.alserajusa.com/
Mediterranean,Middle Eastern Cuisine,"400 President Clinton Ave, Little Rock, AR 72201, USA",http://middle-eastern-cuisine.jany.io/
Mediterranean,Taziki's Mediterranean Cafe - Fayetteville,"95 E Joyce Blvd, Fayetteville, AR 72703, USA",https://www.tazikis.com/location/fayetteville/
Mediterranean,Vivace Mediterranean Cuisine,"1100 SE 14th St, Bentonville, AR 72712, USA",
Mediterranean,Taziki's Mediterranean Cafe - Bentonville,"1000 SE Walton Blvd, Bentonville, AR 72712, USA",https://www.tazikis.com/location/bentonville/
Mediterranean,Santorini,"1018 Airport Rd STE 130, Hot Springs, AR 71913, USA",
Mediterranean,The Hungry Greek,"3302 Central Ave A, Hot Springs, AR 71913, USA",http://thehungrygreek.com/
Mediterranean,Subway,"1010 N Main St, Palestine, AR 72372, USA",https://restaurants.subway.com/united-states/ar/palestine/1010-n-main-street?utm_source=yxt-goog&utm_medium=local&utm_term=acq&utm_content=17876&utm_campaign=evergreen-2020&y_source=1_MTQ5MDAwODMtNzE1LWxvY2F0aW9uLndlYnNpdGU%3D
Mediterranean,Zary's Acropolis,"905 NW 13th St, Bentonville, AR 72712, USA",http://www.nwaacropolis.com/
Mediterranean,O. M. Greek,"912 Hwy 62 E, Mountain Home, AR 72653, USA",
Ethiopian,Ahadu Ethiopian Restaurant,"1508 NE 117th St, Seattle, WA 98125, USA",http://www.ahadu-ethiopian-restaurant.net/
Caribbean,Jamaican Homestyle Cuisine,"441 N Killingsworth St, Portland, OR 97217, USA",http://jamaicanhomestylepdx.com/
Soul,B&B soul food,"Johnson County, AR 72846, USA",
Argentinian,Patagōn,"1610 2nd Ave, Seattle, WA 98101, USA",https://www.patagonseattle.com/?utm_source=extnet&utm_medium=yext
Chilean,Al Chile,"1340 Davie St, Vancouver, BC V6E 1N6, Canada",https://instagram.com/alchilevan?igshid=MzRlODBiNWFlZA==
Colombian,Que Bacano! Sabor Colombiano,"7238 SE Foster Rd #12, Portland, OR 97206, USA",https://www.quebacanofood.com/
Costa Rican,Costa Rica Restaurant,"6421, 6421, 2500 W Lincoln Ave, Anaheim, CA 92801, USA",
Czech,Czech-American Restaurant,"220 N Main St, West, TX 76691, USA",
Dutch,The Dutch Oven,"100 Blues Alley Ln, Clarksdale, MS 38614, USA",http://the-dutch-oven.edan.io/
Ecuadorian,Ecuadorian Food,"41-20 34th Ave, Astoria, NY 11101, USA",https://ecuadorianfood1.wixsite.com/mysite
Guatemalan,RESTAURANTE EL MESON CHAPIN,"1560 N Sylvania Ave, Fort Worth, TX 76111, USA",
Honduran,Merendero Estela,"7107 SE 82nd Ave, Portland, OR 97266, USA",
Icelandic,Icelandic Street Food,"Lækjargata 8, 101 Reykjavík, Iceland",http://www.icelandicfoods.com/
Indonesian,Bali Thai,"88 W Pender St, Vancouver, BC V6B 1R3, Canada",https://www.balithaivancouver.com/
Iranian,Gillaneh GrillHouse - Downtown,"1072 Denman St, Vancouver, BC V6G 2M8, Canada",https://gilane.ca/
Israeli,Yalla,"1011 Blanshard St, Victoria, BC V8W 2X9, Canada",http://letsgoyalla.ca/
Jamaican,10Fiyahside Island Grill,"303 N Main St, Benton, AR 72015, USA",https://www.10fiyahsideislandgrill.com/
Laotian,Zaap Der Thai-Lao Kitchen,"913 Croft Ave, Gold Bar, WA 98251, USA",https://www.facebook.com/ZaapDerThaiLaoKitchen?mibextid=LQQJ4d
Malaysian,Mamalee - Broadway,"3144 W Broadway, Vancouver, BC V6K 2H3, Canada",http://www.mamalee.ca/
Malaysian,Malaysian Hut,"14727 108 Ave, Surrey, BC V3R 1V9, Canada",http://www.malaysianhutrestaurant.com/
Malaysian,Tropika,"2975 Cambie St, Vancouver, BC V5Z 2V7, Canada",http://www.tropikavancouver.ca/
Malaysian,Ipoh Malay Cuisine,"1316 W 73rd Ave, Vancouver, BC V6P 4M9, Canada",https://www.ipohmalaycuisine.ca/
Mongolian,Mongolian Grill,"Pine Bluff, AR 71603, USA",
Mongolian,August Moon Chinese Restaurant,"108 Garland Ave, West Helena, AR 72390, USA",
Mongolian,Hubilai Mongolian Stir Fry,"130 N Poplar St, Searcy, AR 72143, USA",https://www.facebook.com/Hubilai-Mongolian-1662365164024098/
Mongolian,Teaden Chinese Restaurant,"569 Oakland Ave, Helena, AR 72342, USA",
Mongolian,MONGOLIAN,"Louisiana 70506, USA",
Nepalese,Royal Nepalese Momo Palace - #1 Place for Momos + Sugarcane Juice,"3490 Kingsway, Vancouver, BC V5R 5L7, Canada",https://www.royalmomopalace.com/
Nicaraguan,Sabor Nicaragüense Restaurant,"1927 S Western Ave, Los Angeles, CA 90018, USA",http://sabornicaraguenserestaurant.com/
Pakistani,Indian Tadka - Desi Dabha,"303 N Springfield Dr, Plumerville, AR 72127, USA",https://toi107.com/
Peruvian,El Tumi De Oro Peruvian Restaurant & More,"710 Fayetteville Rd, Van Buren, AR 72956, USA",https://sites.google.com/view/eltumideoro/home?authuser=1
Peruvian,Peru FT,"1500 W Walnut St, Rogers, AR 72756, USA",
Peruvian,El Inka Grill,"7600 Dr Phillips Blvd, Orlando, FL 32819, USA",http://www.elinkagrill.com/
Peruvian,LIMA Peruvian Cuisine,"941 N Elm Pl, Broken Arrow, OK 74012, USA",http://limafoodba.com/
Peruvian,Romero's Cuisine Toque Latino,"812 N Thompson St Unit 11, Springdale, AR 72764, USA",https://www.facebook.com/profile.php?id=100086969832531
Peruvian,Pisco Mar,"9546 Allisonville Rd, Indianapolis, IN 46250, USA",https://www.piscomarindy.com/
Peruvian,Memories of Peru Pollos A La Brasa International Drive,"5700 International Dr, Orlando, FL 32819, USA",https://memoriesofperuinternational.com/
Peruvian,Peruvian Grill Sarasota,"3131 Clark Rd, Sarasota, FL 34231, USA",https://www.sarasotaperuviangrill.com/
Peruvian,Tio Lucho's,"675 North Highland Avenue Northeast Suite 6000, Atlanta, GA 30306, USA",http://www.tioluchos.com/
Polish,Downtown Bar & Grill,"520B Walnut St, Helena, AR 72342, USA",
Puerto Rican,Puerto Rico To Go LLC,"1217 NW Cache Rd, Lawton, OK 73507, USA",https://puertoricotogo1.square.site/
Singaporean,Shiok Singaporean Cuisine,"1716 Kingsway, Vancouver, BC V5N 2S4, Canada",http://shiok.ca/
South African,Triple Afriq African restaurant(Nigerian),"1125 SE Grand Ave, Portland, OR 97214, USA",http://tripleafriq.com/
Swiss,Swiss Hibiscus,"4950 NE 14th Ave, Portland, OR 97211, USA",http://www.swisshibiscus.com/
Syrian,Yalla,"1011 Blanshard St, Victoria, BC V8W 2X9, Canada",http://letsgoyalla.ca/
Tanzanian,African Grill and Bar - Lakewood Colorado,"955 S Kipling Pkwy, Lakewood, CO 80226, USA",http://www.africangrilllakewood.com/
Thai,Patsara Thai,"528 Carnarvon St, New Westminster, BC V3L 1C4, Canada",https://www.patsara.ca/
Tunisian,Tunisian Cafe,"1435 Snyder Ave, Philadelphia, PA 19145, USA",
Ukrainian,Banderyky,"8700 NE Vancouver Mall Dr, Vancouver, WA 98662, USA",
Venezuelan,Na'guara,"3445 S Old Missouri Rd, Springdale, AR 72764, USA",https://m.facebook.com/naguaralovers/
Vietnamese,Ivy's Kitchen Vietnamese Restaurant,"4598 Main St, Vancouver, BC V5V 3R5, Canada",
Yemeni,House of Mandi - Yemeni Restaurant -مطعم بيت المندي اليمني,"518 S Brookhurst St #1, Anaheim, CA 92804, USA",https://www.houseofmandianaheim.com/online-ordering/menu/yemeni-lunch-individual-dishes
