Cuisine Type,Name,Address,Website
Mexican,Rico's Mexican Food,"222 E Sierra Ave, Portola, CA 96122, USA",https://bit.ly/ricosmexicanfood
Mexican,Mi Casita | Méxican,"686 Main St, Chester, CA 96020, USA",http://micasitachester.com/
Mexican,La Na’cho Mama Mexican Taqueria,"2061 E Main St, Quincy, CA 95971, USA",https://www.facebook.com/Lanachomama
Mexican,Lena's,"165 E Sierra Ave, Portola, CA 96122, USA",
Mexican,Carlos Méxican Food,"401 Peninsula Dr, Lake Almanor, CA 96137, USA",
Mexican,Lucio's Mexican & American Food,"875 E Main St, Quincy, CA 95971, USA",
Mexican,Los Dos Hermanos,"101 Battelle St, Sierraville, CA 96126, USA",
Mexican,La Cabaña,"1730 E Main St, Quincy, CA 95971, USA",
Mexican,Martha's Kitchen,"58421 CA-70, Cromberg, CA 96103, USA",
Mexican,La Cocina de Oro Taqueria,"322 Main St, Downieville, CA 95936, USA",
Mexican,Lola's Family Restaurant,"336 Main St, Chester, CA 96020, USA",
Mexican,Mazatlan Grill Inc.,"1535 Main St, Susanville, CA 96130, USA",https://www.facebook.com/MAZATLANGRILLSUSANVILLECA
Mexican,JADAAs Kitchen,"105 Commercial St, Downieville, CA 95936, USA",
Swedish,Sweet Lorraine's,"384 Main St, Quincy, CA 95971, USA",https://m.facebook.com/SweetLorrainesQuincy/
Latvian,Carol's Prattville Cafe,"2932 Almanor Dr W, Canyondam, CA 96020, USA",
Italian,Cuccia's,"545 Mohawk Hwy Rd, Graeagle, CA 96103, USA",http://www.ilovecuccias.com/
Italian,Pizza Factory,"197 Commercial St, Portola, CA 96122, USA",http://www.pizzafactory.com/locations/portola
Italian,IL LAGO Pizza & Pasta,"401 Ponderosa Dr, Westwood, CA 96137, USA",http://illagopizza.com/
Italian,Pizza Factory,"197 Main St, Chester, CA 96020, USA",http://www.pizzafactory.com/locations/chester
Italian,Round Table Pizza,"60 E Main St, Quincy, CA 95971, USA",https://ordering.roundtablepizza.com/site/rtquincy
Italian,Pizza at the Branch,"7640 CA-147, Lake Almanor, CA 96137, USA",
Italian,Gumba's II Go,"250 Bonta St Suite A, Blairsden, CA 96103, USA",http://gumbasfamily.com/
Italian,Mountain Pizza,"148 E Sierra Ave, Portola, CA 96122, USA",
Italian,Pizza Factory,"464-420 S Church St, Janesville, CA 96114, USA",http://www.pizzafactory.com/locations/janesville
Italian,Leon & Roys Family Pizzeria,"231 Main St, Quincy, CA 95971, USA",http://order.rezku.com/leonandroys
Italian,The Italian Kitchen,"1580 Huntoon St, Oroville, CA 95965, USA",https://www.facebook.com/italiankitchenoroville
Italian,The Iron Door,"5417 Johnsville Rd, Blairsden-Graeagle, CA 96103, USA",http://www.theirondoorrestaurant.com/
Italian,Wildflower Cafe,"521 Main St, Quincy, CA 95971, USA",https://wildflower-quincy.com/
Italian,T&A Cafe,"2101 Main St, Susanville, CA 96130, USA",
Italian,Pizza Factory,"2975 Main St, Susanville, CA 96130, USA",http://www.pizzafactory.com/locations/susanville
Italian,Subway,"24 W Sierra Ave Suite 2, Portola, CA 96122, USA",https://restaurants.subway.com/united-states/ca/portola/24-w-sierra-ave?utm_source=yxt-goog&utm_medium=local&utm_term=acq&utm_content=38306&utm_campaign=evergreen-2020&y_source=1_MTQ5MDQ4MzQtNzE1LWxvY2F0aW9uLndlYnNpdGU%3D
Italian,Graeagle Restaurant,"7430 CA-89, Graeagle, CA 96103, USA",https://www.graeaglerestaurant.com/
Italian,Longboards Bar & Grill,"402 Poplar Valley Rd, Blairsden, CA 96103, USA",
Italian,Grizzly Grill,"250 Bonta St, Blairsden, CA 96103, USA",http://www.grizzlygrill.com/
Italian,Graeagle Meadows Clubhouse Restaurant,"6934 CA-89, Graeagle, CA 96103, USA",https://graeaglemeadows.com/restaurant/
Spanish,Lola's Family Restaurant,"336 Main St, Chester, CA 96020, USA",
Spanish,La Cabaña,"1730 E Main St, Quincy, CA 95971, USA",
Spanish,La Na’cho Mama Mexican Taqueria,"2061 E Main St, Quincy, CA 95971, USA",https://www.facebook.com/Lanachomama
Spanish,Lena's,"165 E Sierra Ave, Portola, CA 96122, USA",
Spanish,Rico's Mexican Food,"222 E Sierra Ave, Portola, CA 96122, USA",https://bit.ly/ricosmexicanfood
Spanish,Carlos Méxican Food,"401 Peninsula Dr, Lake Almanor, CA 96137, USA",
Spanish,Los Dos Hermanos,"101 Battelle St, Sierraville, CA 96126, USA",
Spanish,Lucio's Mexican & American Food,"875 E Main St, Quincy, CA 95971, USA",
Spanish,Martha's Kitchen,"58421 CA-70, Cromberg, CA 96103, USA",
Spanish,Mi Casita | Méxican,"686 Main St, Chester, CA 96020, USA",http://micasitachester.com/
Spanish,Lassen's Steaks and El Tepeyac Grille,"1700 Main St, Susanville, CA 96130, USA",https://www.eltepeyacgrille.com/
Spanish,Sierra Pines Resort,"104 Main St, Sierra City, CA 96125, USA",https://www.sierrapinesresort.com/?utm_source=google&utm_medium=GBP
Spanish,Pangaea,"2239 E Main St, Quincy, CA 95971, USA",http://www.pangaeapub.com/
Spanish,Burros-n-Churros,"324 Birch St, Westwood, CA 96137, USA",
Spanish,La Cocina de Oro Taqueria,"322 Main St, Downieville, CA 95936, USA",
Spanish,The Knook,"437 Main St, Quincy, CA 95971, USA",https://www.theknookquincy.com/
Spanish,COMO,"10164 Donner Pass Rd # 3, Truckee, CA 96161, USA",https://www.comotruckee.com/
Spanish,Mi Ranchito Méxican Food,"11416 Loma Rica Rd, Marysville, CA 95901, USA",
Spanish,Mis Reinas Meat Market & Kitchen,"1933 Oro Dam Blvd E, Oroville, CA 95966, USA",
Spanish,Mazatlan Grill Inc.,"1535 Main St, Susanville, CA 96130, USA",https://www.facebook.com/MAZATLANGRILLSUSANVILLECA
American,Grizzly Grill,"250 Bonta St, Blairsden, CA 96103, USA",http://www.grizzlygrill.com/
American,Lena's,"165 E Sierra Ave, Portola, CA 96122, USA",
American,Kopper Kettle Café,"243 Main St, Chester, CA 96020, USA",https://kopperkettlecafeca.com/
American,The Corner Cafe,"700 Main St, Loyalton, CA 96118, USA",
American,Coyote Bar & Grill,"8296 CA-89, Blairsden, CA 96103, USA",http://www.thecoyotebarandgrill.com/
American,The Frogs-Ty,"319 Main St, Loyalton, CA 96118, USA",
American,Sierra Squeeze Burger,"287-323 E Sierra Ave, Portola, CA 96122, USA",http://www.sierraenergyexpress.com/
American,Graeagle Restaurant,"7430 CA-89, Graeagle, CA 96103, USA",https://www.graeaglerestaurant.com/
American,The Lunch Box,"612 Main St, Chester, CA 96020, USA",
American,The Polka Dot,"2043 E Main St, Quincy, CA 95971, USA",https://www.polkadotquincy.com/
American,Graeagle Meadows Clubhouse Restaurant,"6934 CA-89, Graeagle, CA 96103, USA",https://graeaglemeadows.com/restaurant/
American,Bing’s Lake Almanor Bistro,"300 Main St, Chester, CA 96020, USA",https://bingslakealmanorbistro.com/
American,The Iron Door,"5417 Johnsville Rd, Blairsden-Graeagle, CA 96103, USA",http://www.theirondoorrestaurant.com/
American,Longboards Bar & Grill,"402 Poplar Valley Rd, Blairsden, CA 96103, USA",
American,The Farmhouse,"101 E Main St, Sierraville, CA 96126, USA",
American,Mill Creek Fish 'N Chips,"1760 E Main St, Quincy, CA 95971, USA",
American,Ricochet Café,"67007 CA-70, Clio, CA 96106, USA",
American,Lucio's Mexican & American Food,"875 E Main St, Quincy, CA 95971, USA",
American,Red Onion Grill,"303 Peninsula Dr, Lake Almanor, CA 96137, USA",https://www.redoniongrill.com/
American,Morning Thunder,"557 Lawrence St, Quincy, CA 95971, USA",https://www.facebook.com/PattisThunderCafe/
Scottish,Grizzly Grill,"250 Bonta St, Blairsden, CA 96103, USA",http://www.grizzlygrill.com/
Scottish,Coyote Bar & Grill,"8296 CA-89, Blairsden, CA 96103, USA",http://www.thecoyotebarandgrill.com/
Scottish,Cuccia's,"545 Mohawk Hwy Rd, Graeagle, CA 96103, USA",http://www.ilovecuccias.com/
Scottish,Graeagle Restaurant,"7430 CA-89, Graeagle, CA 96103, USA",https://www.graeaglerestaurant.com/
British,Longboards Bar & Grill,"402 Poplar Valley Rd, Blairsden, CA 96103, USA",
British,Mill Creek Fish 'N Chips,"1760 E Main St, Quincy, CA 95971, USA",
British,Wildflower Cafe,"521 Main St, Quincy, CA 95971, USA",https://wildflower-quincy.com/
British,Grizzly Grill,"250 Bonta St, Blairsden, CA 96103, USA",http://www.grizzlygrill.com/
British,Knotty Pine Tavern,"Graeagle, CA 96103, USA",
British,Coyote Bar & Grill,"8296 CA-89, Blairsden, CA 96103, USA",http://www.thecoyotebarandgrill.com/
British,Morning Thunder,"557 Lawrence St, Quincy, CA 95971, USA",https://www.facebook.com/PattisThunderCafe/
British,Restaurant Whitehawk,"985 Whitehawk Dr, Clio, CA 96106, USA",http://www.restaurantwhitehawk.com/
Thai,Authentic Thai Cuisine of Paradise,"6689 Skyway, Paradise, CA 95969, USA",https://www.authenticthaiparadise.com/
Thai,White House Thai/American,"3085 Johnstonville Rd, Susanville, CA 96130, USA",
Thai,SOPA Thai Cuisine,"720 Plumas St, Yuba City, CA 95991, USA",
Thai,Siam Cuisine,"10770 Donner Pass Rd #101, Truckee, CA 96161, USA",http://www.siamthaicuisinetruckee.com/
Thai,Thao Kitchen Thai Cuisine,"415 4th St, Marysville, CA 95901, USA",
Thai,Sopa Thai Cuisine,"312 Commercial St, Nevada City, CA 95959, USA",
Thai,Thai Delicacy,"11253 Brockway Rd # 101, Truckee, CA 96161, USA",http://thaidelicacy.com/
Thai,Siam Thai Cuisine - Reno,"4786 Caughlin Pkwy #303, Reno, NV 89519, USA",https://siamthaireno.com/
Thai,A Taste of Thai Cuisine,"915 W Moana Ln, Reno, NV 89509, USA",http://www.atasteofthaireno.com/
Thai,Thai Corner Café,"100 W 2nd St, Reno, NV 89501, USA",https://www.thaicornercafe.net/
Thai,Bangkok Cuisine,"55 Mt Rose St, Reno, NV 89509, USA",http://www.bangkokreno.com/
Thai,Nuch's Thai Food,"1001 N Main St, Alturas, CA 96101, USA",
Thai,Cafe De Thai,"760 S Virginia St, Reno, NV 89501, USA",http://www.cafedethaireno.net/
Thai,Rum Thai Bistro,"880 Sterling Pkwy #20, Lincoln, CA 95648, USA",http://rumthaibistrolincoln.com/
Thai,Bangkok Cuisine Express,"6170 Mae Anne Ave, Reno, NV 89523, USA",https://www.bangkokexpressreno.com/
Thai,Thai Food,"Reno, NV 89502, USA",
Thai,Spicy Kitchen,"240 Table Mountain Blvd ste d, Oroville, CA 95965, USA",https://www.facebook.com/profile.php?id=100066925042115
Thai,Moo Dang,"1565 S Virginia St, Reno, NV 89502, USA",https://www.thaimoodang.com/
Thai,Thai Lao Cuisine,"5484 Dewey Dr, Fair Oaks, CA 95628, USA",https://www.thailaocuisine.com/
Thai,The Coconut Downtown,"170 S Virginia St Suite 103, Reno, NV 89501, USA",https://thecoconuttogo.com/
Japanese,Bings Steak and Sushi Bar,"1600 Main St, Susanville, CA 96130, USA",https://usa.hungrypanda.co/shop?shopId=23055
Chinese,Lucky Chinese Express,"164 E Sierra Ave, Portola, CA 96122, USA",
Chinese,Happy Garden,"605 Main St, Chester, CA 96020, USA",
Chinese,Bing’s Lake Almanor Bistro,"300 Main St, Chester, CA 96020, USA",https://bingslakealmanorbistro.com/
Chinese,Panda Express,"106 Robs Way, Susanville, CA 96130, USA",https://www.pandaexpress.com/locations/ca/susanville/2558
Chinese,La Cabaña,"1730 E Main St, Quincy, CA 95971, USA",
Chinese,Happy Garden,"1960 Main St, Susanville, CA 96130, USA",
Chinese,Chin Dynasty,"8188 Skyway, Paradise, CA 95969, USA",https://www.facebook.com/Chin-Dynasty-111564897987257/menu
Chinese,Young Sing Restaurant,"1350 Main St, Susanville, CA 96130, USA",
Indian,INDIAN KITCHEN 80,"100 Cisco Rd, Emigrant Gap, CA 95715, USA",http://indiankitchen80.com/
Indian,Lakeside Indian Cuisine Bar and Grill,"900 B St suite a, Marysville, CA 95901, USA",http://lakesideindiancuisinebarandgrill.com/
Indian,Mehfil Bistro - Truckee,"11421 Deerfield Dr, Truckee, CA 96161, USA",https://flameofindiatogo.com/
Indian,Star of India Restaurant,"1538 Poole Blvd, Yuba City, CA 95993, USA",http://www.starofindiaus.com/
Indian,Bombay Lounge - Taste of India,"1529 Colusa Hwy Ste 5, Yuba City, CA 95993, USA",http://bombaylounge53oh.com/
Indian,The Taj,"1400 Whyler Rd, Yuba City, CA 95993, USA",
Indian,PUNJAB TANDOORI GRILL,"1747 Live Oak Blvd, Yuba City, CA 95991, USA",
Indian,Taste of India,"1255 Stardust St, Reno, NV 89503, USA",http://tasteofindiareno.com/
Indian,Taste of Himalaya,"609 S, CA-49, Jackson, CA 95642, USA",https://www.tasteofhimalayajackson.com/
Indian,Royal India Cuisine Restaurant,"575 Keystone Ave, Reno, NV 89503, USA",https://royalindia-cuisine.com/
Indian,Thali,"148 West St, Reno, NV 89501, USA",http://thalireno.com/
Indian,Curry & Grill (Take Out)- Indian Cuisine,"2297 Lake Tahoe Blvd, South Lake Tahoe, CA 96150, USA",https://curryandgrillca.com/
Indian,India Kabab & Curry,"1091 S Virginia St, Reno, NV 89502, USA",https://www.indiakabab.com/
Indian,Preethi Indian Cuisine,"715 2nd St, Davis, CA 95616, USA",http://www.preethiindian.com/
Indian,Mi Casita | Méxican,"686 Main St, Chester, CA 96020, USA",http://micasitachester.com/
Indian,Mehfil Indian Bistro - Incline Village,"868 Tahoe Blvd #18-19, Incline Village, NV 89451, USA",https://www.mehfilindianbistro.com/
Indian,SS Currey Express,"115 E Dorset Dr Suite B, Dixon, CA 95620, USA",https://www.sscurreyexpress.com/
Indian,Avatar's Indian Bistro,"8657 Auburn Folsom Rd, Granite Bay, CA 95746, USA",https://www.avatarindianbistro.com/
Indian,Punjabi Dhaba,"7800 Batavia Rd, Dixon, CA 95620, USA",
Indian,Nikki's Chaat Café,"3469 Lake Tahoe Blvd, South Lake Tahoe, CA 96150, USA",https://nikkischaat.com/
Canadian,Coyote Bar & Grill,"8296 CA-89, Blairsden, CA 96103, USA",http://www.thecoyotebarandgrill.com/
Canadian,Grizzly Grill,"250 Bonta St, Blairsden, CA 96103, USA",http://www.grizzlygrill.com/
Canadian,The Iron Door,"5417 Johnsville Rd, Blairsden-Graeagle, CA 96103, USA",http://www.theirondoorrestaurant.com/
Canadian,Pizza Factory,"197 Commercial St, Portola, CA 96122, USA",http://www.pizzafactory.com/locations/portola
Canadian,Cuccia's,"545 Mohawk Hwy Rd, Graeagle, CA 96103, USA",http://www.ilovecuccias.com/
Canadian,Graeagle Restaurant,"7430 CA-89, Graeagle, CA 96103, USA",https://www.graeaglerestaurant.com/
Canadian,Pine Shack Frosty,"321 Main St, Chester, CA 96020, USA",https://pineshackfrosty.com/
Canadian,Grizzly Bite Cafe,"4301 Nelson St, Taylorsville, CA 95983, USA",
Canadian,Mountain View Cafe,"270 Commercial St, Portola, CA 96122, USA",
Canadian,Carol's Prattville Cafe,"2932 Almanor Dr W, Canyondam, CA 96020, USA",
Canadian,Bread & Butter,"21 Bonta St, Blairsden, CA 96103, USA",https://www.eatatbreadandbutter.com/
Canadian,Restaurant Whitehawk,"985 Whitehawk Dr, Clio, CA 96106, USA",http://www.restaurantwhitehawk.com/
Russian,Coyote Bar & Grill,"8296 CA-89, Blairsden, CA 96103, USA",http://www.thecoyotebarandgrill.com/
Jewish,Reno Kosher,"999 Union Street, Reno, NV 89509, USA",http://www.renokosher.com/
Polish,Karen's Deli,"7640 CA-147, Lake Almanor, CA 96137, USA",
German,Ranch House,"669 Main St, Chester, CA 96020, USA",
German,Himmel Haus,"3819 Saddle Rd, South Lake Tahoe, CA 96150, USA",https://himmelhausslt.com/
German,The Iron Door,"5417 Johnsville Rd, Blairsden-Graeagle, CA 96103, USA",http://www.theirondoorrestaurant.com/
German,Von Bismarck,"805 S Wells Ave, Reno, NV 89502, USA",https://vbreno.com/
German,Kathrin's Biergarten,"4810 Granite Dr A1, Rocklin, CA 95677, USA",http://kathrinsbiergarten.com/
German,Prost Biergarten,"180 W Peckham Ln #1070, Reno, NV 89502, USA",https://prostnv.com/
German,Teske's Germania,"255 N First St, San Jose, CA 95113, USA",http://www.teskes-germania.com/
German,Brew Masters Deli,"24340 Main St, Foresthill, CA 95631, USA",https://www.facebook.com/Brewmastersdeli/
German,Schroeder's,"240 Front St, San Francisco, CA 94111, USA",http://www.schroederssf.com/
German,Pine Shack Frosty,"321 Main St, Chester, CA 96020, USA",https://pineshackfrosty.com/
German,Round Table Pizza,"2655 Main St, Susanville, CA 96130, USA",https://ordering.roundtablepizza.com/site/rt-susanville
German,Barney O'Rourke's,"740 Elliott Rd, Paradise, CA 95969, USA",https://m.facebook.com/people/Barney-ORourkes/100063595566156/
German,Alpine Drive Inn,"37148 CA-299, Burney, CA 96013, USA",
German,Speisekammer,"2424 Lincoln Ave, Alameda, CA 94501, USA",http://speisekammer.com/?y_source=1_MTkxNjk3OTMtNzE1LWxvY2F0aW9uLndlYnNpdGU%3D
German,CT European Café & Grill,"4064 Mother Lode Dr, Shingle Springs, CA 95682, USA",https://www.crepetowncafe.com/
German,Swiss Lakewood,"5055 W Lake Blvd, Homewood, CA 96141, USA",http://www.swisslakewood.com/
German,Safire,"Olive Hwy, Oroville, CA 95966, USA",http://www.goldcountrycasino.com/safire.php
German,St. Charles Place,"203 Main St, Downieville, CA 95936, USA",https://www.facebook.com/St-Charles-Place-1438483366370490/
French,Sweet Lorraine's,"384 Main St, Quincy, CA 95971, USA",https://m.facebook.com/SweetLorrainesQuincy/
French,The Knook,"437 Main St, Quincy, CA 95971, USA",https://www.theknookquincy.com/
French,Kopper Kettle Café,"243 Main St, Chester, CA 96020, USA",https://kopperkettlecafeca.com/
French,Headwaters Bistro & Deli,"620 E Sierra Ave, Portola, CA 96122, USA",http://headwatersportola.com/
French,Wildflower Cafe,"521 Main St, Quincy, CA 95971, USA",https://wildflower-quincy.com/
French,Bailey Creek Bar & Grill,"433 Durkin Dr, Lake Almanor, CA 96137, USA",http://www.baileycreek.com/bar-grill/
French,Graeagle Restaurant,"7430 CA-89, Graeagle, CA 96103, USA",https://www.graeaglerestaurant.com/
French,Ranch House,"669 Main St, Chester, CA 96020, USA",
French,Grizzly Grill,"250 Bonta St, Blairsden, CA 96103, USA",http://www.grizzlygrill.com/
French,Beaujolais Bistro,"753 Riverside Dr, Reno, NV 89503, USA",http://beaujolaisbistro.com/
French,Tangerine French Bistro,"10412 Donner Pass Rd, Truckee, CA 96161, USA",http://www.tangerinetahoe.com/
French,Pizza at the Branch,"7640 CA-147, Lake Almanor, CA 96137, USA",
French,The Sandpiper,"3780 Plumas County A13, Westwood, CA 96137, USA",
French,The Iron Door,"5417 Johnsville Rd, Blairsden-Graeagle, CA 96103, USA",http://www.theirondoorrestaurant.com/
French,Red Onion Grill,"303 Peninsula Dr, Lake Almanor, CA 96137, USA",https://www.redoniongrill.com/
French,Coyote Bar & Grill,"8296 CA-89, Blairsden, CA 96103, USA",http://www.thecoyotebarandgrill.com/
French,Longboards Bar & Grill,"402 Poplar Valley Rd, Blairsden, CA 96103, USA",
French,The Farmhouse,"101 E Main St, Sierraville, CA 96126, USA",
French,Nakoma Resort - Restaurant FIFTY44,"348 Bear Run, Clio, CA 96106, USA",https://nakomaresort.com/amenities/dining/
French,Lola's Family Restaurant,"336 Main St, Chester, CA 96020, USA",
Hawaiian,Bing’s Lake Almanor Bistro,"300 Main St, Chester, CA 96020, USA",https://bingslakealmanorbistro.com/
Hawaiian,Aloha Shack,"8798 N Red Rock Rd #201, Reno, NV 89508, USA",http://www.alohashackreno.com/
Hawaiian,Halo Hawaiian BBQ,"1354 East Ave P, Chico, CA 95926, USA",http://www.halochico.com/
Hawaiian,L&L Hawaiian Barbecue,"5150 Mae Anne Ave #204, Reno, NV 89523, USA",http://llhawaiianbbqtogo.com/
Hawaiian,Leon & Roys Family Pizzeria,"231 Main St, Quincy, CA 95971, USA",http://order.rezku.com/leonandroys
Hawaiian,Pizza Factory,"197 Commercial St, Portola, CA 96122, USA",http://www.pizzafactory.com/locations/portola
Hawaiian,Bigfoot Eats and Market,"12235 La Porte Rd, Clipper Mills, CA 95930, USA",
Hawaiian,L & L Hawaiiian BBQ,"1075 N Hills Blvd Suite 110, Reno, NV 89506, USA",https://www.hawaiianbarbecue.com/locations/golden-valley/
Hawaiian,"Loco Ono - Poke & Hawaiian BBQ (Reno, Midtown)","1585 S Virginia St, Reno, NV 89502, USA",http://www.eatlocoono.com/
Hawaiian,L&L Hawaiian BBQ,"4978 S Virginia St, Reno, NV 89502, USA",http://llhawaiianbbqtogo.com/
Hawaiian,Poke King - Northwest,"10490 N McCarran Blvd #103, Reno, NV 89503, USA",http://www.pokekingnv.com/
Hawaiian,Pizza Factory,"197 Main St, Chester, CA 96020, USA",http://www.pizzafactory.com/locations/chester
Hawaiian,Lucio's Mexican & American Food,"875 E Main St, Quincy, CA 95971, USA",
Hawaiian,Big Island Hawaiian BBQ,"1016 Riley St #5, Folsom, CA 95630, USA",https://eatbigisland.com/
Hawaiian,JJ's Hawaiian BBQ,"5133 Madison Ave # 2, Sacramento, CA 95841, USA",http://www.jjsbbqmenu.com/
Hawaiian,Mountain Pizza,"148 E Sierra Ave, Portola, CA 96122, USA",
Hawaiian,Round Table Pizza,"60 E Main St, Quincy, CA 95971, USA",https://ordering.roundtablepizza.com/site/rtquincy
Hawaiian,Ohana Hawaiian BBQ,"2210 Sunset Blvd #140, Rocklin, CA 95765, USA",
Hawaiian,Papa Murphy's | Take 'N' Bake Pizza,"1245 Main St, Susanville, CA 96130, USA",https://locations.papamurphys.com/ca/susanville/1245-main-street?utm_source=organic&utm_medium=gmb&utm_campaign=yext&y_source=1_MTU0MzA5OTQtNzE1LWxvY2F0aW9uLndlYnNpdGU%3D
Hawaiian,Hinoki Poke,"7500 Rancharrah Pkwy Suite 110, Reno, NV 89511, USA",
Brazilian,Churrasco Brazilian Steakhouse,"425 S Virginia St, Reno, NV 89501, USA",https://churrascobr.com/
Brazilian,Lili's Brazilian Bistro,"140 Broadway St #142, Chico, CA 95928, USA",https://www.lilisbrazilianbistro.com/
Brazilian,Brazilian Gourmet,"299 E Plumb Ln suite 180 s, Reno, NV 89502, USA",http://www.braziliangourmetreno.com/
Brazilian,Galpão Gaucho Brazilian Steakhouse,"1400 Eureka Rd, Roseville, CA 95661, USA",https://galpaogauchousa.com/locations/roseville-ca/
Brazilian,Fogo De Minas Brazilian Steakhouse,"2606 Gateway Oaks Dr #140/150, Sacramento, CA 95833, USA",http://fogodeminas.com/
Brazilian,Pampas Brazilian Steakhouse,"1111 J St, Sacramento, CA 95814, USA",http://pampasbraziliansteakhouse.com/
Brazilian,Brasas Do Brazil Churrascaria,"1631 Willow Pass Rd, Concord, CA 94520, USA",http://brasasbrazil.com/
Brazilian,Fogo de Chão Brazilian Steakhouse,"377 Santana Row #1090, San Jose, CA 95128, USA",https://fogodechao.com/location/san-jose/
Brazilian,Texas De Brazil - Concord,"2025 Diamond Blvd Ste 100, Concord, CA 94520, USA",https://texasdebrazil.com/locations/concord/?utm_source=gmb&utm_medium=yext&y_source=1_NDg4NDAyMTAtNzE1LWxvY2F0aW9uLndlYnNpdGU%3D
Brazilian,Pampas Brazilian Steakhouse,"1040 Helen Power Dr, Vacaville, CA 95687, USA",https://pampasbraziliansteakhouse.com/
Peruvian,Inca's Peruvian Cuisine,"799 Gravenstein Hwy S, Sebastopol, CA 95472, USA",https://www.incasrestaurant.net/
Peruvian,Productos Alvarez,"642 Eureka Ave, Reno, NV 89512, USA",
Peruvian,Jimmy's Peruvian & Mexican Restaurant,"3032 Auburn Blvd, Sacramento, CA 95821, USA",https://www.jimmysperuvianrestaurant.com/
Peruvian,Sazón Authentic Peruvian Cuisine,"1129 Sebastopol Rd, Santa Rosa, CA 95407, USA",https://sazonsr.com/
Peruvian,Lunahuana Peruvian Restaurant,"2931 Harbor St Ste N, Pittsburg, CA 94565, USA",http://www.lunahuanarestaurant.com/
Peruvian,Parada,"7001 Sunne Ln, Walnut Creek, CA 94597, USA",http://paradakitchen.com/
Peruvian,Estampas Peruanas Restaurant,"715 El Camino Real, Redwood City, CA 94063, USA",
Peruvian,Abuelita’s House Pastries & Peruvian Food,"615 W 2nd St, Antioch, CA 94509, USA",https://www.restaurantabuelitashouse.com/
Peruvian,La Cocina de Oro Taqueria,"322 Main St, Downieville, CA 95936, USA",
Peruvian,Emelinas Peruvian Restaurant,"1065 Holly St D, San Carlos, CA 94070, USA",http://emelinasrestaurant.com/
Peruvian,Warike Restobar,"527 4th St, Santa Rosa, CA 95401, USA",https://warikesf.com/
Peruvian,Asi o Mas Gorditas,"1295 S Wells Ave, Reno, NV 89502, USA",
Peruvian,Barranco Cocina Peruana,"3596 Mount Diablo Blvd, Lafayette, CA 94549, USA",http://www.barrancokitchen.com/
Peruvian,3 Angeles Latinx Cuisine,"585 E Moana Ln, Reno, NV 89502, USA",
Peruvian,La Costanera,"260 Capistrano Rd, Half Moon Bay, CA 94019, USA",http://www.lacostanerarestaurant.com/
Peruvian,Paradita Eatery,"5959 Shellmound St, Emeryville, CA 94608, USA",http://www.paradita.com/
Peruvian,Rinconcito Andahuaylino,"458 B St, Santa Rosa, CA 95401, USA",
Peruvian,Emelina's 2,"2325 El Camino Real, Santa Clara, CA 95050, USA",http://emelinasrestaurant.com/
Peruvian,Mochica,"1469 18th St, San Francisco, CA 94107, USA",http://www.mochicasf.com/
Peruvian,Asi Es Mi Tierra,"1020 S Wells Ave, Reno, NV 89502, USA",
Salvadorian,Los Cipotes Salvadorean Food,"273 E Plumb Ln #102, Reno, NV 89502, USA",
Cuban,La Cabaña,"1730 E Main St, Quincy, CA 95971, USA",
Cuban,Havanazucar Cuban Restaurant,"15550 Main St c14, Hesperia, CA 92345, USA",
Cuban,Coyote Bar & Grill,"8296 CA-89, Blairsden, CA 96103, USA",http://www.thecoyotebarandgrill.com/
Cuban,Lena's,"165 E Sierra Ave, Portola, CA 96122, USA",
Cuban,Havana Club Restaurant & Bar,"3831 Peck Rd, El Monte, CA 91732, USA",
Cuban,Cuccia's,"545 Mohawk Hwy Rd, Graeagle, CA 96103, USA",http://www.ilovecuccias.com/
Cuban,Mountain View Cafe,"270 Commercial St, Portola, CA 96122, USA",
Cuban,Baracoa Cuban Restaurant,"853 Auto Center Dr ste f, Palmdale, CA 93551, USA",http://www.baracoacubanrestaurant.com/
Cuban,A La Parrilla: Latin Food,"Wells Avenue District, Reno, NV 89502, USA",
Cuban,Grizzly Grill,"250 Bonta St, Blairsden, CA 96103, USA",http://www.grizzlygrill.com/
Cuban,Mi Casita | Méxican,"686 Main St, Chester, CA 96020, USA",http://micasitachester.com/
Cuban,Graeagle Restaurant,"7430 CA-89, Graeagle, CA 96103, USA",https://www.graeaglerestaurant.com/
Cuban,Cuba Café,"126 S Orchard Ave, Vacaville, CA 95688, USA",
Cuban,Sol Cubano,"5734 Watt Ave, North Highlands, CA 95660, USA",https://facebook.com/pages/category/Caribbean-Restaurant/Sol-Cubano-Restaurant-148076171929035/
Cuban,The Happy Viking,"741 Plumas St, Yuba City, CA 95991, USA",https://www.happyviking.net/
Cuban,Dos Alas CubaRican Café & Lounge,"101 Sherwin Creek Rd Building A, Mammoth Lakes, CA 93546, USA",http://www.dosalascafe.com/
Cuban,Plumas Pines Bar & Grill,"3000 Almanor Dr W, Canyondam, CA 95923, USA",
Cuban,La Cocina de Oro Taqueria,"322 Main St, Downieville, CA 95936, USA",
Cuban,Old Southwest Social House,"1113 California Ave, Reno, NV 89509, USA",https://www.oswsocialhouse.com/
Cuban,Ethan's Eatery,"2275 Myers St, Oroville, CA 95966, USA",https://www.facebook.com/ethanseateryoroville/
Tibetan,Café Tibet,"2020 University Ave, Berkeley, CA 94704, USA",http://cafetibetberkeley.com/contact/
Egyptian,Tasa2Go,"907 W Orangethorpe Ave unit 100, Fullerton, CA 92832, USA",https://tasa2go.com/
Greek,Pizza Factory,"197 Main St, Chester, CA 96020, USA",http://www.pizzafactory.com/locations/chester
Greek,Nick the Greek,"5140 Kietzke Ln, Reno, NV 89511, USA",http://www.nickthegreek.com/
Greek,Grizzly Grill,"250 Bonta St, Blairsden, CA 96103, USA",http://www.grizzlygrill.com/
Greek,Suri's,"80 Giroux St, Reno, NV 89502, USA",http://www.surisreno.com/
Greek,Mediterranean Bae,"299 E Plumb Ln #180-N, Reno, NV 89502, USA",http://mediterraneanbae.com/
Greek,Pangaea,"2239 E Main St, Quincy, CA 95971, USA",http://www.pangaeapub.com/
Greek,Graeagle Restaurant,"7430 CA-89, Graeagle, CA 96103, USA",https://www.graeaglerestaurant.com/
Greek,Pizza Factory,"197 Commercial St, Portola, CA 96122, USA",http://www.pizzafactory.com/locations/portola
Greek,Cafe Collage,"13216 Rices Crossing Rd, Oregon House, CA 95962, USA",https://www.cafecollage.net/
Greek,Falafel Guys,"362 N Walton Ave, Yuba City, CA 95993, USA",https://www.falafelguysyc.com/#/
Greek,Gumba's II Go,"250 Bonta St Suite A, Blairsden, CA 96103, USA",http://gumbasfamily.com/
Greek,IL LAGO Pizza & Pasta,"401 Ponderosa Dr, Westwood, CA 96137, USA",http://illagopizza.com/
Greek,Aladdin’s Market & Kitchen,"1180 Holcomb Ave, Reno, NV 89502, USA",https://www.aladdinsmarketreno.com/
Greek,Pizza Factory,"464-420 S Church St, Janesville, CA 96114, USA",http://www.pizzafactory.com/locations/janesville
Greek,Grizzly Bite Cafe,"4301 Nelson St, Taylorsville, CA 95983, USA",
Greek,Claio Rotisserie,"3886 Mayberry Dr Suite D, Reno, NV 89519, USA",http://www.claiorotisserie.com/
Greek,Headwaters Bistro & Deli,"620 E Sierra Ave, Portola, CA 96122, USA",http://headwatersportola.com/
Greek,Nick's Greek Deli,"600 S Virginia St, Reno, NV 89501, USA",
Greek,Falafel Corner,"720 2nd St, Davis, CA 95616, USA",http://fcorner.com/
Belgian,Kopper Kettle Café,"243 Main St, Chester, CA 96020, USA",https://kopperkettlecafeca.com/
Belgian,Grizzly Grill,"250 Bonta St, Blairsden, CA 96103, USA",http://www.grizzlygrill.com/
Belgian,Coyote Bar & Grill,"8296 CA-89, Blairsden, CA 96103, USA",http://www.thecoyotebarandgrill.com/
Belgian,Graeagle Restaurant,"7430 CA-89, Graeagle, CA 96103, USA",https://www.graeaglerestaurant.com/
Belgian,One Eyed Jacks Market & Grill,"12235 La Porte Rd, Clipper Mills, CA 95930, USA",
Belgian,Morning Thunder,"557 Lawrence St, Quincy, CA 95971, USA",https://www.facebook.com/PattisThunderCafe/
Belgian,Cravings,"278 Main St, Chester, CA 96020, USA",http://www.facebook.com/chestercravings
Belgian,Mountain View Cafe,"270 Commercial St, Portola, CA 96122, USA",
Belgian,Lumberjack's Restaurant - Susanville,"2795 Main St, Susanville, CA 96130, USA",http://www.lumberjacksrestaurant.com/
Belgian,Bread & Butter,"21 Bonta St, Blairsden, CA 96103, USA",https://www.eatatbreadandbutter.com/
Belgian,Carol's Prattville Cafe,"2932 Almanor Dr W, Canyondam, CA 96020, USA",
Irish,Mohawk Tavern,"999 Graeagle Johnsville Rd, Graeagle, CA 96103, USA",
Irish,Mill Creek Fish 'N Chips,"1760 E Main St, Quincy, CA 95971, USA",
Irish,Auld Dubliner Tahoe,"1850 Vlg S Rd #41, Olympic Valley, CA 96146, USA",http://aulddublinertahoe.com/
Irish,The Iron Door,"5417 Johnsville Rd, Blairsden-Graeagle, CA 96103, USA",http://www.theirondoorrestaurant.com/
Irish,Knotty Pine Tavern,"Graeagle, CA 96103, USA",
Irish,Plumas Club,"443 Main St, Quincy, CA 95971, USA",
Irish,Ceol Irish Pub,"410 California Ave, Reno, NV 89509, USA",https://www.ceolirishpub.com/
Irish,Filthy Mcnasty's Irish Bar,"1718 Holcomb Ave, Reno, NV 89502, USA",
Irish,Plumas Street Pub & Grill,"760 Plumas St, Yuba City, CA 95991, USA",
Irish,Morning Thunder,"557 Lawrence St, Quincy, CA 95971, USA",https://www.facebook.com/PattisThunderCafe/
Irish,Irish Pub,"687 Pleasant Valley Rd, Diamond Springs, CA 95619, USA",
Irish,Shenanigan's,"77 Plumb Ln, Reno, NV 89509, USA",
Irish,Corrigan's Bit O'Ireland,"1526 S Wells Ave, Reno, NV 89502, USA",
Irish,Shanty Dolan's,"211 Keystone Ave, Reno, NV 89503, USA",https://www.shantydolans.com/
Irish,Paddy & Irene's Irish Pub,"906 Victorian Ave, Sparks, NV 89431, USA",http://paddyandirenes.com/
Irish,Ole Bridge Pub,"50 N Sierra St, Reno, NV 89501, USA",https://olebridge.pub/
Irish,Sandy's Pub,"400 Squaw Creek Rd, Olympic Valley, CA 96146, USA",https://www.destinationhotels.com/everline-resort-and-spa/dining/lake-tahoe-sports-bars
Irish,Plumas Pines Bar & Grill,"3000 Almanor Dr W, Canyondam, CA 95923, USA",
Irish,Casey's Place,"234 Main St, Alleghany, CA 95910, USA",
Irish,The Pub at Donner Lake,"15963 S Shore Dr, Truckee, CA 96161, USA",https://www.thepubatdonnerlake.com/
Cajun,Kopper Kettle Café,"243 Main St, Chester, CA 96020, USA",https://kopperkettlecafeca.com/
Cajun,The Iron Door,"5417 Johnsville Rd, Blairsden-Graeagle, CA 96103, USA",http://www.theirondoorrestaurant.com/
Cajun,Lucio's Mexican & American Food,"875 E Main St, Quincy, CA 95971, USA",
Cajun,Cravings,"278 Main St, Chester, CA 96020, USA",http://www.facebook.com/chestercravings
Cajun,Amy's Kopper Kettle Café,"2535 Main St, Susanville, CA 96130, USA",
Cajun,Sierra Smokeshow,"190 Bonta St, Blairsden, CA 96103, USA",http://www.sierrasmokeshow.com/
Cajun,Pine Shack Frosty,"321 Main St, Chester, CA 96020, USA",https://pineshackfrosty.com/
Cajun,Popeyes Louisiana Kitchen,"1796 Oro Dam Blvd E, Oroville, CA 95966, USA",https://www.popeyes.com/store-locator/store/restaurant_84733?utm_source=yext&utm_medium=referral&utm_campaign=organic-local-listings
Cajun,Cajun Crackn Concord,"1975 Diamond Blvd E361, Concord, CA 94520, USA",
Cajun,Red Hut Pizza,"950 Main St, Susanville, CA 96130, USA",http://redhutpizza.com/
Cajun,The Cajun Spot,"283 W Louise Ave, Manteca, CA 95336, USA",http://www.thecajunspot.com/
Cajun,Bread & Butter,"21 Bonta St, Blairsden, CA 96103, USA",https://www.eatatbreadandbutter.com/
Cajun,Micks Big Bite Cafe,"2101 Main St, Susanville, CA 96130, USA",http://www.micksbigbite.com/
Portuguese,Wildflower Cafe,"521 Main St, Quincy, CA 95971, USA",https://wildflower-quincy.com/
Turkish,Anatolian Table,"6688 Lonetree Blvd #400, Rocklin, CA 95765, USA",https://www.anatoliantable.com/web/
Haitian,T'chaka a Taste of Haiti,"901 Washington St, Oakland, CA 94607, USA",http://tchaka.online/
Tahitian,Longboards Bar & Grill,"402 Poplar Valley Rd, Blairsden, CA 96103, USA",
Kenyan,Palace - An African International Restaurant,"2645 El Camino Ave Ste A, Sacramento, CA 95821, USA",http://palacefs.com/
Korean,Bab Café,"303 W 3rd St #130, Reno, NV 89501, USA",https://www.bab-cafe.com/
Korean,koko's,"1655 Robb Dr STE 2 Suite 2, Reno, NV 89523, USA",https://kokos-korean-kitchen-105018.square.site/?location=11ec61b95df3056ea7d5ac1f6bbba828
Korean,Ijji 4 Korean Bar-B-Que,"10580 N McCarran Blvd #102, Reno, NV 89523, USA",https://ijjireno.com/location/ijji-4/
Korean,SEOULZIP KOREAN RESTAURANT,"2827 Zinfandel Dr, Rancho Cordova, CA 95670, USA",
Korean,Blue House Korean BBQ,"1030 Howe Ave, Sacramento, CA 95825, USA",https://bluehousekbbq.com/
Korean,Kimchi House,"2400 San Pablo Ave, Pinole, CA 94564, USA",https://www.kimchihousepinole.com/
Korean,Arario Midtown,"777 South Center Street Ste 200 SECOND FLOOR, Reno, NV 89501, USA",http://www.arariomidtown.com/
Korean,Daikon Korean BBQ,"3636 N Freeway Blvd, Sacramento, CA 95834, USA",https://www.daikonkoreanbbq.com/
Korean,Siu Korean BBQ,"754 N McCarran Blvd, Sparks, NV 89431, USA",
Korean,Bullta Korean BBQ & Bar,"8353 Folsom Blvd, Sacramento, CA 95826, USA",https://www.bulltabbq.com/
Korean,Bings Steak and Sushi Bar,"1600 Main St, Susanville, CA 96130, USA",https://usa.hungrypanda.co/shop?shopId=23055
Korean,Spicy Kitchen,"240 Table Mountain Blvd ste d, Oroville, CA 95965, USA",https://www.facebook.com/profile.php?id=100066925042115
Korean,Korean Fried Chicken & Box,"3624 Sonoma Blvd, Vallejo, CA 94590, USA",https://www.koreanfriedchickenandbox.com/
Korean,KO Cups,"2045 Diamond Blvd, Concord, CA 94520, USA",
Korean,Asian Market,"1700 Feather River Blvd, Oroville, CA 95965, USA",
Korean,Daikon Korean BBQ,"124 Plaza Dr, Vallejo, CA 94591, USA",https://www.daikonvallejo.com/
Korean,Myung Ga Haejangguk,"1220 S Baldwin Ave, Arcadia, CA 91007, USA",
Korean,Somunnan Korean Restaurant,"13303 Artesia Blvd, Cerritos, CA 90703, USA",
Korean,Phooj Ywg Lee's Market,"5821 Feather River Blvd, Olivehurst, CA 95961, USA",
Korean,Yeti Wingz,"3166 Olive Hwy ste b, Oroville, CA 95966, USA",http://yetiwingz.com/
Algerian,Grizzly Grill,"250 Bonta St, Blairsden, CA 96103, USA",http://www.grizzlygrill.com/
Nigerian,Palace - An African International Restaurant,"2645 El Camino Ave Ste A, Sacramento, CA 95821, USA",http://palacefs.com/
Libyan,Grizzly Grill,"250 Bonta St, Blairsden, CA 96103, USA",http://www.grizzlygrill.com/
Libyan,Coyote Bar & Grill,"8296 CA-89, Blairsden, CA 96103, USA",http://www.thecoyotebarandgrill.com/
Libyan,Graeagle Restaurant,"7430 CA-89, Graeagle, CA 96103, USA",https://www.graeaglerestaurant.com/
Libyan,IL LAGO Pizza & Pasta,"401 Ponderosa Dr, Westwood, CA 96137, USA",http://illagopizza.com/
Libyan,Sierra Bella Lanes,"1735 E Main St, Quincy, CA 95971, USA",https://www.sierrabella.fun/
Moroccan,Wildflower Cafe,"521 Main St, Quincy, CA 95971, USA",https://wildflower-quincy.com/
Lebanese,Carol's Prattville Cafe,"2932 Almanor Dr W, Canyondam, CA 96020, USA",
Vietnamese,Phở 777 Vietnamese Noodle Restaurant,"102 E 2nd St, Reno, NV 89501, USA",
Vietnamese,Golden Flower,"205 W 5th St, Reno, NV 89503, USA",http://goldenflowernv.com/
Vietnamese,Pho Noodle House,"1898 Bird St, Oroville, CA 95965, USA",https://www.facebook.com/OrovilleRestaurant/?y_source=1_MTAwMTM3MDc5OC03MTUtbG9jYXRpb24ud2Vic2l0ZQ%3D%3D
Vietnamese,999 Phở,"2309 Kietzke Ln, Reno, NV 89502, USA",
Vietnamese,Pho Restaurant,"6775 Sierra Center Pkwy #600, Reno, NV 89511, USA",
Vietnamese,Viet Pho,"315 E Moana Ln, Reno, NV 89502, USA",http://www.vietphonevada.com/
Vietnamese,Time Pho Boba,"1124 Oro Dam Blvd E F, Oroville, CA 95965, USA",
Vietnamese,SF Kitchen,"1775 Mill St A, Reno, NV 89502, USA",http://sfkitchennv.com/
Vietnamese,Got Phở?,"6340 Mae Anne Ave #2, Reno, NV 89523, USA",https://www.renogotpho.com/
Vietnamese,Delicious Food 2 Go,"2688 Myers St, Oroville, CA 95966, USA",https://order.online/business/delicious-food-2-go-11240583
Vietnamese,Pho Yuba,"1185 Colusa Ave, Yuba City, CA 95991, USA",http://phoyuba.com/
Vietnamese,Spicy Kitchen,"240 Table Mountain Blvd ste d, Oroville, CA 95965, USA",https://www.facebook.com/profile.php?id=100066925042115
Vietnamese,Tong Fong Low,"2051 Robinson St, Oroville, CA 95965, USA",https://www.tongfonglow.com/
Vietnamese,Phở J Love,"1912 CA-65 suite 200, Wheatland, CA 95692, USA",http://www.phojlove.com/
Vietnamese,Authentic Thai Cuisine of Paradise,"6689 Skyway, Paradise, CA 95969, USA",https://www.authenticthaiparadise.com/
Vietnamese,Bigfoot Eats and Market,"12235 La Porte Rd, Clipper Mills, CA 95930, USA",
Vietnamese,Silver Chopsticks | Chinese & Phở Restaurant,"10580 N McCarran Blvd, Reno, NV 89503, USA",http://www.silverchopsticksreno.com/
Vietnamese,Sushi Boba Pho Cafe Hong Kong Diner,"180 W Peckham Ln #1170, Reno, NV 89509, USA",https://www.phocafehongkongdiner.com/
Vietnamese,LH Kitchen,"2521 N Tracy Blvd, Tracy, CA 95376, USA",
Vietnamese,Bab Café,"303 W 3rd St #130, Reno, NV 89501, USA",https://www.bab-cafe.com/
Hungarian,Cuccia's,"545 Mohawk Hwy Rd, Graeagle, CA 96103, USA",http://www.ilovecuccias.com/
Mediterranean,Mediterranean Bae,"299 E Plumb Ln #180-N, Reno, NV 89502, USA",http://mediterraneanbae.com/
Mediterranean,Cuccia's,"545 Mohawk Hwy Rd, Graeagle, CA 96103, USA",http://www.ilovecuccias.com/
Mediterranean,Suri's,"80 Giroux St, Reno, NV 89502, USA",http://www.surisreno.com/
Mediterranean,Aladdin’s Market & Kitchen,"1180 Holcomb Ave, Reno, NV 89502, USA",https://www.aladdinsmarketreno.com/
Mediterranean,Cafe Collage,"13216 Rices Crossing Rd, Oregon House, CA 95962, USA",https://www.cafecollage.net/
Mediterranean,Graeagle Restaurant,"7430 CA-89, Graeagle, CA 96103, USA",https://www.graeaglerestaurant.com/
Mediterranean,Mountain View Cafe,"270 Commercial St, Portola, CA 96122, USA",
Mediterranean,Graeagle Meadows Clubhouse Restaurant,"6934 CA-89, Graeagle, CA 96103, USA",https://graeaglemeadows.com/restaurant/
Mediterranean,Falafel Guys,"362 N Walton Ave, Yuba City, CA 95993, USA",https://www.falafelguysyc.com/#/
Mediterranean,IL LAGO Pizza & Pasta,"401 Ponderosa Dr, Westwood, CA 96137, USA",http://illagopizza.com/
Mediterranean,Grizzly Bite Cafe,"4301 Nelson St, Taylorsville, CA 95983, USA",
Mediterranean,Halal Shack,"University of Nevada, Reno, 1664 N Virginia St, Reno, NV 89503, USA",https://www.thehalalshack.com/discover-deliciousness/build-your-own
Mediterranean,Garbanzo Mediterranean Fresh,"1664 N Virginia St, Reno, NV 89557, USA",https://restaurants.eatgarbanzo.com/nv/reno/1664-n.-virginia-street
Mediterranean,Claio Rotisserie,"3886 Mayberry Dr Suite D, Reno, NV 89519, USA",http://www.claiorotisserie.com/
Mediterranean,Pine Shack Frosty,"321 Main St, Chester, CA 96020, USA",https://pineshackfrosty.com/
Mediterranean,Falafel Corner,"720 2nd St, Davis, CA 95616, USA",http://fcorner.com/
Mediterranean,Lakeside Indian Cuisine Bar and Grill,"900 B St suite a, Marysville, CA 95901, USA",http://lakesideindiancuisinebarandgrill.com/
Mediterranean,Plumas Pines Bar & Grill,"3000 Almanor Dr W, Canyondam, CA 95923, USA",
Mediterranean,Nick the Greek,"5140 Kietzke Ln, Reno, NV 89511, USA",http://www.nickthegreek.com/
Mediterranean,Olive Garden Italian Restaurant,"998 N Walton Ave, Yuba City, CA 95993, USA",https://www.olivegarden.com/locations/ca/yuba-city/yuba-city/6433?cmpid=br:og_ag:ie_ch:loc_ca:OGGMB_sn:gmb_gt:yuba-city-ca-6433_pl:locurl_rd:1863
Ethiopian,Zagol Ethiopian Restaurant,"3314 S McCarran Blvd, Reno, NV 89502, USA",http://www.zagolofreno.com/
Ethiopian,Queen Sheba Ethiopian Cuisine,"1704 Broadway, Sacramento, CA 95818, USA",https://deliverme.com/queensheba
Ethiopian,Abyssinia | Ethiopian Restaurant,"1346 Fulton Ave, Sacramento, CA 95825, USA",http://www.abyssiniasacramento.com/
Ethiopian,Enssaro Ethiopian Restaurant,"357-A Grand Ave, Oakland, CA 94610, USA",http://www.enssarooakland.com/
Ethiopian,Abyssinia Ethiopian Restaurant,"913 4th St, Santa Rosa, CA 95404, USA",http://www.my-abyssinia.com/
Ethiopian,Barcote Ethiopian Restaurant,"6430 Telegraph Ave, Oakland, CA 94609, USA",https://barcote.com/
Ethiopian,Meskie's Ethiopia Restaurant,"2955 Telegraph Ave, Berkeley, CA 94705, USA",http://orderethiopiarestaurant.com/
Ethiopian,Selam Restaurant and Cafe,"3120 Williams Rd, San Jose, CA 95117, USA",
Ethiopian,Kategna Ethiopian Restaurant,"1663 W San Carlos St, San Jose, CA 95128, USA",https://www.kategna.com/
Ethiopian,Addis,"6100 Telegraph Ave, Berkeley, CA 94705, USA",http://www.addisethiopian.com/
Ethiopian,Mudai Ethiopian Restaurant,"503 W San Carlos St, San Jose, CA 95126, USA",https://www.mudaiethiopianrestaurant.com/?y_source=1_MTU0NTA4ODYtNzE1LWxvY2F0aW9uLndlYnNpdGU%3D
Ethiopian,Messob Ethiopian Restaurant,"4301 Piedmont Ave B, Oakland, CA 94611, USA",https://www.messobethiopianrestaurant.com/
Ethiopian,Lemat Ethiopian Restaurant,"3212 Adeline St, Berkeley, CA 94703, USA",http://www.lemateats.com/
Ethiopian,Walia Ethiopian Cuisine,"2208 Business Cir, San Jose, CA 95128, USA",http://www.waliaethiopian.com/
Ethiopian,Cafe Romanat,"462 Santa Clara Ave, Oakland, CA 94610, USA",
Ethiopian,LeYou Ethiopian,"1100 N First St suite c, San Jose, CA 95112, USA",http://leyouethiopian.com/
Ethiopian,Awaze Ethio Fusion & Vegan Restaurant,"18764 Pioneer Blvd, Artesia, CA 90701, USA",https://awaze-restaurant.com/
Ethiopian,House of Tadu Ethiopian Kitchen,"1130 4th St, San Francisco, CA 94158, USA",http://taduethiopiankitchen.com/home-house-of-tadu/
Ethiopian,Shewhat Restaurant / Cafe,"6101 Shattuck Ave., Oakland, CA 94609, USA",https://shewhatcafe.com/
Ethiopian,Gojo Ethiopian Restaurant,"1261 W San Carlos St, San Jose, CA 95126, USA",http://gojoethiopianrestaurant.com/
Caribbean,Sipho's Jamaica,"1228 Dayton Rd, Chico, CA 95928, USA",http://www.jamaicanrestaurantchico.com/
Caribbean,Juice Unwind - Caribbean Barbecue,"2470 Myers St, Oroville, CA 95966, USA",http://www.juiceuwind.com/
Caribbean,Jamrock Island Cuisine,"900 Alamo Dr, Vacaville, CA 95688, USA",https://www.jamrockisland.com/
Caribbean,IL LAGO Pizza & Pasta,"401 Ponderosa Dr, Westwood, CA 96137, USA",http://illagopizza.com/
Caribbean,Cariblue,"1660 Broadway, Redwood City, CA 94063, USA",http://www.caribluerestaurant.com/
Caribbean,Fiya Spice Caribbean,"1343 Buchanan Rd, Pittsburg, CA 94565, USA",https://www.fiyaspice.com/
Caribbean,The Happy Viking,"741 Plumas St, Yuba City, CA 95991, USA",https://www.happyviking.net/
Caribbean,EZ Vibe Meals,"2324 Florin Rd, Sacramento, CA 95822, USA",
Caribbean,Plumas Pines Bar & Grill,"3000 Almanor Dr W, Canyondam, CA 95923, USA",
Caribbean,Back A Yard Caribbean Grill,"1189 Willow Rd, Menlo Park, CA 94025, USA",https://backayard.net/
Caribbean,The office at bald Rock plaza/Caribbean product Inc,"1751 Oro Dam Blvd E Suite 9, Oroville, CA 95966, USA",
Caribbean,Aloha Shack,"8798 N Red Rock Rd #201, Reno, NV 89508, USA",http://www.alohashackreno.com/
Caribbean,Coconuts Caribbean Restaurant & Bar,"642 Ramona St, Palo Alto, CA 94301, USA",https://www.coconutspaloalto.com/
Caribbean,Papa Chars,"180 E 1st St Suite 101, Reno, NV 89501, USA",
Caribbean,Sierra Bella Lanes,"1735 E Main St, Quincy, CA 95971, USA",https://www.sierrabella.fun/
Caribbean,The Drifter's Table,"820 Main St, Loyalton, CA 96118, USA",https://www.thedrifterstable.com/
Soul,The Sandpiper,"3780 Plumas County A13, Westwood, CA 96137, USA",
Argentinian,The Sandpiper,"3780 Plumas County A13, Westwood, CA 96137, USA",
Argentinian,IL LAGO Pizza & Pasta,"401 Ponderosa Dr, Westwood, CA 96137, USA",http://illagopizza.com/
Argentinian,Lassen's Steaks and El Tepeyac Grille,"1700 Main St, Susanville, CA 96130, USA",https://www.eltepeyacgrille.com/
Argentinian,Villa Del Sol Argentinian Restaurant,"423 Grand Ave, South San Francisco, CA 94080, USA",
Argentinian,A La Parrilla: Latin Food,"Wells Avenue District, Reno, NV 89502, USA",
Argentinian,Buenos Aires Grill,"8856 Corbin Ave, Northridge, CA 91324, USA",http://www.buenosairesgrill.la/
Argentinian,Brazilian Gourmet,"299 E Plumb Ln suite 180 s, Reno, NV 89502, USA",http://www.braziliangourmetreno.com/
Argentinian,Bodega Malbec Argentinean Grill,"10151 Riverside Dr, Toluca Lake, CA 91602, USA",https://bodegamalbec.com/
Argentinian,Maro Wood Grill,"1915 S Coast Hwy, Laguna Beach, CA 92651, USA",https://www.marowoodgrill.com/
Argentinian,Mercado Buenos Aires,"7540 Sepulveda Blvd, Van Nuys, CA 91405, USA",https://www.mercadobuenosairesusa.com/
Argentinian,Churrasco Brazilian Steakhouse,"425 S Virginia St, Reno, NV 89501, USA",https://churrascobr.com/
Argentinian,Plumas Pines Bar & Grill,"3000 Almanor Dr W, Canyondam, CA 95923, USA",
Argentinian,Sierra Bella Lanes,"1735 E Main St, Quincy, CA 95971, USA",https://www.sierrabella.fun/
Chilean,Lena's,"165 E Sierra Ave, Portola, CA 96122, USA",
Colombian,La Na’cho Mama Mexican Taqueria,"2061 E Main St, Quincy, CA 95971, USA",https://www.facebook.com/Lanachomama
Costa Rican,Rico's Mexican Food,"222 E Sierra Ave, Portola, CA 96122, USA",https://bit.ly/ricosmexicanfood
Czech,Coyote Bar & Grill,"8296 CA-89, Blairsden, CA 96103, USA",http://www.thecoyotebarandgrill.com/
Danish,Carol's Prattville Cafe,"2932 Almanor Dr W, Canyondam, CA 96020, USA",
Dutch,Dutch bros parking lot,"2546 Olive Hwy, Oroville, CA 95966, USA",
Dutch,The Knook,"437 Main St, Quincy, CA 95971, USA",https://www.theknookquincy.com/
Dutch,Cuccia's,"545 Mohawk Hwy Rd, Graeagle, CA 96103, USA",http://www.ilovecuccias.com/
Dutch,Morning Thunder,"557 Lawrence St, Quincy, CA 95971, USA",https://www.facebook.com/PattisThunderCafe/
Dutch,Uncle Bobs Bagels and Dogs,"8920 CA-89, Blairsden, CA 96103, USA",https://uncle-bobs-bagels-and-dogs.business.site/
Dutch,Carol's Prattville Cafe,"2932 Almanor Dr W, Canyondam, CA 96020, USA",
Ecuadorian,La Cocina de Oro Taqueria,"322 Main St, Downieville, CA 95936, USA",
Finnish,Carol's Prattville Cafe,"2932 Almanor Dr W, Canyondam, CA 96020, USA",
Ghanaian,Palace - An African International Restaurant,"2645 El Camino Ave Ste A, Sacramento, CA 95821, USA",http://palacefs.com/
Guatemalan,Las delicias Guatemala Restaurant,"24354 Muirlands Blvd, Lake Forest, CA 92630, USA",https://lasdeliciasguatemalarestaurant.com/
Honduran,Honduras kitchen,"5278 Mission St, San Francisco, CA 94112, USA",http://honduraskitchenca.com/
Icelandic,Grizzly Grill,"250 Bonta St, Blairsden, CA 96103, USA",http://www.grizzlygrill.com/
Indonesian,Bali Kitchen,"1100 Front St STE 150, Sacramento, CA 95814, USA",
Iranian,Gumba's II Go,"250 Bonta St Suite A, Blairsden, CA 96103, USA",http://gumbasfamily.com/
Israeli,Mediterranean Bae,"299 E Plumb Ln #180-N, Reno, NV 89502, USA",http://mediterraneanbae.com/
Jamaican,Sipho's Jamaica,"1228 Dayton Rd, Chico, CA 95928, USA",http://www.jamaicanrestaurantchico.com/
Jamaican,Juice Unwind - Caribbean Barbecue,"2470 Myers St, Oroville, CA 95966, USA",http://www.juiceuwind.com/
Jamaican,Dubplate Kitchen & Jamaican Cuisine,"3419 El Camino Ave, Sacramento, CA 95821, USA",https://www.dubplatekitchencuisine.com/
Jamaican,Jamrock Island Cuisine,"900 Alamo Dr, Vacaville, CA 95688, USA",https://www.jamrockisland.com/
Jamaican,Fiya Spice Caribbean,"1343 Buchanan Rd, Pittsburg, CA 94565, USA",https://www.fiyaspice.com/
Jamaican,EZ Vibe Meals,"2324 Florin Rd, Sacramento, CA 95822, USA",
Jamaican,Café Connection - Caribbean,"1007 L St, Sacramento, CA 95814, USA",http://facebook.com/cafeconnectioncaribbeancuisine
Jamaican,The Happy Viking,"741 Plumas St, Yuba City, CA 95991, USA",https://www.happyviking.net/
Jamaican,Country Style Jamaican Restaurant,"630 N La Brea Ave Suite 111, Inglewood, CA 90302, USA",
Jamaican,Casa Grande 2,"4796 Caughlin Pkwy, Reno, NV 89519, USA",http://www.casagrande2.com/
Jamaican,Aloha Shack,"8798 N Red Rock Rd #201, Reno, NV 89508, USA",http://www.alohashackreno.com/
Jamaican,Beto's Taqueria,"575 W 5th St, Reno, NV 89503, USA",
Jamaican,COMO,"10164 Donner Pass Rd # 3, Truckee, CA 96161, USA",https://www.comotruckee.com/
Jamaican,Gold Spoon Jamaican Cuisine,"6517 West Blvd, Inglewood, CA 90302, USA",
Jamaican,Sattdown Jamaican Grill,"11320 Ventura Blvd, Studio City, CA 91604, USA",https://sattdownjamaicangrillca.com/
Jamaican,Papa Chars,"180 E 1st St Suite 101, Reno, NV 89501, USA",
Jamaican,La Familia Restaurant,"1008 W Sacramento Ave Suite E, Chico, CA 95926, USA",https://www.lafamiliachico.net/
Jamaican,Fuego Street Tacos,"299 E Plumb Ln suite 180 h, Reno, NV 89502, USA",https://www.fuegostreettacos.com/
Jamaican,Tavos Mexican Grill,"2870 Northtowne Ln Suite 101, Reno, NV 89512, USA",https://www.ordertavosmexicangrill.com/order/
Kuwaiti,Carol's Prattville Cafe,"2932 Almanor Dr W, Canyondam, CA 96020, USA",
Laotian,Thai Lao Cuisine,"5484 Dewey Dr, Fair Oaks, CA 95628, USA",https://www.thailaocuisine.com/
Lithuanian,Coyote Bar & Grill,"8296 CA-89, Blairsden, CA 96103, USA",http://www.thecoyotebarandgrill.com/
Malaysian,Ipoh Garden Malaysian Cuisine,"100 El Camino Real, Millbrae, CA 94030, USA",https://smorefood.com/order-online/ipoh-garden-malaysian-cuisine-millbrae-94030-kv9ifbyu?utm_source=gmb&utm_medium=website
Malaysian,Curry Leaves Bistro,"6003 W Las Positas Blvd, Pleasanton, CA 94588, USA",http://www.curryleavesbistro.com/
Malaysian,Mingala Restaurant,"39055 Cedar Blvd #108, Newark, CA 94560, USA",https://www.bestfoodtodayus.com/ordering/restaurant/menu?restaurant_uid=1ef3c93f-4bf5-402a-98b3-972f1821494d
Malaysian,Layang Layang Malaysian Cuisine,"181 W Calaveras Blvd, Milpitas, CA 95035, USA",https://layang-layang-malaysian-cuisine.com/
Malaysian,Nyonya Cafe,"5321 Hopyard Rd, Pleasanton, CA 94588, USA",https://www.nyonyacafe.us/
Malaysian,Banana Leaf Restaurant,"182 Ranch Dr, Milpitas, CA 95035, USA",http://www.bananaleaf-usa.com/
Malaysian,Ipoh Kopitiam,"1411 S Garfield Ave #104, Alhambra, CA 91801, USA",https://www.ipoh-kopitiam.com/
Malaysian,Penang Garden Restaurant,"728 Washington St, San Francisco, CA 94108, USA",http://www.penanggarden.com/
Malaysian,IL LAGO Pizza & Pasta,"401 Ponderosa Dr, Westwood, CA 96137, USA",http://illagopizza.com/
Malaysian,Chicken Licious,"2863 Senter Rd, San Jose, CA 95111, USA",http://chickenliciousbento.com/
Malaysian,Sierra Bella Lanes,"1735 E Main St, Quincy, CA 95971, USA",https://www.sierrabella.fun/
Mongolian,Mongolian BBQ,"440 Colusa Ave, Yuba City, CA 95991, USA",
Mongolian,BIG WOK mongolian bar-b-q,"26771 Rancho Pkwy, Lake Forest, CA 92630, USA",
Mongolian,Happy Garden,"1960 Main St, Susanville, CA 96130, USA",
Mongolian,Lucky Chinese Express,"164 E Sierra Ave, Portola, CA 96122, USA",
Mongolian,Happy Garden,"605 Main St, Chester, CA 96020, USA",
Nepalese,Taste of Nepal,"1639 S State St A, Ukiah, CA 95482, USA",http://thetasteofnepal.com/
Nicaraguan,La Fritanguera,"1819 Colfax St, Concord, CA 94520, USA",http://www.lafritanguera.com/
Norwegian,The Knook,"437 Main St, Quincy, CA 95971, USA",https://www.theknookquincy.com/
Pakistani,Sofi'z Kitchen and Bar,"134 Broadway St, Chico, CA 95928, USA",https://order.online/business/sofiz-kitchen-and-bar-11654118
Pakistani,Lakeside Indian Cuisine Bar and Grill,"900 B St suite a, Marysville, CA 95901, USA",http://lakesideindiancuisinebarandgrill.com/
Pakistani,Darbar Halal Restaurant,"3022 Stockton Blvd #5, Sacramento, CA 95820, USA",https://darbarhalalrestaurantca.com/
Pakistani,Halal Shack,"University of Nevada, Reno, 1664 N Virginia St, Reno, NV 89503, USA",https://www.thehalalshack.com/discover-deliciousness/build-your-own
Pakistani,Biryani Tika Kabab (برياني تكا كباب حلال)Halal Indian & Pakistani Cuisine,"328 14th St, Oakland, CA 94612, USA",
Pakistani,Al-Karam Pakistani Cuisine,"3457 Arlington Ave STE 101, Riverside, CA 92506, USA",http://www.akpakistanicuisine.com/
Pakistani,Shalimar Grill,"75 Quinta Ct A, Sacramento, CA 95823, USA",
Pakistani,Khan Karahi Kabobs,"22872 Main St, Hayward, CA 94541, USA",https://www.khankarahikabobshayward.com/?utm_source=gmb&utm_medium=website
Pakistani,Mashaallah Halal Pakistani Food Restaurant,"845 Market St space 4, San Francisco, CA 94103, USA",https://mashallah-halal-food.com/
Pakistani,Kabab N Chutney,"7850 Stockton Blvd suite 100, Sacramento, CA 95823, USA",
Pakistani,AL-Maidah Restaurant & Banquet,"11354 White Rock Rd, Rancho Cordova, CA 95742, USA",https://almaidahrestaurantsacramento.com/
Pakistani,PUNJAB TANDOORI GRILL,"1747 Live Oak Blvd, Yuba City, CA 95991, USA",
Pakistani,Zareen's,"1477 Plymouth St suite c, Mountain View, CA 94043, USA",http://www.zareensrestaurant.com/
Pakistani,Pak Halal Kitchen,"18743 Pioneer Blvd #101, Artesia, CA 90701, USA",https://www.pak-halal.com/
Pakistani,Mehfil Bistro - Truckee,"11421 Deerfield Dr, Truckee, CA 96161, USA",https://flameofindiatogo.com/
Pakistani,Red Onion Grill,"303 Peninsula Dr, Lake Almanor, CA 96137, USA",https://www.redoniongrill.com/
Pakistani,Shahnawaz Restaurant,"18728 Pioneer Blvd 2nd floor, Artesia, CA 90701, USA",https://www.shahnawazcalifornia.com/
Pakistani,Al-Maida Hot Food and Market,"5650 Market St, Oakland, CA 94608, USA",
Pakistani,Aladdin’s Market & Kitchen,"1180 Holcomb Ave, Reno, NV 89502, USA",https://www.aladdinsmarketreno.com/
Pakistani,The Buckhorn Bar and Mountain Creek Restaurant,"225 Main St, Sierra City, CA 96125, USA",
Panamanian,IL LAGO Pizza & Pasta,"401 Ponderosa Dr, Westwood, CA 96137, USA",http://illagopizza.com/
Peruvian,Inca's Peruvian Cuisine,"799 Gravenstein Hwy S, Sebastopol, CA 95472, USA",https://www.incasrestaurant.net/
Peruvian,Productos Alvarez,"642 Eureka Ave, Reno, NV 89512, USA",
Peruvian,Jimmy's Peruvian & Mexican Restaurant,"3032 Auburn Blvd, Sacramento, CA 95821, USA",https://www.jimmysperuvianrestaurant.com/
Peruvian,Sazón Authentic Peruvian Cuisine,"1129 Sebastopol Rd, Santa Rosa, CA 95407, USA",https://sazonsr.com/
Peruvian,Lunahuana Peruvian Restaurant,"2931 Harbor St Ste N, Pittsburg, CA 94565, USA",http://www.lunahuanarestaurant.com/
Peruvian,Parada,"7001 Sunne Ln, Walnut Creek, CA 94597, USA",http://paradakitchen.com/
Peruvian,Estampas Peruanas Restaurant,"715 El Camino Real, Redwood City, CA 94063, USA",
Peruvian,Abuelita’s House Pastries & Peruvian Food,"615 W 2nd St, Antioch, CA 94509, USA",https://www.restaurantabuelitashouse.com/
Peruvian,La Cocina de Oro Taqueria,"322 Main St, Downieville, CA 95936, USA",
Peruvian,Emelinas Peruvian Restaurant,"1065 Holly St D, San Carlos, CA 94070, USA",http://emelinasrestaurant.com/
Peruvian,Warike Restobar,"527 4th St, Santa Rosa, CA 95401, USA",https://warikesf.com/
Peruvian,Asi o Mas Gorditas,"1295 S Wells Ave, Reno, NV 89502, USA",
Peruvian,Barranco Cocina Peruana,"3596 Mount Diablo Blvd, Lafayette, CA 94549, USA",http://www.barrancokitchen.com/
Peruvian,3 Angeles Latinx Cuisine,"585 E Moana Ln, Reno, NV 89502, USA",
Peruvian,La Costanera,"260 Capistrano Rd, Half Moon Bay, CA 94019, USA",http://www.lacostanerarestaurant.com/
Peruvian,Paradita Eatery,"5959 Shellmound St, Emeryville, CA 94608, USA",http://www.paradita.com/
Peruvian,Rinconcito Andahuaylino,"458 B St, Santa Rosa, CA 95401, USA",
Peruvian,Emelina's 2,"2325 El Camino Real, Santa Clara, CA 95050, USA",http://emelinasrestaurant.com/
Peruvian,Mochica,"1469 18th St, San Francisco, CA 94107, USA",http://www.mochicasf.com/
Peruvian,Asi Es Mi Tierra,"1020 S Wells Ave, Reno, NV 89502, USA",
Polish,Karen's Deli,"7640 CA-147, Lake Almanor, CA 96137, USA",
Puerto Rican,Rico's Mexican Food,"222 E Sierra Ave, Portola, CA 96122, USA",https://bit.ly/ricosmexicanfood
Romanian,Coyote Bar & Grill,"8296 CA-89, Blairsden, CA 96103, USA",http://www.thecoyotebarandgrill.com/
Singaporean,Happy Garden,"605 Main St, Chester, CA 96020, USA",
Slovak,Vladimir's Czech Restaurant,"12785 Sir Francis Drake Blvd, Inverness, CA 94937, USA",
Slovenian,Grizzly Grill,"250 Bonta St, Blairsden, CA 96103, USA",http://www.grizzlygrill.com/
Somali,Jubba Somali Restaurant,"5330 Terner Way, San Jose, CA 95136, USA",
South African,Wildflower Cafe,"521 Main St, Quincy, CA 95971, USA",https://wildflower-quincy.com/
Sri Lankan,INDIAN KITCHEN 80,"100 Cisco Rd, Emigrant Gap, CA 95715, USA",http://indiankitchen80.com/
Swiss,Kopper Kettle Café,"243 Main St, Chester, CA 96020, USA",https://kopperkettlecafeca.com/
Swiss,Cravings,"278 Main St, Chester, CA 96020, USA",http://www.facebook.com/chestercravings
Swiss,Mill Creek Fish 'N Chips,"1760 E Main St, Quincy, CA 95971, USA",
Swiss,One Eyed Jacks Market & Grill,"12235 La Porte Rd, Clipper Mills, CA 95930, USA",
Swiss,Wildflower Cafe,"521 Main St, Quincy, CA 95971, USA",https://wildflower-quincy.com/
Swiss,Swiss Lakewood,"5055 W Lake Blvd, Homewood, CA 96141, USA",http://www.swisslakewood.com/
Swiss,Rustic Table Restaurant,"43440 Laing Rd, Emigrant Gap, CA 95715, USA",http://www.rustic-table.com/
Swiss,Rock House Dining & Espresso,"11865 CA-70, Yankee Hill, CA 95965, USA",http://rockhousehwy70.com/
Swiss,Lumberjack's Restaurant - Susanville,"2795 Main St, Susanville, CA 96130, USA",http://www.lumberjacksrestaurant.com/
Swiss,The Polka Dot,"2043 E Main St, Quincy, CA 95971, USA",https://www.polkadotquincy.com/
Swiss,Subway,"23 Crescent Street, CA-70, Quincy, CA 95971, USA",https://restaurants.subway.com/united-states/ca/quincy/23-crescent-street-highway-70?utm_source=yxt-goog&utm_medium=local&utm_term=acq&utm_content=40018&utm_campaign=evergreen-2020&y_source=1_MTQ5MTE4MDktNzE1LWxvY2F0aW9uLndlYnNpdGU%3D
Swiss,Los Dos Hermanos,"101 Battelle St, Sierraville, CA 96126, USA",
Swiss,The Farmhouse,"101 E Main St, Sierraville, CA 96126, USA",
Syrian,Carol's Prattville Cafe,"2932 Almanor Dr W, Canyondam, CA 96020, USA",
Taiwanese,101 Taiwanese Cuisine,"400 W 5th St #104, Reno, NV 89503, USA",https://www.101taiwanese.com/
Thai,Authentic Thai Cuisine of Paradise,"6689 Skyway, Paradise, CA 95969, USA",https://www.authenticthaiparadise.com/
Thai,White House Thai/American,"3085 Johnstonville Rd, Susanville, CA 96130, USA",
Thai,SOPA Thai Cuisine,"720 Plumas St, Yuba City, CA 95991, USA",
Thai,Siam Cuisine,"10770 Donner Pass Rd #101, Truckee, CA 96161, USA",http://www.siamthaicuisinetruckee.com/
Thai,Thao Kitchen Thai Cuisine,"415 4th St, Marysville, CA 95901, USA",
Thai,Sopa Thai Cuisine,"312 Commercial St, Nevada City, CA 95959, USA",
Thai,Thai Delicacy,"11253 Brockway Rd # 101, Truckee, CA 96161, USA",http://thaidelicacy.com/
Thai,Siam Thai Cuisine - Reno,"4786 Caughlin Pkwy #303, Reno, NV 89519, USA",https://siamthaireno.com/
Thai,A Taste of Thai Cuisine,"915 W Moana Ln, Reno, NV 89509, USA",http://www.atasteofthaireno.com/
Thai,Thai Corner Café,"100 W 2nd St, Reno, NV 89501, USA",https://www.thaicornercafe.net/
Thai,Bangkok Cuisine,"55 Mt Rose St, Reno, NV 89509, USA",http://www.bangkokreno.com/
Thai,Nuch's Thai Food,"1001 N Main St, Alturas, CA 96101, USA",
Thai,Cafe De Thai,"760 S Virginia St, Reno, NV 89501, USA",http://www.cafedethaireno.net/
Thai,Rum Thai Bistro,"880 Sterling Pkwy #20, Lincoln, CA 95648, USA",http://rumthaibistrolincoln.com/
Thai,Bangkok Cuisine Express,"6170 Mae Anne Ave, Reno, NV 89523, USA",https://www.bangkokexpressreno.com/
Thai,Thai Food,"Reno, NV 89502, USA",
Thai,Spicy Kitchen,"240 Table Mountain Blvd ste d, Oroville, CA 95965, USA",https://www.facebook.com/profile.php?id=100066925042115
Thai,Moo Dang,"1565 S Virginia St, Reno, NV 89502, USA",https://www.thaimoodang.com/
Thai,Thai Lao Cuisine,"5484 Dewey Dr, Fair Oaks, CA 95628, USA",https://www.thailaocuisine.com/
Thai,The Coconut Downtown,"170 S Virginia St Suite 103, Reno, NV 89501, USA",https://thecoconuttogo.com/
Tunisian,Carol's Prattville Cafe,"2932 Almanor Dr W, Canyondam, CA 96020, USA",
Ukrainian,Leleka,"40 Belden Pl, San Francisco, CA 94104, USA",https://lelekasf.com/
Ukrainian,"Mom, Please Ukrainian food","13151 Fountain Park Dr, Los Angeles, CA 90094, USA",https://cafe.mom-please.com/
Ukrainian,Kyiv Sparks,"Culinary Block, 1901 Las Plumas Ave STE 30, San Jose, CA 95133, USA",https://www.kyivsparks.com/
Venezuelan,Productos Alvarez,"642 Eureka Ave, Reno, NV 89512, USA",
Vietnamese,Phở 777 Vietnamese Noodle Restaurant,"102 E 2nd St, Reno, NV 89501, USA",
Vietnamese,Golden Flower,"205 W 5th St, Reno, NV 89503, USA",http://goldenflowernv.com/
Vietnamese,Pho Noodle House,"1898 Bird St, Oroville, CA 95965, USA",https://www.facebook.com/OrovilleRestaurant/?y_source=1_MTAwMTM3MDc5OC03MTUtbG9jYXRpb24ud2Vic2l0ZQ%3D%3D
Vietnamese,999 Phở,"2309 Kietzke Ln, Reno, NV 89502, USA",
Vietnamese,Pho Restaurant,"6775 Sierra Center Pkwy #600, Reno, NV 89511, USA",
Vietnamese,Viet Pho,"315 E Moana Ln, Reno, NV 89502, USA",http://www.vietphonevada.com/
Vietnamese,Time Pho Boba,"1124 Oro Dam Blvd E F, Oroville, CA 95965, USA",
Vietnamese,SF Kitchen,"1775 Mill St A, Reno, NV 89502, USA",http://sfkitchennv.com/
Vietnamese,Got Phở?,"6340 Mae Anne Ave #2, Reno, NV 89523, USA",https://www.renogotpho.com/
Vietnamese,Delicious Food 2 Go,"2688 Myers St, Oroville, CA 95966, USA",https://order.online/business/delicious-food-2-go-11240583
Vietnamese,Pho Yuba,"1185 Colusa Ave, Yuba City, CA 95991, USA",http://phoyuba.com/
Vietnamese,Spicy Kitchen,"240 Table Mountain Blvd ste d, Oroville, CA 95965, USA",https://www.facebook.com/profile.php?id=100066925042115
Vietnamese,Tong Fong Low,"2051 Robinson St, Oroville, CA 95965, USA",https://www.tongfonglow.com/
Vietnamese,Phở J Love,"1912 CA-65 suite 200, Wheatland, CA 95692, USA",http://www.phojlove.com/
Vietnamese,Authentic Thai Cuisine of Paradise,"6689 Skyway, Paradise, CA 95969, USA",https://www.authenticthaiparadise.com/
Vietnamese,Bigfoot Eats and Market,"12235 La Porte Rd, Clipper Mills, CA 95930, USA",
Vietnamese,Silver Chopsticks | Chinese & Phở Restaurant,"10580 N McCarran Blvd, Reno, NV 89503, USA",http://www.silverchopsticksreno.com/
Vietnamese,Sushi Boba Pho Cafe Hong Kong Diner,"180 W Peckham Ln #1170, Reno, NV 89509, USA",https://www.phocafehongkongdiner.com/
Vietnamese,LH Kitchen,"2521 N Tracy Blvd, Tracy, CA 95376, USA",
Vietnamese,Bab Café,"303 W 3rd St #130, Reno, NV 89501, USA",https://www.bab-cafe.com/
Zimbabwean,Palace - An African International Restaurant,"2645 El Camino Ave Ste A, Sacramento, CA 95821, USA",http://palacefs.com/
