Cuisine Type,Name,Address,Website
Mexican,Compadres Mexican Restaurant,"1106 E Main St, Pulaski, VA 24301, USA",https://www.facebook.com/people/Compadres-of-Pulaski/100063475513263/
Mexican,La Fuente Pulaski,"1653 W College St, Pulaski, TN 38478, USA",http://www.lafuenterestaurants.com/
Mexican,Los Magueyes,"203 S St Augustine St, Pulaski, WI 54162, USA",https://www.losmagueyesgb.com/
Mexican,El Mesquite Mexican Grill,"1674 W College St, Pulaski, TN 38478, USA",https://elmesquitemexicangrill.com/
Mexican,Senor Lopez Mexican Grill,"1030 W College St, Pulaski, TN 38478, USA",https://senorlopezpulaski.takeout7.com/
Mexican,los hermanos mexican grill #5,"701 N 1st St, Pulaski, TN 38478, USA",
Mexican,La Familia Mexican Restaurant,"1018 Missouri Ave, St Robert, MO 65584, USA",https://lafamiliamexicanrestaurantmomo.com/
Mexican,El Jimador Mexican Restaurant,"220 Marshall Dr #6, St Robert, MO 65584, USA",https://order.online/business/el-jimador-mexican-restaurant-11354500
Mexican,Mi lindo Michoacan Mexican Food,"1747 Elkton Pike, Pulaski, TN 38478, USA",
Mexican,Taco Bell,"1991 Memorial Dr, Pulaski, VA 24301, USA",https://locations.tacobell.com/va/pulaski/1991-memorial-drive.html?utm_source=yext&utm_campaign=googlelistings&utm_medium=referral&utm_term=G135929&utm_content=website&y_source=1_NjE0NTQ1Ny03MTUtbG9jYXRpb24ud2Vic2l0ZQ%3D%3D
Mexican,Casa Cancun Mexican Steakhouse,"68 1st St NW, Pulaski, VA 24301, USA",http://ordercasacancunmexicansteakhouse.com/
Swedish,Swedish Inn,"12678 Lake Blvd, Lindstrom, MN 55045, USA",http://www.theswedishinn.com/
Italian,Gustos Italian Eatery & Pub,"110 W Pulaski St, Pulaski, WI 54162, USA",http://www.facebook.com/gustosinpulaski
Italian,Roma Italian & Greek restaurant,"914 E Main St, Pulaski, VA 24301, USA",https://romaitaliangreekrestaurant.com/
Italian,Tuscano Pizza,"313 N Washington Ave, Pulaski, VA 24301, USA",
Italian,Trattoria di Napoli Restaurant,"1222 Pulaski Hwy, Bear, DE 19701, USA",https://www.trattoriadinapolirestaurant.com/?utm_source=gbp
Italian,Stefano's Pulaski,"3852 NY-13, Pulaski, NY 13142, USA",http://www.stefanospizzeria.com/
Spanish,La Fuente Pulaski,"1653 W College St, Pulaski, TN 38478, USA",http://www.lafuenterestaurants.com/
American,The Lakeside Restaurant,"7116 State Rte 3, Pulaski, NY 13142, USA",http://www.lakesiderestaurantny.com/
British,Little Taste of Britain,"768 W 1425 N, Layton, UT 84041, USA",http://www.littletasteofbritain.net/
Thai,Patsara Thai,"528 Carnarvon St, New Westminster, BC V3L 1C4, Canada",https://www.patsara.ca/
Japanese,YAMATO JAPANESE STYLE,"818 W College St, Pulaski, TN 38478, USA",
Japanese,Ginza Asian Fusion,"1075 E Main St, Pulaski, VA 24301, USA",https://www.ginzaasianfusionva.com/
Chinese,Chang Hua Chinese Restaurant,"Memorial Square Shopping Center, 1040 Memorial Dr, Pulaski, VA 24301, USA",
Chinese,Golden Buffet,"929 W College St, Pulaski, TN 38478, USA",
Chinese,Dragon Garden,"4849 Jefferson St, Pulaski, NY 13142, USA",
Chinese,China Wok Chinese Restaurant,"1170 Mountain Bay Dr, Pulaski, WI 54162, USA",https://chinawokpulaski.wixsite.com/mysite
Chinese,China Wok,"1200 E Main St, Pulaski, VA 24301, USA",
Chinese,Szechuan Hot Wok,"1711 1725 Pulaski Hwy, Bear, DE 19701, USA",http://www.szechuanhotwokbear.com/
Chinese,China Kitchen,"1020 Pulaski Hwy, Havre De Grace, MD 21078, USA",
Chinese,Great Wall,"991 E Pulaski Hwy, Elkton, MD 21921, USA",http://greatwallelkton.com/
Chinese,Ginza Asian Fusion,"1075 E Main St, Pulaski, VA 24301, USA",https://www.ginzaasianfusionva.com/
Indian,Bawarchi Biryanis - Indian Cuisine - Little Rock,"11121 N Rodney Parham Rd STE 36B, Little Rock, AR 72212, USA",https://bawarchilittlerock.com/
Russian,Alyonka Russian Cuisine,"2870 W State St, Boise, ID 83702, USA",http://alyonkarussiancuisine.com/
Jewish,Royal Kosher Restaurant,"7002 Reisterstown Rd, Baltimore, MD 21215, USA",https://kosherroyal.com/
Polish,U Gazdy Polish Restaurant,"270 Irving Park Rd, Wood Dale, IL 60191, USA",http://u-gazdy.com/
German,The Hub German Restaurant & Lounge,"777 VFW Memorial Dr, St Robert, MO 65584, USA",https://the-hub-restaurant-german-lounge.business.site/
French,La Voûte Bistro,"2034 Ridge Rd, Homewood, IL 60430, USA",https://www.lavoutebistro.com/?utm_source=google&utm_medium=organic&utm_campaign=business_listing
Hawaiian,Local Boyz Hawaiian Cafe,"1425 NW Monroe Ave, Corvallis, OR 97330, USA",https://www.localboyzhawaiiancafe.com/
Brazilian,Rio Brazilian Steakhouse,"880 Main St # 170, Logan, UT 84321, USA",https://riobraziliansteakhouse.com/
Peruvian,Puro Peru Peruvian Grill,"8475 State St, Sandy, UT 84070, USA",https://www.facebook.com/puro.peru.37/
Salvadorian,Salvadorean Bakery and Restaurant Inc.,"1719 SW Roxbury St, Seattle, WA 98106, USA",http://www.thesalvadoreanbakery.com/
Cuban,El Cubanito Restaurant,"2555 N Pulaski Rd, Chicago, IL 60639, USA",
Tibetan,Tibetan Kitchen Cafe,"680 Broughton St, Victoria, BC V8W 2C1, Canada",https://tibetankitchencafe.com/
Egyptian,Al-Masri Egyptian Restaurant,"4031 Balboa St, San Francisco, CA 94121, USA",http://www.almasrisfca.com/
Greek,Roma Italian & Greek restaurant,"914 E Main St, Pulaski, VA 24301, USA",https://romaitaliangreekrestaurant.com/
Belgian,Taste of Belgium - The Banks,"16 West Freedom Way, Cincinnati, OH 45202, USA",https://authenticwaffle.com/
Irish,Magee’s Irish Pub & Eatery,"1610 SW Main St, Ankeny, IA 50023, USA",http://www.mageesirishpub.com/
Welsh,The Welsh House,"5 Croft Rd, Neath SA11 1RW, UK",https://www.thewelsh-house.co.uk/
Cajun,Lirette's cajun seafood,"1777 Columbia Hwy, Pulaski, TN 38478, USA",https://www.facebook.com/LirettesCajunSeafood/
Portuguese,Bacalhau Grill - Portuguese Restaurant & Market,"1555 Alum Rock Ave, San Jose, CA 95116, USA",https://www.bacalhaugrillsj.com/
Turkish,Istanbul Grill,"1 Chesmar Plaza, Newark, DE 19713, USA",https://istanbulgrillde.com/
Haitian,Tap Tap Cuisine,"3927 N Williams Ave, Portland, OR 97227, USA",https://instagram.com/taptap_cuisine?igshid=YzAwZjE1ZTI0Zg%3D%3D&utm_source=qr
Korean,Shilla Korean Restaurant,"1031 Kingsway, Vancouver, BC V5V 3C7, Canada",http://shillakorean.ca/
Algerian,Zebda,"4344 N Elston Ave, Chicago, IL 60641, USA",
Nigerian,SUYA HOUSE AFRICAN GRILL,"1424 Pulaski Hwy, Newark, DE 19702, USA",https://www.instagram.com/suya.houseafricangrill?igsh=MWw4b2JsZW90dTE3dA==
Moroccan,Casablanca Moroccan Restaurant,"3516 Fair Oaks Blvd, Sacramento, CA 95864, USA",https://www.casablancamoroccan-restaurant.com/
Lebanese,Mazahr Lebanese Kitchen,"1488 W 11th Ave, Vancouver, BC V6H 1L1, Canada",http://www.mazahr.ca/
Vietnamese,Kim Son Vietnamese Food,"555 W 12th Ave #030, Vancouver, BC V5Z 3X7, Canada",
Vietnamese,Ivy's Kitchen Vietnamese Restaurant,"4598 Main St, Vancouver, BC V5V 3R5, Canada",
Vietnamese,Pho Huyen,"1600 Dave Ward Dr H, Conway, AR 72034, USA",
Vietnamese,Phở Thanh My,"302 N Shackleford Rd #2844, Little Rock, AR 72211, USA",
Vietnamese,Pho Nhu Vu,"1146 Pulaski Hwy, Bear, DE 19701, USA",
Mediterranean,Ali's Mediterranean,"Holiday Plaza Shopping Center, 128 Thompson Dr, Bridgeport, WV 26330, USA",
Ethiopian,Authentic Ethio African Spices,"1740 E McDowell Rd, Phoenix, AZ 85006, USA",http://authenticethioafrican.com/
Caribbean,Jamaican Cafe Cuisine 1 -Bear,"1643 Pulaski Hwy, Bear, DE 19701, USA",
Soul,SOUTHERN SOUL & GRILLE LLC,"402 N 1st St, Pulaski, TN 38478, USA",
Argentinian,Buenos Aires Grill,"8856 Corbin Ave, Northridge, CA 91324, USA",http://www.buenosairesgrill.la/
Chilean,Al Chile,"1340 Davie St, Vancouver, BC V6E 1N6, Canada",https://instagram.com/alchilevan?igshid=MzRlODBiNWFlZA==
Colombian,Brasa Roja Pulaski,"3556 N Pulaski Rd, Chicago, IL 60641, USA",
Czech,Czech Kitchens,"6733 W Pershing Rd, Stickney, IL 60402, USA",
Dutch,Dutch Country Restaurant,"946 Baltimore St, Hanover, PA 17331, USA",http://dutchcountryrestaurantpa.com/
Ecuadorian,RIO BALSAS RESTAURANTE ECUATORIANO Y MEXICANO,"1161 N Pulaski Rd, Chicago, IL 60651, USA",
Finnish,Finnish Bistro Coffee & Cafe,"2264 Como Ave, St Paul, MN 55108, USA",http://www.finnishbistro.com/
Ghanaian,SUYA HOUSE AFRICAN GRILL,"1424 Pulaski Hwy, Newark, DE 19702, USA",https://www.instagram.com/suya.houseafricangrill?igsh=MWw4b2JsZW90dTE3dA==
Guatemalan,El Quetzal Guatemalan Restaurant,"3445 W Lawrence Ave, Chicago, IL 60625, USA",https://www.elquetzalchicago.com/?utm_source=google&utm_medium=website
Honduran,El Honduras Restaurant,"3047 Mission St, San Francisco, CA 94110, USA",http://orderelhondurasrestaurant.com/
Icelandic,Old Iceland,"Laugavegur 72, 101 Reykjavík, Iceland",http://www.oldiceland.is/
Indonesian,Mayasari Indonesian Grill,"213 N Broadway St, Greensburg, IN 47240, USA",http://mayasarigrill.com/
Iranian,Persian Room Fine Dining,"9290 N Thornydale Rd, Tucson, AZ 85742, USA",https://www.persianroom.com/
Iraqi,Iraqi Kabob,"13650 W Warren Ave, Dearborn, MI 48126, USA",
Israeli,Yesh Hummus and Grill,"607 Reisterstown Rd, Pikesville, MD 21208, USA",https://www.yeshhummusandgrill.com/
Jamaican,Jamaican Cafe Cuisine 1 -Bear,"1643 Pulaski Hwy, Bear, DE 19701, USA",
Laotian,Flavor Thai & Lao Bowl,"208 SW 43rd St, Renton, WA 98057, USA",https://flavorlaobowl.square.site/
Lithuanian,Old Vilnius Cafe Deli,"2601 75th St, Darien, IL 60561, USA",http://www.oldvilniuscafe.com/
Malaysian,Penang Malaysian Cuisine,"117 N 10th St, Philadelphia, PA 19107, USA",http://www.facebook.com/penangphilly
Mongolian,Genghis Mongolian Grill,"19800 44th Ave W, Lynnwood, WA 98036, USA",
Mongolian,Mongolian BBQ,"Next to Bi-Mart & H-Mart, 13500 SW Pacific Hwy Ste 62, Tigard, OR 97223, USA",http://www.mongolianbbque.com/
Mongolian,MONGOLIAN,"Louisiana 70506, USA",
Nepalese,Royal Nepalese Momo Palace - #1 Place for Momos + Sugarcane Juice,"3490 Kingsway, Vancouver, BC V5R 5L7, Canada",https://www.royalmomopalace.com/
Nicaraguan,Sabor Nicaragüense Restaurant,"1927 S Western Ave, Los Angeles, CA 90018, USA",http://sabornicaraguenserestaurant.com/
Norwegian,Viking Soul Food - Belmont food cart,"4255 SE Belmont St, Portland, OR 97215, USA",http://www.vikingsoulfood.com/
Pakistani,Royal Palace Kabob,"6301 Little River Turnpike #140, Alexandria, VA 22312, USA",http://www.royalpalacekabob.com/
Paraguayan,I Love Paraguay Restaurant,"4316 Greenpoint Ave, Queens, NY 11104, USA",http://www.ilovepy.com/
Peruvian,Puro Peru Peruvian Grill,"8475 State St, Sandy, UT 84070, USA",https://www.facebook.com/puro.peru.37/
Philippine,Ruby's Fast Food,"4551 N Pulaski Rd, Chicago, IL 60630, USA",https://www.rubysfastfoodchicago.com/
Polish,U Gazdy Polish Restaurant,"270 Irving Park Rd, Wood Dale, IL 60191, USA",http://u-gazdy.com/
Puerto Rican,El Gustazo Boricua,"1703 N Pulaski Rd, Chicago, IL 60639, USA",
Romanian,Romanian Garden,"43-06 43rd Ave, Queens, NY 11104, USA",https://www.romaniangarden.nyc/
Saudi Arabian,Al Bawadi Grill,"7216 W 87th St, Bridgeview, IL 60455, USA",http://www.albawadigrill.com/
Singaporean,Shiok Singaporean Cuisine,"1716 Kingsway, Vancouver, BC V5N 2S4, Canada",http://shiok.ca/
Singaporean,Prata-Man Singapore Cuisine,"9060 Capstan Wy, Richmond, BC V6X 3N6, Canada",https://prata-man-richmond.business.site/
Somali,Baarakallah Restaurant Somali Cuisine,"408 Cedar Ave #1, Minneapolis, MN 55454, USA",https://baarakallahsomalicuisine.com/
South African,SUYA HOUSE AFRICAN GRILL,"1424 Pulaski Hwy, Newark, DE 19702, USA",https://www.instagram.com/suya.houseafricangrill?igsh=MWw4b2JsZW90dTE3dA==
Sri Lankan,Pearl Island Restaurant,"16045 Sherman Way, Van Nuys, CA 91406, USA",https://instagram.com/pearlislandla?igshid=1qdpf711f00t5
Swiss,Swiss Hibiscus,"4950 NE 14th Ave, Portland, OR 97211, USA",http://www.swisshibiscus.com/
Syrian,Syriana Cafe & Restaurant,"8180 Main St, Ellicott City, MD 21043, USA",http://syrianacafe.com/
Tanzanian,SUYA HOUSE AFRICAN GRILL,"1424 Pulaski Hwy, Newark, DE 19702, USA",https://www.instagram.com/suya.houseafricangrill?igsh=MWw4b2JsZW90dTE3dA==
Thai,Patsara Thai,"528 Carnarvon St, New Westminster, BC V3L 1C4, Canada",https://www.patsara.ca/
Tunisian,Moun Of Tunis Restaurant,"7445 1/2 Sunset Blvd, Los Angeles, CA 90046, USA",http://www.mounoftunis.com/index.html
Ukrainian,Leleka,"40 Belden Pl, San Francisco, CA 94104, USA",https://lelekasf.com/
Venezuelan,Venezuela Mia Restaurant,"9460 S Union Square #104, Sandy, UT 84070, USA",
Vietnamese,Kim Son Vietnamese Food,"555 W 12th Ave #030, Vancouver, BC V5Z 3X7, Canada",
Vietnamese,Ivy's Kitchen Vietnamese Restaurant,"4598 Main St, Vancouver, BC V5V 3R5, Canada",
Vietnamese,Pho Huyen,"1600 Dave Ward Dr H, Conway, AR 72034, USA",
Vietnamese,Phở Thanh My,"302 N Shackleford Rd #2844, Little Rock, AR 72211, USA",
Vietnamese,Pho Nhu Vu,"1146 Pulaski Hwy, Bear, DE 19701, USA",
Yemeni,Shibam Yemeni Kitchen,"4807 N Elston Ave, Chicago, IL 60630, USA",http://shibam.com/
