Cuisine Type,Name,Address,Website
Mexican,Mexico Grill Tradicional,"509 E Rainbow Blvd, Salida, CO 81201, USA",
Mexican,Azteca De Oro Restaurant,"11998 N County Rd 2 E, Center, CO 81125, USA",
Mexican,Boathouse Cantina,"228 N F St, Salida, CO 81201, USA",https://www.boathousesalida.com/
Mexican,Casa Calaca,"413 W Rainbow Blvd, Salida, CO 81201, USA",
Mexican,Los Chavalos Mexican Restaurant,"30333 US-160, South Fork, CO 81154, USA",https://loschavalosrestaurants.com/
Mexican,Chavolos Mexican Restaurant,"582 Grand Ave, Del Norte, CO 81132, USA",https://loschavalosrestaurants.com/
Mexican,Saguache 4th Street Diner & Bakery,"411 4th St, Saguache, CO 81149, USA",https://m.facebook.com/4thStreetDinerBakery
Mexican,Ramon's Mexican Restaurant,"31519 US-160, South Fork, CO 81154, USA",http://www.ramonssouthfork.com/
Mexican,Judys kitcheN,"48323 E State Highway 112 Lott 03, Center, CO 81125, USA",
Mexican,Eduardo Mexican grill,"2830 US-160, Monte Vista, CO 81144, USA",
Mexican,Fiesta Mexicana Family Restaurant,"1220 E Rainbow Blvd #2916, Salida, CO 81201, USA",https://www.instagram.com/fiesta.mexicana.restaurant/
Mexican,Dos AA's FoodTrailer,"7620 US-50, Salida, CO 81201, USA",http://facebook.com/dosaasfoodtrailer
Mexican,Mo Burrito,"311 H St, Salida, CO 81201, USA",http://www.moburritos.com/
Mexican,Colorado Grille & Tap House,"590 Grand Ave, Del Norte, CO 81132, USA",https://www.coloradogrille.com/
Mexican,Casa Sanchez 3,"314 Charles St, Buena Vista, CO 81211, USA",http://www.casasanchez-mexicanrestaurant.com/
Mexican,Las Camelinas,"128 W 1st St, Salida, CO 81201, USA",https://www.facebook.com/salidacamelinas/
Mexican,Dos Rios,"1635 US Hwy 285, Monte Vista, CO 81144, USA",
Mexican,Carthers Roadhouse,"505 Spruce St, Del Norte, CO 81132, USA",
Mexican,Tony's Restaurant,"11346 US-50, Poncha Springs, CO 81242, USA",
Mexican,Taqueria y Antojitos Los Lopez,"1042 Park Ave, Monte Vista, CO 81144, USA",
Swedish,Saguache 4th Street Diner & Bakery,"411 4th St, Saguache, CO 81149, USA",https://m.facebook.com/4thStreetDinerBakery
Swedish,"The Village Pub, Pizza & Spirits","401 4th St, Saguache, CO 81149, USA",
Swedish,Grammy’s Kitchen,"17396 CO-17, Moffat, CO 81143, USA",https://www.facebook.com/Grammys-Kitchen-215135649031440/?fref=ts
Swedish,Breads and Botanicals,"319 San Juan Ave, Saguache, CO 81149, USA",
Latvian,Saguache 4th Street Diner & Bakery,"411 4th St, Saguache, CO 81149, USA",https://m.facebook.com/4thStreetDinerBakery
Latvian,"The Village Pub, Pizza & Spirits","401 4th St, Saguache, CO 81149, USA",
Latvian,Grammy’s Kitchen,"17396 CO-17, Moffat, CO 81143, USA",https://www.facebook.com/Grammys-Kitchen-215135649031440/?fref=ts
Latvian,Breads and Botanicals,"319 San Juan Ave, Saguache, CO 81149, USA",
Italian,"The Village Pub, Pizza & Spirits","401 4th St, Saguache, CO 81149, USA",
Italian,216 Ferraro's,"216 F St, Salida, CO 81201, USA",
Italian,Pizza Rio,"228 N F St Suite # 300, Salida, CO 81201, USA",https://www.pizzariosalida.com/
Italian,Saguache 4th Street Diner & Bakery,"411 4th St, Saguache, CO 81149, USA",https://m.facebook.com/4thStreetDinerBakery
Italian,Mario's Pizza & Pasta,"213 W Tomichi Ave, Gunnison, CO 81230, USA",https://www.mariosgunnison.com/?y_source=1_Mjg5OTI3MjItNzE1LWxvY2F0aW9uLndlYnNpdGU%3D
Italian,Garlic Mike's,"2674 CO-135, Gunnison, CO 81230, USA",http://garlicmikes.com/
Italian,Godfather's Pizza Express,"108 S 12th St, Gunnison, CO 81230, USA",https://shop.godfathers.com/menu/
Italian,Our Food Is Art Restaurant,"121 E Galena Ave suite b, Crestone, CO 81131, USA",http://www.ourfoodisart.com/
Italian,Crave BV,"300 E Main St, Buena Vista, CO 81211, USA",https://cravebv.com/
Italian,Amicas Pizza Microbrew & More,"127 F St, Salida, CO 81201, USA",https://amicassalida.com/
Italian,Pie-Zan's,"800 W Tomichi Ave, Gunnison, CO 81230, USA",https://www.piezanspizzeria.com/
Italian,DiRito’s Italian Restaurant,"231 Main St, Cañon City, CO 81212, USA",http://www.gotodiritos.com/
Italian,Godfather's Pizza Express,"115 Harrison Ave, Buena Vista, CO 81211, USA",http://www.godfathers.com/
Spanish,Saguache 4th Street Diner & Bakery,"411 4th St, Saguache, CO 81149, USA",https://m.facebook.com/4thStreetDinerBakery
Spanish,Chavolos Mexican Restaurant,"582 Grand Ave, Del Norte, CO 81132, USA",https://loschavalosrestaurants.com/
Spanish,"The Village Pub, Pizza & Spirits","401 4th St, Saguache, CO 81149, USA",
Spanish,Los Chavalos Mexican Restaurant,"30333 US-160, South Fork, CO 81154, USA",https://loschavalosrestaurants.com/
Spanish,Azteca De Oro Restaurant,"11998 N County Rd 2 E, Center, CO 81125, USA",
Spanish,Fiesta Mexicana Family Restaurant,"1220 E Rainbow Blvd #2916, Salida, CO 81201, USA",https://www.instagram.com/fiesta.mexicana.restaurant/
Spanish,Our Food Is Art Restaurant,"121 E Galena Ave suite b, Crestone, CO 81131, USA",http://www.ourfoodisart.com/
Spanish,Casa Calaca,"413 W Rainbow Blvd, Salida, CO 81201, USA",
Spanish,Judys kitcheN,"48323 E State Highway 112 Lott 03, Center, CO 81125, USA",
Spanish,Ramon's Mexican Restaurant,"31519 US-160, South Fork, CO 81154, USA",http://www.ramonssouthfork.com/
Spanish,Eduardo Mexican grill,"2830 US-160, Monte Vista, CO 81144, USA",
Spanish,Tacos Rioverde,"1146 E Rainbow Blvd, Salida, CO 81201, USA",https://www.facebook.com/profile.php?id=61551055606733&mibextid=LQQJ4d
Spanish,Las Camelinas,"128 W 1st St, Salida, CO 81201, USA",https://www.facebook.com/salidacamelinas/
Spanish,Dos AA's FoodTrailer,"7620 US-50, Salida, CO 81201, USA",http://facebook.com/dosaasfoodtrailer
Spanish,Tacos El Tapatio,"1070 E Rainbow Blvd, Salida, CO 81201, USA",
Spanish,Mexico Grill Tradicional,"509 E Rainbow Blvd, Salida, CO 81201, USA",
Spanish,Nino's Mexican Family Restaurant,"118 Adams St, Monte Vista, CO 81144, USA",https://ninosmontevista.com/
Spanish,Tortilleria La Unica,"267 S Worth St, Center, CO 81125, USA",https://www.toasttab.com/tortillerialaunica
Spanish,Mo Burrito,"311 H St, Salida, CO 81201, USA",http://www.moburritos.com/
Spanish,Carthers Roadhouse,"505 Spruce St, Del Norte, CO 81132, USA",
American,Saguache 4th Street Diner & Bakery,"411 4th St, Saguache, CO 81149, USA",https://m.facebook.com/4thStreetDinerBakery
American,Grammy’s Kitchen,"17396 CO-17, Moffat, CO 81143, USA",https://www.facebook.com/Grammys-Kitchen-215135649031440/?fref=ts
American,"The Village Pub, Pizza & Spirits","401 4th St, Saguache, CO 81149, USA",
American,Boogies Restaurant,"410 Grand Ave, Del Norte, CO 81132, USA",http://www.boogiesdelnorte.com/
American,Colorado Grille & Tap House,"590 Grand Ave, Del Norte, CO 81132, USA",https://www.coloradogrille.com/
American,Our Food Is Art Restaurant,"121 E Galena Ave suite b, Crestone, CO 81131, USA",http://www.ourfoodisart.com/
American,Iron Chest Steakhouse,"10965 Co Rd 128, Poncha Springs, CO 81242, USA",https://www.ironcheststeakhouse.com/
American,The Fritz,"113 E Sackett Ave, Salida, CO 81201, USA",https://thefritzsalida.com/
American,Country Family Inn & Restaurant,"1050 Grand Ave, Del Norte, CO 81132, USA",
American,50 Burger Shakes & Beer,"445 E. Hwy 50, 445 E Rainbow Blvd, Salida, CO 81201, USA",http://www.50burgersalida.com/
American,The South Fork Malt Shoppe,"29956 US-160, South Fork, CO 81154, USA",
American,Hunger Junction,"10538 US-50, Salida, CO 81201, USA",
American,Subway,"805 Grand Ave, Del Norte, CO 81132, USA",https://restaurants.subway.com/united-states/co/del-norte/805-grande-ave?utm_source=yxt-goog&utm_medium=local&utm_term=acq&utm_content=45036&utm_campaign=evergreen-2020&y_source=1_MTQ5MDMyNTYtNzE1LWxvY2F0aW9uLndlYnNpdGU%3D
American,Romeo's Pancakes,"640 E Rainbow Blvd, Salida, CO 81201, USA",https://www.romeospancakes.com/
American,Giddy Up Joe,"725 Gunnison Ave, Saguache, CO 81149, USA",
American,"Mountain View Restaurant , Monte Vista Colorado","2099 Sherman Ave, Monte Vista, CO 81144, USA",http://mountainviewdining.net/
American,Tommyknocker Tavern,"107 Wall St, Creede, CO 81130, USA",http://www.tommyknockertavern.com/
American,Boathouse Cantina,"228 N F St, Salida, CO 81201, USA",https://www.boathousesalida.com/
American,Stars,"1020 2nd Ave, Monte Vista, CO 81144, USA",
American,Quincys,"710 Milford St, Salida, CO 81201, USA",http://quincystavern.com/
Scottish,"The Village Pub, Pizza & Spirits","401 4th St, Saguache, CO 81149, USA",
Scottish,Saguache 4th Street Diner & Bakery,"411 4th St, Saguache, CO 81149, USA",https://m.facebook.com/4thStreetDinerBakery
Scottish,Grammy’s Kitchen,"17396 CO-17, Moffat, CO 81143, USA",https://www.facebook.com/Grammys-Kitchen-215135649031440/?fref=ts
Scottish,Our Food Is Art Restaurant,"121 E Galena Ave suite b, Crestone, CO 81131, USA",http://www.ourfoodisart.com/
British,"The Village Pub, Pizza & Spirits","401 4th St, Saguache, CO 81149, USA",
British,Saguache 4th Street Diner & Bakery,"411 4th St, Saguache, CO 81149, USA",https://m.facebook.com/4thStreetDinerBakery
British,Our Food Is Art Restaurant,"121 E Galena Ave suite b, Crestone, CO 81131, USA",http://www.ourfoodisart.com/
British,Grammy’s Kitchen,"17396 CO-17, Moffat, CO 81143, USA",https://www.facebook.com/Grammys-Kitchen-215135649031440/?fref=ts
Thai,Thai Mini Café LLC,"box 22, 11150 US-50, Poncha Springs, CO 81242, USA",
Thai,Sushi Thai Salida,"123 W 1st St, Salida, CO 81201, USA",https://www.facebook.com/sushithaisalida
Thai,Thai Hut,"718 Main St, Alamosa, CO 81101, USA",
Thai,Patcharee's Kitchen,"804 N Main St, Gunnison, CO 81230, USA",https://www.patcharees.com/
Thai,Thai House,"525 Main St, Alamosa, CO 81101, USA",https://alamosathaihouse.wixsite.com/thaihouse
Thai,"The Village Pub, Pizza & Spirits","401 4th St, Saguache, CO 81149, USA",
Thai,Little Cambodia,"1548 G St, Salida, CO 81201, USA",https://www.facebook.com/littlecambodiasalida
Thai,Yummy Thai,"1326 Main St, Cañon City, CO 81212, USA",https://yummythai.restaurant/
Japanese,Osake Steak and Sushi Bar,"137 E 1st St, Salida, CO 81201, USA",https://www.osakesteakandsushi.com/?y_source=1_NjExODgwMDUtNzE1LWxvY2F0aW9uLndlYnNpdGU%3D
Japanese,SNOWFOX Sushi,"880 N Main St, Gunnison, CO 81230, USA",https://jfefood.com/
Japanese,Sushi Thai Salida,"123 W 1st St, Salida, CO 81201, USA",https://www.facebook.com/sushithaisalida
Japanese,"The Village Pub, Pizza & Spirits","401 4th St, Saguache, CO 81149, USA",
Japanese,The Silver Lotus Mobile Cafe - Valley Fusion (Food Cart / Truck),"175 Golden St, Moffat, CO 81143, USA",
Japanese,Saguache 4th Street Diner & Bakery,"411 4th St, Saguache, CO 81149, USA",https://m.facebook.com/4thStreetDinerBakery
Japanese,Ito Japanese Steakhouse Sushi & Thai Restaurant,"114 W Main St, Florence, CO 81226, USA",https://www.itosteakhouse.com/
Japanese,MoMo Sushi. Wok. Grill,"1540 Royal Gorge Blvd Suite D, Cañon City, CO 81212, USA",https://www.momocanoncity.com/
Japanese,Fusion Japan,"765 Gold Hill Pl S, Woodland Park, CO 80863, USA",https://fusionjapanwp.com/
Japanese,Nozawa Sushi & Hibachi,"282 Dillon Ridge Rd # B, Dillon, CO 80435, USA",http://www.nozawafusion.com/
Japanese,Dragon Sushi Bar,"328 Charles St, Buena Vista, CO 81211, USA",
Japanese,Little Cambodia,"1548 G St, Salida, CO 81201, USA",https://www.facebook.com/littlecambodiasalida
Japanese,Thai Mini Café LLC,"box 22, 11150 US-50, Poncha Springs, CO 81242, USA",
Japanese,Grammy’s Kitchen,"17396 CO-17, Moffat, CO 81143, USA",https://www.facebook.com/Grammys-Kitchen-215135649031440/?fref=ts
Japanese,Matsuhana Japanese Restaurant,"269 E Bennett Ave, Cripple Creek, CO 80813, USA",
Japanese,Yunza Peruvian cuisine,"7595 US-50, Salida, CO 81201, USA",https://www.toasttab.com/yunza-peruvian-cuisine-7595-west-highway-50/v3/
Chinese,China Garden Chinese Restaurant,"819 1st Ave, Monte Vista, CO 81144, USA",
Chinese,Double Dragon,"113 W Tomichi Ave, Gunnison, CO 81230, USA",
Chinese,"The Village Pub, Pizza & Spirits","401 4th St, Saguache, CO 81149, USA",
Chinese,Saguache 4th Street Diner & Bakery,"411 4th St, Saguache, CO 81149, USA",https://m.facebook.com/4thStreetDinerBakery
Chinese,Jade Garden,"United States, Colorado, Buena Vista, US Hwy 24 N, US邮政编码: 81211",https://www.jadegardenbuenavista.com/
Chinese,Little Cambodia,"1548 G St, Salida, CO 81201, USA",https://www.facebook.com/littlecambodiasalida
Chinese,China Garden Restaurant,"3245 US-50, Cañon City, CO 81212, USA",
Chinese,China Rice Restaurant,"Kendall Shopping Center, 1641 Fremont Dr, Cañon City, CO 81212, USA",
Chinese,Wonderful House | Chinese Restaurant,"415 University St, Trinidad, CO 81082, USA",https://wonderfulhousetrinidad.com/
Chinese,Rocky Mountain Ramen,"1425 E St, Salida, CO 81201, USA",http://www.rockymountainramen.net/
Chinese,Island Vibes,"710 Milford St, Salida, CO 81201, USA",
Chinese,Asian Garden,"74 Component Dr #150, Pueblo West, CO 81007, USA",https://comweb.heroonlineorders.com/myasiangarden.com/
Chinese,Grammy’s Kitchen,"17396 CO-17, Moffat, CO 81143, USA",https://www.facebook.com/Grammys-Kitchen-215135649031440/?fref=ts
Chinese,Sherpa Cafe,"1110 US-50, Salida, CO 81201, USA",https://www.sherpacafesalida.com/
Chinese,Thai Mini Café LLC,"box 22, 11150 US-50, Poncha Springs, CO 81242, USA",
Chinese,Jade Cafe,"129 Church Ave, Florence, CO 81226, USA",
Chinese,Osake Steak and Sushi Bar,"137 E 1st St, Salida, CO 81201, USA",https://www.osakesteakandsushi.com/?y_source=1_NjExODgwMDUtNzE1LWxvY2F0aW9uLndlYnNpdGU%3D
Chinese,Fortune Dragon,"280 US-24, Woodland Park, CO 80863, USA",
Chinese,Szechuan Panda,"6928 Mesa Ridge Pkwy, Fountain, CO 80817, USA",http://www.szechuanpandaco.com/
Chinese,Buena Pho,"601 US Hwy 24 N, Buena Vista, CO 81211, USA",
Indian,Ramji's Indian Cafe,"121 E Galena Ave, Crestone, CO 81131, USA",
Canadian,Saguache 4th Street Diner & Bakery,"411 4th St, Saguache, CO 81149, USA",https://m.facebook.com/4thStreetDinerBakery
Canadian,"The Village Pub, Pizza & Spirits","401 4th St, Saguache, CO 81149, USA",
Canadian,Our Food Is Art Restaurant,"121 E Galena Ave suite b, Crestone, CO 81131, USA",http://www.ourfoodisart.com/
Canadian,Grammy’s Kitchen,"17396 CO-17, Moffat, CO 81143, USA",https://www.facebook.com/Grammys-Kitchen-215135649031440/?fref=ts
Russian,Masha and the Bear Russian Cafe,"12101 E Iliff Ave, Aurora, CO 80014, USA",http://www.mbrussiancafe.com/
Jewish,Saguache 4th Street Diner & Bakery,"411 4th St, Saguache, CO 81149, USA",https://m.facebook.com/4thStreetDinerBakery
Jewish,"The Village Pub, Pizza & Spirits","401 4th St, Saguache, CO 81149, USA",
Jewish,Grammy’s Kitchen,"17396 CO-17, Moffat, CO 81143, USA",https://www.facebook.com/Grammys-Kitchen-215135649031440/?fref=ts
Jewish,Saguache Works,"404 4th St, Saguache, CO 81149, USA",
Polish,Saguache 4th Street Diner & Bakery,"411 4th St, Saguache, CO 81149, USA",https://m.facebook.com/4thStreetDinerBakery
Polish,"The Village Pub, Pizza & Spirits","401 4th St, Saguache, CO 81149, USA",
Polish,Cracovia Polish-American Restaurant & Bar,"8121 W 94th Ave, Westminster, CO 80021, USA",http://www.cracoviarestaurant.com/
Polish,Grammy’s Kitchen,"17396 CO-17, Moffat, CO 81143, USA",https://www.facebook.com/Grammys-Kitchen-215135649031440/?fref=ts
Polish,Pierogies Factory,"3795 Wadsworth Blvd, Wheat Ridge, CO 80033, USA",http://pierogiesfactory.com/
Polish,European Cafe and Restaurant,"1015 Colorado Ave, Colorado Springs, CO 80904, USA",http://www.europeancafeocc.com/
Polish,Mama's Pierogi,"714 Grand Ave, Glenwood Springs, CO 81601, USA",https://www.facebook.com/profile.php?id=100047494788156
Polish,The Polished Bean,"1935 Grand Ave, Monte Vista, CO 81144, USA",http://thepolishedbeanmv.com/
Polish,Woody's Q Shack,"703 Main St, Alamosa, CO 81101, USA",http://www.woodysqshack.com/
German,Saguache 4th Street Diner & Bakery,"411 4th St, Saguache, CO 81149, USA",https://m.facebook.com/4thStreetDinerBakery
German,"The Village Pub, Pizza & Spirits","401 4th St, Saguache, CO 81149, USA",
German,Grammy’s Kitchen,"17396 CO-17, Moffat, CO 81143, USA",https://www.facebook.com/Grammys-Kitchen-215135649031440/?fref=ts
German,Edelweiss German Restaurant,"34 E Ramona Ave, Colorado Springs, CO 80905, USA",https://www.edelweissrest.com/
German,Uwe's German Restaurant,"31 Iowa Ave #5913, Colorado Springs, CO 80909, USA",http://www.uwesgermanrestaurant.com/
German,1874 Food Truck,"635 Grand Ave, Del Norte, CO 81132, USA",https://www.1874foodtruck.com/?utm_source=google&utm_medium=organic&utm_campaign=gmb&utm_content=primary
German,Colorado Grille & Tap House,"590 Grand Ave, Del Norte, CO 81132, USA",https://www.coloradogrille.com/
German,Wienerstube Restaurant,"351 Market St, Basalt, CO 81621, USA",https://www.wienerstuberestaurant.com/
German,Helga's Haus & Bier Garden: German Restaurant & Bier Garden & Deli,"14197 E Exposition Ave, Aurora, CO 80012, USA",https://www.helgashaus.com/
German,Gabys German Eatery - with reservation please,"245 S Harlan St, Lakewood, CO 80226, USA",http://gabysgermaneatery.com/
German,Alpenrose Vail,"100 E Meadow Dr STE 25, Vail, CO 81657, USA",http://www.alpenrose-vail.com/
German,Amicas Pizza Microbrew & More,"127 F St, Salida, CO 81201, USA",https://amicassalida.com/
French,Saguache 4th Street Diner & Bakery,"411 4th St, Saguache, CO 81149, USA",https://m.facebook.com/4thStreetDinerBakery
French,Freshies at the Crest,"24500 US-50, Salida, CO 81201, USA",http://www.monarchatthecrest.com/
French,Our Food Is Art Restaurant,"121 E Galena Ave suite b, Crestone, CO 81131, USA",http://www.ourfoodisart.com/
French,"The Village Pub, Pizza & Spirits","401 4th St, Saguache, CO 81149, USA",
French,Grammy’s Kitchen,"17396 CO-17, Moffat, CO 81143, USA",https://www.facebook.com/Grammys-Kitchen-215135649031440/?fref=ts
French,French Alpine Bistro - Crêperie du Village,"400 E Hopkins Ave, Aspen, CO 81611, USA",http://www.frenchalpinebistro.com/
French,Frenchy's Cafe on the Pond,"Almont, CO 81210, USA",https://www.facebook.com/dianneweso2656/
French,La Baguette French Bistro,"4440 N Chestnut St, Colorado Springs, CO 80907, USA",http://labaguettefrenchbistro.com/
French,Boogies Restaurant,"410 Grand Ave, Del Norte, CO 81132, USA",http://www.boogiesdelnorte.com/
French,Chavolos Mexican Restaurant,"582 Grand Ave, Del Norte, CO 81132, USA",https://loschavalosrestaurants.com/
French,Carthers Roadhouse,"505 Spruce St, Del Norte, CO 81132, USA",
French,T Road Brewing Company,"120 W Silver Ave, Crestone, CO 81131, USA",http://troadbrewing.com/
French,La Garita Trading Post,"41605 Co Rd G, Del Norte, CO 81132, USA",https://lagaritagasstationandrestaurant.com/
French,1874 Food Truck,"635 Grand Ave, Del Norte, CO 81132, USA",https://www.1874foodtruck.com/?utm_source=google&utm_medium=organic&utm_campaign=gmb&utm_content=primary
French,Currents Restaurant,"122 N F St, Salida, CO 81201, USA",https://www.currents-salida.com/
French,Hunger Junction,"10538 US-50, Salida, CO 81201, USA",
French,Colorado Grille & Tap House,"590 Grand Ave, Del Norte, CO 81132, USA",https://www.coloradogrille.com/
French,Iron Chest Steakhouse,"10965 Co Rd 128, Poncha Springs, CO 81242, USA",https://www.ironcheststeakhouse.com/
French,GiGi’s Betchin Chick-N,"645 E Rainbow Blvd Unit D, Salida, CO 81201, USA",https://www.facebook.com/gigisbetchinchickn?mibextid=LQQJ4d
French,Alpine Lodge,"6848 Co Rd 140, Westcliffe, CO 81252, USA",https://www.coloradodirectory.com/alpinelodgewestcliffe/
Hawaiian,Saguache 4th Street Diner & Bakery,"411 4th St, Saguache, CO 81149, USA",https://m.facebook.com/4thStreetDinerBakery
Hawaiian,"The Village Pub, Pizza & Spirits","401 4th St, Saguache, CO 81149, USA",
Hawaiian,No-Ka-Oi,"605 Main St, Cañon City, CO 81212, USA",https://nko-bistro.com/?fbclid=IwAR0NqahII8O501WJIEcnlGIUEEr13Hqc4WWRj7-SwRX5jWpZNY1c3CN4ACI
Hawaiian,Grammy’s Kitchen,"17396 CO-17, Moffat, CO 81143, USA",https://www.facebook.com/Grammys-Kitchen-215135649031440/?fref=ts
Hawaiian,Haole Hawaiian Grindz,"514 S Tejon St Suite 120b, Colorado Springs, CO 80903, USA",https://www.toasttab.com/coati-pod-4-518-s-tejon
Hawaiian,"Island Style BBQ, LLC","Charter Oak Ranch Rd, Fountain, CO 80817, USA",https://islandstylebbq.univer.se/
Hawaiian,Chavolos Mexican Restaurant,"582 Grand Ave, Del Norte, CO 81132, USA",https://loschavalosrestaurants.com/
Hawaiian,Boogies Restaurant,"410 Grand Ave, Del Norte, CO 81132, USA",http://www.boogiesdelnorte.com/
Hawaiian,Los Chavalos Mexican Restaurant,"30333 US-160, South Fork, CO 81154, USA",https://loschavalosrestaurants.com/
Hawaiian,Hot Stuff Pizza,"2006 E 8th St, Center, CO 81125, USA",
Hawaiian,Eduardo Mexican grill,"2830 US-160, Monte Vista, CO 81144, USA",
Hawaiian,L&L Hawaiian Barbecue,"2323 30th St, Boulder, CO 80301, USA",https://www.hawaiianbarbecue.com/locations/boulder/
Hawaiian,Casa Calaca,"413 W Rainbow Blvd, Salida, CO 81201, USA",
Hawaiian,The Sunflour Café,"278 US Hwy 285, Monte Vista, CO 81144, USA",
Hawaiian,Powerstop,"905 N Main St, Gunnison, CO 81230, USA",http://www.the-powerstop.com/
Hawaiian,Moonlight Pizza & Brewpub,"242 F St, Salida, CO 81201, USA",http://www.moonlightpizza.biz/
Hawaiian,Mountain Pizza & Taproom,"30483 US-160, South Fork, CO 81154, USA",http://mountainpizzataproom.com/
Hawaiian,Red Truck Pizza Co,"10015 US-50, Salida, CO 81201, USA",http://redtruckmenu.com/
Hawaiian,Amicas Pizza Microbrew & More,"127 F St, Salida, CO 81201, USA",https://amicassalida.com/
Hawaiian,Three Barrel Brewing Co,"475 Grand Ave, Del Norte, CO 81132, USA",http://www.threebarrelbrew.com/
Brazilian,Tucanos Brazilian Grill,"3294 Cinema Point, Colorado Springs, CO 80922, USA",http://www.tucanos.com/
Brazilian,Saguache 4th Street Diner & Bakery,"411 4th St, Saguache, CO 81149, USA",https://m.facebook.com/4thStreetDinerBakery
Brazilian,Taste of Brasil,"773 Garden of the Gods Rd, Colorado Springs, CO 80907, USA",http://www.thetasteofbrasil.com/
Brazilian,"The Village Pub, Pizza & Spirits","401 4th St, Saguache, CO 81149, USA",
Brazilian,Little Brazil Restaurant,"7333 W 38th Ave, Wheat Ridge, CO 80033, USA",http://www.littlebrazilco.com/
Brazilian,Fogo de Chão Brazilian Steakhouse,"8419 Park Meadows Center Dr, Lone Tree, CO 80124, USA",https://fogodechao.com/location/lone-tree/
Brazilian,Texas de Brazil - Denver,"8390 Northfield Blvd Ste 1800, Denver, CO 80238, USA",https://texasdebrazil.com/locations/denver/?utm_source=gmb&utm_medium=yext&y_source=1_NDg4MzA3NDEtNzE1LWxvY2F0aW9uLndlYnNpdGU%3D
Brazilian,Grammy’s Kitchen,"17396 CO-17, Moffat, CO 81143, USA",https://www.facebook.com/Grammys-Kitchen-215135649031440/?fref=ts
Peruvian,Yunza Peruvian cuisine,"7595 US-50, Salida, CO 81201, USA",https://www.toasttab.com/yunza-peruvian-cuisine-7595-west-highway-50/v3/
Salvadorian,Saguache 4th Street Diner & Bakery,"411 4th St, Saguache, CO 81149, USA",https://m.facebook.com/4thStreetDinerBakery
Cuban,Saguache 4th Street Diner & Bakery,"411 4th St, Saguache, CO 81149, USA",https://m.facebook.com/4thStreetDinerBakery
Cuban,"The Village Pub, Pizza & Spirits","401 4th St, Saguache, CO 81149, USA",
Cuban,Our Food Is Art Restaurant,"121 E Galena Ave suite b, Crestone, CO 81131, USA",http://www.ourfoodisart.com/
Cuban,El Bohio Cuban Cuisine,"2080 Youngfield St, Lakewood, CO 80215, USA",https://www.elbohiocuban.com/
Cuban,Arelita Authentic Cuban Food,"2306 E Platte Ave, Colorado Springs, CO 80909, USA",
Cuban,Buchi Cafe Cubano,"401 Harrison Ave, Leadville, CO 80461, USA",http://www.buchicafecubano.com/
Cuban,Grammy’s Kitchen,"17396 CO-17, Moffat, CO 81143, USA",https://www.facebook.com/Grammys-Kitchen-215135649031440/?fref=ts
Cuban,Bale Bale Rumba,"4737 N Academy Blvd, Colorado Springs, CO 80918, USA",
Cuban,Cafe Silvestre,"903 N Main St, Gunnison, CO 81230, USA",https://www.cafesilvestreltd.com/
Cuban,Babalu's Cuban Cafe,"140 W Oak St, Fort Collins, CO 80524, USA",
Cuban,Poncha Pub,"10238 US-50, Poncha Springs, CO 81242, USA",http://www.ponchapub.com/
Cuban,Baldo's Mexican Restaurant,"1100 Park Ave, Monte Vista, CO 81144, USA",
Cuban,Iron Tree Restaurant & Funky Town Brewery,"37 Costello Ave, Florissant, CO 80816, USA",http://www.irontreerestaurant.com/
Cuban,Bootleggers Bistro,"309 W Main St, Westcliffe, CO 81252, USA",http://www.bootleggersbistro.net/
Cuban,El Reynaldo's,"2801 E Main St, Cañon City, CO 81212, USA",
Cuban,El Caporal Family Mexican Restaurant,"1028 Main St, Cañon City, CO 81212, USA",
Cuban,Soulcraft Brewing,"248 W Rainbow Blvd, Salida, CO 81201, USA",https://www.soulcraftbeer.com/
Cuban,The Dive Gunnison,"213 W Tomichi Ave, Gunnison, CO 81230, USA",https://www.thedivegunnison.com/
Cuban,Saguache Works,"404 4th St, Saguache, CO 81149, USA",
Cuban,Cucuru Gallery Cafe,"2332 W Colorado Ave, Colorado Springs, CO 80904, USA",https://www.facebook.com/CucuruGalleryCafe/
Tibetan,"The Village Pub, Pizza & Spirits","401 4th St, Saguache, CO 81149, USA",
Tibetan,Saguache 4th Street Diner & Bakery,"411 4th St, Saguache, CO 81149, USA",https://m.facebook.com/4thStreetDinerBakery
Tibetan,Sherpa Cafe,"1110 US-50, Salida, CO 81201, USA",https://www.sherpacafesalida.com/
Tibetan,Tibet's Restaurant & Bar,"321 McCaslin Blvd A, Louisville, CO 80027, USA",https://www.tibetsrestaurant.com/
Tibetan,Little Tibet,"4479 Broadway, Boulder, CO 80304, USA",http://www.littletibetrestaurant.com/
Tibetan,Tibet Kitchen,"2359 Arapahoe Ave, Boulder, CO 80303, USA",https://ordertibetkitchenllc.com/
Tibetan,Grammy’s Kitchen,"17396 CO-17, Moffat, CO 81143, USA",https://www.facebook.com/Grammys-Kitchen-215135649031440/?fref=ts
Tibetan,Himchuli - Highlands Indian & Nepali Cuisine,"3489 W 32nd Ave, Denver, CO 80211, USA",https://himchulidenver.com/
Tibetan,Sherpa’s Adventure Restaurant and Bar,"825 Walnut St, Boulder, CO 80302, USA",https://sherparestaurantboulder.com/
Tibetan,Sherpa Cafe,"323 E Tomichi Ave, Gunnison, CO 81230, USA",https://www.sherpascafe.com/gunnison
Tibetan,Himalayan Kitchen,"992 Main Ave, Durango, CO 81301, USA",https://himalayankitchendurango.com/
Tibetan,Kathmandu Restaurant II,"1964 28th St, Boulder, CO 80301, USA",http://www.kathmandurestaurant.us/boulder
Tibetan,Everest Nepal Restaurant Colorado Springs,"28 E Bijou St, Colorado Springs, CO 80903, USA",http://everestnepal.co/
Egyptian,Saguache 4th Street Diner & Bakery,"411 4th St, Saguache, CO 81149, USA",https://m.facebook.com/4thStreetDinerBakery
Greek,"The Village Pub, Pizza & Spirits","401 4th St, Saguache, CO 81149, USA",
Greek,Saguache 4th Street Diner & Bakery,"411 4th St, Saguache, CO 81149, USA",https://m.facebook.com/4thStreetDinerBakery
Greek,Our Food Is Art Restaurant,"121 E Galena Ave suite b, Crestone, CO 81131, USA",http://www.ourfoodisart.com/
Greek,Grammy’s Kitchen,"17396 CO-17, Moffat, CO 81143, USA",https://www.facebook.com/Grammys-Kitchen-215135649031440/?fref=ts
Greek,Peaks 'n Pitas,"110 E 15th St, Salida, CO 81201, USA",https://www.peaksnpitas.com/
Greek,Pitas in Paradise,"730 N Main St, Gunnison, CO 81230, USA",http://pitasinparadise.com/
Greek,Jake and Telly’s Greek Taverna,"2616 Colorado Ave #24, Colorado Springs, CO 80904, USA",http://www.jakeandtellys.com/
Greek,Carthers Roadhouse,"505 Spruce St, Del Norte, CO 81132, USA",
Greek,House Rock Kitchen,"421 E Main St, Buena Vista, CO 81211, USA",http://www.houserockkitchen.com/
Greek,Amicas Pizza Microbrew & More,"127 F St, Salida, CO 81201, USA",https://amicassalida.com/
Greek,Greek Cafe,"8844 N Union Blvd, Colorado Springs, CO 80920, USA",
Greek,Sam's Gyros & Kabobs,"609 W Midland Ave, Woodland Park, CO 80863, USA",http://samgyro.com/
Greek,Moonlight Pizza & Brewpub,"242 F St, Salida, CO 81201, USA",http://www.moonlightpizza.biz/
Greek,High Side! Bar & Grill,"300 W Sackett Ave, Salida, CO 81201, USA",http://www.highsidesalida.com/
Greek,Palisades Restaurant,"820 N Main St, Gunnison, CO 81230, USA",https://www.palisadesrestaurantco.com/#menu
Greek,50 Burger Shakes & Beer,"445 E. Hwy 50, 445 E Rainbow Blvd, Salida, CO 81201, USA",http://www.50burgersalida.com/
Greek,Gunnison Pizza Company,"303 E Tomichi Ave Ste C, Gunnison, CO 81230, USA",http://gunnisonpizza.com/
Greek,Simple Eatery,"402 E Main St, Buena Vista, CO 81211, USA",http://www.spoon-it-up.com/
Greek,Benson's Tavern & Beer Garden,"128 N F St, Salida, CO 81201, USA",http://www.bensonstavern.com/
Greek,Garlic Mike's,"2674 CO-135, Gunnison, CO 81230, USA",http://garlicmikes.com/
Belgian,"The Village Pub, Pizza & Spirits","401 4th St, Saguache, CO 81149, USA",
Belgian,Saguache 4th Street Diner & Bakery,"411 4th St, Saguache, CO 81149, USA",https://m.facebook.com/4thStreetDinerBakery
Belgian,Grammy’s Kitchen,"17396 CO-17, Moffat, CO 81143, USA",https://www.facebook.com/Grammys-Kitchen-215135649031440/?fref=ts
Belgian,Three Barrel Brewing Co,"475 Grand Ave, Del Norte, CO 81132, USA",http://www.threebarrelbrew.com/
Belgian,Breads and Botanicals,"319 San Juan Ave, Saguache, CO 81149, USA",
Irish,"The Village Pub, Pizza & Spirits","401 4th St, Saguache, CO 81149, USA",
Irish,Saguache 4th Street Diner & Bakery,"411 4th St, Saguache, CO 81149, USA",https://m.facebook.com/4thStreetDinerBakery
Irish,McGinty's Wood Oven Pub,"11115 W US-24, Divide, CO 80814, USA",https://www.mcgintyswoodovenpub.net/
Irish,Clancy's Irish Pub,"7000 W 38th Ave, Wheat Ridge, CO 80033, USA",https://clancysirish.pub/#
Irish,Abby's Irish Pub,"9697 Prominent Point, Colorado Springs, CO 80924, USA",https://www.abbysirishpub.com/
Irish,Jack Quinn's Irish Pub and Restaurant,"21 S Tejon St, Colorado Springs, CO 80903, USA",https://www.jackquinnspub.com/
Irish,Our Food Is Art Restaurant,"121 E Galena Ave suite b, Crestone, CO 81131, USA",http://www.ourfoodisart.com/
Irish,Grammy’s Kitchen,"17396 CO-17, Moffat, CO 81143, USA",https://www.facebook.com/Grammys-Kitchen-215135649031440/?fref=ts
Irish,Colorado Grille & Tap House,"590 Grand Ave, Del Norte, CO 81132, USA",https://www.coloradogrille.com/
Irish,Nallen's Irish Pub,"1429 Market St, Denver, CO 80202, USA",
Irish,The Gaslamp Tavern,"1 Browns Dr, South Fork, CO 81154, USA",
Irish,Pint and Platter,"256 E Bennett Ave, Cripple Creek, CO 80813, USA",https://www.triplecrowncasinos.com/pint-platter/
Irish,Amicas Pizza Microbrew & More,"127 F St, Salida, CO 81201, USA",https://amicassalida.com/
Irish,Burke and Riley's Irish Pub,"520 S Main St # 3P, Breckenridge, CO 80424, USA",http://www.burkeandrileyspub.com/home/index.php
Irish,Sidewinder saloon,"23715 US-50, Salida, CO 81201, USA",
Irish,The Abbey Tavern,"5151 E Colfax Ave, Denver, CO 80220, USA",http://theabbeytaverndenver.com/
Irish,Boathouse Cantina,"228 N F St, Salida, CO 81201, USA",https://www.boathousesalida.com/
Irish,Mulligans Irish Pub,"231 Ten Mile Cir, Frisco, CO 80443, USA",https://www.facebook.com/MulligansIrishPub/
Welsh,Saguache 4th Street Diner & Bakery,"411 4th St, Saguache, CO 81149, USA",https://m.facebook.com/4thStreetDinerBakery
Cajun,"The Village Pub, Pizza & Spirits","401 4th St, Saguache, CO 81149, USA",
Portuguese,Saguache 4th Street Diner & Bakery,"411 4th St, Saguache, CO 81149, USA",https://m.facebook.com/4thStreetDinerBakery
Portuguese,"The Village Pub, Pizza & Spirits","401 4th St, Saguache, CO 81149, USA",
Portuguese,Grammy’s Kitchen,"17396 CO-17, Moffat, CO 81143, USA",https://www.facebook.com/Grammys-Kitchen-215135649031440/?fref=ts
Turkish,Saguache 4th Street Diner & Bakery,"411 4th St, Saguache, CO 81149, USA",https://m.facebook.com/4thStreetDinerBakery
Turkish,"The Village Pub, Pizza & Spirits","401 4th St, Saguache, CO 81149, USA",
Turkish,Grammy’s Kitchen,"17396 CO-17, Moffat, CO 81143, USA",https://www.facebook.com/Grammys-Kitchen-215135649031440/?fref=ts
Turkish,Saguache Works,"404 4th St, Saguache, CO 81149, USA",
Haitian,Saguache 4th Street Diner & Bakery,"411 4th St, Saguache, CO 81149, USA",https://m.facebook.com/4thStreetDinerBakery
Tahitian,"The Village Pub, Pizza & Spirits","401 4th St, Saguache, CO 81149, USA",
Tahitian,Saguache 4th Street Diner & Bakery,"411 4th St, Saguache, CO 81149, USA",https://m.facebook.com/4thStreetDinerBakery
Tahitian,Our Food Is Art Restaurant,"121 E Galena Ave suite b, Crestone, CO 81131, USA",http://www.ourfoodisart.com/
Tahitian,Grammy’s Kitchen,"17396 CO-17, Moffat, CO 81143, USA",https://www.facebook.com/Grammys-Kitchen-215135649031440/?fref=ts
Kenyan,"The Village Pub, Pizza & Spirits","401 4th St, Saguache, CO 81149, USA",
Korean,Saguache 4th Street Diner & Bakery,"411 4th St, Saguache, CO 81149, USA",https://m.facebook.com/4thStreetDinerBakery
Korean,"The Village Pub, Pizza & Spirits","401 4th St, Saguache, CO 81149, USA",
Korean,San Chang House,"3659 Austin Bluffs Pkwy #45, Colorado Springs, CO 80918, USA",https://www.sanchanghouse.com/
Korean,Yong's Korean Kitchen,"1712 S Circle Dr, Colorado Springs, CO 80910, USA",
Korean,Grammy’s Kitchen,"17396 CO-17, Moffat, CO 81143, USA",https://www.facebook.com/Grammys-Kitchen-215135649031440/?fref=ts
Korean,Little Cambodia,"1548 G St, Salida, CO 81201, USA",https://www.facebook.com/littlecambodiasalida
Korean,Colorado Grille & Tap House,"590 Grand Ave, Del Norte, CO 81132, USA",https://www.coloradogrille.com/
Korean,Seoul K-B.B.Q.& HotPot,"2080 S Havana St, Aurora, CO 80014, USA",http://seoulkoreanbbq.com/
Korean,Happy Time,"5547 Powers Center Point, Colorado Springs, CO 80920, USA",
Korean,Shin Myung Gwan Korean BBQ,"2680 S Havana St B, Aurora, CO 80014, USA",https://www.ordershinmyungbbq.com/
Korean,Mr. Kim Korean BBQ Restaurant,"12201 E Mississippi Ave Ste113, Aurora, CO 80012, USA",http://www.mrkimbbq.com/
Korean,Korea House Restaurant,"2750 Glenwood Dr, Boulder, CO 80304, USA",
Korean,Funny Plus,"2779 S Parker Rd, Aurora, CO 80014, USA",
Korean,Soko Sushi and Korean BBQ(Ssam),"1600 Champa St, Denver, CO 80202, USA",
Korean,KoBa • All You Can Eat Korean BBQ,"1225 S Federal Blvd, Denver, CO 80219, USA",http://www.aycekoba.com/
Korean,Tofu House 1962 Korean BBQ Restaurant,"2353 S Havana St # D1, Aurora, CO 80014, USA",https://www.tofuhouse1962co.com/
Korean,Yong gung,"2040 S Havana St, Aurora, CO 80014, USA",https://ygaurora.com/
Korean,Chilgogi Korean BBQ,"9666 E Arapahoe Rd, Greenwood Village, CO 80112, USA",http://chilgogikoreanbbq.com/
Korean,K Bop Korean Fusion Cafe,"3733 Bloomington St, Colorado Springs, CO 80922, USA",http://kbopfusioncafe.com/
Korean,Red Truck Pizza Co,"10015 US-50, Salida, CO 81201, USA",http://redtruckmenu.com/
Algerian,Saguache 4th Street Diner & Bakery,"411 4th St, Saguache, CO 81149, USA",https://m.facebook.com/4thStreetDinerBakery
Nigerian,"The Village Pub, Pizza & Spirits","401 4th St, Saguache, CO 81149, USA",
Libyan,"The Village Pub, Pizza & Spirits","401 4th St, Saguache, CO 81149, USA",
Libyan,Saguache 4th Street Diner & Bakery,"411 4th St, Saguache, CO 81149, USA",https://m.facebook.com/4thStreetDinerBakery
Libyan,Grammy’s Kitchen,"17396 CO-17, Moffat, CO 81143, USA",https://www.facebook.com/Grammys-Kitchen-215135649031440/?fref=ts
Moroccan,Saguache 4th Street Diner & Bakery,"411 4th St, Saguache, CO 81149, USA",https://m.facebook.com/4thStreetDinerBakery
Lebanese,"The Village Pub, Pizza & Spirits","401 4th St, Saguache, CO 81149, USA",
Lebanese,Saguache 4th Street Diner & Bakery,"411 4th St, Saguache, CO 81149, USA",https://m.facebook.com/4thStreetDinerBakery
Lebanese,Peaks 'n Pitas,"110 E 15th St, Salida, CO 81201, USA",https://www.peaksnpitas.com/
Lebanese,Pitas in Paradise,"730 N Main St, Gunnison, CO 81230, USA",http://pitasinparadise.com/
Lebanese,Grammy’s Kitchen,"17396 CO-17, Moffat, CO 81143, USA",https://www.facebook.com/Grammys-Kitchen-215135649031440/?fref=ts
Lebanese,Amicas Pizza Microbrew & More,"127 F St, Salida, CO 81201, USA",https://amicassalida.com/
Lebanese,Moonlight Pizza & Brewpub,"242 F St, Salida, CO 81201, USA",http://www.moonlightpizza.biz/
Lebanese,Sherpa Cafe,"1110 US-50, Salida, CO 81201, USA",https://www.sherpacafesalida.com/
Lebanese,Mezza Mediterranean Grill,"15305 Compark Blvd #101, Parker, CO 80134, USA",http://mezzamedgrill.com/
Lebanese,Sahara Cafe,"954 Manitou Ave, Manitou Springs, CO 80829, USA",
Lebanese,Red Truck Pizza Co,"10015 US-50, Salida, CO 81201, USA",http://redtruckmenu.com/
Lebanese,Benson's Tavern & Beer Garden,"128 N F St, Salida, CO 81201, USA",http://www.bensonstavern.com/
Lebanese,Ali Baba Grill,"3054 28th St, Boulder, CO 80304, USA",http://www.alibabagrill.com/
Lebanese,Palisades Restaurant,"820 N Main St, Gunnison, CO 81230, USA",https://www.palisadesrestaurantco.com/#menu
Lebanese,Kebab and Gyro House,"3430 Austin Bluffs Pkwy, Colorado Springs, CO 80918, USA",https://kebabandgyrohouse.com/
Lebanese,Saj Fresh Grill,"2300 S Parker Rd, Aurora, CO 80014, USA",https://sajfresh.com/
Lebanese,Domino's Pizza,"150 E Rainbow Blvd, Salida, CO 81201, USA",https://www.dominos.com/en/?utm_source=google&utm_medium=loclist&utm_campaign=localmaps
Lebanese,Briar Mart,"6799 N Academy Blvd, Colorado Springs, CO 80918, USA",
Lebanese,Byblos Express Greek and Lebanese,"400 N Corona St, Denver, CO 80218, USA",https://www.byblos-cafe.com/
Lebanese,Simple Eatery,"402 E Main St, Buena Vista, CO 81211, USA",http://www.spoon-it-up.com/
Vietnamese,Little Cambodia,"1548 G St, Salida, CO 81201, USA",https://www.facebook.com/littlecambodiasalida
Vietnamese,Buena Pho,"601 US Hwy 24 N, Buena Vista, CO 81211, USA",
Vietnamese,Saguache 4th Street Diner & Bakery,"411 4th St, Saguache, CO 81149, USA",https://m.facebook.com/4thStreetDinerBakery
Vietnamese,"The Village Pub, Pizza & Spirits","401 4th St, Saguache, CO 81149, USA",
Vietnamese,Thai Mini Café LLC,"box 22, 11150 US-50, Poncha Springs, CO 81242, USA",
Hungarian,Saguache 4th Street Diner & Bakery,"411 4th St, Saguache, CO 81149, USA",https://m.facebook.com/4thStreetDinerBakery
Hungarian,"The Village Pub, Pizza & Spirits","401 4th St, Saguache, CO 81149, USA",
Hungarian,Our Food Is Art Restaurant,"121 E Galena Ave suite b, Crestone, CO 81131, USA",http://www.ourfoodisart.com/
Mediterranean,Peaks 'n Pitas,"110 E 15th St, Salida, CO 81201, USA",https://www.peaksnpitas.com/
Mediterranean,Our Food Is Art Restaurant,"121 E Galena Ave suite b, Crestone, CO 81131, USA",http://www.ourfoodisart.com/
Mediterranean,"The Village Pub, Pizza & Spirits","401 4th St, Saguache, CO 81149, USA",
Mediterranean,Saguache 4th Street Diner & Bakery,"411 4th St, Saguache, CO 81149, USA",https://m.facebook.com/4thStreetDinerBakery
Mediterranean,Sam's Gyros & Kabobs,"609 W Midland Ave, Woodland Park, CO 80863, USA",http://samgyro.com/
Mediterranean,Pitas in Paradise,"730 N Main St, Gunnison, CO 81230, USA",http://pitasinparadise.com/
Mediterranean,Mezza Mediterranean Grill,"15305 Compark Blvd #101, Parker, CO 80134, USA",http://mezzamedgrill.com/
Mediterranean,The Olive - Mediterranean Cuisine,"324 E Main St, Buena Vista, CO 81211, USA",
Mediterranean,Grammy’s Kitchen,"17396 CO-17, Moffat, CO 81143, USA",https://www.facebook.com/Grammys-Kitchen-215135649031440/?fref=ts
Ethiopian,"The Village Pub, Pizza & Spirits","401 4th St, Saguache, CO 81149, USA",
Ethiopian,Saguache 4th Street Diner & Bakery,"411 4th St, Saguache, CO 81149, USA",https://m.facebook.com/4thStreetDinerBakery
Ethiopian,Langano Ethiopian Restaurant,"10180 E Colfax Ave Ste 116, Aurora, CO 80010, USA",https://langano-restaurant.com/
Ethiopian,Mesob Ethiopian Restaurant,"1422 Poplar St, Denver, CO 80220, USA",https://www.mesobethiopianrestaurant.com/
Ethiopian,Ras Kassa's Ethiopian Restaurant,"802 S Public Rd, Lafayette, CO 80026, USA",http://www.raskassas.com/
Ethiopian,Taste of Ethiopia Restaurant & Coffee Shop,"3680 Citadel Dr N, Colorado Springs, CO 80909, USA",https://www.tasteofethiopiacolorado.com/
Ethiopian,Eatopia: Eat Ethiopian,"1030 Havana St B, Aurora, CO 80010, USA",
Ethiopian,Megenagna,"306 S Ironton St Unit C, Aurora, CO 80012, USA",https://megenagnaethiopianrestaurant.com/
Ethiopian,Geez Habesha Bar & Restaurant,"262 Havana St, Aurora, CO 80010, USA",
Ethiopian,Mama Africa Cafe Restaurant and Bar,"6603 Leetsdale Dr F, Denver, CO 80224, USA",https://www.mamaafricacafe.com/
Ethiopian,Abyssinia Ethiopian Restaurant and Bar,"5707 E Colfax Ave, Denver, CO 80220, USA",
Ethiopian,Uchenna Ethiopian Restaurant,"2501 W Colorado Ave # 105, Colorado Springs, CO 80904, USA",https://uchennaalive.com/
Ethiopian,Nile Ethiopian Restaurant,"1951 S Havana St, Aurora, CO 80014, USA",
Ethiopian,The Ethiopian Restaurant,"2816 E Colfax Ave, Denver, CO 80206, USA",https://m.facebook.com/The-Ethiopian-Restaurant-105937256138469/
Ethiopian,Lucy Ethiopian Restaurant,"7401 E Colfax Ave, Denver, CO 80220, USA",https://lucyrestaurant.net/
Ethiopian,Queen of Sheba Ethiopian Restaurant,"7225 E Colfax Ave, Denver, CO 80220, USA",
Ethiopian,African Grill and Bar - Lakewood Colorado,"955 S Kipling Pkwy, Lakewood, CO 80226, USA",http://www.africangrilllakewood.com/
Ethiopian,Grammy’s Kitchen,"17396 CO-17, Moffat, CO 81143, USA",https://www.facebook.com/Grammys-Kitchen-215135649031440/?fref=ts
Ethiopian,Sherpa Cafe,"323 E Tomichi Ave, Gunnison, CO 81230, USA",https://www.sherpascafe.com/gunnison
Caribbean,Saguache 4th Street Diner & Bakery,"411 4th St, Saguache, CO 81149, USA",https://m.facebook.com/4thStreetDinerBakery
Caribbean,"The Village Pub, Pizza & Spirits","401 4th St, Saguache, CO 81149, USA",
Caribbean,Grammy’s Kitchen,"17396 CO-17, Moffat, CO 81143, USA",https://www.facebook.com/Grammys-Kitchen-215135649031440/?fref=ts
Caribbean,One Love Island Grill Take Out,"1107 S Nevada Ave, Colorado Springs, CO 80903, USA",https://www.oneloveislandgrill.com/
Caribbean,Taino's Caribbean Cuisine,"7130 W 117th Ave STE D3, Broomfield, CO 80020, USA",http://eatwithtainos.com/?utm_source=google&utm_medium=wix_google_business_profile&utm_campaign=6912949299216849434
Caribbean,Palisades Restaurant,"820 N Main St, Gunnison, CO 81230, USA",https://www.palisadesrestaurantco.com/#menu
Caribbean,Bootleggers Bistro,"309 W Main St, Westcliffe, CO 81252, USA",http://www.bootleggersbistro.net/
Caribbean,Dainty's Kitchen,"302 E Platte Ave, Colorado Springs, CO 80903, USA",https://daintyjamaicankitchen.blizzfull.com/
Caribbean,Ol' Miner Steakhouse,"139 N Main St, Gunnison, CO 81230, USA",https://www.olminersteakhouse.net/
Caribbean,Saguache Works,"404 4th St, Saguache, CO 81149, USA",
Soul,Saguache 4th Street Diner & Bakery,"411 4th St, Saguache, CO 81149, USA",https://m.facebook.com/4thStreetDinerBakery
Argentinian,Saguache 4th Street Diner & Bakery,"411 4th St, Saguache, CO 81149, USA",https://m.facebook.com/4thStreetDinerBakery
Argentinian,"The Village Pub, Pizza & Spirits","401 4th St, Saguache, CO 81149, USA",
Argentinian,Gaucho Parrilla,"15177 Candelas Pkwy, Arvada, CO 80007, USA",https://freedomstreetsocial.com/vendors/gaucho-parrilla/
Argentinian,Rincon Argentino,"2525 Arapahoe Ave, Boulder, CO 80302, USA",http://www.rinconargentinoboulder.com/
Argentinian,Grammy’s Kitchen,"17396 CO-17, Moffat, CO 81143, USA",https://www.facebook.com/Grammys-Kitchen-215135649031440/?fref=ts
Argentinian,Antlers Riverside Restaurant,"26222 CO-149, Creede, CO 81130, USA",http://www.antlerslodge.com/
Chilean,Saguache 4th Street Diner & Bakery,"411 4th St, Saguache, CO 81149, USA",https://m.facebook.com/4thStreetDinerBakery
Chilean,"The Village Pub, Pizza & Spirits","401 4th St, Saguache, CO 81149, USA",
Chilean,Chavolos Mexican Restaurant,"582 Grand Ave, Del Norte, CO 81132, USA",https://loschavalosrestaurants.com/
Chilean,1874 Food Truck,"635 Grand Ave, Del Norte, CO 81132, USA",https://www.1874foodtruck.com/?utm_source=google&utm_medium=organic&utm_campaign=gmb&utm_content=primary
Chilean,La Garita Trading Post,"41605 Co Rd G, Del Norte, CO 81132, USA",https://lagaritagasstationandrestaurant.com/
Chilean,Colorado Grille & Tap House,"590 Grand Ave, Del Norte, CO 81132, USA",https://www.coloradogrille.com/
Chilean,Carthers Roadhouse,"505 Spruce St, Del Norte, CO 81132, USA",
Chilean,Los Chavalos Mexican Restaurant,"30333 US-160, South Fork, CO 81154, USA",https://loschavalosrestaurants.com/
Chilean,Judys kitcheN,"48323 E State Highway 112 Lott 03, Center, CO 81125, USA",
Chilean,Mexico Grill Tradicional,"509 E Rainbow Blvd, Salida, CO 81201, USA",
Chilean,Chile Colorado,"7 E Vermijo Ave, Colorado Springs, CO 80903, USA",http://www.chilecoloradocos.com/
Chilean,"Mountain View Restaurant , Monte Vista Colorado","2099 Sherman Ave, Monte Vista, CO 81144, USA",http://mountainviewdining.net/
Chilean,Casa Calaca,"413 W Rainbow Blvd, Salida, CO 81201, USA",
Chilean,Eduardo Mexican grill,"2830 US-160, Monte Vista, CO 81144, USA",
Chilean,Azteca De Oro Restaurant,"11998 N County Rd 2 E, Center, CO 81125, USA",
Chilean,Tortilleria La Unica,"267 S Worth St, Center, CO 81125, USA",https://www.toasttab.com/tortillerialaunica
Chilean,Fiesta Mexicana Family Restaurant,"1220 E Rainbow Blvd #2916, Salida, CO 81201, USA",https://www.instagram.com/fiesta.mexicana.restaurant/
Chilean,Grammy’s Kitchen,"17396 CO-17, Moffat, CO 81143, USA",https://www.facebook.com/Grammys-Kitchen-215135649031440/?fref=ts
Chilean,Tomichi Creek Trading Post,"71420 US-50, Sargents, CO 81248, USA",http://www.tomichicreektradingpost.com/
Chilean,50 Burger Shakes & Beer,"445 E. Hwy 50, 445 E Rainbow Blvd, Salida, CO 81201, USA",http://www.50burgersalida.com/
Colombian,Saguache 4th Street Diner & Bakery,"411 4th St, Saguache, CO 81149, USA",https://m.facebook.com/4thStreetDinerBakery
Costa Rican,Saguache 4th Street Diner & Bakery,"411 4th St, Saguache, CO 81149, USA",https://m.facebook.com/4thStreetDinerBakery
Czech,Saguache 4th Street Diner & Bakery,"411 4th St, Saguache, CO 81149, USA",https://m.facebook.com/4thStreetDinerBakery
Czech,"The Village Pub, Pizza & Spirits","401 4th St, Saguache, CO 81149, USA",
Danish,Saguache 4th Street Diner & Bakery,"411 4th St, Saguache, CO 81149, USA",https://m.facebook.com/4thStreetDinerBakery
Danish,"The Village Pub, Pizza & Spirits","401 4th St, Saguache, CO 81149, USA",
Danish,Breads and Botanicals,"319 San Juan Ave, Saguache, CO 81149, USA",
Dutch,Saguache 4th Street Diner & Bakery,"411 4th St, Saguache, CO 81149, USA",https://m.facebook.com/4thStreetDinerBakery
Dutch,"The Village Pub, Pizza & Spirits","401 4th St, Saguache, CO 81149, USA",
Dutch,Our Food Is Art Restaurant,"121 E Galena Ave suite b, Crestone, CO 81131, USA",http://www.ourfoodisart.com/
Dutch,Grammy’s Kitchen,"17396 CO-17, Moffat, CO 81143, USA",https://www.facebook.com/Grammys-Kitchen-215135649031440/?fref=ts
Dutch,Breads and Botanicals,"319 San Juan Ave, Saguache, CO 81149, USA",
Ecuadorian,Saguache 4th Street Diner & Bakery,"411 4th St, Saguache, CO 81149, USA",https://m.facebook.com/4thStreetDinerBakery
Finnish,Saguache 4th Street Diner & Bakery,"411 4th St, Saguache, CO 81149, USA",https://m.facebook.com/4thStreetDinerBakery
Finnish,"The Village Pub, Pizza & Spirits","401 4th St, Saguache, CO 81149, USA",
Finnish,Grammy’s Kitchen,"17396 CO-17, Moffat, CO 81143, USA",https://www.facebook.com/Grammys-Kitchen-215135649031440/?fref=ts
Finnish,Breads and Botanicals,"319 San Juan Ave, Saguache, CO 81149, USA",
Ghanaian,"The Village Pub, Pizza & Spirits","401 4th St, Saguache, CO 81149, USA",
Guatemalan,Saguache 4th Street Diner & Bakery,"411 4th St, Saguache, CO 81149, USA",https://m.facebook.com/4thStreetDinerBakery
Honduran,Honduras Breeze Restaurant,"1443 Chester St, Aurora, CO 80010, USA",https://m.facebook.com/profile.php?id=1273000329458997&tsid=0.4500492871865647&source=typeahead
Icelandic,Saguache 4th Street Diner & Bakery,"411 4th St, Saguache, CO 81149, USA",https://m.facebook.com/4thStreetDinerBakery
Icelandic,"The Village Pub, Pizza & Spirits","401 4th St, Saguache, CO 81149, USA",
Indonesian,Little Cambodia,"1548 G St, Salida, CO 81201, USA",https://www.facebook.com/littlecambodiasalida
Iranian,Surena Persian Cuisine,"9625 E Arapahoe Rd Unit P, Centennial, CO 80112, USA",https://www.surenarestaurant.com/
Israeli,Saguache 4th Street Diner & Bakery,"411 4th St, Saguache, CO 81149, USA",https://m.facebook.com/4thStreetDinerBakery
Israeli,"The Village Pub, Pizza & Spirits","401 4th St, Saguache, CO 81149, USA",
Israeli,Grammy’s Kitchen,"17396 CO-17, Moffat, CO 81143, USA",https://www.facebook.com/Grammys-Kitchen-215135649031440/?fref=ts
Israeli,Jaffa Middle Eastern Kitchen,"400 E Valley Rd, Carbondale, CO 81623, USA",http://www.jaffakitchen.com/
Israeli,Peaks 'n Pitas,"110 E 15th St, Salida, CO 81201, USA",https://www.peaksnpitas.com/
Israeli,50 Burger Shakes & Beer,"445 E. Hwy 50, 445 E Rainbow Blvd, Salida, CO 81201, USA",http://www.50burgersalida.com/
Israeli,Sahara Cafe,"954 Manitou Ave, Manitou Springs, CO 80829, USA",
Israeli,Saguache Works,"404 4th St, Saguache, CO 81149, USA",
Israeli,Taste of Jerusalem Cafe,"15 E Bijou St, Colorado Springs, CO 80903, USA",https://tasteofjerusalemcafe.com/
Jamaican,High Grade Foods Jamaican Restaurant and Bar,"1020 S Tejon St, Colorado Springs, CO 80903, USA",https://highgradefoods.com/
Jamaican,Saguache 4th Street Diner & Bakery,"411 4th St, Saguache, CO 81149, USA",https://m.facebook.com/4thStreetDinerBakery
Jamaican,J's Jamaican Flava,"3016 S Academy Blvd, Colorado Springs, CO 80916, USA",http://www.js-jamaican-flava.com/
Jamaican,PETES Jamaican restaurant,"1107 S Nevada Ave, Colorado Springs, CO 80903, USA",https://food.orders.co/petesjamaicanrestaurant
Jamaican,"The Village Pub, Pizza & Spirits","401 4th St, Saguache, CO 81149, USA",
Jamaican,Grammy’s Kitchen,"17396 CO-17, Moffat, CO 81143, USA",https://www.facebook.com/Grammys-Kitchen-215135649031440/?fref=ts
Jamaican,Just Kool,"E. Ohio Drive and, E Alameda Pkwy, Aurora, CO 80017, USA",http://www.justkooljerk.com/
Jamaican,Jamaican Jerk and BBQ Restaurant,"4611 Peoria St, Denver, CO 80239, USA",https://jamaicanjerkandbbq.com/
Jamaican,One Love Rum Kitchen,"928 Grand Ave, Grand Lake, CO 80447, USA",http://oneloverumkitchen.com/
Jamaican,Dainty's Kitchen,"302 E Platte Ave, Colorado Springs, CO 80903, USA",https://daintyjamaicankitchen.blizzfull.com/
Jamaican,One Love Island Grill Take Out,"1107 S Nevada Ave, Colorado Springs, CO 80903, USA",https://www.oneloveislandgrill.com/
Jamaican,Tortilleria La Unica,"267 S Worth St, Center, CO 81125, USA",https://www.toasttab.com/tortillerialaunica
Jamaican,Rasta Pasta,"405 N Tejon St, Colorado Springs, CO 80903, USA",https://realrastapasta.com/
Jamaican,Saguache Works,"404 4th St, Saguache, CO 81149, USA",
Jamaican,African Grill and Bar - Lakewood Colorado,"955 S Kipling Pkwy, Lakewood, CO 80226, USA",http://www.africangrilllakewood.com/
Jamaican,Tripletas Yeyo Will,"1402 Harrison Rd, Colorado Springs, CO 80905, USA",https://facebook.com/profile.php?id=100075943986927
Jamaican,"Island Style BBQ, LLC","Charter Oak Ranch Rd, Fountain, CO 80817, USA",https://islandstylebbq.univer.se/
Jamaican,Piglatin Cocina,"2825 Dublin Blvd, Colorado Springs, CO 80918, USA",http://piglatincocina.com/
Jamaican,Los Compas Mexican Restaurant,"1332 Royal Gorge Blvd, Cañon City, CO 81212, USA",http://orderloscompasmexicanrestaurant.com/
Jordanian,Saguache 4th Street Diner & Bakery,"411 4th St, Saguache, CO 81149, USA",https://m.facebook.com/4thStreetDinerBakery
Kuwaiti,Saguache 4th Street Diner & Bakery,"411 4th St, Saguache, CO 81149, USA",https://m.facebook.com/4thStreetDinerBakery
Kuwaiti,"The Village Pub, Pizza & Spirits","401 4th St, Saguache, CO 81149, USA",
Kuwaiti,Grammy’s Kitchen,"17396 CO-17, Moffat, CO 81143, USA",https://www.facebook.com/Grammys-Kitchen-215135649031440/?fref=ts
Kuwaiti,Saguache Works,"404 4th St, Saguache, CO 81149, USA",
Laotian,"The Village Pub, Pizza & Spirits","401 4th St, Saguache, CO 81149, USA",
Lithuanian,Saguache 4th Street Diner & Bakery,"411 4th St, Saguache, CO 81149, USA",https://m.facebook.com/4thStreetDinerBakery
Lithuanian,"The Village Pub, Pizza & Spirits","401 4th St, Saguache, CO 81149, USA",
Malaysian,Little Cambodia,"1548 G St, Salida, CO 81201, USA",https://www.facebook.com/littlecambodiasalida
Mongolian,Mongolian Grill,"1135 S Camino Del Rio, Durango, CO 81303, USA",https://mongoliangrill.uorder.io/
Mongolian,HuHot Mongolian Grill,"5843 Constitution Ave, Colorado Springs, CO 80915, USA",https://www.huhot.com/location/colorado-springs-constitution-co/
Mongolian,Mongolian Grill,"164 W 29th St, Pueblo, CO 81008, USA",
Nepalese,Sherpa Cafe,"1110 US-50, Salida, CO 81201, USA",https://www.sherpacafesalida.com/
Nepalese,Sherpa Cafe,"323 E Tomichi Ave, Gunnison, CO 81230, USA",https://www.sherpascafe.com/gunnison
Nicaraguan,Saguache 4th Street Diner & Bakery,"411 4th St, Saguache, CO 81149, USA",https://m.facebook.com/4thStreetDinerBakery
Norwegian,Saguache 4th Street Diner & Bakery,"411 4th St, Saguache, CO 81149, USA",https://m.facebook.com/4thStreetDinerBakery
Norwegian,"The Village Pub, Pizza & Spirits","401 4th St, Saguache, CO 81149, USA",
Pakistani,Saguache 4th Street Diner & Bakery,"411 4th St, Saguache, CO 81149, USA",https://m.facebook.com/4thStreetDinerBakery
Panamanian,Saguache 4th Street Diner & Bakery,"411 4th St, Saguache, CO 81149, USA",https://m.facebook.com/4thStreetDinerBakery
Paraguayan,Saguache 4th Street Diner & Bakery,"411 4th St, Saguache, CO 81149, USA",https://m.facebook.com/4thStreetDinerBakery
Paraguayan,"The Village Pub, Pizza & Spirits","401 4th St, Saguache, CO 81149, USA",
Peruvian,Yunza Peruvian cuisine,"7595 US-50, Salida, CO 81201, USA",https://www.toasttab.com/yunza-peruvian-cuisine-7595-west-highway-50/v3/
Philippine,Julie's Kitchen,"3750 Astrozon Blvd, Colorado Springs, CO 80910, USA",https://m.facebook.com/Julies-Kitchen-Colorado-Springs-1316043748422112/
Polish,Saguache 4th Street Diner & Bakery,"411 4th St, Saguache, CO 81149, USA",https://m.facebook.com/4thStreetDinerBakery
Polish,"The Village Pub, Pizza & Spirits","401 4th St, Saguache, CO 81149, USA",
Polish,Cracovia Polish-American Restaurant & Bar,"8121 W 94th Ave, Westminster, CO 80021, USA",http://www.cracoviarestaurant.com/
Polish,Grammy’s Kitchen,"17396 CO-17, Moffat, CO 81143, USA",https://www.facebook.com/Grammys-Kitchen-215135649031440/?fref=ts
Polish,Pierogies Factory,"3795 Wadsworth Blvd, Wheat Ridge, CO 80033, USA",http://pierogiesfactory.com/
Polish,European Cafe and Restaurant,"1015 Colorado Ave, Colorado Springs, CO 80904, USA",http://www.europeancafeocc.com/
Polish,Mama's Pierogi,"714 Grand Ave, Glenwood Springs, CO 81601, USA",https://www.facebook.com/profile.php?id=100047494788156
Polish,The Polished Bean,"1935 Grand Ave, Monte Vista, CO 81144, USA",http://thepolishedbeanmv.com/
Polish,Woody's Q Shack,"703 Main St, Alamosa, CO 81101, USA",http://www.woodysqshack.com/
Puerto Rican,Saguache 4th Street Diner & Bakery,"411 4th St, Saguache, CO 81149, USA",https://m.facebook.com/4thStreetDinerBakery
Puerto Rican,Don Guillo Puerto Rican Native Cuisine,"2551 Delta Dr, Colorado Springs, CO 80910, USA",https://m.facebook.com/pages/category/Advertising-Marketing/Don-Guillo-878047759218636/
Puerto Rican,"The Village Pub, Pizza & Spirits","401 4th St, Saguache, CO 81149, USA",
Puerto Rican,Pedacito Boricua Café,"296 S Academy Blvd unit d, Colorado Springs, CO 80910, USA",https://order.online/business/pedacito-boricua-llc-12638001
Puerto Rican,Isla Verde,"19757 Pikes Peak Avenue, Parker, CO 80138, USA",https://www.islaverderestaurant.com/
Puerto Rican,Los Chavalos Mexican Restaurant,"30333 US-160, South Fork, CO 81154, USA",https://loschavalosrestaurants.com/
Puerto Rican,Grammy’s Kitchen,"17396 CO-17, Moffat, CO 81143, USA",https://www.facebook.com/Grammys-Kitchen-215135649031440/?fref=ts
Puerto Rican,Rae's & Kay's Authentic Puerto Rican and Soul Food,"4920 D, Pearl St, Boulder, CO 80301, USA",
Puerto Rican,Fiesta Mexicana Family Restaurant,"1220 E Rainbow Blvd #2916, Salida, CO 81201, USA",https://www.instagram.com/fiesta.mexicana.restaurant/
Puerto Rican,Ramon's Mexican Restaurant,"31519 US-160, South Fork, CO 81154, USA",http://www.ramonssouthfork.com/
Puerto Rican,Las Camelinas,"128 W 1st St, Salida, CO 81201, USA",https://www.facebook.com/salidacamelinas/
Puerto Rican,The Fritz,"113 E Sackett Ave, Salida, CO 81201, USA",https://thefritzsalida.com/
Puerto Rican,1880 Tapas & Spirits,"206 N Main St, Gunnison, CO 81230, USA",http://www.1880tapas.com/
Puerto Rican,Dos Rios,"1635 US Hwy 285, Monte Vista, CO 81144, USA",
Puerto Rican,"Mountain View Restaurant , Monte Vista Colorado","2099 Sherman Ave, Monte Vista, CO 81144, USA",http://mountainviewdining.net/
Puerto Rican,El Paraiso Family Mexican Restaurant,"112 S Main St, Gunnison, CO 81230, USA",https://www.elparaisofamilymexican.com/
Puerto Rican,Bootleggers Bistro,"309 W Main St, Westcliffe, CO 81252, USA",http://www.bootleggersbistro.net/
Puerto Rican,Piglatin Cocina,"2825 Dublin Blvd, Colorado Springs, CO 80918, USA",http://piglatincocina.com/
Puerto Rican,Saguache,"Saguache, CO 81149, USA",
Puerto Rican,Old Mission Mexican Restaurant,"1905 Fremont Dr, Cañon City, CO 81212, USA",https://m.facebook.com/OldMissionCanonCity
Romanian,"The Village Pub, Pizza & Spirits","401 4th St, Saguache, CO 81149, USA",
Saudi Arabian,Saguache 4th Street Diner & Bakery,"411 4th St, Saguache, CO 81149, USA",https://m.facebook.com/4thStreetDinerBakery
Singaporean,"The Village Pub, Pizza & Spirits","401 4th St, Saguache, CO 81149, USA",
Singaporean,Saguache 4th Street Diner & Bakery,"411 4th St, Saguache, CO 81149, USA",https://m.facebook.com/4thStreetDinerBakery
Singaporean,Little Cambodia,"1548 G St, Salida, CO 81201, USA",https://www.facebook.com/littlecambodiasalida
Singaporean,Grammy’s Kitchen,"17396 CO-17, Moffat, CO 81143, USA",https://www.facebook.com/Grammys-Kitchen-215135649031440/?fref=ts
Singaporean,Sherpa Cafe,"1110 US-50, Salida, CO 81201, USA",https://www.sherpacafesalida.com/
Singaporean,Szechuan Panda,"6928 Mesa Ridge Pkwy, Fountain, CO 80817, USA",http://www.szechuanpandaco.com/
Singaporean,Saguache Works,"404 4th St, Saguache, CO 81149, USA",
Slovak,Saguache 4th Street Diner & Bakery,"411 4th St, Saguache, CO 81149, USA",https://m.facebook.com/4thStreetDinerBakery
Slovak,"The Village Pub, Pizza & Spirits","401 4th St, Saguache, CO 81149, USA",
Slovenian,Saguache 4th Street Diner & Bakery,"411 4th St, Saguache, CO 81149, USA",https://m.facebook.com/4thStreetDinerBakery
Slovenian,"The Village Pub, Pizza & Spirits","401 4th St, Saguache, CO 81149, USA",
Somali,Saguache 4th Street Diner & Bakery,"411 4th St, Saguache, CO 81149, USA",https://m.facebook.com/4thStreetDinerBakery
Somali,"The Village Pub, Pizza & Spirits","401 4th St, Saguache, CO 81149, USA",
Somali,Sherpa Cafe,"1110 US-50, Salida, CO 81201, USA",https://www.sherpacafesalida.com/
Somali,Grammy’s Kitchen,"17396 CO-17, Moffat, CO 81143, USA",https://www.facebook.com/Grammys-Kitchen-215135649031440/?fref=ts
Somali,Maandeeq East Africa Restaurant,"1535 S Havana St, Aurora, CO 80012, USA",https://maandeeqcafe.square.site/
South African,"The Village Pub, Pizza & Spirits","401 4th St, Saguache, CO 81149, USA",
Sri Lankan,Saguache 4th Street Diner & Bakery,"411 4th St, Saguache, CO 81149, USA",https://m.facebook.com/4thStreetDinerBakery
Sri Lankan,"The Village Pub, Pizza & Spirits","401 4th St, Saguache, CO 81149, USA",
Sri Lankan,Sherpa Cafe,"1110 US-50, Salida, CO 81201, USA",https://www.sherpacafesalida.com/
Sri Lankan,Grammy’s Kitchen,"17396 CO-17, Moffat, CO 81143, USA",https://www.facebook.com/Grammys-Kitchen-215135649031440/?fref=ts
Swiss,Saguache 4th Street Diner & Bakery,"411 4th St, Saguache, CO 81149, USA",https://m.facebook.com/4thStreetDinerBakery
Swiss,"The Village Pub, Pizza & Spirits","401 4th St, Saguache, CO 81149, USA",
Swiss,Breads and Botanicals,"319 San Juan Ave, Saguache, CO 81149, USA",
Syrian,Saguache 4th Street Diner & Bakery,"411 4th St, Saguache, CO 81149, USA",https://m.facebook.com/4thStreetDinerBakery
Syrian,"The Village Pub, Pizza & Spirits","401 4th St, Saguache, CO 81149, USA",
Syrian,Sherpa Cafe,"1110 US-50, Salida, CO 81201, USA",https://www.sherpacafesalida.com/
Syrian,Grammy’s Kitchen,"17396 CO-17, Moffat, CO 81143, USA",https://www.facebook.com/Grammys-Kitchen-215135649031440/?fref=ts
Syrian,Kebab and Gyro House,"3430 Austin Bluffs Pkwy, Colorado Springs, CO 80918, USA",https://kebabandgyrohouse.com/
Syrian,Ash'Kara,"2005 W 33rd Ave, Denver, CO 80211, USA",https://www.ashkaradenver.com/
Syrian,Saguache Works,"404 4th St, Saguache, CO 81149, USA",
Syrian,Taste of Jerusalem Cafe,"15 E Bijou St, Colorado Springs, CO 80903, USA",https://tasteofjerusalemcafe.com/
Taiwanese,Tasty Pot,"6330 S Parker Rd, Aurora, CO 80016, USA",https://www.ordertastypot.com/
Tanzanian,"The Village Pub, Pizza & Spirits","401 4th St, Saguache, CO 81149, USA",
Thai,Thai Mini Café LLC,"box 22, 11150 US-50, Poncha Springs, CO 81242, USA",
Thai,Sushi Thai Salida,"123 W 1st St, Salida, CO 81201, USA",https://www.facebook.com/sushithaisalida
Thai,Thai Hut,"718 Main St, Alamosa, CO 81101, USA",
Thai,Patcharee's Kitchen,"804 N Main St, Gunnison, CO 81230, USA",https://www.patcharees.com/
Thai,Thai House,"525 Main St, Alamosa, CO 81101, USA",https://alamosathaihouse.wixsite.com/thaihouse
Thai,"The Village Pub, Pizza & Spirits","401 4th St, Saguache, CO 81149, USA",
Thai,Little Cambodia,"1548 G St, Salida, CO 81201, USA",https://www.facebook.com/littlecambodiasalida
Thai,Yummy Thai,"1326 Main St, Cañon City, CO 81212, USA",https://yummythai.restaurant/
Tunisian,Saguache 4th Street Diner & Bakery,"411 4th St, Saguache, CO 81149, USA",https://m.facebook.com/4thStreetDinerBakery
Ukrainian,Saguache 4th Street Diner & Bakery,"411 4th St, Saguache, CO 81149, USA",https://m.facebook.com/4thStreetDinerBakery
Ukrainian,"The Village Pub, Pizza & Spirits","401 4th St, Saguache, CO 81149, USA",
Ukrainian,Grammy’s Kitchen,"17396 CO-17, Moffat, CO 81143, USA",https://www.facebook.com/Grammys-Kitchen-215135649031440/?fref=ts
Uruguayan,Saguache 4th Street Diner & Bakery,"411 4th St, Saguache, CO 81149, USA",https://m.facebook.com/4thStreetDinerBakery
Venezuelan,Venezuelan Food,"Elevation Beer Company, Pahlone Pkwy, Salida, CO 81201, USA",
Vietnamese,Little Cambodia,"1548 G St, Salida, CO 81201, USA",https://www.facebook.com/littlecambodiasalida
Vietnamese,Buena Pho,"601 US Hwy 24 N, Buena Vista, CO 81211, USA",
Vietnamese,Saguache 4th Street Diner & Bakery,"411 4th St, Saguache, CO 81149, USA",https://m.facebook.com/4thStreetDinerBakery
Vietnamese,"The Village Pub, Pizza & Spirits","401 4th St, Saguache, CO 81149, USA",
Vietnamese,Thai Mini Café LLC,"box 22, 11150 US-50, Poncha Springs, CO 81242, USA",
Yemeni,Saguache 4th Street Diner & Bakery,"411 4th St, Saguache, CO 81149, USA",https://m.facebook.com/4thStreetDinerBakery
Zambian,"The Village Pub, Pizza & Spirits","401 4th St, Saguache, CO 81149, USA",
Zambian,Saguache 4th Street Diner & Bakery,"411 4th St, Saguache, CO 81149, USA",https://m.facebook.com/4thStreetDinerBakery
Zambian,Grammy’s Kitchen,"17396 CO-17, Moffat, CO 81143, USA",https://www.facebook.com/Grammys-Kitchen-215135649031440/?fref=ts
Zimbabwean,"The Village Pub, Pizza & Spirits","401 4th St, Saguache, CO 81149, USA",
Zimbabwean,Saguache 4th Street Diner & Bakery,"411 4th St, Saguache, CO 81149, USA",https://m.facebook.com/4thStreetDinerBakery
Zimbabwean,Grammy’s Kitchen,"17396 CO-17, Moffat, CO 81143, USA",https://www.facebook.com/Grammys-Kitchen-215135649031440/?fref=ts
Zimbabwean,Saguache Works,"404 4th St, Saguache, CO 81149, USA",
