Cuisine Type,Name,Address,Website
Mexican,La Catrina Mexican Grill,"449 San Benito St, Hollister, CA 95023, USA",http://catrinagrill.com/
Mexican,El Michoacano Restaurant,"1296 San Juan Hollister Rd, Hollister, CA 95023, USA",https://elmichoacanorestaurantca.com/
Mexican,Las Micheladas Bar & Grill,"427 San Benito St, Hollister, CA 95023, USA",
Mexican,Los Grullenses Restaurant,"1270 San Juan Hollister Rd C, Hollister, CA 95023, USA",https://losgrullensesrestaurantca.com/
Mexican,El Rinconcito Authentic Mexican Food,"191 San Felipe Rd ste g, Hollister, CA 95023, USA",http://el-rinconcito-hollister.lany.io/
Mexican,El Epazote Restaurant,"35 5th St suite A, Hollister, CA 95023, USA",https://www.facebook.com/ElEpazoteRestaurant/
Mexican,El Grullense Jal,"900 4th St, Hollister, CA 95023, USA",
Mexican,Mariscos La Ceiba Hollister,"710 San Benito St Suite B, Hollister, CA 95023, USA",
Mexican,Yeye's Bar and Grill,"204 4th St, Hollister, CA 95023, USA",
Mexican,Super Taqueria,"460 Tres Pinos Rd, Hollister, CA 95023, USA",
Mexican,3 Queens Carnitas,"49 Hawkins St, Hollister, CA 95023, USA",
Mexican,El Grullense Jal,"1709 Airline Hwy E, Hollister, CA 95023, USA",
Mexican,Tj's Tacos & Birria,"710 San Benito St Suite B, Hollister, CA 95023, USA",
Mexican,Taco Bell,"431 Tres Pinos Rd, Hollister, CA 95023, USA",https://locations.tacobell.com/ca/hollister/431-tres-pinos-rd.html?utm_source=yext&utm_campaign=googlelistings&utm_medium=referral&utm_term=024362&utm_content=website&y_source=1_NjE0MzU2MS03MTUtbG9jYXRpb24ud2Vic2l0ZQ%3D%3D
Mexican,Metro Balderas Taqueria #3,"601 McCray St Suite #103, Hollister, CA 95023, USA",http://metrobalderastaquerias.com/
Mexican,La Villa de Jerez Restaurant,"905 East St, Hollister, CA 95023, USA",
Mexican,Jardines de San Juan Restaurant & Event Venue,"115 Third St, San Juan Bautista, CA 95045, USA",http://www.jardinesrestaurant.com/
Mexican,Buenos Dias Cafecito,"512 San Benito St, Hollister, CA 95023, USA",https://buenosdiascafecito.godaddysites.com/
Mexican,Taco Bell,"40 San Felipe Rd, Hollister, CA 95023, USA",https://locations.tacobell.com/ca/hollister/40-san-felipe-road.html?utm_source=yext&utm_campaign=googlelistings&utm_medium=referral&utm_term=020961&utm_content=website&y_source=1_NjE0Mzc4Ny03MTUtbG9jYXRpb24ud2Vic2l0ZQ%3D%3D
Mexican,Baja fish Tacos,"321 San Felipe Rd, Hollister, CA 95023, USA",
Swedish,Seabrisa's Eatery,"155 Skylane Dr, Hollister, CA 95023, USA",
Latvian,La Villa de Jerez Restaurant,"905 East St, Hollister, CA 95023, USA",
Italian,CAPO SIGNORA ITALIAN CUISINE,"1709 Airline Hwy A, Hollister, CA 95023, USA",https://www.caposignoraitalian.com/
Italian,Paine's Restaurant,"421 East St, Hollister, CA 95023, USA",https://www.paineshollister.com/
Italian,Round Table Pizza,"496 Tres Pinos Rd, Hollister, CA 95023, USA",https://ordering.roundtablepizza.com/site/rthollister
Italian,Victoria's Deli and Catering,"1745 San Felipe Rd # 5, Hollister, CA 95023, USA",
Spanish,Mariscos La Ceiba Hollister,"710 San Benito St Suite B, Hollister, CA 95023, USA",
Spanish,El Michoacano Restaurant,"1296 San Juan Hollister Rd, Hollister, CA 95023, USA",https://elmichoacanorestaurantca.com/
Spanish,Las Micheladas Bar & Grill,"427 San Benito St, Hollister, CA 95023, USA",
Spanish,El Rinconcito Authentic Mexican Food,"191 San Felipe Rd ste g, Hollister, CA 95023, USA",http://el-rinconcito-hollister.lany.io/
Spanish,El Epazote Restaurant,"35 5th St suite A, Hollister, CA 95023, USA",https://www.facebook.com/ElEpazoteRestaurant/
Spanish,La Catrina Mexican Grill,"449 San Benito St, Hollister, CA 95023, USA",http://catrinagrill.com/
Spanish,La Villa de Jerez Restaurant,"905 East St, Hollister, CA 95023, USA",
Spanish,El Grullense Jal,"900 4th St, Hollister, CA 95023, USA",
Spanish,Los Grullenses Restaurant,"1270 San Juan Hollister Rd C, Hollister, CA 95023, USA",https://losgrullensesrestaurantca.com/
Spanish,3 Queens Carnitas,"49 Hawkins St, Hollister, CA 95023, USA",
Spanish,Buenos Dias Cafecito,"512 San Benito St, Hollister, CA 95023, USA",https://buenosdiascafecito.godaddysites.com/
Spanish,Super Taqueria,"460 Tres Pinos Rd, Hollister, CA 95023, USA",
Spanish,Jardines de San Juan Restaurant & Event Venue,"115 Third St, San Juan Bautista, CA 95045, USA",http://www.jardinesrestaurant.com/
Spanish,Taqueria El Milagro,"507 4th St, San Juan Bautista, CA 95045, USA",
Spanish,Metro Balderas Taqueria #3,"601 McCray St Suite #103, Hollister, CA 95023, USA",http://metrobalderastaquerias.com/
Spanish,El Grullense Jal,"1709 Airline Hwy E, Hollister, CA 95023, USA",
Spanish,Seabrisa's Eatery,"155 Skylane Dr, Hollister, CA 95023, USA",
Spanish,Tj's Tacos & Birria,"710 San Benito St Suite B, Hollister, CA 95023, USA",
Spanish,Casa de Fruta Restaurant,"10021 Pacheco Pass Hwy, Hollister, CA 95023, USA",https://www.casadefruta.com/visit/restaurant.php
Spanish,Doña Esther's Mexican Restaurant,"25 Franklin St, San Juan Bautista, CA 95045, USA",https://www.donaesthers.com/
American,The Baler Steakhouse,"500 San Benito St, Hollister, CA 95023, USA",http://thebalersteakhouse.com/
American,Running Rooster,"800 San Benito St, Hollister, CA 95023, USA",http://www.runningrooster.com/
American,Paine's Restaurant,"421 East St, Hollister, CA 95023, USA",https://www.paineshollister.com/
American,Johnny's Bar & Grill,"526 San Benito St, Hollister, CA 95023, USA",http://www.johnnysbarandgrill.com/
American,Grillin & Chillin Alehouse,"401 McCray St b24, Hollister, CA 95023, USA",http://www.831beer.com/
American,Seabrisa's Eatery,"155 Skylane Dr, Hollister, CA 95023, USA",
American,Burger Factory,"125 San Benito St, Hollister, CA 95023, USA",
American,A&W Restaurant,"203 South St, Hollister, CA 95023, USA",https://awrestaurants.com/locations/california/hollister/203-south-street/
American,Smashburger,"1210 E Park St #101, Hollister, CA 95023, USA",https://smashburger.com/locations/us/ca/hollister/1210-e-park-st?utm_source=SEO_Local&utm_medium=GMB&utm_campaign=SEO_CA&utm_content=SEO_Hollister&utm_term=1719
American,Jack in the Box,"391 McCray St, Hollister, CA 95023, USA",https://locations.jackinthebox.com/us/ca/hollister/391-mccray-st?utm_source=google&utm_medium=local&utm_campaign=google-local
American,Country Rose Café,"756 San Benito St, Hollister, CA 95023, USA",http://countryrose.cafe/
American,Harvest Time ROADHOUSE,"3650 San Juan Hollister Rd, Hollister, CA 95023, USA",https://harvesttimeroadhou.wixsite.com/htroadhouse
American,Las Micheladas Bar & Grill,"427 San Benito St, Hollister, CA 95023, USA",
American,Cheung Sheng Chinese Restaurant,"730 San Benito St ste a, Hollister, CA 95023, USA",https://order.online/business/cheung-sheng-chinese-restaurant-12686311
American,Fosters Freeze,"441 Tres Pinos Rd, Hollister, CA 95023, USA",http://www.fostersfreeze.com/
American,San Juan Oaks Restaurant,"3825 Union Rd, Hollister, CA 95023, USA",
American,Taco Bell,"431 Tres Pinos Rd, Hollister, CA 95023, USA",https://locations.tacobell.com/ca/hollister/431-tres-pinos-rd.html?utm_source=yext&utm_campaign=googlelistings&utm_medium=referral&utm_term=024362&utm_content=website&y_source=1_NjE0MzU2MS03MTUtbG9jYXRpb24ud2Vic2l0ZQ%3D%3D
American,Los Grullenses Restaurant,"1270 San Juan Hollister Rd C, Hollister, CA 95023, USA",https://losgrullensesrestaurantca.com/
American,McDonald's,"151 San Felipe Rd, Hollister, CA 95023, USA",https://www.mcdonalds.com/us/en-us/location/CA/HOLLISTER/151-SAN-FELIPE-RD/5660.html?cid=RF:YXT:GMB::Clicks
American,La Catrina Mexican Grill,"449 San Benito St, Hollister, CA 95023, USA",http://catrinagrill.com/
Scottish,Seabrisa's Eatery,"155 Skylane Dr, Hollister, CA 95023, USA",
British,The Baler Steakhouse,"500 San Benito St, Hollister, CA 95023, USA",http://thebalersteakhouse.com/
British,Johnny's Bar & Grill,"526 San Benito St, Hollister, CA 95023, USA",http://www.johnnysbarandgrill.com/
British,Country Rose Café,"756 San Benito St, Hollister, CA 95023, USA",http://countryrose.cafe/
British,Paine's Restaurant,"421 East St, Hollister, CA 95023, USA",https://www.paineshollister.com/
British,The Crown & Anchor,"150 W Franklin St, Monterey, CA 93940, USA",http://www.crownandanchor.net/
British,Running Rooster,"800 San Benito St, Hollister, CA 95023, USA",http://www.runningrooster.com/
Thai,Khao San Thai Kitchen,"1255 N Davis Rd, Salinas, CA 93907, USA",http://www.khaosanthaisalinas.com/
Thai,Yangtse Taste of Thai,"1136 S Main St, Salinas, CA 93901, USA",
Thai,Sukho Thai Restaurant,"1433 Main St, Watsonville, CA 95076, USA",http://www.sukhothaiwatsonville.com/
Thai,I’m Thai Cuisine,"3170 Vista Del Camino Rd, Marina, CA 93933, USA",https://imthaimarina.com/
Thai,Ginger Thai Kitchen,"1104 S Main St, Salinas, CA 93901, USA",http://www.gingerthaikitchen.com/
Thai,To Pho,"650 San Benito St #110, Hollister, CA 95023, USA",
Thai,Thai Village,"7 Del Fino Pl, Carmel Valley, CA 93924, USA",
Thai,Lemongrass Seafood Bar & Grill Thai Cuisine,"413 Moss Landing Rd, Moss Landing, CA 95039, USA",https://www.lemongrassthaimosslanding.com/
Thai,Super Noodles,"195 Meridian St, Hollister, CA 95023, USA",
Thai,Sawasdee Thai Cuisine,"5050 Soquel Dr, Soquel, CA 95073, USA",https://sawasdeesoquel.com/
Thai,Thai Basil,"210 Monterey Ave suite 3, Capitola, CA 95010, USA",http://thaibasilcapitola.square.site/
Thai,Saigon -2- Siam Bistro,"1280 1st St, Gilroy, CA 95020, USA",https://www.facebook.com/saigon2siambistro
Thai,Mai Thai Cuisine,"1219 Forest Ave, Pacific Grove, CA 93950, USA",http://maithaicuisinepg.com/
Thai,Siam Thai Restaurant,"17120 Monterey Rd, Morgan Hill, CA 95037, USA",http://www.siamthaimorganhill.com/
Thai,Baan Thai Restaurant,"1760 Fremont Blvd F1, Seaside, CA 93955, USA",http://baanthaiseaside.com/
Thai,My Thai Beach,"207 Esplanade, Capitola, CA 95010, USA",
Thai,Bangkok West,"2505 Cabrillo College Dr, Aptos, CA 95003, USA",http://www.bangkokwest.com/
Thai,Pineapple Village,"769 1st St, Gilroy, CA 95020, USA",
Thai,Pacific Thai Cuisine,"663 Lighthouse Ave, Pacific Grove, CA 93950, USA",http://www.pacificthaicuisineca.com/
Thai,Vegan Thai Way,"1219 Forest Ave, Pacific Grove, CA 93950, USA",
Japanese,Supreme Sushi Restaurant,"737 San Benito St, Hollister, CA 95023, USA",http://www.supremesushi831.com/
Japanese,Miyako Japanese Restaurant,"321 San Felipe Rd, Hollister, CA 95023, USA",http://miyakohollister.com/
Japanese,Inaka Japanese Restaurant,"313 Third St, San Juan Bautista, CA 95045, USA",
Chinese,Cheung Sheng Chinese Restaurant,"730 San Benito St ste a, Hollister, CA 95023, USA",https://order.online/business/cheung-sheng-chinese-restaurant-12686311
Chinese,Wong's Garden Chinese Restaurant,"1709 CA-25, Hollister, CA 95023, USA",
Chinese,Happy Café,"191 San Felipe Rd # R, Hollister, CA 95023, USA",
Chinese,The Wok,"351 San Felipe Rd #351A, Hollister, CA 95023, USA",http://www.thewokca.com/
Chinese,Super Noodles,"195 Meridian St, Hollister, CA 95023, USA",
Chinese,Panda Express,"1740 Airline Hwy, Hollister, CA 95023, USA",https://www.pandaexpress.com/locations/ca/hollister/2157
Indian,Tadka Indian Cuisine,"340 E 10th St STE# G, Gilroy, CA 95020, USA",http://tadkagilroy.com/
Indian,Little India Indian Cuisine,"1340 1st St A, Gilroy, CA 95020, USA",http://littleindiagilroy.com/
Indian,Avatar Indian Grill,"1568 Constitution Blvd, Salinas, CA 93905, USA",http://www.avatarindiangrill.com/
Indian,Taste of India,"13289 CA-33, Santa Nella, CA 95322, USA",https://www.tasteofindiasantanella.com/
Indian,Aabha Indian Cuisine,"3690 The Barnyard, Carmel-By-The-Sea, CA 93923, USA",https://www.aabhacarmel.com/
Indian,Indian food,"29060 Plaza Dr, Gustine, CA 95322, USA",
Indian,Namaste India Bistro,"538 Lighthouse Ave, Monterey, CA 93940, USA",https://namasteibmonterey.com/
Indian,Tandoori Flames,"110 Cochrane Plaza, Morgan Hill, CA 95037, USA",http://www.tandooriflames.com/
Indian,Ambrosia India Bistro- APTOS,"207 Sea Ridge Rd, Seacliff, CA 95003, USA",http://ambrosiaib.com/aptos/
Indian,Avatar Indo-Nepal,"398 Fremont St, Monterey, CA 93940, USA",http://avatarindonepal.square.site/
Indian,Taste of India,"1180 Forest Ave ste a, Pacific Grove, CA 93950, USA",https://www.tasteofindiapg.com/
Indian,Paine's Restaurant,"421 East St, Hollister, CA 95023, USA",https://www.paineshollister.com/
Indian,Masala Art Indian Cuisine,"100 S Chowchilla Blvd, Chowchilla, CA 93610, USA",http://masalaart.co/
Indian,Ambrosia India Bistro - Monterey,"565 Abrego St, Monterey, CA 93940, USA",http://ambrosiaib.com/monterey/
Indian,Tj's Tacos & Birria,"710 San Benito St Suite B, Hollister, CA 95023, USA",
Indian,Annapoorna Authentic Indian Cuisine,"770 E Tasman Dr, Milpitas, CA 95035, USA",http://www.myannapoorna.com/
Indian,Tandoori Flame,"2345 Sperry Ave, Patterson, CA 95363, USA",http://www.mytandooriflame.com/
Indian,Aabha Indian cuisine,"220 Olivier St, Monterey, CA 93940, USA",http://www.aabhacarmel.com/
Indian,Royal Chaat,"207 E Las Palmas Ave, Patterson, CA 95363, USA",
Canadian,Johnny's Bar & Grill,"526 San Benito St, Hollister, CA 95023, USA",http://www.johnnysbarandgrill.com/
Canadian,Las Micheladas Bar & Grill,"427 San Benito St, Hollister, CA 95023, USA",
Canadian,Running Rooster,"800 San Benito St, Hollister, CA 95023, USA",http://www.runningrooster.com/
Canadian,Paine's Restaurant,"421 East St, Hollister, CA 95023, USA",https://www.paineshollister.com/
Canadian,3 Queens Carnitas,"49 Hawkins St, Hollister, CA 95023, USA",
Canadian,La Catrina Mexican Grill,"449 San Benito St, Hollister, CA 95023, USA",http://catrinagrill.com/
Canadian,The Smoke Point Outpost,"1709-m Airline Hwy, Hollister, CA 95023, USA",https://www.thesmokepoint.com/
Canadian,Poki Bowl,"1210 E Park St suite 104, Hollister, CA 95023, USA",https://pokibowl.com/hollister/
Canadian,The Barn,"6971 Airline Hwy, Tres Pinos, CA 95075, USA",http://www.facebook.com/thebarn.tpec
Canadian,A&W Restaurant,"203 South St, Hollister, CA 95023, USA",https://awrestaurants.com/locations/california/hollister/203-south-street/
Canadian,FlapJacks Breakfast & Grill,"6881 Airline Hwy, Tres Pinos, CA 95075, USA",http://flapjackstrespinos.com/
Canadian,The Smoke Point BBQ & Provisions,"206 4th St, San Juan Bautista, CA 95045, USA",http://thesmokepoint.com/
Canadian,La Villa de Jerez Restaurant,"905 East St, Hollister, CA 95023, USA",
Canadian,Black Bear Diner,"1391 N Davis Rd, Salinas, CA 93907, USA",https://blackbeardiner.com/location/salinas/
Russian,Cheung Sheng Chinese Restaurant,"730 San Benito St ste a, Hollister, CA 95023, USA",https://order.online/business/cheung-sheng-chinese-restaurant-12686311
Jewish,Sabra Grill Restaurant,"419 Grant Ave, San Francisco, CA 94108, USA",http://adka.org/sabragrill/
Polish,Paine's Restaurant,"421 East St, Hollister, CA 95023, USA",https://www.paineshollister.com/
German,German Restaurant Stammtisch,"1204 Echo Ave, Seaside, CA 93955, USA",http://www.stammtisch-seaside.com/
German,Grillin & Chillin Alehouse,"401 McCray St b24, Hollister, CA 95023, USA",http://www.831beer.com/
German,Teske's Germania,"255 N First St, San Jose, CA 95113, USA",http://www.teskes-germania.com/
German,Jardines de San Juan Restaurant & Event Venue,"115 Third St, San Juan Bautista, CA 95045, USA",http://www.jardinesrestaurant.com/
German,Casa de Fruta Restaurant,"10021 Pacheco Pass Hwy, Hollister, CA 95023, USA",https://www.casadefruta.com/visit/restaurant.php
German,Bear's Hideaway,"402 Third St, San Juan Bautista, CA 95045, USA",http://bears-hideaway.com/
French,The Baler Steakhouse,"500 San Benito St, Hollister, CA 95023, USA",http://thebalersteakhouse.com/
French,Paine's Restaurant,"421 East St, Hollister, CA 95023, USA",https://www.paineshollister.com/
French,Café Sparrow,"8042 Soquel Dr, Aptos, CA 95003, USA",http://www.cafesparrow.com/
French,Patisserie Boissiere Restaurant,"between Ocean & 7th, Mission St, Carmel-By-The-Sea, CA 93921, USA",http://patisserieboissiere.com/
French,Bistro Moulin,"867 Wave St, Monterey, CA 93940, USA",http://www.bistromoulin.com/
French,L'Escargot,"Mission St & 4th Ave, 6 Mission St, Carmel-By-The-Sea, CA 93921, USA",http://www.escargot-carmel.com/
French,La Bicyclette Restaurant,"Dolores St &, 7th Ave, Carmel-By-The-Sea, CA 93921, USA",http://www.labicycletterestaurant.com/
French,Country Rose Café,"756 San Benito St, Hollister, CA 95023, USA",http://countryrose.cafe/
French,Chez Noir,"5th Ave between Dolores and, San Carlos St, Carmel-By-The-Sea, CA 93921, USA",http://cheznoircarmel.com/?utm_source=gmb&utm_medium=referral
French,CAPO SIGNORA ITALIAN CUISINE,"1709 Airline Hwy A, Hollister, CA 95023, USA",https://www.caposignoraitalian.com/
French,Dunneville Market & Kitchen,"5970 San Felipe Rd, Hollister, CA 95023, USA",https://www.dunneville.com/
French,Casanova,"5th Ave, Carmel-By-The-Sea, CA 93921, USA",http://www.casanovacarmel.com/
French,Buenos Dias Cafecito,"512 San Benito St, Hollister, CA 95023, USA",https://buenosdiascafecito.godaddysites.com/
French,Lucia Restaurant & Bar,"415 W Carmel Valley Rd, Carmel Valley, CA 93924, USA",http://www.bernarduslodge.com/
French,The Barn,"6971 Airline Hwy, Tres Pinos, CA 95075, USA",http://www.facebook.com/thebarn.tpec
French,Farmhouse Café,"615-D San Benito St, Hollister, CA 95023, USA",http://eatwiththeseasons.grubmarket.com/farmhouse-cafe/
French,Las Micheladas Bar & Grill,"427 San Benito St, Hollister, CA 95023, USA",
French,Burger Factory,"125 San Benito St, Hollister, CA 95023, USA",
French,La Villa de Jerez Restaurant,"905 East St, Hollister, CA 95023, USA",
French,GG's cafe,"300 Third St, San Juan Bautista, CA 95045, USA",
Hawaiian,L&L Hawaiian Barbecue,"7210 Camino Arroyo #104, Gilroy, CA 95020, USA",https://www.llhawaiianbbqgilroy.com/
Hawaiian,Kai's Ohana Shave Ice and Creamery,"738 San Benito St, Hollister, CA 95023, USA",http://www.ohanahawaiianshaveice.com/
Hawaiian,Poki Bowl,"1210 E Park St suite 104, Hollister, CA 95023, USA",https://pokibowl.com/hollister/
Hawaiian,Aloha Hawaiian BBQ,"921 N Main St, Salinas, CA 93906, USA",http://www.alohabbqsalinas.com/
Hawaiian,Haiku Hawaiian BBQ,"1253 N Davis Rd, Salinas, CA 93907, USA",http://haikuhawaiianbbq.com/
Hawaiian,Keoki's Hawaiian Barbeque Carry-Out,"3170 Vista Del Camino Cir, Marina, CA 93933, USA",
Hawaiian,Ono Hawaiian BBQ,"1041 Cochrane Rd #160, Morgan Hill, CA 95037, USA",http://www.onohawaiianbbq.com/
Hawaiian,Aloha Island Grille,"1700 Portola Dr, Santa Cruz, CA 95062, USA",https://www.facebook.com/alohaislandgrille/
Hawaiian,Pono Hawaiian Kitchen & Tap,"3744 Capitola Rd, Santa Cruz, CA 95062, USA",http://www.ponohawaiiangrill.com/
Hawaiian,Marina Poke House,"266 Reservation Rd, Marina, CA 93933, USA",http://facebook.com/pokehouse831
Hawaiian,Poke Bar,"130 General Stilwell Dr #106, Marina, CA 93933, USA",https://www.ilovepokebar.com/
Hawaiian,Miyako Japanese Restaurant,"321 San Felipe Rd, Hollister, CA 95023, USA",http://miyakohollister.com/
Hawaiian,Papa Murphy's,"1740 Airline Hwy Ste. #405, Hollister, CA 95023, USA",https://www.papamurphys.com/
Hawaiian,L&L Hawaiian Barbecue,"1010 W Las Palmas Ave A, Patterson, CA 95363, USA",https://www.hawaiianbarbecue.com/locations/patterson/
Hawaiian,POKE BOWL RRITO,"1746 N Main St, Salinas, CA 93906, USA",
Hawaiian,Ono Hawaiian BBQ,"2930 Service Rd, Ceres, CA 95307, USA",https://onohawaiianbbq.com/
Brazilian,Chama Nativa Brazilian Steakhouse,"6935 Camino Arroyo, Gilroy, CA 95020, USA",https://www.chamanativausa.com/
Peruvian,El Epazote Restaurant,"35 5th St suite A, Hollister, CA 95023, USA",https://www.facebook.com/ElEpazoteRestaurant/
Peruvian,La Costanera,"260 Capistrano Rd, Half Moon Bay, CA 94019, USA",http://www.lacostanerarestaurant.com/
Peruvian,El Kora Restaurant,"153 Griffin St, Salinas, CA 93901, USA",http://orderelkorarestaurant.com/
Peruvian,Barranco Cocina Peruana,"3596 Mount Diablo Blvd, Lafayette, CA 94549, USA",http://www.barrancokitchen.com/
Peruvian,Parada,"7001 Sunne Ln, Walnut Creek, CA 94597, USA",http://paradakitchen.com/
Peruvian,Inca's Peruvian Cuisine,"799 Gravenstein Hwy S, Sebastopol, CA 95472, USA",https://www.incasrestaurant.net/
Peruvian,Warike Restobar,"527 4th St, Santa Rosa, CA 95401, USA",https://warikesf.com/
Peruvian,Rosa's Traditional Peruvian Food,"3220 Stine Rd, Bakersfield, CA 93309, USA",
Peruvian,Rockoto Peruvian Cuisine,"207 Linden Ave, South San Francisco, CA 94080, USA",
Peruvian,Mochica,"1469 18th St, San Francisco, CA 94107, USA",http://www.mochicasf.com/
Peruvian,Piqueo's,"830 Cortland Ave, San Francisco, CA 94110, USA",http://www.piqueos.com/
Peruvian,Paradita Eatery,"5959 Shellmound St, Emeryville, CA 94608, USA",http://www.paradita.com/
Peruvian,Tondero Peruvian Cuisine,"9347 Slauson Ave, Pico Rivera, CA 90660, USA",https://picoriveraperuviancuisine.com/
Peruvian,Los hermanos comida peruana,"Bakersfield, CA 93309, USA",
Peruvian,Jimmy's Peruvian & Mexican Restaurant,"3032 Auburn Blvd, Sacramento, CA 95821, USA",https://www.jimmysperuvianrestaurant.com/
Peruvian,LOS ANDES PERUVIAN RESTAURANT,"8330 Long Beach Blvd, South Gate, CA 90280, USA",https://bit.ly/2N5y2Fr
Peruvian,El Pollo Rey,"1188 Broadway Ave, Seaside, CA 93955, USA",
Peruvian,Ayawaska Petaluma,"101 2nd St #190, Petaluma, CA 94952, USA",http://ayawaskasf.com/
Peruvian,Sanguchon Eatery,"1182 Valencia St, San Francisco, CA 94110, USA",http://sanguchoneatery.com/
Peruvian,Peruvian catacaos,"5330 Monterey Rd K3, San Jose, CA 95111, USA",
Salvadorian,Pupusería & Antojitos Cabañas,"505 E Market St, Salinas, CA 93905, USA",
Salvadorian,El Salvadoreño Pupuseria,"3056 Del Monte Blvd, Marina, CA 93933, USA",
Salvadorian,Pupusa Loca Y Restaurante Mexicano,"651 I St, Los Banos, CA 93635, USA",http://la-pupusa.com/
Salvadorian,Pupusería El Salvadoreño,"715 Oller St, Mendota, CA 93640, USA",
Salvadorian,Antojitos Guanacos,"1148 O St, Firebaugh, CA 93622, USA",
Salvadorian,Restaurante & Pupusería Morenita,"966 Oller St, Mendota, CA 93640, USA",
Salvadorian,Morenita Restaurante & Pupusería,"2030 7th St, Mendota, CA 93640, USA",
Salvadorian,Pupusería El Pulgarcito,"688 S Kate St, Mendota, CA 93640, USA",
Salvadorian,El Migueleno Restaurant,"1066 Broadway Ave, Seaside, CA 93955, USA",
Salvadorian,Antojitos Guanacos,"260 Oller St, Mendota, CA 93640, USA",https://antojitosguanacosca.com/
Cuban,Mariscos La Ceiba Hollister,"710 San Benito St Suite B, Hollister, CA 95023, USA",
Cuban,Paine's Restaurant,"421 East St, Hollister, CA 95023, USA",https://www.paineshollister.com/
Cuban,Johnny's Bar & Grill,"526 San Benito St, Hollister, CA 95023, USA",http://www.johnnysbarandgrill.com/
Cuban,Casa de Fruta Restaurant,"10021 Pacheco Pass Hwy, Hollister, CA 95023, USA",https://www.casadefruta.com/visit/restaurant.php
Cuban,Delicioso,"1939 Natividad Rd, Salinas, CA 93906, USA",
Cuban,Inn at Tres Pinos,"6991 Airline Hwy, Tres Pinos, CA 95075, USA",http://trespinosinn.com/
Cuban,The Barn,"6971 Airline Hwy, Tres Pinos, CA 95075, USA",http://www.facebook.com/thebarn.tpec
Cuban,El Volcan Taqueria,"1906 N Main St, Salinas, CA 93906, USA",
Cuban,Baracoa Cuban Restaurant,"853 Auto Center Dr ste f, Palmdale, CA 93551, USA",http://www.baracoacubanrestaurant.com/
Cuban,Isla Cuban-Latin Kitchen & Rum Bar,"30 Centerpointe Dr STE 12, La Palma, CA 90623, USA",http://islacuban.com/
Cuban,La Chilangita Restaurant,"2233 E Lake Ave, Watsonville, CA 95076, USA",
Cuban,The Village Restaurant,"1490 Constitution Blvd A, Salinas, CA 93905, USA",https://thevillagebistrorestaurant.com/
Cuban,Baracoa Cuban Cafe,"3175 Glendale Blvd, Los Angeles, CA 90039, USA",https://baracoacubancafe.net/
Cuban,Los Cuates Restaurant Seafood & Bar,"7950 Arroyo Cir, Gilroy, CA 95020, USA",https://www.loscuatesrestaurantgilroy.com/
Cuban,"Haute Enchilada Café, Gallery & Social Club","7902 Moss Landing Rd, Moss Landing, CA 95039, USA",http://www.hauteenchilada.com/
Cuban,La Flor De Jalisco,"144 Lewis St, Gilroy, CA 95020, USA",https://www.doordash.com/store/25094407?utm_source=mx_share
Cuban,La Patrona Restaurant Y Cafe,"103 Bassett St, King City, CA 93930, USA",
Cuban,Mariscos El Compita,"1566 Moffett St, Salinas, CA 93905, USA",
Cuban,Portobello's on Main,"150 Main St #116, Salinas, CA 93901, USA",
Cuban,Elli's Great American Restaurant,"1250 S Main St, Salinas, CA 93901, USA",http://www.ellisgreatamericanrestaurant.com/
Tibetan,Tibet Nepal House Restaurant,"36 E Holly St, Pasadena, CA 91103, USA",https://tibetnepalhousepasadena.com/
Tibetan,Nomad Tibetan restaurant,"1593 Solano Ave, Berkeley, CA 94707, USA",http://nomadtibetan.com/
Tibetan,San Benito Foods,"711 Sally St, Hollister, CA 95023, USA",https://neiljonesfoodcompany.com/san-benito-foods/
Tibetan,Café Tibet,"2020 University Ave, Berkeley, CA 94704, USA",http://cafetibetberkeley.com/contact/
Tibetan,Himalayan Cafe,"36 S Fair Oaks Ave, Pasadena, CA 91105, USA",http://www.himalayancafela.com/
Tibetan,Monsoon Himalayan Cuisine,"20 Stone Pine Rd STE B, Half Moon Bay, CA 94019, USA",https://www.monsoonhimalayancuisine.com/
Egyptian,Shawarma King & More,"11601 Merritt St, Castroville, CA 95012, USA",
Greek,Olives Mediterranean Market And Grill,"890 Renz Ln #102, Gilroy, CA 95020, USA",https://www.gilroyolives.com/
Greek,Seabrisa's Eatery,"155 Skylane Dr, Hollister, CA 95023, USA",
Greek,Paine's Restaurant,"421 East St, Hollister, CA 95023, USA",https://www.paineshollister.com/
Greek,Casa de Fruta Restaurant,"10021 Pacheco Pass Hwy, Hollister, CA 95023, USA",https://www.casadefruta.com/visit/restaurant.php
Greek,Saladworks,"1210 E Park St #103, Hollister, CA 95023, USA",https://restaurants.saladworks.com/ca/hollister/1210-east-park-street/
Greek,Nick the Greek,"632 Tennant Station, Morgan Hill, CA 95037, USA",http://www.nickthegreeksj.com/
Greek,Shawarma King & More,"11601 Merritt St, Castroville, CA 95012, USA",
Greek,Opa! Morgan Hill,"17290 Monterey Rd, Morgan Hill, CA 95037, USA",http://www.opaauthenticgreek.com/morganhill.html
Greek,Nick the Greek,"481 Alvarado St, Monterey, CA 93940, USA",https://www.nickthegreek.com/
Greek,Dametra Fresh Mediterranean,"120 General Stilwell Dr #110, Marina, CA 93933, USA",http://dametra.com/
Greek,Country Rose Café,"756 San Benito St, Hollister, CA 95023, USA",http://countryrose.cafe/
Greek,Aromas Grill,"304 Carpenteria Rd, Aromas, CA 95004, USA",http://aromasgrill.com/
Greek,Pizza Factory,"301 The Alameda, San Juan Bautista, CA 95045, USA",https://www.pizzafactory.com/sanjuanbautista/
Greek,El Rinconcito Authentic Mexican Food,"191 San Felipe Rd ste g, Hollister, CA 95023, USA",http://el-rinconcito-hollister.lany.io/
Greek,4th Street Eatery,"330 4th St, Hollister, CA 95023, USA",http://www.4thstreeteatery.com/
Greek,Yeye's Bar and Grill,"204 4th St, Hollister, CA 95023, USA",
Greek,Zameen Mediterranean Cuisine,"7528 Soquel Dr, Aptos, CA 95003, USA",http://www.zameencuisine.com/
Greek,TOGO'S Sandwiches,"1750 Airline Hwy, Hollister, CA 95023, USA",https://www.togos.com/locations/hollister/1750-airline-hwy
Greek,La Villa de Jerez Restaurant,"905 East St, Hollister, CA 95023, USA",
Greek,Mama Mia's Mediterranean and Italian Cuisine,"1360 1st St, Gilroy, CA 95020, USA",https://www.mamamiasrestaurant.com/
Belgian,The Baler Steakhouse,"500 San Benito St, Hollister, CA 95023, USA",http://thebalersteakhouse.com/
Belgian,Paine's Restaurant,"421 East St, Hollister, CA 95023, USA",https://www.paineshollister.com/
Belgian,Las Micheladas Bar & Grill,"427 San Benito St, Hollister, CA 95023, USA",
Belgian,Running Rooster,"800 San Benito St, Hollister, CA 95023, USA",http://www.runningrooster.com/
Belgian,Casa de Fruta Restaurant,"10021 Pacheco Pass Hwy, Hollister, CA 95023, USA",https://www.casadefruta.com/visit/restaurant.php
Belgian,GRAB A BITE,"396 4th St suite # 103, Hollister, CA 95023, USA",http://grababite831.com/
Belgian,Country Rose Café,"756 San Benito St, Hollister, CA 95023, USA",http://countryrose.cafe/
Belgian,Los Grullenses Restaurant,"1270 San Juan Hollister Rd C, Hollister, CA 95023, USA",https://losgrullensesrestaurantca.com/
Belgian,La Catrina Mexican Grill,"449 San Benito St, Hollister, CA 95023, USA",http://catrinagrill.com/
Belgian,El Grullense Jal,"1709 Airline Hwy E, Hollister, CA 95023, USA",
Belgian,GG's cafe,"300 Third St, San Juan Bautista, CA 95045, USA",
Belgian,The Barn,"6971 Airline Hwy, Tres Pinos, CA 95075, USA",http://www.facebook.com/thebarn.tpec
Belgian,FlapJacks Breakfast & Grill,"6881 Airline Hwy, Tres Pinos, CA 95075, USA",http://flapjackstrespinos.com/
Irish,Johnny's Bar & Grill,"526 San Benito St, Hollister, CA 95023, USA",http://www.johnnysbarandgrill.com/
Irish,The Garden Shoppe n' Bar,"364 7th St, Hollister, CA 95023, USA",
Irish,Running Rooster,"800 San Benito St, Hollister, CA 95023, USA",http://www.runningrooster.com/
Irish,O'CALLAGHAN'S IRISH PUB,"3772 THE BARNYARD # I, 21, Carmel-By-The-Sea, CA 93923, USA",http://www.ocallaghanscarmel.com/
Irish,Paine's Restaurant,"421 East St, Hollister, CA 95023, USA",https://www.paineshollister.com/
Irish,Rosie McCann's Irish Pub & Restaurant,"355 Santana Row #1060, San Jose, CA 95128, USA",http://www.rosiemccanns.com/
Irish,Jardines de San Juan Restaurant & Event Venue,"115 Third St, San Juan Bautista, CA 95045, USA",http://www.jardinesrestaurant.com/
Irish,Brophy's Tavern,"San Carlos St &, 4th Ave, Carmel-By-The-Sea, CA 93921, USA",http://www.brophystavern.com/
Irish,Pop's Public House,"1300 1st St, Gilroy, CA 95020, USA",https://www.popspublichouse.com/
Irish,Kai's Ohana Shave Ice and Creamery,"738 San Benito St, Hollister, CA 95023, USA",http://www.ohanahawaiianshaveice.com/
Irish,Rosie McCann's Irish Pub & Restaurant,"1220 Pacific Ave, Santa Cruz, CA 95060, USA",https://rosiemccanns.com/
Irish,Parish Publick House Aptos,"8017 Soquel Dr, Aptos, CA 95003, USA",http://www.theparishpublick.com/
Irish,Irish Pub,"687 Pleasant Valley Rd, Diamond Springs, CA 95619, USA",
Cajun,The Baler Steakhouse,"500 San Benito St, Hollister, CA 95023, USA",http://thebalersteakhouse.com/
Cajun,Johnny's Bar & Grill,"526 San Benito St, Hollister, CA 95023, USA",http://www.johnnysbarandgrill.com/
Cajun,El Michoacano Restaurant,"1296 San Juan Hollister Rd, Hollister, CA 95023, USA",https://elmichoacanorestaurantca.com/
Cajun,Roux Dat Cajun Creole,"3555 Clares St Suite G, Capitola, CA 95010, USA",https://www.rouxdatcajuncreole.com/
Cajun,Juicy Crab Cajun Seafood & Chinese Food,"1784 Fremont Blvd, Seaside, CA 93955, USA",https://www.juicycrabcajunseafood.com/
Cajun,Bag O' Crab,"1401 N Davis Rd, Salinas, CA 93907, USA",https://www.bagocrab-salinas.com/
Cajun,Jellyfish Seafood Bar,"773 1st St, Gilroy, CA 95020, USA",
Cajun,Popeyes Louisiana Kitchen,"6945 Camino Arroyo, Gilroy, CA 95020, USA",https://www.popeyes.com/store-locator/store/restaurant_85482?utm_source=yext&utm_medium=referral&utm_campaign=organic-local-listings
Cajun,Burger Factory,"125 San Benito St, Hollister, CA 95023, USA",
Cajun,Popeyes Louisiana Kitchen,"590 Auto Center Dr Unit 1a, Watsonville, CA 95076, USA",https://www.popeyes.com/store-locator/store/restaurant_86760?utm_source=yext&utm_medium=referral&utm_campaign=organic-local-listings
Cajun,Wingstop,"1760 Airline Hwy, Hollister, CA 95023, USA",https://www.wingstop.com/location/wingstop-1138-hollister-ca-95023/menu?y_source=1_NTUyMDc2NzktNzE1LWxvY2F0aW9uLndlYnNpdGU%3D
Cajun,Running Rooster,"800 San Benito St, Hollister, CA 95023, USA",http://www.runningrooster.com/
Cajun,Doña Esther's Mexican Restaurant,"25 Franklin St, San Juan Bautista, CA 95045, USA",https://www.donaesthers.com/
Cajun,Crab Bucket,"1260 N Main St, Salinas, CA 93906, USA",https://www.ordercrabbucket.com/
Cajun,Popeyes Louisiana Kitchen,"12310 CA-33, Santa Nella, CA 95322, USA",https://www.popeyes.com/store-locator/store/restaurant_83941?utm_source=yext&utm_medium=referral&utm_campaign=organic-local-listings
Cajun,Phil's Fish Market & Eatery,"10700 Merritt St, Castroville, CA 95012, USA",http://www.philsfishmarket.com/
Cajun,CreoLa Bistro,"344 El Camino Real, San Carlos, CA 94070, USA",http://www.creolabistro.com/
Cajun,Pizza Factory,"301 The Alameda, San Juan Bautista, CA 95045, USA",https://www.pizzafactory.com/sanjuanbautista/
Cajun,Red Lobster,"1720 N Main St NEAR, Salinas, CA 93906, USA",https://www.redlobster.com/seafood-restaurants/locations/ca/salinas/1720-n-main-street
Cajun,Fish & Chips,"2010 N Main St, Salinas, CA 93906, USA",http://fish-chips.cafes-usa.com/
Portuguese,"Petiscos ""Gilroy""","7574 Monterey Rd, Gilroy, CA 95020, USA",http://petiscosadega.com/
Turkish,Sultana Mediterranean,"1149 El Camino Real, Menlo Park, CA 94025, USA",http://www.thesultana.net/
Turkish,A La Turca,"869 Geary St, San Francisco, CA 94109, USA",https://www.alaturcacalifornia.com/
Turkish,Petra Restaurant,"477 Lighthouse Ave, Pacific Grove, CA 93950, USA",http://petra-pacific-grove.keeq.io/
Turkish,Ciya Mediterranean Cuisine,"408 Main St, Half Moon Bay, CA 94019, USA",https://www.ciyahmb.com/
Turkish,Dametra Cafe,"CORNER OF OCEAN &, Lincoln St, Carmel-By-The-Sea, CA 93921, USA",http://www.dametracafe.com/
Turkish,Dametra Fresh Mediterranean,"120 General Stilwell Dr #110, Marina, CA 93933, USA",http://dametra.com/
Turkish,Troya Turkish Delight & Baklava,"685 Cannery Row #107, Monterey, CA 93940, USA",https://troyamry.com/
Turkish,Paprika Cafe,"309 Lighthouse Ave A, Monterey, CA 93940, USA",http://www.paprikacafe-monterey.com/
Turkish,The Kebab Shop,"3938 Rivermark Plaza, Santa Clara, CA 95054, USA",https://thekebabshop.com/locations/ca/bay-area/santa-clara/
Turkish,Dametra Fresh Mediterranean,"630 Del Monte Center, Monterey, CA 93940, USA",https://dametra.com/
Turkish,Sophie's Mediterranean Grill,"4035 Evergreen Village Square #20, San Jose, CA 95135, USA",https://www.sophiesgrill.com/
Turkish,Petra Cafe,"435 Alvarado St, Monterey, CA 93940, USA",
Turkish,Yafa,"Junipero St &, 5th Ave NW, Carmel-By-The-Sea, CA 93923, USA",http://www.yafarestaurant.com/
Turkish,Flame & Skewers Mediterranean Restaurant,"5482 California Ave, Bakersfield, CA 93309, USA",http://flameandskewers.com/
Turkish,EPSILON,"422 Tyler St, Monterey, CA 93940, USA",http://epsilonrestaurant.com/
Turkish,Golden Grill ( Syrian & Lebanese) cuisine,"7975 N Cedar Ave UNIT 105, Fresno, CA 93720, USA",http://goldengrillfresno.com/
Turkish,Falafel Corner,"7351 Brentwood Blvd suite b, Brentwood, CA 94513, USA",https://fcorner.com/location/18/brentwood-blvd-sand-creek-rd-brentwood-ca-94513
Turkish,Sultans Mediterranean Grill,"8200 Stockdale Hwy A-1, Bakersfield, CA 93311, USA",
Turkish,International Cuisine,"620 Lighthouse Ave # 220, Pacific Grove, CA 93950, USA",https://bestinternationalcuisine.com/
Turkish,Real Kabob,"2982 Almaden Expy, San Jose, CA 95125, USA",http://www.realkabob.com/
Haitian,Casa de Fruta Restaurant,"10021 Pacheco Pass Hwy, Hollister, CA 95023, USA",https://www.casadefruta.com/visit/restaurant.php
Tahitian,Doña Esther's Mexican Restaurant,"25 Franklin St, San Juan Bautista, CA 95045, USA",https://www.donaesthers.com/
Kenyan,Jubba Somali Restaurant,"5330 Terner Way, San Jose, CA 95136, USA",
Korean,Nak Won Korean BBQ Restaurant,"330-a Reservation Rd, Marina, CA 93933, USA",
Korean,KB chicken Prunedale,"17561 Vierra Canyon Rd unit a-10, Prunedale, CA 93907, USA",http://kbchickenprunedale.com/
Korean,New Korea Restaurant,"300-D Carmel Ave, Marina, CA 93933, USA",
Korean,Bulgogi House,"413 Alvarado St, Monterey, CA 93940, USA",https://bulgogihousemonterey.com/
Korean,Super Noodles,"195 Meridian St, Hollister, CA 95023, USA",
Korean,Korea House- Orient Express Restaurant,"1884 Fremont Blvd, Seaside, CA 93955, USA",http://www.koreahouse831.com/
Korean,The Smoke Point BBQ & Provisions,"206 4th St, San Juan Bautista, CA 95045, USA",http://thesmokepoint.com/
Korean,Seorai Korean Bbq,"3044 El Camino Real, Santa Clara, CA 95051, USA",http://seoraisv.com/
Korean,Korean Palace,"2297 Stevens Creek Blvd, San Jose, CA 95128, USA",http://www.korean-palace.com/
Korean,Restaurant Chungdam,"3180 El Camino Real, Santa Clara, CA 95051, USA",http://www.chungdamsv.com/
Korean,To Pho,"650 San Benito St #110, Hollister, CA 95023, USA",
Korean,Ttobongee Chicken,"1184 Forest Ave Suite E, Pacific Grove, CA 93950, USA",
Korean,SK Seoul Kalbi Korean BBQ,"1610 El Camino Real, San Bruno, CA 94066, USA",http://www.skkoreanbbq.com/
Korean,Sakura Buffet,"1433 N Main St, Salinas, CA 93906, USA",
Korean,Poki Bowl,"1210 E Park St suite 104, Hollister, CA 95023, USA",https://pokibowl.com/hollister/
Korean,Casa de Fruta,"10021 Pacheco Pass Hwy, Hollister, CA 95023, USA",https://www.casadefruta.com/visit/visitus.php
Korean,Kimchi House,"2400 San Pablo Ave, Pinole, CA 94564, USA",https://www.kimchihousepinole.com/
Korean,Big Grill BBQ & Teriyaki,"15858 Monterey Rd, Morgan Hill, CA 95037, USA",
Nigerian,Naija Cuisine,"At the food court, 6148 Sunrise Mall Rd, Citrus Heights, CA 95610, USA",https://naijacuisinetogo.com/
Libyan,Paine's Restaurant,"421 East St, Hollister, CA 95023, USA",https://www.paineshollister.com/
Libyan,Running Rooster,"800 San Benito St, Hollister, CA 95023, USA",http://www.runningrooster.com/
Libyan,Farmhouse Café,"615-D San Benito St, Hollister, CA 95023, USA",http://eatwiththeseasons.grubmarket.com/farmhouse-cafe/
Libyan,Las Micheladas Bar & Grill,"427 San Benito St, Hollister, CA 95023, USA",
Libyan,Poki Bowl,"1210 E Park St suite 104, Hollister, CA 95023, USA",https://pokibowl.com/hollister/
Libyan,La Villa de Jerez Restaurant,"905 East St, Hollister, CA 95023, USA",
Libyan,La Catrina Mexican Grill,"449 San Benito St, Hollister, CA 95023, USA",http://catrinagrill.com/
Libyan,FlapJacks Breakfast & Grill,"6881 Airline Hwy, Tres Pinos, CA 95075, USA",http://flapjackstrespinos.com/
Libyan,Taqueria El Milagro,"507 4th St, San Juan Bautista, CA 95045, USA",
Libyan,Heavenly Bakery,"601 San Benito St, Hollister, CA 95023, USA",http://www.the-heavenly-bakery.com/
Moroccan,Abigail's Moroccan Cuisine,"1132 Ballena Blvd, Alameda, CA 94501, USA",https://www.abigailsalameda.com/
Moroccan,Aicha Moroccan Cuisine,"1303 Polk St, San Francisco, CA 94109, USA",
Moroccan,Khamsa Restaurant,"1503 15th St, San Francisco, CA 94103, USA",http://www.khamsasf.com/
Moroccan,Casablanca Moroccan Restaurant,"3516 Fair Oaks Blvd, Sacramento, CA 95864, USA",https://www.casablancamoroccan-restaurant.com/
Moroccan,"Marrakech Restaurant, Bar & Hookah Lounge","419 O'Farrell St, San Francisco, CA 94102, USA",http://www.marrakechsf.com/
Moroccan,El Morocco,"2203 Morello Ave, Pleasant Hill, CA 94523, USA",http://www.elmoroccorestaurant.com/
Moroccan,Berber,"1516 Broadway, San Francisco, CA 94109, USA",
Lebanese,Olives Mediterranean Market And Grill,"890 Renz Ln #102, Gilroy, CA 95020, USA",https://www.gilroyolives.com/
Lebanese,Shawarma King & More,"11601 Merritt St, Castroville, CA 95012, USA",
Lebanese,Paine's Restaurant,"421 East St, Hollister, CA 95023, USA",https://www.paineshollister.com/
Lebanese,Dametra Cafe,"CORNER OF OCEAN &, Lincoln St, Carmel-By-The-Sea, CA 93921, USA",http://www.dametracafe.com/
Lebanese,Dametra Fresh Mediterranean,"120 General Stilwell Dr #110, Marina, CA 93933, USA",http://dametra.com/
Lebanese,Petra Restaurant,"477 Lighthouse Ave, Pacific Grove, CA 93950, USA",http://petra-pacific-grove.keeq.io/
Lebanese,Zameen Mediterranean Cuisine,"7528 Soquel Dr, Aptos, CA 95003, USA",http://www.zameencuisine.com/
Lebanese,Paprika Cafe,"309 Lighthouse Ave A, Monterey, CA 93940, USA",http://www.paprikacafe-monterey.com/
Lebanese,Mama Mia's Mediterranean and Italian Cuisine,"1360 1st St, Gilroy, CA 95020, USA",https://www.mamamiasrestaurant.com/
Lebanese,Mr. Falafel,"17455 Monterey Rd, Morgan Hill, CA 95037, USA",http://mrfalafel.net/
Lebanese,Las Micheladas Bar & Grill,"427 San Benito St, Hollister, CA 95023, USA",
Lebanese,Dametra Fresh Mediterranean,"630 Del Monte Center, Monterey, CA 93940, USA",https://dametra.com/
Lebanese,Aromas Grill,"304 Carpenteria Rd, Aromas, CA 95004, USA",http://aromasgrill.com/
Lebanese,Ciya Mediterranean Cuisine,"408 Main St, Half Moon Bay, CA 94019, USA",https://www.ciyahmb.com/
Lebanese,Yafa,"Junipero St &, 5th Ave NW, Carmel-By-The-Sea, CA 93923, USA",http://www.yafarestaurant.com/
Lebanese,Mama Mia's Mediterranean & Italian Cuisine,"275 E Dunne Ave, Morgan Hill, CA 95037, USA",http://www.mamamiasrestaurant.com/
Lebanese,Petra Cafe,"435 Alvarado St, Monterey, CA 93940, USA",
Lebanese,4th Street Eatery,"330 4th St, Hollister, CA 95023, USA",http://www.4thstreeteatery.com/
Lebanese,Saladworks,"1210 E Park St #103, Hollister, CA 95023, USA",https://restaurants.saladworks.com/ca/hollister/1210-east-park-street/
Lebanese,Poki Bowl,"1210 E Park St suite 104, Hollister, CA 95023, USA",https://pokibowl.com/hollister/
Vietnamese,To Pho,"650 San Benito St #110, Hollister, CA 95023, USA",
Hungarian,Paine's Restaurant,"421 East St, Hollister, CA 95023, USA",https://www.paineshollister.com/
Mediterranean,Olives Mediterranean Market And Grill,"890 Renz Ln #102, Gilroy, CA 95020, USA",https://www.gilroyolives.com/
Mediterranean,Paine's Restaurant,"421 East St, Hollister, CA 95023, USA",https://www.paineshollister.com/
Mediterranean,Seabrisa's Eatery,"155 Skylane Dr, Hollister, CA 95023, USA",
Mediterranean,Shawarma King & More,"11601 Merritt St, Castroville, CA 95012, USA",
Mediterranean,Saladworks,"1210 E Park St #103, Hollister, CA 95023, USA",https://restaurants.saladworks.com/ca/hollister/1210-east-park-street/
Mediterranean,Aromas Grill,"304 Carpenteria Rd, Aromas, CA 95004, USA",http://aromasgrill.com/
Mediterranean,La Villa de Jerez Restaurant,"905 East St, Hollister, CA 95023, USA",
Mediterranean,Dametra Fresh Mediterranean,"120 General Stilwell Dr #110, Marina, CA 93933, USA",http://dametra.com/
Mediterranean,4th Street Eatery,"330 4th St, Hollister, CA 95023, USA",http://www.4thstreeteatery.com/
Mediterranean,Mama Mia's Mediterranean and Italian Cuisine,"1360 1st St, Gilroy, CA 95020, USA",https://www.mamamiasrestaurant.com/
Mediterranean,Mr. Falafel,"17455 Monterey Rd, Morgan Hill, CA 95037, USA",http://mrfalafel.net/
Mediterranean,TOGO'S Sandwiches,"1750 Airline Hwy, Hollister, CA 95023, USA",https://www.togos.com/locations/hollister/1750-airline-hwy
Mediterranean,Zameen Mediterranean Cuisine,"7528 Soquel Dr, Aptos, CA 95003, USA",http://www.zameencuisine.com/
Mediterranean,Petra Restaurant,"477 Lighthouse Ave, Pacific Grove, CA 93950, USA",http://petra-pacific-grove.keeq.io/
Mediterranean,Dametra Fresh Mediterranean,"630 Del Monte Center, Monterey, CA 93940, USA",https://dametra.com/
Mediterranean,Papa Murphy's,"1740 Airline Hwy Ste. #405, Hollister, CA 95023, USA",https://www.papamurphys.com/
Mediterranean,Yafa,"Junipero St &, 5th Ave NW, Carmel-By-The-Sea, CA 93923, USA",http://www.yafarestaurant.com/
Mediterranean,Petra Cafe,"435 Alvarado St, Monterey, CA 93940, USA",
Mediterranean,Odeum,"17500 Depot St #180, Morgan Hill, CA 95037, USA",http://www.odeumrestaurant.com/
Mediterranean,Paprika Cafe,"309 Lighthouse Ave A, Monterey, CA 93940, USA",http://www.paprikacafe-monterey.com/
Ethiopian,Kategna Ethiopian Restaurant,"1663 W San Carlos St, San Jose, CA 95128, USA",https://www.kategna.com/
Ethiopian,Walia Ethiopian Cuisine,"2208 Business Cir, San Jose, CA 95128, USA",http://www.waliaethiopian.com/
Ethiopian,Mudai Ethiopian Restaurant,"503 W San Carlos St, San Jose, CA 95126, USA",https://www.mudaiethiopianrestaurant.com/?y_source=1_MTU0NTA4ODYtNzE1LWxvY2F0aW9uLndlYnNpdGU%3D
Ethiopian,Meskie's Ethiopia Restaurant,"2955 Telegraph Ave, Berkeley, CA 94705, USA",http://orderethiopiarestaurant.com/
Ethiopian,Ethio-LunchBox Ethiopian,"1876 W San Carlos St, San Jose, CA 95128, USA",
Ethiopian,Awaze Ethio Fusion & Vegan Restaurant,"18764 Pioneer Blvd, Artesia, CA 90701, USA",https://awaze-restaurant.com/
Ethiopian,Gojo Ethiopian Restaurant,"1261 W San Carlos St, San Jose, CA 95126, USA",http://gojoethiopianrestaurant.com/
Ethiopian,LeYou Ethiopian,"1100 N First St suite c, San Jose, CA 95112, USA",http://leyouethiopian.com/
Ethiopian,ADMAS ( ፒያሳ ) ETHIOPIAN and ERITREAN RESTAURANT,"1910 Park Blvd, Oakland, CA 94606, USA",
Ethiopian,Red Sea Ethiopian & Eritrean Cuisine Restaurant,"5200 Claremont Ave, Oakland, CA 94618, USA",https://eatredsea.com/
Ethiopian,Abyssinia Ethiopian Restaurant,"913 4th St, Santa Rosa, CA 95404, USA",http://www.my-abyssinia.com/
Ethiopian,Addis,"6100 Telegraph Ave, Berkeley, CA 94705, USA",http://www.addisethiopian.com/
Ethiopian,Cafe Ethiopia,"878 Valencia St, San Francisco, CA 94110, USA",http://sfcafeethiopia.com/
Ethiopian,True Ethiopian Cuisine Catering,"113 Garnet Ave, San Carlos, CA 94070, USA",https://trueethiopiancuisine.com/
Ethiopian,Asmara Restaurant,"5020 Telegraph Ave, Oakland, CA 94609, USA",http://asmararestaurantoakland.com/
Ethiopian,Desta Ethiopian Cafe,"303a Oakland Ave, Oakland, CA 94611, USA",http://www.destaethiopiancafe.com/
Ethiopian,Petra Cafe,"435 Alvarado St, Monterey, CA 93940, USA",
Caribbean,Nano's Caribbean Restaurant,"1709 Airline Hwy, Hollister, CA 95023, USA",
Soul,Michelle's Soul Food Kitchen,"2087 Del Monte Blvd, Seaside, CA 93955, USA",
Argentinian,Paine's Restaurant,"421 East St, Hollister, CA 95023, USA",https://www.paineshollister.com/
Argentinian,Villa Del Sol Argentinian Restaurant,"423 Grand Ave, South San Francisco, CA 94080, USA",
Argentinian,La Maja Empanada,"822 Main St, Redwood City, CA 94063, USA",http://www.lamaja.us/
Argentinian,El Sur Empanadas,"2832 Middlefield Rd, Redwood City, CA 94063, USA",https://www.elsursf.com/
Argentinian,Nucha Empanadas,"601 Mission Bay Boulevard North, San Francisco, CA 94158, USA",http://nucha-empanadas.com/locations.html
Argentinian,Pampa BBQ,"5919 3rd St, San Francisco, CA 94124, USA",http://www.pampabbq.com/
Argentinian,"Corrientes 348, Argentinian Steakhouse Restaurant","6113 Reseda Blvd, Reseda, CA 91335, USA",https://corrientes348.wixsite.com/my-site-1
Argentinian,Lolinda,"2518 Mission St, San Francisco, CA 94110, USA",https://lolindasf.com/
Argentinian,Maro Wood Grill,"1915 S Coast Hwy, Laguna Beach, CA 92651, USA",https://www.marowoodgrill.com/
Argentinian,Big E Cafe,"1683 Branham Ln, San Jose, CA 95118, USA",http://www.mybige.com/
Argentinian,El Chilacatazo,"337 Monterey St, Salinas, CA 93901, USA",
Argentinian,Carlitos Gardel Argentine Steakhouse,"7963 Melrose Ave, Los Angeles, CA 90046, USA",http://www.carlitosgardel.com/
Chilean,El Michoacano Restaurant,"1296 San Juan Hollister Rd, Hollister, CA 95023, USA",https://elmichoacanorestaurantca.com/
Chilean,Buenos Dias Cafecito,"512 San Benito St, Hollister, CA 95023, USA",https://buenosdiascafecito.godaddysites.com/
Chilean,La Catrina Mexican Grill,"449 San Benito St, Hollister, CA 95023, USA",http://catrinagrill.com/
Chilean,Los Grullenses Restaurant #3,"249 San Benito St, Hollister, CA 95023, USA",https://losgrullensesrestaurantca.com/
Chilean,Mariscos La Ceiba Hollister,"710 San Benito St Suite B, Hollister, CA 95023, USA",
Chilean,Paine's Restaurant,"421 East St, Hollister, CA 95023, USA",https://www.paineshollister.com/
Chilean,El Rinconcito Authentic Mexican Food,"191 San Felipe Rd ste g, Hollister, CA 95023, USA",http://el-rinconcito-hollister.lany.io/
Chilean,El Epazote Restaurant,"35 5th St suite A, Hollister, CA 95023, USA",https://www.facebook.com/ElEpazoteRestaurant/
Chilean,Los Grullenses Restaurant,"1270 San Juan Hollister Rd C, Hollister, CA 95023, USA",https://losgrullensesrestaurantca.com/
Chilean,Super Taqueria,"460 Tres Pinos Rd, Hollister, CA 95023, USA",
Chilean,Yeye's Bar and Grill,"204 4th St, Hollister, CA 95023, USA",
Chilean,El Grullense Jal,"900 4th St, Hollister, CA 95023, USA",
Chilean,Metro Balderas Taqueria #3,"601 McCray St Suite #103, Hollister, CA 95023, USA",http://metrobalderastaquerias.com/
Chilean,3 Queens Carnitas,"49 Hawkins St, Hollister, CA 95023, USA",
Chilean,Los Cuates Taqueria,"220 San Felipe Rd, Hollister, CA 95023, USA",http://taquerialoscuates.com/
Chilean,El Grullense Jal,"1709 Airline Hwy E, Hollister, CA 95023, USA",
Chilean,La Villa de Jerez Restaurant,"905 East St, Hollister, CA 95023, USA",
Chilean,Running Rooster,"800 San Benito St, Hollister, CA 95023, USA",http://www.runningrooster.com/
Chilean,Doña Esther's Mexican Restaurant,"25 Franklin St, San Juan Bautista, CA 95045, USA",https://www.donaesthers.com/
Chilean,Taqueria El Milagro,"507 4th St, San Juan Bautista, CA 95045, USA",
Colombian,Fonda Colombiana,"1442 S White Rd, San Jose, CA 95127, USA",https://fondacolombianasj.com/
Colombian,La Terraza Grill & Bar,"6944 Almaden Expy, San Jose, CA 95120, USA",https://laterrazagrillsanjose.com/
Colombian,El bumangues,"480 Blossom Hill Rd, San Jose, CA 95123, USA",https://elbumanguesca.com/
Colombian,El Michoacano Restaurant,"1296 San Juan Hollister Rd, Hollister, CA 95023, USA",https://elmichoacanorestaurantca.com/
Colombian,Milohas,"4662 Meridian Ave, San Jose, CA 95118, USA",http://www.milohaspastries.com/
Colombian,Macondo Colombian Fusion,"1545 Webster St, Alameda, CA 94501, USA",https://www.macondocolombianfusion.com/
Colombian,Sazon Colombia,"20454 Nordhoff St, Winnetka, CA 91311, USA",http://www.sazoncolombia.com/
Colombian,Donde Adela Colombian Restaurant,"1707 W Chapman Ave, Orange, CA 92868, USA",https://dondeadela.com/
Colombian,La Chiva Colombian Restaurant,"6029 Beach Blvd, Buena Park, CA 90621, USA",https://lachivacolombianrestaurantbpca.com/
Costa Rican,El Rinconcito Authentic Mexican Food,"191 San Felipe Rd ste g, Hollister, CA 95023, USA",http://el-rinconcito-hollister.lany.io/
Costa Rican,Casa de Fruta Restaurant,"10021 Pacheco Pass Hwy, Hollister, CA 95023, USA",https://www.casadefruta.com/visit/restaurant.php
Costa Rican,Las Micheladas Bar & Grill,"427 San Benito St, Hollister, CA 95023, USA",
Costa Rican,La Catrina Mexican Grill,"449 San Benito St, Hollister, CA 95023, USA",http://catrinagrill.com/
Costa Rican,Paine's Restaurant,"421 East St, Hollister, CA 95023, USA",https://www.paineshollister.com/
Costa Rican,Taqueria El Milagro,"507 4th St, San Juan Bautista, CA 95045, USA",
Costa Rican,Poki Bowl,"1210 E Park St suite 104, Hollister, CA 95023, USA",https://pokibowl.com/hollister/
Costa Rican,La Costa Taqueria,"1306 N Main St, Salinas, CA 93906, USA",
Costa Rican,Running Rooster,"800 San Benito St, Hollister, CA 95023, USA",http://www.runningrooster.com/
Costa Rican,Farmhouse Café,"615-D San Benito St, Hollister, CA 95023, USA",http://eatwiththeseasons.grubmarket.com/farmhouse-cafe/
Czech,Country Rose Café,"756 San Benito St, Hollister, CA 95023, USA",http://countryrose.cafe/
Danish,Seabrisa's Eatery,"155 Skylane Dr, Hollister, CA 95023, USA",
Dutch,Dutch Bros Coffee,"1208 E Park St, Hollister, CA 95023, USA",https://locations.dutchbros.com/dutch-bros-coffee-57dd02c66595?y_source=1_MjY4OTc1NTQtNzE1LWxvY2F0aW9uLndlYnNpdGU%3D
Ecuadorian,Las Micheladas Bar & Grill,"427 San Benito St, Hollister, CA 95023, USA",
Finnish,Paine's Restaurant,"421 East St, Hollister, CA 95023, USA",https://www.paineshollister.com/
Ghanaian,Kendejah Restaurant,"197 Pelton Center Way, San Leandro, CA 94577, USA",http://www.kendejahrestaurant.com/
Guatemalan,"La Guatemalteca Bakery Restaurant, Inc.","1597 Meridian Ave D, San Jose, CA 95125, USA",
Honduran,Pollo Hondureño Keidy's,"889 Derrick Ave, Mendota, CA 93640, USA",
Indonesian,INDO Restaurant & Lounge,"3295 El Camino Real, Palo Alto, CA 94306, USA",
Indonesian,Bali Kitchen,"1100 Front St STE 150, Sacramento, CA 95814, USA",
Indonesian,Indo Ranch Restaurant & Grocery,"22722 Lambert St #1701, Lake Forest, CA 92630, USA",
Indonesian,Indo Bistro,"22419 Barton Rd, Grand Terrace, CA 92313, USA",
Indonesian,SINGKAWANG CAFE,"10404 Valley Blvd, El Monte, CA 91731, USA",https://singkawangcafe.com/
Indonesian,ChiliCali Indonesian Food,"4100 3rd St, San Francisco, CA 94124, USA",http://linktr.ee/chilicali
Indonesian,Mang Indo Asian Market And Restaurant,"25069 Redlands Blvd suite b, Loma Linda, CA 92354, USA",
Indonesian,Merry's House of Chicken,"2550 Amar Rd A5, West Covina, CA 91792, USA",http://merryshouseofchicken.com/
Indonesian,Java Spice,"1743 Fullerton Rd, Rowland Heights, CA 91748, USA",http://www.javaspice.us/
Indonesian,Indo Bistro,"989 S Glendora Ave #951, West Covina, CA 91790, USA",
Indonesian,Martabak Cafe,"west 91792, 3666 Nogales St, West Covina, CA 91792, USA",
Indonesian,Borneo Eatery,"19 S Garfield Ave, Alhambra, CA 91801, USA",http://borneoeatery.com/?utm_source=google&utm_medium=wix_google_business_profile&utm_campaign=14559655773208764635
Indonesian,+62 Street Food,"19725 Colima Rd UNIT 103, Rowland Heights, CA 91748, USA",http://www.plus62streetfood.com/
Indonesian,Casa de Fruta Restaurant,"10021 Pacheco Pass Hwy, Hollister, CA 95023, USA",https://www.casadefruta.com/visit/restaurant.php
Indonesian,Tempe House Spicy Food,"24984 3rd St, San Bernardino, CA 92410, USA",https://usplaces.me/tempe-house-spicy-food-372182-web
Indonesian,Dabao Singapore,"1661 Tennessee St Unit 2K, San Francisco, CA 94107, USA",https://dabaosingapore.com/
Indonesian,Noodle Stars,"344 Huntington Dr, Monrovia, CA 91016, USA",https://noodlestars.com/
Indonesian,Medan Kitchen,"8518 Valley Blvd STE 102, Rosemead, CA 91770, USA",http://www.medankitchen.com/
Indonesian,Edwins Carmel,"Corner of 6th Avenue &, San Carlos St, Carmel-By-The-Sea, CA 93921, USA",http://www.edwinscarmel.com/
Iranian,Reyhan Restaurant,"1625 Almaden Rd, San Jose, CA 95125, USA",https://www.reyhancuisine.com/#
Iranian,Taste Of Persia SJ,"2011 Tully Rd, San Jose, CA 95122, USA",https://tasteofpersiasj.com/
Iranian,Shalizaar,"300 El Camino Real, Belmont, CA 94002, USA",http://www.shalizaar.com/
Iranian,Real Kabob,"2982 Almaden Expy, San Jose, CA 95125, USA",http://www.realkabob.com/
Iranian,Ziba Persian Restaurant,"4628 Meridian Ave, San Jose, CA 95124, USA",
Iranian,Negeen Restaurant,"801 W Hamilton Ave, Campbell, CA 95008, USA",https://negeen.com/
Iranian,Chelokababi Persian Cuisine,"1236 S Wolfe Rd, Sunnyvale, CA 94086, USA",http://www.chelokababi.com/
Iranian,Mazzeh Grill,"949 Ruff Dr, San Jose, CA 95110, USA",http://www.mazzehgrill.com/
Iranian,Alborz Restaurant,"1829 Mt Diablo Blvd, Walnut Creek, CA 94596, USA",http://www.alborzrestaurants.com/
Iranian,Kolbeh | Kabob Restaurant,"8700 Greenback Ln, Orangevale, CA 95662, USA",http://kolbehkabobrestaurant.com/
Iranian,Persian Nights Restaurant,"248 Grand Ave, Oakland, CA 94610, USA",http://www.persiannights.co/
Iranian,Shahrzad Restaurant,"2931 Sunrise Blvd #150, Rancho Cordova, CA 95742, USA",https://shahrzadrestaurant.com/
Iranian,Komaaj Pila Bazaar,"10 29th St, San Francisco, CA 94110, USA",https://www.komaaj.com/location/komaaj/
Iranian,Rose Market,"14445 Big Basin Wy, Saratoga, CA 95070, USA",http://rosemarketsaratoga.com/
Israeli,Mr. Falafel,"17455 Monterey Rd, Morgan Hill, CA 95037, USA",http://mrfalafel.net/
Israeli,Yafa,"Junipero St &, 5th Ave NW, Carmel-By-The-Sea, CA 93923, USA",http://www.yafarestaurant.com/
Israeli,San Benito Foods,"711 Sally St, Hollister, CA 95023, USA",https://neiljonesfoodcompany.com/san-benito-foods/
Israeli,Dametra Fresh Mediterranean,"630 Del Monte Center, Monterey, CA 93940, USA",https://dametra.com/
Jamaican,La Catrina Mexican Grill,"449 San Benito St, Hollister, CA 95023, USA",http://catrinagrill.com/
Jamaican,Johnny's Bar & Grill,"526 San Benito St, Hollister, CA 95023, USA",http://www.johnnysbarandgrill.com/
Jamaican,Paine's Restaurant,"421 East St, Hollister, CA 95023, USA",https://www.paineshollister.com/
Jamaican,El Rinconcito Authentic Mexican Food,"191 San Felipe Rd ste g, Hollister, CA 95023, USA",http://el-rinconcito-hollister.lany.io/
Jamaican,Las Micheladas Bar & Grill,"427 San Benito St, Hollister, CA 95023, USA",
Jamaican,El Grullense Jal,"1709 Airline Hwy E, Hollister, CA 95023, USA",
Jamaican,Sweet Fingers Jamaican Restaurant,"5859 Foothill Blvd Suite 1, Oakland, CA 94605, USA",http://www.sweetfingersrestaurant.com/
Jamaican,Back A Yard Catering & Take Out,"638 N 13th St, San Jose, CA 95112, USA",https://backayard.net/
Jamaican,Fiya Spice Caribbean,"1343 Buchanan Rd, Pittsburg, CA 94565, USA",https://www.fiyaspice.com/
Jamaican,Super Taqueria,"460 Tres Pinos Rd, Hollister, CA 95023, USA",
Jamaican,Eva's Cafe,"246 Williams Rd, Salinas, CA 93905, USA",
Jamaican,Barrington's Jamaican Kitchen,"4120 Ming Ave, Bakersfield, CA 93309, USA",https://barringtonsjamaicankitchen.com/
Jamaican,Sarita's Mexican Grill Restaurant,"8075 San Miguel Canyon Rd, Prunedale, CA 93907, USA",https://saritasmexicangrill.com/
Jamaican,Guadalajara Restaurant,"211 Broadway St, King City, CA 93930, USA",https://guadalajararestaurant.squarespace.com/
Jamaican,La Misma Taqueria,"15 E Beach St, Watsonville, CA 95076, USA",
Jamaican,Tacos El Jerry,"35 E Lake Ave, Watsonville, CA 95076, USA",http://tacoseljerrywatsonville.com/
Jamaican,Rodeo Mexican Food,"303 Front St #101, Salinas, CA 93901, USA",https://www.facebook.com/rodeomexicanfood
Jamaican,Cocobreeze Caribbean Restaurant and Bakery,"2370 High St, Oakland, CA 94601, USA",https://cocobreezeco.myshopify.com/pages/location
Jamaican,Yangtse Taste of Thai,"1136 S Main St, Salinas, CA 93901, USA",
Jamaican,Alfonso's Authentic Mexican Food,"11252 Merritt St, Castroville, CA 95012, USA",
Kuwaiti,Paine's Restaurant,"421 East St, Hollister, CA 95023, USA",https://www.paineshollister.com/
Laotian,Laos Kitchen,"887 4th St, San Rafael, CA 94901, USA",http://www.laoskitchensanrafael.com/
Laotian,That Luang Kitchen Lao Cuisine,"1614 23rd St, San Pablo, CA 94806, USA",
Laotian,Lao Table,"149 2nd St, San Francisco, CA 94105, USA",http://laotablesf.com/
Laotian,Famous Lao Papaya,"3005 Silver Creek Rd STE 164, San Jose, CA 95121, USA",
Laotian,Blú Lotus | Lao & Thai Restaurant,"3641 Mitchell Rd F, Ceres, CA 95307, USA",http://facebook.com/blulotusrestaurant
Laotian,Vientiane Lao Thai Restaurant,"10262 Westminster Ave, Garden Grove, CA 92843, USA",https://vientianelaothai.com/
Laotian,Lao-Thai Kitchen,"1406 Solano Ave, Albany, CA 94706, USA",https://laothaikitchen.com/
Laotian,LAOTHAI restaurant,"1017 Casitas Pass Rd, Carpinteria, CA 93013, USA",http://www.laothaiusa.com/
Laotian,Thai Lao Cuisine,"5484 Dewey Dr, Fair Oaks, CA 95628, USA",https://www.thailaocuisine.com/
Laotian,Maya Thai Laos Restaurant,"3550 San Pablo Dam Rd, El Sobrante, CA 94803, USA",http://mayathailao.com/
Malaysian,Cheung Sheng Chinese Restaurant,"730 San Benito St ste a, Hollister, CA 95023, USA",https://order.online/business/cheung-sheng-chinese-restaurant-12686311
Malaysian,Layang Layang Malaysian Cuisine,"181 W Calaveras Blvd, Milpitas, CA 95035, USA",https://layang-layang-malaysian-cuisine.com/
Malaysian,Ipoh Garden Malaysian Cuisine,"100 El Camino Real, Millbrae, CA 94030, USA",https://smorefood.com/order-online/ipoh-garden-malaysian-cuisine-millbrae-94030-kv9ifbyu?utm_source=gmb&utm_medium=website
Malaysian,Mingala Restaurant,"39055 Cedar Blvd #108, Newark, CA 94560, USA",https://www.bestfoodtodayus.com/ordering/restaurant/menu?restaurant_uid=1ef3c93f-4bf5-402a-98b3-972f1821494d
Malaysian,Banana Leaf Restaurant,"182 Ranch Dr, Milpitas, CA 95035, USA",http://www.bananaleaf-usa.com/
Malaysian,MY-Malaysianfood,"1566 Carroll Ave Unit 2K, San Francisco, CA 94124, USA",https://mymalaysianfoodca.allhungry.com/
Malaysian,Miyako Japanese Restaurant,"321 San Felipe Rd, Hollister, CA 95023, USA",http://miyakohollister.com/
Malaysian,Pineapple Village,"769 1st St, Gilroy, CA 95020, USA",
Malaysian,Nyonya Cafe,"5321 Hopyard Rd, Pleasanton, CA 94588, USA",https://www.nyonyacafe.us/
Malaysian,Chicken Licious,"2863 Senter Rd, San Jose, CA 95111, USA",http://chickenliciousbento.com/
Malaysian,Penang Garden Restaurant,"728 Washington St, San Francisco, CA 94108, USA",http://www.penanggarden.com/
Malaysian,Damansara Co.,"1781 Church St, San Francisco, CA 94131, USA",http://damansarasf.com/
Malaysian,El Rinconcito Authentic Mexican Food,"191 San Felipe Rd ste g, Hollister, CA 95023, USA",http://el-rinconcito-hollister.lany.io/
Malaysian,El Michoacano Restaurant,"1296 San Juan Hollister Rd, Hollister, CA 95023, USA",https://elmichoacanorestaurantca.com/
Malaysian,El Epazote Restaurant,"35 5th St suite A, Hollister, CA 95023, USA",https://www.facebook.com/ElEpazoteRestaurant/
Mongolian,Cheung Sheng Chinese Restaurant,"730 San Benito St ste a, Hollister, CA 95023, USA",https://order.online/business/cheung-sheng-chinese-restaurant-12686311
Nepalese,Kathmandu Cuisine,"138 S Main St, Milpitas, CA 95035, USA",http://www.kathmanducuisine.com/
Nepalese,Avatar Indo-Nepal,"398 Fremont St, Monterey, CA 93940, USA",http://avatarindonepal.square.site/
Nepalese,Namastee Nepal Food Truck,"1288 W El Camino Real, Mountain View, CA 94040, USA",
Nepalese,Nepalese Indian Restaurant,"1109 Fillmore St, San Francisco, CA 94115, USA",http://nepaleseindianbites.com/
Nepalese,Cuisine of Nepal Restaurant,"3486 Mission St, San Francisco, CA 94110, USA",http://cuisineofnepal.com/
Nepalese,Rara,"201 California Ave, Palo Alto, CA 94306, USA",https://rararestaurant.com/
Nepalese,Himalayan Kitchen,"227 3rd St, San Rafael, CA 94901, USA",https://himalayankitchenmarin.com/
Nepalese,Zomsa,"10558 San Pablo Ave, El Cerrito, CA 94530, USA",https://zomsaelcerrito.com/
Nepalese,Himalayan Cuisine - Nepalese & Indian Restaurant,"2118 Willow Pass Rd #400, Concord, CA 94520, USA",http://www.himalayancuisines.com/
Nepalese,Himalayan Magic Masala,"1600 Saratoga Ave #203, San Jose, CA 95129, USA",http://himalayanmagicmasala.com/
Nepalese,Taste of Nepal,"1639 S State St A, Ukiah, CA 95482, USA",http://thetasteofnepal.com/
Nepalese,Bini's Kitchen LLC,"1001 Howard St, San Francisco, CA 94103, USA",https://biniskitchen.com/
Nepalese,Bini's Kitchen LLC,"McKesson Plaza, 1 Post St, San Francisco, CA 94104, USA",http://biniskitchen.com/
Nepalese,Aangan,"856 San Pablo Ave, Albany, CA 94706, USA",http://aangancalifornia.com/
Nepalese,MoMo Masalas,"2505 Hearst Ave B, Berkeley, CA 94709, USA",https://momomasalas.com/
Nepalese,Kathmandu Cafe & Grill - Taste Of Nepal,"6761 Sebastopol Ave, Sebastopol, CA 95472, USA",http://kathmanducafegrill.com/
Nepalese,Himalayan Kitchen,"820 E El Camino Real, Mountain View, CA 94040, USA",https://himalayan-kitchen.com/
Nicaraguan,Oye Managua,"3385 Mission St, San Francisco, CA 94110, USA",
Norwegian,Seabrisa's Eatery,"155 Skylane Dr, Hollister, CA 95023, USA",
Pakistani,Zareen's Restaurant & Catering,"2039 Broadway, Redwood City, CA 94063, USA",http://www.zareensrestaurant.com/
Pakistani,Little Lahore ®,"307 S Central Ave, Lodi, CA 95240, USA",http://www.littlelahore.com/
Pakistani,Mashaallah Halal Pakistani Food Restaurant,"845 Market St space 4, San Francisco, CA 94103, USA",https://mashallah-halal-food.com/
Pakistani,Monterey Halal Market,"825 Hamilton Ave, Seaside, CA 93955, USA",https://montereyhalalmarket.com/
Pakistani,Avatar Indian Grill,"1568 Constitution Blvd, Salinas, CA 93905, USA",http://www.avatarindiangrill.com/
Pakistani,Little India Indian Cuisine,"1340 1st St A, Gilroy, CA 95020, USA",http://littleindiagilroy.com/
Pakistani,Taste of India,"13289 CA-33, Santa Nella, CA 95322, USA",https://www.tasteofindiasantanella.com/
Pakistani,Shawarma King & More,"11601 Merritt St, Castroville, CA 95012, USA",
Pakistani,Hyderabad Dum Biryani,"55 Dempsey Rd, Milpitas, CA 95035, USA",https://hdbiryani.com/
Pakistani,Harris Ranch Resort,"24505 W Dorris Ave, Coalinga, CA 93210, USA",https://www.harrisranch.com/
Pakistani,Wayback Burgers,"46365 W Panoche Rd, Firebaugh, CA 93622, USA",https://waybackburgers.com/locations/california/firebaugh/?y_source=1_MTM4NTMxODItNzE1LWxvY2F0aW9uLndlYnNpdGU%3D
Pakistani,Aabha Indian cuisine,"220 Olivier St, Monterey, CA 93940, USA",http://www.aabhacarmel.com/
Pakistani,The Burger Den,"8425 San Ysidro Ave, Gilroy, CA 95020, USA",https://theburgerden.com/?y_source=1_NDk0ODEzMDAtNzE1LWxvY2F0aW9uLndlYnNpdGU%3D
Pakistani,Aabha Indian Cuisine,"3690 The Barnyard, Carmel-By-The-Sea, CA 93923, USA",https://www.aabhacarmel.com/
Pakistani,Tandoori Flames,"110 Cochrane Plaza, Morgan Hill, CA 95037, USA",http://www.tandooriflames.com/
Pakistani,Harris Ranch Express BBQ,"24553 W Dorris Ave, Coalinga, CA 93210, USA",https://www.harrisranchexpressbbq.com/
Pakistani,Shahnawaz Restaurant,"18728 Pioneer Blvd 2nd floor, Artesia, CA 90701, USA",https://www.shahnawazcalifornia.com/
Pakistani,Pak Halal Kitchen,"18743 Pioneer Blvd #101, Artesia, CA 90701, USA",https://www.pak-halal.com/
Pakistani,Desi Korai,"4481 Stevens Creek Blvd, Santa Clara, CA 95051, USA",http://m.me/desikorai
Pakistani,Punjab Express,"1664 Countryside Dr, Turlock, CA 95380, USA",
Panamanian,Paine's Restaurant,"421 East St, Hollister, CA 95023, USA",https://www.paineshollister.com/
Peruvian,El Epazote Restaurant,"35 5th St suite A, Hollister, CA 95023, USA",https://www.facebook.com/ElEpazoteRestaurant/
Peruvian,La Costanera,"260 Capistrano Rd, Half Moon Bay, CA 94019, USA",http://www.lacostanerarestaurant.com/
Peruvian,El Kora Restaurant,"153 Griffin St, Salinas, CA 93901, USA",http://orderelkorarestaurant.com/
Peruvian,Barranco Cocina Peruana,"3596 Mount Diablo Blvd, Lafayette, CA 94549, USA",http://www.barrancokitchen.com/
Peruvian,Parada,"7001 Sunne Ln, Walnut Creek, CA 94597, USA",http://paradakitchen.com/
Peruvian,Inca's Peruvian Cuisine,"799 Gravenstein Hwy S, Sebastopol, CA 95472, USA",https://www.incasrestaurant.net/
Peruvian,Warike Restobar,"527 4th St, Santa Rosa, CA 95401, USA",https://warikesf.com/
Peruvian,Rosa's Traditional Peruvian Food,"3220 Stine Rd, Bakersfield, CA 93309, USA",
Peruvian,Rockoto Peruvian Cuisine,"207 Linden Ave, South San Francisco, CA 94080, USA",
Peruvian,Mochica,"1469 18th St, San Francisco, CA 94107, USA",http://www.mochicasf.com/
Peruvian,Piqueo's,"830 Cortland Ave, San Francisco, CA 94110, USA",http://www.piqueos.com/
Peruvian,Paradita Eatery,"5959 Shellmound St, Emeryville, CA 94608, USA",http://www.paradita.com/
Peruvian,Tondero Peruvian Cuisine,"9347 Slauson Ave, Pico Rivera, CA 90660, USA",https://picoriveraperuviancuisine.com/
Peruvian,Los hermanos comida peruana,"Bakersfield, CA 93309, USA",
Peruvian,Jimmy's Peruvian & Mexican Restaurant,"3032 Auburn Blvd, Sacramento, CA 95821, USA",https://www.jimmysperuvianrestaurant.com/
Peruvian,LOS ANDES PERUVIAN RESTAURANT,"8330 Long Beach Blvd, South Gate, CA 90280, USA",https://bit.ly/2N5y2Fr
Peruvian,El Pollo Rey,"1188 Broadway Ave, Seaside, CA 93955, USA",
Peruvian,Ayawaska Petaluma,"101 2nd St #190, Petaluma, CA 94952, USA",http://ayawaskasf.com/
Peruvian,Sanguchon Eatery,"1182 Valencia St, San Francisco, CA 94110, USA",http://sanguchoneatery.com/
Peruvian,Peruvian catacaos,"5330 Monterey Rd K3, San Jose, CA 95111, USA",
Philippine,Camalig Filipino Cuisine,"190 E Laurel Dr, Salinas, CA 93906, USA",http://camalig-filipino-cuisine.cafe-inspector.com/
Philippine,Lola's Kusina,"265 Reservation Rd # J, Marina, CA 93933, USA",
Philippine,Yoli's Adobo,"412 Riverside Dr, Watsonville, CA 95076, USA",
Philippine,Tara Mangan Keni,"265 Reservation Rd # J, Marina, CA 93933, USA",
Philippine,Pinoy's Place Restaurant by Kusina,"676 Bockman Rd Unit G, San Lorenzo, CA 94580, USA",
Philippine,Dampa Filipino Food,"2960 Castro Valley Blvd, Castro Valley, CA 94546, USA",http://dampafilipinofood.com/
Philippine,Rene Rose FILIPINO KITCHEN,"621 Caliente Dr, Sunnyvale, CA 94085, USA",
Philippine,Manila Turo Turo,"3900 Lake Arrowhead Ave, Fremont, CA 94555, USA",https://manilaturoturo.com/
Philippine,Nayong Filipino,"1796 Whipple Rd, Union City, CA 94587, USA",http://www.nayongfilipino.com/
Philippine,Mama Go’s Filipino Cuisine (SFO T1),"San Francisco International Airport-T1 Harvey Milk Terminal Gate B18, Space B.2.295, San Francisco, CA 94128, USA",http://mamagos.com/
Philippine,Manila Sunrise,"Alvarado Place, 4122 Dyer St, Union City, CA 94587, USA",
Philippine,Mabuhay Filipino Store,"631 E Alvin Dr # B, Salinas, CA 93906, USA",
Philippine,Manila Good Ha In Union City,"31802 Alvarado Blvd, Union City, CA 94587, USA",
Philippine,Manila Bay Cuisine,"92 Serramonte Center, Daly City, CA 94015, USA",
Philippine,Nayong Filipino,"1295 Horizon Dr, Fairfield, CA 94533, USA",
Philippine,Edwins Carmel,"Corner of 6th Avenue &, San Carlos St, Carmel-By-The-Sea, CA 93921, USA",http://www.edwinscarmel.com/
Philippine,Tambayan Filipino Eatery,"600 Larkfield Center, Santa Rosa, CA 95403, USA",https://www.tambayaneatery.com/
Polish,Paine's Restaurant,"421 East St, Hollister, CA 95023, USA",https://www.paineshollister.com/
Puerto Rican,Yoli's Adobo,"412 Riverside Dr, Watsonville, CA 95076, USA",
Romanian,The Baler Steakhouse,"500 San Benito St, Hollister, CA 95023, USA",http://thebalersteakhouse.com/
Saudi Arabian,Shawarma King & More,"11601 Merritt St, Castroville, CA 95012, USA",
Singaporean,Cheung Sheng Chinese Restaurant,"730 San Benito St ste a, Hollister, CA 95023, USA",https://order.online/business/cheung-sheng-chinese-restaurant-12686311
Singaporean,Wong's Garden Chinese Restaurant,"1709 CA-25, Hollister, CA 95023, USA",
Singaporean,Shiok! Singapore Kitchen,"1137 Chestnut St, Menlo Park, CA 94025, USA",http://www.shiokkitchen.com/
Singaporean,To Pho,"650 San Benito St #110, Hollister, CA 95023, USA",
Singaporean,Jim's Restaurant,"8069 San Miguel Canyon Rd, Prunedale, CA 93907, USA",
Singaporean,Pineapple Village,"769 1st St, Gilroy, CA 95020, USA",
Singaporean,Panda Express,"1906 N Davis Rd, Salinas, CA 93907, USA",https://www.pandaexpress.com/locations/ca/salinas/1693
Singaporean,Dynasty Court Chinese Restaurant,"1558 N Main St, Salinas, CA 93906, USA",http://dynasty-court.cafes-usa.com/
Singaporean,Golden China Restaurant,"1250 N Main St, Salinas, CA 93906, USA",
Singaporean,Eagle Chinese Restaurant,"26 W Alisal St, Salinas, CA 93901, USA",http://www.eaglerestaurant.net/
Singaporean,Juicy Crab Cajun Seafood & Chinese Food,"1784 Fremont Blvd, Seaside, CA 93955, USA",https://www.juicycrabcajunseafood.com/
Singaporean,Dabao Singapore,"1661 Tennessee St Unit 2K, San Francisco, CA 94107, USA",https://dabaosingapore.com/
Singaporean,Hong Kong Garden II,"1012 E Lake Ave, Watsonville, CA 95076, USA",https://qmenu.us/#/hong-kong-garden-ii-watsonville
Singaporean,Ginger Thai Kitchen,"1104 S Main St, Salinas, CA 93901, USA",http://www.gingerthaikitchen.com/
Slovak,Running Rooster,"800 San Benito St, Hollister, CA 95023, USA",http://www.runningrooster.com/
Somali,Jubba Somali Restaurant,"5330 Terner Way, San Jose, CA 95136, USA",
South African,Kendejah Restaurant,"197 Pelton Center Way, San Leandro, CA 94577, USA",http://www.kendejahrestaurant.com/
Sri Lankan,Baja Subs Market & Deli,"8801 Reseda Blvd Suite A, Northridge, CA 91324, USA",https://asianflavorsstore.com/
Swiss,Lugano Swiss Bistro,"3670 The Barnyard, Carmel-By-The-Sea, CA 93923, USA",
Syrian,Shawarma King & More,"11601 Merritt St, Castroville, CA 95012, USA",
Taiwanese,Cheung Sheng Chinese Restaurant,"730 San Benito St ste a, Hollister, CA 95023, USA",https://order.online/business/cheung-sheng-chinese-restaurant-12686311
Tanzanian,Radio Africa Kitchen,"4800 3rd St, San Francisco, CA 94124, USA",
Thai,Khao San Thai Kitchen,"1255 N Davis Rd, Salinas, CA 93907, USA",http://www.khaosanthaisalinas.com/
Thai,Yangtse Taste of Thai,"1136 S Main St, Salinas, CA 93901, USA",
Thai,Sukho Thai Restaurant,"1433 Main St, Watsonville, CA 95076, USA",http://www.sukhothaiwatsonville.com/
Thai,I’m Thai Cuisine,"3170 Vista Del Camino Rd, Marina, CA 93933, USA",https://imthaimarina.com/
Thai,Ginger Thai Kitchen,"1104 S Main St, Salinas, CA 93901, USA",http://www.gingerthaikitchen.com/
Thai,To Pho,"650 San Benito St #110, Hollister, CA 95023, USA",
Thai,Thai Village,"7 Del Fino Pl, Carmel Valley, CA 93924, USA",
Thai,Lemongrass Seafood Bar & Grill Thai Cuisine,"413 Moss Landing Rd, Moss Landing, CA 95039, USA",https://www.lemongrassthaimosslanding.com/
Thai,Super Noodles,"195 Meridian St, Hollister, CA 95023, USA",
Thai,Sawasdee Thai Cuisine,"5050 Soquel Dr, Soquel, CA 95073, USA",https://sawasdeesoquel.com/
Thai,Thai Basil,"210 Monterey Ave suite 3, Capitola, CA 95010, USA",http://thaibasilcapitola.square.site/
Thai,Saigon -2- Siam Bistro,"1280 1st St, Gilroy, CA 95020, USA",https://www.facebook.com/saigon2siambistro
Thai,Mai Thai Cuisine,"1219 Forest Ave, Pacific Grove, CA 93950, USA",http://maithaicuisinepg.com/
Thai,Siam Thai Restaurant,"17120 Monterey Rd, Morgan Hill, CA 95037, USA",http://www.siamthaimorganhill.com/
Thai,Baan Thai Restaurant,"1760 Fremont Blvd F1, Seaside, CA 93955, USA",http://baanthaiseaside.com/
Thai,My Thai Beach,"207 Esplanade, Capitola, CA 95010, USA",
Thai,Bangkok West,"2505 Cabrillo College Dr, Aptos, CA 95003, USA",http://www.bangkokwest.com/
Thai,Pineapple Village,"769 1st St, Gilroy, CA 95020, USA",
Thai,Pacific Thai Cuisine,"663 Lighthouse Ave, Pacific Grove, CA 93950, USA",http://www.pacificthaicuisineca.com/
Thai,Vegan Thai Way,"1219 Forest Ave, Pacific Grove, CA 93950, USA",
Ukrainian,Leleka,"40 Belden Pl, San Francisco, CA 94104, USA",https://lelekasf.com/
Venezuelan,Manzi's Venezuelan Cuisine,"681 Leavesley Rd, Gilroy, CA 95020, USA",https://www.manzisvenezuelancuisine.com/
Vietnamese,To Pho,"650 San Benito St #110, Hollister, CA 95023, USA",
Yemeni,Yemen Kitchen,"219 Jones St, San Francisco, CA 94102, USA",https://yemenkitchen.com/
Zambian,San Benito Foods,"711 Sally St, Hollister, CA 95023, USA",https://neiljonesfoodcompany.com/san-benito-foods/
Zimbabwean,San Benito Foods,"711 Sally St, Hollister, CA 95023, USA",https://neiljonesfoodcompany.com/san-benito-foods/
