Cuisine Type,Name,Address,Website
Mexican,Cancun Mexican Grill & Bar,"732 Dolly Parton Pkwy, Sevierville, TN 37862, USA",
Mexican,El Paso Mexican Restaurant,"560 Winfield Dunn Pkwy #9, Sevierville, TN 37876, USA",https://elpasomexican.net/menus/
Mexican,La Carreta Mexican Restaurant,"241 Forks of the River Pkwy, Sevierville, TN 37862, USA",http://lacarretatn.com/
Mexican,El Machete Mexican Bar and Grill,"1989 Winfield Dunn Pkwy, Sevierville, TN 37876, USA",
Mexican,Tequila Spice Mexican Grill & Cantina,"360 Forks of the River Pkwy, Sevierville, TN 37862, USA",http://www.tequilaspice.com/
Mexican,Cielito Lindo,"3965 Parkway, Pigeon Forge, TN 37863, USA",https://cielitolindomexicangrillpf.com/
Mexican,El Eslabon Mexican Bar & Grill,"712 Parkway, Sevierville, TN 37862, USA",https://www.eleslabonmexican.com/
Mexican,El Primo Products Hispanos,"116 Cate Rd, Sevierville, TN 37862, USA",
Mexican,El Ranchero Loco,"2902 Veterans Blvd #5, Pigeon Forge, TN 37863, USA",
Mexican,Comida Hondureña Juanita,"619 Eastgate Rd, Sevierville, TN 37862, USA",https://juanitacomidahondurena.com/
Mexican,SMOKY MOUNTAIN BURRITOS MEXICAN GRILL,"2250 Parkway, Pigeon Forge, TN 37863, USA",https://www.smokymtnburritos.com/
Mexican,Chipotle Mexican Grill,"1713 Parkway, Sevierville, TN 37862, USA",https://locations.chipotle.com/tn/sevierville/1713-parkway?utm_source=google&utm_medium=yext&utm_campaign=yext_listings
Mexican,Pollo Loco,"1732 Newport Hwy, Sevierville, TN 37876, USA",https://pollolocomexicanrestaurant.com/
Mexican,Azul Cantina,"2655 Teaster Ln Suite 305, Pigeon Forge, TN 37863, USA",https://www.azulmexicancantina.com/
Mexican,Taqueria Macho Taco,"3209 Wears Valley Rd Suite B, Sevierville, TN 37862, USA",
Mexican,La Patrona Mexican Restaurant,"2487 Boyds Creek Hwy, Sevierville, TN 37876, USA",
Mexican,No Way Jose's Cantina,"104 Waldens Main St, Pigeon Forge, TN 37863, USA",https://nowayjosescantina.com/
Mexican,Taqueria Catracho,"1223 Ridge Rd, Sevierville, TN 37862, USA",
Mexican,No Way Jose’s Mexican Cantina,"555 Parkway, Gatlinburg, TN 37738, USA",https://nowayjosescantina.com/
Mexican,Taqueria La gasolinera,"632 Wears Valley Rd, Pigeon Forge, TN 37863, USA",
Swedish,Five Oaks Farm Kitchen,"1638 Parkway, Sevierville, TN 37862, USA",http://fiveoaksfarmkitchen.com/
Latvian,Ristorante DellaSantina,"2004 Red Bank Rd, Sevierville, TN 37876, USA",http://www.ristorantedellasantina.com/
Italian,Olive Garden Italian Restaurant,"1570 Parkway, Sevierville, TN 37862, USA",https://www.olivegarden.com/locations/tn/sevierville/sevierville/1662?cmpid=br:og_ag:ie_ch:loc_ca:OGGMB_sn:gmb_gt:sevierville-tn-1662_pl:locurl_rd:1517
Italian,Gondolier Italian Restaurant,"964 Dolly Parton Pkwy #3707, Sevierville, TN 37862, USA",https://gondolierpizza.com/
Italian,Johnny Carino's,"2425 Parkway, Pigeon Forge, TN 37863, USA",
Italian,Ristorante DellaSantina,"2004 Red Bank Rd, Sevierville, TN 37876, USA",http://www.ristorantedellasantina.com/
Italian,Best Italian on the Parkway,"710 Parkway, Gatlinburg, TN 37738, USA",https://www.bestitalian.com/
Italian,Roma Table,"1503 Parkway, Sevierville, TN 37862, USA",https://romatable.com/
Italian,Best Italian Cafe & Pizzeria in Elks Plaza,"968 Parkway Suite #9, Gatlinburg, TN 37738, USA",http://www.bestitalian.com/
Italian,Bellacinos,"Sevierville, TN 37862, USA",
Italian,DŌ Scratch Made Pasta & Pizza,"160 Court Ave, Sevierville, TN 37862, USA",http://dopizzapasta.com/
Italian,Solorzano’s Pizzeria Pigeon Forge,"204 Pine Mountain Rd #5, Pigeon Forge, TN 37863, USA",http://www.nobodymakespizzalikewedo.com/
Italian,Big Daddy's Pizzeria,"1820 Parkway, Sevierville, TN 37862, USA",https://www.bigdaddyspizzeria.net/
Italian,Nino's Pizzeria & Eatery,"105 Long Springs Rd, Sevierville, TN 37876, USA",http://www.ninospizzeriaandeatery.com/home.html
Italian,England Foods,"976 Parkway, Gatlinburg, TN 37738, USA",
Italian,Bellacino's Pizza & Grinders,"716 Dolly Parton Pkwy, Sevierville, TN 37862, USA",https://locations.bellacinos.com/ll/US/TN/Sevierville/716-Dolly-Parton-Pkwy
Italian,Solorzanos Pizzeria Waldens Creek,"1725 Waldens Creek Rd #101, Pigeon Forge, TN 37862, USA",http://www.nobodymakespizzalikewedo.com/
Italian,J. Del's Pizza,"2664 Teaster Ln, Pigeon Forge, TN 37863, USA",
Italian,Geno's Pizza,"2631 Parkway #3, Pigeon Forge, TN 37863, USA",http://www.genospizza.com/
Italian,Mama DeLuca's Pizza,"1645 Parkway, Sevierville, TN 37862, USA",
Italian,Piccolo's Pizza,"2509 Newport Hwy, Sevierville, TN 37876, USA",https://www.piccolospizzaseviertogo.com/
Italian,New York Pizza & Pasta,"611 Parkway b5, Gatlinburg, TN 37738, USA",
Spanish,El Primo Products Hispanos,"116 Cate Rd, Sevierville, TN 37862, USA",
Spanish,La Catrachada Mexican & latino grill,"737 Dolly Parton Pkwy, Sevierville, TN 37862, USA",
Spanish,La Patrona Mexican Restaurant,"2487 Boyds Creek Hwy, Sevierville, TN 37876, USA",
Spanish,El Paso Mexican Restaurant,"560 Winfield Dunn Pkwy #9, Sevierville, TN 37876, USA",https://elpasomexican.net/menus/
Spanish,LeConte Tapas & Grill,"805 East Pkwy, Gatlinburg, TN 37738, USA",https://lecontetapas.com/
Spanish,El Eslabon Mexican Bar & Grill,"712 Parkway, Sevierville, TN 37862, USA",https://www.eleslabonmexican.com/
Spanish,Tequila Spice Mexican Grill & Cantina,"360 Forks of the River Pkwy, Sevierville, TN 37862, USA",http://www.tequilaspice.com/
Spanish,La Carreta Mexican Restaurant,"241 Forks of the River Pkwy, Sevierville, TN 37862, USA",http://lacarretatn.com/
Spanish,Taqueria Catracho,"1223 Ridge Rd, Sevierville, TN 37862, USA",
Spanish,El comedor,"1223 Ridge Rd, Sevierville, TN 37862, USA",
Spanish,Cancun Mexican Grill & Bar,"732 Dolly Parton Pkwy, Sevierville, TN 37862, USA",
Spanish,Cielito Lindo,"3965 Parkway, Pigeon Forge, TN 37863, USA",https://cielitolindomexicangrillpf.com/
Spanish,El Machete Mexican Bar and Grill,"1989 Winfield Dunn Pkwy, Sevierville, TN 37876, USA",
Spanish,Comida Hondureña Juanita,"619 Eastgate Rd, Sevierville, TN 37862, USA",https://juanitacomidahondurena.com/
Spanish,Pollo Loco,"1732 Newport Hwy, Sevierville, TN 37876, USA",https://pollolocomexicanrestaurant.com/
Spanish,Taqueria La gasolinera,"632 Wears Valley Rd, Pigeon Forge, TN 37863, USA",
Spanish,No Way Jose's Cantina,"104 Waldens Main St, Pigeon Forge, TN 37863, USA",https://nowayjosescantina.com/
Spanish,El Ranchero Loco,"2902 Veterans Blvd #5, Pigeon Forge, TN 37863, USA",
Spanish,Azul Cantina,"2655 Teaster Ln Suite 305, Pigeon Forge, TN 37863, USA",https://www.azulmexicancantina.com/
Spanish,Talitas Restaurant,"2961 Veterans Blvd Ste A, Pigeon Forge, TN 37863, USA",https://website--2220947229113018721117-restaurant.business.site/
American,THE DINER,"550 Winfield Dunn Pkwy, Sevierville, TN 37876, USA",https://places.singleplatform.com/the-diner-6
American,Local Goat - New American Restaurant Pigeon Forge,"2167 Parkway, Pigeon Forge, TN 37863, USA",https://www.localgoatpf.com/
American,Applewood Farmhouse Restaurant,"240 Apple Valley Rd, Sevierville, TN 37862, USA",http://www.applewoodrestaurant.com/
American,Five Oaks Farm Kitchen,"1638 Parkway, Sevierville, TN 37862, USA",http://fiveoaksfarmkitchen.com/
American,Cracker Barrel Old Country Store,"690 Winfield Dunn Pkwy, Sevierville, TN 37876, USA",https://www.crackerbarrel.com/Locations/States/tn/sevierville/514/?utm_source=google&utm_medium=maps&utm_campaign=crackerbarrelurl
American,Cheddar's Scratch Kitchen,"3240 Parkway, Pigeon Forge, TN 37863, USA",https://www.cheddars.com/locations/tn/pigeon-forge/pigeon-forge/2161?cmpid=br:csk_ag:ie_ch:loc_ca:CSKGMB_sn:gmb_gt:pigeon-forge-tn-2161_pl:locurl_rd:1133
American,Holston's Kitchen,"639 Dolly Parton Pkwy, Sevierville, TN 37862, USA",https://holstonskitchen.com/
American,Shoney's - Sevierville,"339 Forks of the River Pkwy, Sevierville, TN 37862, USA",https://www.shoneysknox.com/
American,Hard Rock Cafe,"2050 Parkway, Pigeon Forge, TN 37863, USA",https://cafe.hardrock.com/pigeon-forge/#utm_source=Google&utm_medium=Yext&utm_campaign=Listings
American,Applewood Farmhouse Grill,"220 Apple Valley Rd, Sevierville, TN 37862, USA",http://applewoodfarmhouserestaurant.com/
American,Cracker Barrel Old Country Store,"2285 Parkway, Pigeon Forge, TN 37863, USA",https://www.crackerbarrel.com/Locations/States/tn/pigeon-forge/360/?utm_source=google&utm_medium=maps&utm_campaign=crackerbarrelurl
American,A&W Restaurant,"929 Dolly Parton Pkwy, Sevierville, TN 37862, USA",https://awrestaurants.com/locations/tennessee/sevierville/929-dolly-parton-parkway/
American,The Chop House,"1649 Parkway, Sevierville, TN 37862, USA",https://www.thechophouse.com/
American,Blue Moose Burgers & Wings,"2430 Teaster Ln #108, Pigeon Forge, TN 37863, USA",http://bluemooseburgersandwings.com/
American,Fort Worth Steakhouse,"1560 Parkway, Sevierville, TN 37862, USA",https://fortworthsevierville.com/
American,Cracker Barrel Old Country Store,"3960 Parkway, Pigeon Forge, TN 37863, USA",https://www.crackerbarrel.com/Locations/States/tn/pigeon-forge/53/?utm_source=google&utm_medium=maps&utm_campaign=crackerbarrelurl
American,Texas Roadhouse,"180 Collier Dr, Sevierville, TN 37862, USA",https://www.texasroadhouse.com/locations/tennessee/sevierville?utm_source=listing&utm_medium=search
American,Bullfish Grill,"2441 Parkway, Pigeon Forge, TN 37863, USA",https://bullfishgrill.com/
American,Mel's Classic Diner,"119 Wears Valley Rd, Pigeon Forge, TN 37863, USA",https://melsdinerpf.com/
American,LongHorn Steakhouse,"1706 Parkway, Sevierville, TN 37862, USA",https://www.longhornsteakhouse.com/locations/tn/sevierville/sevierville/5348?cmpid=br:lh_ag:ie_ch:loc_ca:LHGMB_sn:gmb_gt:sevierville-tn-5348_pl:locurl_rd:1294
Scottish,The Roaming Gnome Pub & Eatery,"202 Collier Dr, Sevierville, TN 37862, USA",http://www.gnomepub.net/
Scottish,The Fox & Parrot Tavern,"1065 Glades Rd, Gatlinburg, TN 37738, USA",https://www.foxandparrottavern.com/
Scottish,Holston's Kitchen,"639 Dolly Parton Pkwy, Sevierville, TN 37862, USA",https://holstonskitchen.com/
Scottish,Local Eatery and Grill,"2453 Boyds Creek Hwy Suite 103, Sevierville, TN 37876, USA",http://localeaterygrill.com/
Scottish,The Rampant Lion,"734 Powdermill Rd, Gatlinburg, TN 37738, USA",https://rampantlionpub.com/
Scottish,The Chop House,"1649 Parkway, Sevierville, TN 37862, USA",https://www.thechophouse.com/
Scottish,Boudicca's Celtic Pub,"634 Parkway # 7, Gatlinburg, TN 37738, USA",https://boudiccascelticpub.com/
Scottish,Chesapeake's Seafood and Raw Bar,"437 Parkway, Gatlinburg, TN 37738, USA",http://chesapeakes.com/
Scottish,Five Oaks Farm Kitchen,"1638 Parkway, Sevierville, TN 37862, USA",http://fiveoaksfarmkitchen.com/
Scottish,Station51 Chicken,"1304 Parkway #101, Sevierville, TN 37862, USA",https://station51chicken.com/
Scottish,Seasons 101,"101 E Main St, Sevierville, TN 37862, USA",https://www.seasons101.com/
Scottish,The Abbey at the Heartland Chapel,"7765 River Rd, Townsend, TN 37882, USA",https://www.townsendabbey.com/
Scottish,Applewood Farmhouse Restaurant,"240 Apple Valley Rd, Sevierville, TN 37862, USA",http://www.applewoodrestaurant.com/
Scottish,Trotter's Whole Hog BBQ,"127 Bruce St, Sevierville, TN 37862, USA",https://www.trottersbbq.com/?utm_source=cumulus&utm_medium=onlinepresence&utm_campaign=gbp
Scottish,THE DINER,"550 Winfield Dunn Pkwy, Sevierville, TN 37876, USA",https://places.singleplatform.com/the-diner-6
Scottish,Chubby's Restaurant,"1386 Dolly Parton Pkwy, Sevierville, TN 37862, USA",http://chubbysrestaurant.net/
Scottish,Chubby's Deli,"2659 Newport Hwy, Sevierville, TN 37876, USA",https://www.facebook.com/Chubbysdeli865/
Scottish,Puckett's Restaurant - Pigeon Forge,"2480 Parkway, Pigeon Forge, TN 37863, USA",https://puckettsgro.com/
Scottish,Boyd’s Jig and Reel,"101 S Central St, Knoxville, TN 37902, USA",http://www.jigandreel.com/
Scottish,Big Daddy's Pizzeria,"1820 Parkway, Sevierville, TN 37862, USA",https://www.bigdaddyspizzeria.net/
British,The Fox & Parrot Tavern,"1065 Glades Rd, Gatlinburg, TN 37738, USA",https://www.foxandparrottavern.com/
Thai,Thai Basil,"530 Winfield Dunn Pkwy, Sevierville, TN 37862, USA",https://thaibasilsevierville.com/
Thai,Thai Palace,"1811 Parkway #104, Sevierville, TN 37862, USA",http://mythaipalace.com/
Thai,The Baht,"122 Spruce Ln, Gatlinburg, TN 37738, USA",https://www.the-baht.com/
Japanese,Nagano Japanese Grill,"1725 Parkway, Sevierville, TN 37862, USA",
Japanese,Sakura Japanese Buffet,"624 Parkway, Sevierville, TN 37862, USA",
Japanese,Little Tokyo Restaurant,"2430 Teaster Ln #212, Pigeon Forge, TN 37863, USA",
Japanese,Roll On In,"750 Winfield Dunn Pkwy #140, Sevierville, TN 37876, USA",https://www.clover.com/online-ordering/rolloninsevierville-sevierville
Japanese,NAO Japanese Grill,"3676 Parkway, Pigeon Forge, TN 37863, USA",https://nao-japanese-grill.com/hibachi-and-sushi-restaurant-in-pigeon-forge-tn/?utm_source=gbp&utm_medium=organic&utm_campaign=gbp_LP&utm_term=12-15-2022&utm_content=1
Japanese,Little Tokyo Cafe,"7552 Mountain Grove Dr, Knoxville, TN 37920, USA",https://littletokyocafe.godaddysites.com/
Japanese,Hibachi Grill & Sushi Bar,"Knoxville, TN 37920, USA",
Japanese,Sakura Sushi and Grill,"10721 Chapman Hwy, Seymour, TN 37865, USA",https://www.sakuraseymour.com/#/
Chinese,China Town Restaurant,"525 Parkway, Sevierville, TN 37862, USA",https://tnchinatown.com/
Chinese,China 1,"739 Dolly Parton Pkwy, Sevierville, TN 37862, USA",http://865-453-8282.chinesemenu.com/
Chinese,No1 Chinese Restaurant,"574 Winfield Dunn Pkwy, Sevierville, TN 37876, USA",https://no1chinesetntogo.com/
Chinese,Panda Express,"1526 Parkway, Sevierville, TN 37862, USA",https://www.pandaexpress.com/locations/tn/sevierville/2528
Chinese,North China Chinese Restaurant,"639 Parkway, Gatlinburg, TN 37738, USA",https://www.facebook.com/pages/North-China-Chinese-Restaurant/113421568690574
Chinese,Lee’s Fusion Cafe,"2528 McGill St, Pigeon Forge, TN 37863, USA",http://www.leesfusioncafe.com/?utm_source=gmb&utm_medium=website
Chinese,Sakura Japanese Buffet,"624 Parkway, Sevierville, TN 37862, USA",
Chinese,Roll On In,"750 Winfield Dunn Pkwy #140, Sevierville, TN 37876, USA",https://www.clover.com/online-ordering/rolloninsevierville-sevierville
Chinese,China Wok,"10721 Chapman Hwy #3, Seymour, TN 37865, USA",
Chinese,Asian Yummy,"11503 Chapman Hwy, Seymour, TN 37865, USA",
Indian,Curry N More,"903 Parkway, Sevierville, TN 37862, USA",http://www.currynmoretn.com/
Indian,Spice Express Indian Kitchen,"3784 Parkway #101, Pigeon Forge, TN 37863, USA",https://spiceexpressindiankitchen.com/
Indian,Tikka Bowl Indian Grill,"3152 Parkway #1b, Pigeon Forge, TN 37863, USA",https://www.tikkabowlindiangrill.com/
Canadian,Five Oaks Farm Kitchen,"1638 Parkway, Sevierville, TN 37862, USA",http://fiveoaksfarmkitchen.com/
Canadian,THE DINER,"550 Winfield Dunn Pkwy, Sevierville, TN 37876, USA",https://places.singleplatform.com/the-diner-6
Canadian,Golden Corral Buffet & Grill,"513 Winfield Dunn Pkwy, Sevierville, TN 37876, USA",https://www.goldencorral.com/locations/804/golden-corral-winfield-dunn-parkway?utm_source=google&utm_medium=local&utm_campaign=localmaps&utm_content=804&utm_source=google&utm_medium=local&utm_campaign=localmaps&utm_content=804
Canadian,Applewood Farmhouse Restaurant,"240 Apple Valley Rd, Sevierville, TN 37862, USA",http://www.applewoodrestaurant.com/
Canadian,Cracker Barrel Old Country Store,"690 Winfield Dunn Pkwy, Sevierville, TN 37876, USA",https://www.crackerbarrel.com/Locations/States/tn/sevierville/514/?utm_source=google&utm_medium=maps&utm_campaign=crackerbarrelurl
Canadian,Dick's Last Resort - Pigeon Forge,"131 The Island Dr, Pigeon Forge, TN 37863, USA",https://dickslastresort.com/locations/pigeon-forge/
Canadian,Chubby's Restaurant,"1386 Dolly Parton Pkwy, Sevierville, TN 37862, USA",http://chubbysrestaurant.net/
Canadian,Fort Worth Steakhouse,"1560 Parkway, Sevierville, TN 37862, USA",https://fortworthsevierville.com/
Canadian,JT Hannah's Kitchen,"3214 Parkway, Pigeon Forge, TN 37863, USA",http://jthannahs.com/
Canadian,Trotter's Whole Hog BBQ,"127 Bruce St, Sevierville, TN 37862, USA",https://www.trottersbbq.com/?utm_source=cumulus&utm_medium=onlinepresence&utm_campaign=gbp
Canadian,The Old Mill Restaurant,"164 Old Mill Ave, Pigeon Forge, TN 37863, USA",http://old-mill.com/
Canadian,Local Goat - New American Restaurant Pigeon Forge,"2167 Parkway, Pigeon Forge, TN 37863, USA",https://www.localgoatpf.com/
Canadian,Little Mountain Eatery,"454 New Center Rd, Sevierville, TN 37876, USA",
Canadian,Preachers Smokehouse,"2929 Pittman Center Rd, Sevierville, TN 37876, USA",https://preacherssmokehousebbq.com/
Canadian,Blue Moose Burgers & Wings,"2430 Teaster Ln #108, Pigeon Forge, TN 37863, USA",http://bluemooseburgersandwings.com/
Canadian,A&W Restaurant,"929 Dolly Parton Pkwy, Sevierville, TN 37862, USA",https://awrestaurants.com/locations/tennessee/sevierville/929-dolly-parton-parkway/
Canadian,Golden Corral Buffet & Grill,"3610 Parkway, Pigeon Forge, TN 37863, USA",https://www.goldencorral.com/locations/779/golden-corral-parkway?utm_source=google&utm_medium=local&utm_campaign=localmaps&utm_content=779&utm_source=google&utm_medium=local&utm_campaign=localmaps&utm_content=779
Canadian,Chubby's Deli,"2659 Newport Hwy, Sevierville, TN 37876, USA",https://www.facebook.com/Chubbysdeli865/
Canadian,Dick's Last Resort - Gatlinburg,"903 Parkway, Gatlinburg, TN 37738, USA",https://dickslastresort.com/locations/gatlinburg/
Canadian,Puckett's Restaurant - Pigeon Forge,"2480 Parkway, Pigeon Forge, TN 37863, USA",https://puckettsgro.com/
Russian,Five Oaks Farm Kitchen,"1638 Parkway, Sevierville, TN 37862, USA",http://fiveoaksfarmkitchen.com/
Jewish,Chubby's Deli,"2659 Newport Hwy, Sevierville, TN 37876, USA",https://www.facebook.com/Chubbysdeli865/
Jewish,Shoney's - Sevierville,"339 Forks of the River Pkwy, Sevierville, TN 37862, USA",https://www.shoneysknox.com/
Jewish,Healthy Balance Meals,"313 Court Ave, Sevierville, TN 37862, USA",http://www.gohealthybalance.com/
Jewish,Wild Bear Tavern,"4236 Parkway, Pigeon Forge, TN 37863, USA",https://resort.to/wbtt?y_source=1_OTc1MjIyMS03MTUtbG9jYXRpb24ud2Vic2l0ZQ%3D%3D
Jewish,Five Oaks Farm Kitchen,"1638 Parkway, Sevierville, TN 37862, USA",http://fiveoaksfarmkitchen.com/
Jewish,Seasons 101,"101 E Main St, Sevierville, TN 37862, USA",https://www.seasons101.com/
Jewish,Station51 Chicken,"1304 Parkway #101, Sevierville, TN 37862, USA",https://station51chicken.com/
Jewish,Graze Burgers,"125 Bruce St, Sevierville, TN 37862, USA",https://grazeburgers.com/
Jewish,THE DINER,"550 Winfield Dunn Pkwy, Sevierville, TN 37876, USA",https://places.singleplatform.com/the-diner-6
Jewish,TENNESSEE JED'S,"631 Parkway Suite A8, Gatlinburg, TN 37738, USA",https://tennesseejeds.com/
Jewish,Applewood Farmhouse Restaurant,"240 Apple Valley Rd, Sevierville, TN 37862, USA",http://www.applewoodrestaurant.com/
Jewish,Potchke,"318 N Gay St #103, Knoxville, TN 37917, USA",http://www.potchkedeli.com/
Jewish,Applewood Farmhouse Grill,"220 Apple Valley Rd, Sevierville, TN 37862, USA",http://applewoodfarmhouserestaurant.com/
Jewish,Golden Corral Buffet & Grill,"513 Winfield Dunn Pkwy, Sevierville, TN 37876, USA",https://www.goldencorral.com/locations/804/golden-corral-winfield-dunn-parkway?utm_source=google&utm_medium=local&utm_campaign=localmaps&utm_content=804&utm_source=google&utm_medium=local&utm_campaign=localmaps&utm_content=804
Jewish,Puckett's Restaurant - Pigeon Forge,"2480 Parkway, Pigeon Forge, TN 37863, USA",https://puckettsgro.com/
Jewish,Chubby's Restaurant,"1386 Dolly Parton Pkwy, Sevierville, TN 37862, USA",http://chubbysrestaurant.net/
Jewish,Quaker Steak & Lube,"1431 Parkway, Sevierville, TN 37862, USA",http://thelube.com/locations/tennessee/sevierville/
Jewish,Local Goat - New American Restaurant Pigeon Forge,"2167 Parkway, Pigeon Forge, TN 37863, USA",https://www.localgoatpf.com/
Jewish,Hidden Trail Bar and Grill,"202 Gists Creek Rd, Sevierville, TN 37876, USA",https://www.wildernessatthesmokies.com/dining/hidden-trail-bar-and-grill/
Jewish,Waffle House,"256 Winfield Dunn Pkwy, Sevierville, TN 37876, USA",https://locations.wafflehouse.com/sevierville-tn-2018
Polish,Five Oaks Farm Kitchen,"1638 Parkway, Sevierville, TN 37862, USA",http://fiveoaksfarmkitchen.com/
German,Wild Bear Tavern,"4236 Parkway, Pigeon Forge, TN 37863, USA",https://resort.to/wbtt?y_source=1_OTc1MjIyMS03MTUtbG9jYXRpb24ud2Vic2l0ZQ%3D%3D
French,Seasons 101,"101 E Main St, Sevierville, TN 37862, USA",https://www.seasons101.com/
French,Holston's Kitchen,"639 Dolly Parton Pkwy, Sevierville, TN 37862, USA",https://holstonskitchen.com/
French,Applewood Farmhouse Restaurant,"240 Apple Valley Rd, Sevierville, TN 37862, USA",http://www.applewoodrestaurant.com/
French,Aubrey's Sevierville,"928 Dolly Parton Pkwy, Sevierville, TN 37862, USA",https://aubreysrestaurants.com/sevierville/
French,Five Oaks Farm Kitchen,"1638 Parkway, Sevierville, TN 37862, USA",http://fiveoaksfarmkitchen.com/
French,The Chop House,"1649 Parkway, Sevierville, TN 37862, USA",https://www.thechophouse.com/
French,Private Dinner Chef,"3416 Householder St, Pigeon Forge, TN 37862, USA",
French,Grandmothers Kitchen,"3030 Wears Valley Rd, Sevierville, TN 37862, USA",
French,Applewood Farmhouse Grill,"220 Apple Valley Rd, Sevierville, TN 37862, USA",http://applewoodfarmhouserestaurant.com/
French,Gondolier Italian Restaurant,"964 Dolly Parton Pkwy #3707, Sevierville, TN 37862, USA",https://gondolierpizza.com/
French,Bojangles,"912 Dolly Parton Pkwy, Sevierville, TN 37862, USA",https://locations.bojangles.com/tn/sevierville/912-dolly-parton-pkwy.html
French,Song & Hearth: A Southern Eatery,"2525 DreamMore Wy, Pigeon Forge, TN 37862, USA",https://www.dollywood.com/Resort/Dining/SongandHearth
French,Fort Worth Steakhouse,"1560 Parkway, Sevierville, TN 37862, USA",https://fortworthsevierville.com/
French,The French Market Creperie Downtown,"412 Clinch Ave, Knoxville, TN 37902, USA",http://www.thefrenchmarketknoxville.com/
French,Hillbilly's Restaurant,"3275 Wears Valley Rd, Sevierville, TN 37862, USA",https://www.facebook.com/Hillbillys-Restaurant-509297775802402/
French,Olive Garden Italian Restaurant,"1570 Parkway, Sevierville, TN 37862, USA",https://www.olivegarden.com/locations/tn/sevierville/sevierville/1662?cmpid=br:og_ag:ie_ch:loc_ca:OGGMB_sn:gmb_gt:sevierville-tn-1662_pl:locurl_rd:1517
French,Papa Leone's Pizzeria,"1440 Upper Middle Creek Rd #207, Sevierville, TN 37876, USA",https://smokymtpizza.com/order/papa-leones-pizzeria
French,Station51 Chicken,"1304 Parkway #101, Sevierville, TN 37862, USA",https://station51chicken.com/
French,The Appalachian,"133 Bruce St, Sevierville, TN 37862, USA",http://theappalachianrestaurant.com/
French,High Note,"1210 Dollywood Resorts Blvd, Pigeon Forge, TN 37862, USA",https://www.dollywood.com/heartsong/dining/high-note/
Hawaiian,Roll On In,"750 Winfield Dunn Pkwy #140, Sevierville, TN 37876, USA",https://www.clover.com/online-ordering/rolloninsevierville-sevierville
Brazilian,Gaucho Urbano - Brazilian Steakhouse,"111 Valley Dr, Pigeon Forge, TN 37863, USA",http://www.gauchourbano.com/
Brazilian,PizzaRio - The Brazilian Way,"140 Showplace Blvd, Pigeon Forge, TN 37863, USA",http://www.pizza-rio.com/
Brazilian,Brazeiros Knoxville - Brazilian Steakhouse,"6901 Kingston Pike, Knoxville, TN 37919, USA",https://www.brazeiros.com/
Peruvian,Station51 Chicken,"1304 Parkway #101, Sevierville, TN 37862, USA",https://station51chicken.com/
Salvadorian,El Primo Products Hispanos,"116 Cate Rd, Sevierville, TN 37862, USA",
Salvadorian,La Catrachada Mexican & latino grill,"737 Dolly Parton Pkwy, Sevierville, TN 37862, USA",
Salvadorian,El Paso Mexican Restaurant,"560 Winfield Dunn Pkwy #9, Sevierville, TN 37876, USA",https://elpasomexican.net/menus/
Salvadorian,El Eslabon Mexican Bar & Grill,"712 Parkway, Sevierville, TN 37862, USA",https://www.eleslabonmexican.com/
Salvadorian,Sabor Latino,"4705 Central Ave Pike, Knoxville, TN 37912, USA",
Salvadorian,Taqueria La gasolinera,"632 Wears Valley Rd, Pigeon Forge, TN 37863, USA",
Salvadorian,Mi País,"408 E Inskip Dr, Knoxville, TN 37912, USA",
Salvadorian,El Soñador Mexican Restaurant,"458 Parkway, Gatlinburg, TN 37738, USA",http://elsonadormexicangrill.com/Location.php
Salvadorian,Comida Hondureña Juanita,"619 Eastgate Rd, Sevierville, TN 37862, USA",https://juanitacomidahondurena.com/
Salvadorian,El Paraiso Familiar Restaurante,"8044 Ray Mears Blvd, Knoxville, TN 37919, USA",https://elparaisofamiliarrestaurantetn.com/
Salvadorian,Mexican Food,"632 Wears Valley Rd, Pigeon Forge, TN 37863, USA",
Salvadorian,Talitas Restaurant,"2961 Veterans Blvd Ste A, Pigeon Forge, TN 37863, USA",https://website--2220947229113018721117-restaurant.business.site/
Salvadorian,Tamale Express,"1354 Dolly Parton Pkwy, Sevierville, TN 37862, USA",http://littletijuanatn.com/
Salvadorian,Estrella Hondumex,"109 Roaring Fork Rd, Gatlinburg, TN 37738, USA",
Salvadorian,Monchis,"200 W Woodland Ave, Knoxville, TN 37917, USA",
Cuban,Smokies Cuban Cafe,"3526 Parkway #4, Pigeon Forge, TN 37863, USA",
Tibetan,Five Oaks Farm Kitchen,"1638 Parkway, Sevierville, TN 37862, USA",http://fiveoaksfarmkitchen.com/
Egyptian,El Eslabon Mexican Bar & Grill,"712 Parkway, Sevierville, TN 37862, USA",https://www.eleslabonmexican.com/
Greek,Olive Garden Italian Restaurant,"1570 Parkway, Sevierville, TN 37862, USA",https://www.olivegarden.com/locations/tn/sevierville/sevierville/1662?cmpid=br:og_ag:ie_ch:loc_ca:OGGMB_sn:gmb_gt:sevierville-tn-1662_pl:locurl_rd:1517
Greek,Kefi,"120 E Jackson Ave, Knoxville, TN 37915, USA",https://kefiknox.com/
Greek,Gondolier Italian Restaurant,"964 Dolly Parton Pkwy #3707, Sevierville, TN 37862, USA",https://gondolierpizza.com/
Greek,Scenic Social - Food Truck Park,"1949 Winfield Dunn Pkwy, Sevierville, TN 37876, USA",https://scenichelicoptertours.com/cafe/
Greek,Marco's Pizza,"2656 Parkway #1, Pigeon Forge, TN 37863, USA",https://www.marcos.com/
Greek,Seasons 101,"101 E Main St, Sevierville, TN 37862, USA",https://www.seasons101.com/
Greek,Taziki's Mediterranean Cafe - Knoxville / Bearden,"6100 Kingston Pike, Knoxville, TN 37919, USA",https://tazikiscafe.com/location/knoxville/
Greek,Crystelle Creek Restaurant,"1654 East Pkwy, Gatlinburg, TN 37738, USA",http://www.crystellecreek.com/
Greek,Big Daddy's Pizzeria,"1820 Parkway, Sevierville, TN 37862, USA",https://www.bigdaddyspizzeria.net/
Greek,Arby's,"1304 Parkway, Sevierville, TN 37862, USA",https://locations.arbys.com/tn/sevierville/1304-parkway.html?utm_source=google%20my%20business&utm_medium=organic&utm_campaign=website%20link
Greek,King Gyros Mediterranean,"7600 Kingston Pike, Knoxville, TN 37919, USA",http://kinggyrosknox.com/
Greek,Bigfoot Philly Cheesesteaks,"2005 Wears Valley Rd, Sevierville, TN 37862, USA",http://www.bigfootphilly.com/
Greek,Taqueria Catracho,"1223 Ridge Rd, Sevierville, TN 37862, USA",
Greek,KoPita Authentic Mediterranean,"Upstairs of the Embassy Suites Hotel, 507 S Gay St, Knoxville, TN 37902, USA",https://kopitarestaurants.com/
Greek,Arby's,"1400 Winfield Dunn Pkwy, Sevierville, TN 37876, USA",https://locations.arbys.com/tn/sevierville/1400-winfield-dunn-pkwy.html?utm_source=google%20my%20business&utm_medium=organic&utm_campaign=website%20link
Greek,Holston's Kitchen,"639 Dolly Parton Pkwy, Sevierville, TN 37862, USA",https://holstonskitchen.com/
Greek,Healthy Balance Meals,"313 Court Ave, Sevierville, TN 37862, USA",http://www.gohealthybalance.com/
Greek,Chick-fil-A,"1432 Parkway, Sevierville, TN 37862, USA",https://www.chick-fil-a.com/locations/tn/sevierville?utm_source=yext&utm_medium=link
Greek,Local Eatery and Grill,"2453 Boyds Creek Hwy Suite 103, Sevierville, TN 37876, USA",http://localeaterygrill.com/
Greek,Graze Burgers,"125 Bruce St, Sevierville, TN 37862, USA",https://grazeburgers.com/
Belgian,Five Oaks Farm Kitchen,"1638 Parkway, Sevierville, TN 37862, USA",http://fiveoaksfarmkitchen.com/
Belgian,Applewood Farmhouse Restaurant,"240 Apple Valley Rd, Sevierville, TN 37862, USA",http://www.applewoodrestaurant.com/
Belgian,Local Goat - New American Restaurant Pigeon Forge,"2167 Parkway, Pigeon Forge, TN 37863, USA",https://www.localgoatpf.com/
Belgian,Holston's Kitchen,"639 Dolly Parton Pkwy, Sevierville, TN 37862, USA",https://holstonskitchen.com/
Belgian,Wild Bear Tavern,"4236 Parkway, Pigeon Forge, TN 37863, USA",https://resort.to/wbtt?y_source=1_OTc1MjIyMS03MTUtbG9jYXRpb24ud2Vic2l0ZQ%3D%3D
Belgian,Sunliner Diner,"2302 Parkway, Pigeon Forge, TN 37863, USA",http://www.sunlinerdiner.com/
Belgian,Mama's Farmhouse,"208 Pickel St, Pigeon Forge, TN 37863, USA",https://www.mamasfarmhouse.com/
Belgian,Crockett's Breakfast Camp,"1103 Parkway, Gatlinburg, TN 37738, USA",http://crockettsbreakfastcamp.com/
Belgian,Mel's Classic Diner,"119 Wears Valley Rd, Pigeon Forge, TN 37863, USA",https://melsdinerpf.com/
Belgian,Applewood Farmhouse Grill,"220 Apple Valley Rd, Sevierville, TN 37862, USA",http://applewoodfarmhouserestaurant.com/
Belgian,Flapjack's Pancake Cabin,"1016 Parkway, Sevierville, TN 37862, USA",http://flapjacks.com/
Belgian,Waffle de Lys,"616 Parkway, Gatlinburg, TN 37738, USA",http://waffledelys.com/
Belgian,Pawpaw's Catfish Kitchen,"2760 Wears Valley Rd, Sevierville, TN 37862, USA",http://pawpawscatfishkitchen.com/
Belgian,Hillbilly's Restaurant,"3275 Wears Valley Rd, Sevierville, TN 37862, USA",https://www.facebook.com/Hillbillys-Restaurant-509297775802402/
Belgian,The Old Mill Pottery House Café,"3341 Old Mill St, Pigeon Forge, TN 37863, USA",http://www.old-mill.com/info/cafe
Belgian,Frizzle Chicken Cafe,"2785 Parkway, Pigeon Forge, TN 37863, USA",https://frizzlechickencafe.com/
Belgian,The Melting Pot,"959 Parkway #2, Gatlinburg, TN 37738, USA",https://www.meltingpot.com/gatlinburg-tn/
Belgian,The Chop House,"1649 Parkway, Sevierville, TN 37862, USA",https://www.thechophouse.com/
Belgian,Blue Moose Burgers & Wings,"2430 Teaster Ln #108, Pigeon Forge, TN 37863, USA",http://bluemooseburgersandwings.com/
Belgian,Waffle de Lys,"716 Parkway, Gatlinburg, TN 37738, USA",http://waffledelys.com/
Irish,Boudicca's Celtic Pub,"634 Parkway # 7, Gatlinburg, TN 37738, USA",https://boudiccascelticpub.com/
Irish,The Roaming Gnome Pub & Eatery,"202 Collier Dr, Sevierville, TN 37862, USA",http://www.gnomepub.net/
Irish,Shamrock Pub,"105 Reagan Dr, Gatlinburg, TN 37738, USA",https://www.facebook.com/shamrockgatlinburg
Irish,The H.U.T.,"815 Parkway, Sevierville, TN 37862, USA",https://hoggsupstairstaverne.com/
Irish,Bluffs Grill and Tap,"1548 Parkway Suite 301, Sevierville, TN 37862, USA",
Irish,Iron Boar Saloon,"104 Waldens Main St, Pigeon Forge, TN 37863, USA",https://ironboarsaloon.com/
Irish,The Fox & Parrot Tavern,"1065 Glades Rd, Gatlinburg, TN 37738, USA",https://www.foxandparrottavern.com/
Irish,Clancy's Tavern & Whiskey House,"602 S Gay St, Knoxville, TN 37902, USA",http://clancystavernknoxville.com/
Irish,The Rampant Lion,"734 Powdermill Rd, Gatlinburg, TN 37738, USA",https://rampantlionpub.com/
Irish,Smoky Mountain Brewery,"2530 Parkway, Pigeon Forge, TN 37863, USA",http://www.smoky-mtn-brewery.com/
Irish,Jason Aldean's Kitchen & Rooftop Bar,"644 Parkway, Gatlinburg, TN 37738, USA",https://jasonaldeansbar.com/
Irish,Smith & Son Corner Kitchen,"812 Parkway Ste 105 at Stoplight No, 8, Gatlinburg, TN 37738, USA",https://smithandsoncornerkitchen.com/
Irish,Irish Pub & Sports Grill,"1720 W Broadway Ave, Maryville, TN 37803, USA",http://irishpubmaryville.com/
Irish,Local Eatery and Grill,"2453 Boyds Creek Hwy Suite 103, Sevierville, TN 37876, USA",http://localeaterygrill.com/
Irish,Finn’s Irish Restaurant & Tavern,"9000 Kingston Pike, Knoxville, TN 37923, USA",http://www.finnstavern.com/
Irish,The Casual Pint of Pigeon Forge,"2905 Parkway, Pigeon Forge, TN 37863, USA",https://pigeonforge.thecasualpint.com/
Irish,Dick's Last Resort - Pigeon Forge,"131 The Island Dr, Pigeon Forge, TN 37863, USA",https://dickslastresort.com/locations/pigeon-forge/
Irish,Local Goat - New American Restaurant Pigeon Forge,"2167 Parkway, Pigeon Forge, TN 37863, USA",https://www.localgoatpf.com/
Irish,Boyd’s Jig and Reel,"101 S Central St, Knoxville, TN 37902, USA",http://www.jigandreel.com/
Irish,Huck Finn's Catfish,"3330 Parkway, Pigeon Forge, TN 37863, USA",http://www.huckfinnscatfish.com/
Welsh,Five Oaks Farm Kitchen,"1638 Parkway, Sevierville, TN 37862, USA",http://fiveoaksfarmkitchen.com/
Cajun,Pawpaw's Catfish Kitchen,"2760 Wears Valley Rd, Sevierville, TN 37862, USA",http://pawpawscatfishkitchen.com/
Cajun,New Orleans Sandwich Company,"631 Parkway, Gatlinburg, TN 37738, USA",
Cajun,Joe's Crab Shack,"1605 Parkway, Sevierville, TN 37862, USA",http://www.joescrabshack.com/locations/10765/
Cajun,Pinchy's Lobster + Rawbar,"212 Court Ave, Sevierville, TN 37862, USA",https://www.pinchyslobsterandbeer.com/
Cajun,Huck Finn's Catfish,"3330 Parkway, Pigeon Forge, TN 37863, USA",http://www.huckfinnscatfish.com/
Cajun,Harpoon Harry's Crab House - Pigeon Forge,"112 Community Center Dr, Pigeon Forge, TN 37863, USA",http://www.harpoonharryscrabhouse.com/
Cajun,Popeyes Louisiana Kitchen,"601 Parkway, Sevierville, TN 37862, USA",https://www.popeyes.com/store-locator/store/restaurant_84251?utm_source=yext&utm_medium=referral&utm_campaign=organic-local-listings
Cajun,Crawdaddy’s Restaurant & Oyster Bar,"762 Parkway #5, Gatlinburg, TN 37738, USA",https://crawdaddysgatlinburg.com/
Cajun,Popeyes Louisiana Kitchen,"2616 Parkway, Pigeon Forge, TN 37863, USA",https://www.popeyes.com/store-locator/store/restaurant_85227?utm_source=yext&utm_medium=referral&utm_campaign=organic-local-listings
Portuguese,Gaucho Urbano - Brazilian Steakhouse,"111 Valley Dr, Pigeon Forge, TN 37863, USA",http://www.gauchourbano.com/
Portuguese,Station51 Chicken,"1304 Parkway #101, Sevierville, TN 37862, USA",https://station51chicken.com/
Portuguese,Five Oaks Farm Kitchen,"1638 Parkway, Sevierville, TN 37862, USA",http://fiveoaksfarmkitchen.com/
Portuguese,Applewood Farmhouse Restaurant,"240 Apple Valley Rd, Sevierville, TN 37862, USA",http://www.applewoodrestaurant.com/
Portuguese,PizzaRio - The Brazilian Way,"140 Showplace Blvd, Pigeon Forge, TN 37863, USA",http://www.pizza-rio.com/
Portuguese,Bluffs Grill and Tap,"1548 Parkway Suite 301, Sevierville, TN 37862, USA",
Portuguese,Ristorante DellaSantina,"2004 Red Bank Rd, Sevierville, TN 37876, USA",http://www.ristorantedellasantina.com/
Portuguese,El Eslabon Mexican Bar & Grill,"712 Parkway, Sevierville, TN 37862, USA",https://www.eleslabonmexican.com/
Portuguese,Pawpaw's Catfish Kitchen,"2760 Wears Valley Rd, Sevierville, TN 37862, USA",http://pawpawscatfishkitchen.com/
Portuguese,The Melting Pot,"959 Parkway #2, Gatlinburg, TN 37738, USA",https://www.meltingpot.com/gatlinburg-tn/
Portuguese,The Appalachian,"133 Bruce St, Sevierville, TN 37862, USA",http://theappalachianrestaurant.com/
Portuguese,The Peddler Steakhouse,"820 River Rd, Gatlinburg, TN 37738, USA",https://peddlergatlinburg.com/
Portuguese,Trotter's Whole Hog BBQ,"127 Bruce St, Sevierville, TN 37862, USA",https://www.trottersbbq.com/?utm_source=cumulus&utm_medium=onlinepresence&utm_campaign=gbp
Portuguese,JT Hannah's Kitchen,"3214 Parkway, Pigeon Forge, TN 37863, USA",http://jthannahs.com/
Portuguese,Big Daddy's Pizzeria,"1820 Parkway, Sevierville, TN 37862, USA",https://www.bigdaddyspizzeria.net/
Portuguese,Margaritaville - Pigeon Forge,"130 The Island Dr #6101, Pigeon Forge, TN 37863, USA",https://www.margaritavillepigeonforge.com/
Portuguese,English Mountain Trout Farm,"291 Blowing Cave Rd, Sevierville, TN 37876, USA",http://englishmountaintroutfarm.com/
Portuguese,The Melting Pot,"111 N Central St, Knoxville, TN 37902, USA",https://www.meltingpot.com/knoxville-tn/
Turkish,Turkish Market & Deli,"8078 Kingston Pike #121, Knoxville, TN 37919, USA",
Turkish,Applewood Farmhouse Restaurant,"240 Apple Valley Rd, Sevierville, TN 37862, USA",http://www.applewoodrestaurant.com/
Turkish,Quaker Steak & Lube,"1431 Parkway, Sevierville, TN 37862, USA",http://thelube.com/locations/tennessee/sevierville/
Turkish,KoPita Authentic Mediterranean,"Upstairs of the Embassy Suites Hotel, 507 S Gay St, Knoxville, TN 37902, USA",https://kopitarestaurants.com/
Turkish,El Eslabon Mexican Bar & Grill,"712 Parkway, Sevierville, TN 37862, USA",https://www.eleslabonmexican.com/
Turkish,Fort Worth Steakhouse,"1560 Parkway, Sevierville, TN 37862, USA",https://fortworthsevierville.com/
Turkish,Azul Cantina,"2655 Teaster Ln Suite 305, Pigeon Forge, TN 37863, USA",https://www.azulmexicancantina.com/
Turkish,Mirage Knoxville,"415 S Gay St, Knoxville, TN 37902, USA",http://www.mirageknoxville.com/
Turkish,Kefi,"120 E Jackson Ave, Knoxville, TN 37915, USA",https://kefiknox.com/
Turkish,Yassin's Falafel House,"706 Walnut St, Knoxville, TN 37902, USA",http://www.yassinfalafelhouse.com/
Turkish,Red Oak Bistro,"669 Glades Rd, Gatlinburg, TN 37738, USA",https://www.redoakbistro.net/
Turkish,Puckett's Restaurant - Pigeon Forge,"2480 Parkway, Pigeon Forge, TN 37863, USA",https://puckettsgro.com/
Turkish,Margaritaville - Pigeon Forge,"130 The Island Dr #6101, Pigeon Forge, TN 37863, USA",https://www.margaritavillepigeonforge.com/
Turkish,IHOP,"3636 Parkway, Pigeon Forge, TN 37863, USA",https://restaurants.ihop.com/en-us/tn/pigeon-forge/breakfast-3636-pkwy-4494?utm_source=google&utm_medium=organic&utm_campaign=google_my_business&utm_term=4494&utm_content=website
Turkish,Subway,"600 Parkway #2, Gatlinburg, TN 37738, USA",https://restaurants.subway.com/united-states/tn/gatlinburg/600-parkway?utm_source=yxt-goog&utm_medium=local&utm_term=acq&utm_content=33317&utm_campaign=evergreen-2020&y_source=1_MTQ5MTIyODYtNzE1LWxvY2F0aW9uLndlYnNpdGU%3D
Turkish,CAVA,"11378 Parkside Dr Ste: 2510, Knoxville, TN 37934, USA",http://cava.com/
Turkish,Aladdin Grill & Pizza,"1723 Cumberland Ave, Knoxville, TN 37916, USA",https://www.aladdingrillpizza.com/?utm_source=gbp
Turkish,Edessa Restaurant Kurdish Turkish Cuisine,"3802 Nolensville Pk, Nashville, TN 37211, USA",http://www.edessarestauranttn.net/
Turkish,Holy Land Market,"3601 Sutherland Ave, Knoxville, TN 37919, USA",https://holylandknoxville.com/
Turkish,Starbucks,"2491 US-441, Pigeon Forge, TN 37863, USA",https://www.starbucks.com/store-locator/store/18328/
Haitian,Frontline Jamaican Store,"2225 Parkway, Pigeon Forge, TN 37863, USA",
Tahitian,Pawpaw's Catfish Kitchen,"2760 Wears Valley Rd, Sevierville, TN 37862, USA",http://pawpawscatfishkitchen.com/
Tahitian,The H.U.T.,"815 Parkway, Sevierville, TN 37862, USA",https://hoggsupstairstaverne.com/
Tahitian,Margaritaville - Pigeon Forge,"130 The Island Dr #6101, Pigeon Forge, TN 37863, USA",https://www.margaritavillepigeonforge.com/
Tahitian,Trotter's Whole Hog BBQ,"127 Bruce St, Sevierville, TN 37862, USA",https://www.trottersbbq.com/?utm_source=cumulus&utm_medium=onlinepresence&utm_campaign=gbp
Tahitian,The Appalachian,"133 Bruce St, Sevierville, TN 37862, USA",http://theappalachianrestaurant.com/
Tahitian,Holston's Kitchen,"639 Dolly Parton Pkwy, Sevierville, TN 37862, USA",https://holstonskitchen.com/
Tahitian,Roma Table,"1503 Parkway, Sevierville, TN 37862, USA",https://romatable.com/
Tahitian,Shoney's - Sevierville,"339 Forks of the River Pkwy, Sevierville, TN 37862, USA",https://www.shoneysknox.com/
Tahitian,Ristorante DellaSantina,"2004 Red Bank Rd, Sevierville, TN 37876, USA",http://www.ristorantedellasantina.com/
Tahitian,Big Daddy's Pizzeria,"1820 Parkway, Sevierville, TN 37862, USA",https://www.bigdaddyspizzeria.net/
Tahitian,Applewood Farmhouse Restaurant,"240 Apple Valley Rd, Sevierville, TN 37862, USA",http://www.applewoodrestaurant.com/
Tahitian,Station51 Chicken,"1304 Parkway #101, Sevierville, TN 37862, USA",https://station51chicken.com/
Tahitian,Five Oaks Farm Kitchen,"1638 Parkway, Sevierville, TN 37862, USA",http://fiveoaksfarmkitchen.com/
Tahitian,Gondolier Italian Restaurant,"964 Dolly Parton Pkwy #3707, Sevierville, TN 37862, USA",https://gondolierpizza.com/
Tahitian,The Peddler Steakhouse,"820 River Rd, Gatlinburg, TN 37738, USA",https://peddlergatlinburg.com/
Tahitian,Elvira's Cafe,"4143 Wears Valley Rd, Sevierville, TN 37862, USA",http://www.elvirascafe.net/
Tahitian,English Mountain Trout Farm,"291 Blowing Cave Rd, Sevierville, TN 37876, USA",http://englishmountaintroutfarm.com/
Kenyan,Sk African Cuisine,"3627 Western Ave, Knoxville, TN 37921, USA",http://www.skafricancuisine.com/
Korean,Lee’s Fusion Cafe,"2528 McGill St, Pigeon Forge, TN 37863, USA",http://www.leesfusioncafe.com/?utm_source=gmb&utm_medium=website
Korean,Won Kitchen Knoxville,"2201 Kerns Rising Way Unit 125, Knoxville, TN 37920, USA",
Korean,Sakura Japanese Buffet,"624 Parkway, Sevierville, TN 37862, USA",
Korean,Thai Basil,"530 Winfield Dunn Pkwy, Sevierville, TN 37862, USA",https://thaibasilsevierville.com/
Korean,Q Korean Steakhouse,"8851 Town and Country Cir, Knoxville, TN 37923, USA",http://www.koreansteakhouse.com/
Korean,No1 Chinese Restaurant,"574 Winfield Dunn Pkwy, Sevierville, TN 37876, USA",https://no1chinesetntogo.com/
Korean,Little Tokyo Restaurant,"2430 Teaster Ln #212, Pigeon Forge, TN 37863, USA",
Korean,Quaker Steak & Lube,"1431 Parkway, Sevierville, TN 37862, USA",http://thelube.com/locations/tennessee/sevierville/
Korean,NAO Japanese Grill,"3676 Parkway, Pigeon Forge, TN 37863, USA",https://nao-japanese-grill.com/hibachi-and-sushi-restaurant-in-pigeon-forge-tn/?utm_source=gbp&utm_medium=organic&utm_campaign=gbp_LP&utm_term=12-15-2022&utm_content=1
Korean,Seoul Brothers,"Inside Marble City Market Food Hall, 333 W Depot Ave Suite 110, Knoxville, TN 37917, USA",http://www.seoulbrothers.com/
Korean,Gogi Korean Kitchen,"7818 Montvue Center Way, Knoxville, TN 37919, USA",http://www.gogi865.com/
Korean,Panda Express,"1526 Parkway, Sevierville, TN 37862, USA",https://www.pandaexpress.com/locations/tn/sevierville/2528
Korean,Smith & Son Corner Kitchen,"812 Parkway Ste 105 at Stoplight No, 8, Gatlinburg, TN 37738, USA",https://smithandsoncornerkitchen.com/
Korean,Curry N More,"903 Parkway, Sevierville, TN 37862, USA",http://www.currynmoretn.com/
Korean,K Pocha,"7315 Kingston Pike, Knoxville, TN 37919, USA",
Korean,Pinchy's Lobster + Rawbar,"212 Court Ave, Sevierville, TN 37862, USA",https://www.pinchyslobsterandbeer.com/
Korean,Corky's Ribs & BBQ,"3584 Parkway, Pigeon Forge, TN 37863, USA",http://corkysbbqpf.com/
Korean,Local Goat - New American Restaurant Pigeon Forge,"2167 Parkway, Pigeon Forge, TN 37863, USA",https://www.localgoatpf.com/
Korean,The Front Porch Cafe,"2700 Dollywood Parks Blvd, Pigeon Forge, TN 37863, USA",https://www.dollywood.com/themepark/Dining/Front-Porch-Cafe
Korean,Puckett's Restaurant - Pigeon Forge,"2480 Parkway, Pigeon Forge, TN 37863, USA",https://puckettsgro.com/
Algerian,Five Oaks Farm Kitchen,"1638 Parkway, Sevierville, TN 37862, USA",http://fiveoaksfarmkitchen.com/
Nigerian,Sk African Cuisine,"3627 Western Ave, Knoxville, TN 37921, USA",http://www.skafricancuisine.com/
Libyan,Ristorante DellaSantina,"2004 Red Bank Rd, Sevierville, TN 37876, USA",http://www.ristorantedellasantina.com/
Libyan,Chubby's Deli,"2659 Newport Hwy, Sevierville, TN 37876, USA",https://www.facebook.com/Chubbysdeli865/
Libyan,Little Mountain Eatery,"454 New Center Rd, Sevierville, TN 37876, USA",
Libyan,Healthy Balance Meals,"313 Court Ave, Sevierville, TN 37862, USA",http://www.gohealthybalance.com/
Libyan,Chubby's Restaurant,"1386 Dolly Parton Pkwy, Sevierville, TN 37862, USA",http://chubbysrestaurant.net/
Libyan,La Patrona Mexican Restaurant,"2487 Boyds Creek Hwy, Sevierville, TN 37876, USA",
Libyan,El Eslabon Mexican Bar & Grill,"712 Parkway, Sevierville, TN 37862, USA",https://www.eleslabonmexican.com/
Libyan,Elvira's Cafe,"4143 Wears Valley Rd, Sevierville, TN 37862, USA",http://www.elvirascafe.net/
Libyan,La Catrachada Mexican & latino grill,"737 Dolly Parton Pkwy, Sevierville, TN 37862, USA",
Libyan,Roma Table,"1503 Parkway, Sevierville, TN 37862, USA",https://romatable.com/
Libyan,Aubrey's Sevierville,"928 Dolly Parton Pkwy, Sevierville, TN 37862, USA",https://aubreysrestaurants.com/sevierville/
Libyan,Flapjack's Pancake Cabin,"1016 Parkway, Sevierville, TN 37862, USA",http://flapjacks.com/
Libyan,Quaker Steak & Lube,"1431 Parkway, Sevierville, TN 37862, USA",http://thelube.com/locations/tennessee/sevierville/
Libyan,Tamale Express,"1354 Dolly Parton Pkwy, Sevierville, TN 37862, USA",http://littletijuanatn.com/
Libyan,Margaritaville - Pigeon Forge,"130 The Island Dr #6101, Pigeon Forge, TN 37863, USA",https://www.margaritavillepigeonforge.com/
Libyan,The Peddler Steakhouse,"820 River Rd, Gatlinburg, TN 37738, USA",https://peddlergatlinburg.com/
Libyan,English Mountain Trout Farm,"291 Blowing Cave Rd, Sevierville, TN 37876, USA",http://englishmountaintroutfarm.com/
Libyan,Aubrey's Strawberry Plains,"805 Huckleberry Springs Rd, Knoxville, TN 37924, USA",https://aubreysrestaurants.com/strawberryplains/
Libyan,Bistro 109,"109 Bruce St, Sevierville, TN 37862, USA",http://bistro109.com/
Moroccan,Nagano Japanese Grill,"1725 Parkway, Sevierville, TN 37862, USA",
Lebanese,Ristorante DellaSantina,"2004 Red Bank Rd, Sevierville, TN 37876, USA",http://www.ristorantedellasantina.com/
Lebanese,Five Oaks Farm Kitchen,"1638 Parkway, Sevierville, TN 37862, USA",http://fiveoaksfarmkitchen.com/
Lebanese,Mirage Knoxville,"415 S Gay St, Knoxville, TN 37902, USA",http://www.mirageknoxville.com/
Lebanese,KoPita Authentic Mediterranean,"Upstairs of the Embassy Suites Hotel, 507 S Gay St, Knoxville, TN 37902, USA",https://kopitarestaurants.com/
Lebanese,Seasons 101,"101 E Main St, Sevierville, TN 37862, USA",https://www.seasons101.com/
Lebanese,Aubrey's Sevierville,"928 Dolly Parton Pkwy, Sevierville, TN 37862, USA",https://aubreysrestaurants.com/sevierville/
Lebanese,The Appalachian,"133 Bruce St, Sevierville, TN 37862, USA",http://theappalachianrestaurant.com/
Lebanese,Nagano Japanese Grill,"1725 Parkway, Sevierville, TN 37862, USA",
Lebanese,Yassin's Falafel House,"706 Walnut St, Knoxville, TN 37902, USA",http://www.yassinfalafelhouse.com/
Lebanese,Kefi,"120 E Jackson Ave, Knoxville, TN 37915, USA",https://kefiknox.com/
Lebanese,Little Mountain Eatery,"454 New Center Rd, Sevierville, TN 37876, USA",
Lebanese,Tikka Bowl Indian Grill,"3152 Parkway #1b, Pigeon Forge, TN 37863, USA",https://www.tikkabowlindiangrill.com/
Lebanese,Scenic Social - Food Truck Park,"1949 Winfield Dunn Pkwy, Sevierville, TN 37876, USA",https://scenichelicoptertours.com/cafe/
Lebanese,Preachers Smokehouse,"2929 Pittman Center Rd, Sevierville, TN 37876, USA",https://preacherssmokehousebbq.com/
Lebanese,Holy Land Market,"3601 Sutherland Ave, Knoxville, TN 37919, USA",https://holylandknoxville.com/
Lebanese,Olive Garden Italian Restaurant,"1570 Parkway, Sevierville, TN 37862, USA",https://www.olivegarden.com/locations/tn/sevierville/sevierville/1662?cmpid=br:og_ag:ie_ch:loc_ca:OGGMB_sn:gmb_gt:sevierville-tn-1662_pl:locurl_rd:1517
Lebanese,Local Goat - New American Restaurant Pigeon Forge,"2167 Parkway, Pigeon Forge, TN 37863, USA",https://www.localgoatpf.com/
Lebanese,LeConte Tapas & Grill,"805 East Pkwy, Gatlinburg, TN 37738, USA",https://lecontetapas.com/
Lebanese,El Eslabon Mexican Bar & Grill,"712 Parkway, Sevierville, TN 37862, USA",https://www.eleslabonmexican.com/
Lebanese,Quaker Steak & Lube,"1431 Parkway, Sevierville, TN 37862, USA",http://thelube.com/locations/tennessee/sevierville/
Vietnamese,Roll On In,"750 Winfield Dunn Pkwy #140, Sevierville, TN 37876, USA",https://www.clover.com/online-ordering/rolloninsevierville-sevierville
Vietnamese,Lee’s Fusion Cafe,"2528 McGill St, Pigeon Forge, TN 37863, USA",http://www.leesfusioncafe.com/?utm_source=gmb&utm_medium=website
Vietnamese,Thai Palace,"1811 Parkway #104, Sevierville, TN 37862, USA",http://mythaipalace.com/
Vietnamese,Thai Basil,"530 Winfield Dunn Pkwy, Sevierville, TN 37862, USA",https://thaibasilsevierville.com/
Vietnamese,China Town Restaurant,"525 Parkway, Sevierville, TN 37862, USA",https://tnchinatown.com/
Vietnamese,No1 Chinese Restaurant,"574 Winfield Dunn Pkwy, Sevierville, TN 37876, USA",https://no1chinesetntogo.com/
Vietnamese,Landing House,"1147 Sevier Ave, Knoxville, TN 37920, USA",http://landinghouse-109226.square.site/
Vietnamese,East Cuisine Cafe,"7621 E Lamar Alexander Pkwy, Townsend, TN 37882, USA",https://eastcuisinecafe.my.canva.site/asianfood#hibachi
Vietnamese,Bida Saigon,"8078 Kingston Pike, Knoxville, TN 37919, USA",
Vietnamese,Little Tokyo Restaurant,"2430 Teaster Ln #212, Pigeon Forge, TN 37863, USA",
Vietnamese,North China Chinese Restaurant,"639 Parkway, Gatlinburg, TN 37738, USA",https://www.facebook.com/pages/North-China-Chinese-Restaurant/113421568690574
Vietnamese,Pho 99,"9117 Executive Park Dr, Knoxville, TN 37923, USA",http://pho99tn.com/
Vietnamese,NAO Japanese Grill,"3676 Parkway, Pigeon Forge, TN 37863, USA",https://nao-japanese-grill.com/hibachi-and-sushi-restaurant-in-pigeon-forge-tn/?utm_source=gbp&utm_medium=organic&utm_campaign=gbp_LP&utm_term=12-15-2022&utm_content=1
Vietnamese,Olive Garden Italian Restaurant,"1570 Parkway, Sevierville, TN 37862, USA",https://www.olivegarden.com/locations/tn/sevierville/sevierville/1662?cmpid=br:og_ag:ie_ch:loc_ca:OGGMB_sn:gmb_gt:sevierville-tn-1662_pl:locurl_rd:1517
Vietnamese,Subway,"2467 Boyds Creek Hwy, Sevierville, TN 37876, USA",https://restaurants.subway.com/united-states/tn/sevierville/2467-boyds-creek-highway?utm_source=yxt-goog&utm_medium=local&utm_term=acq&utm_content=52601&utm_campaign=evergreen-2020&y_source=1_MTQ5MDM3MTQtNzE1LWxvY2F0aW9uLndlYnNpdGU%3D
Vietnamese,Asian Cafe LLC,"234 E Meeting St, Dandridge, TN 37725, USA",https://asiancafetntogo.com/
Vietnamese,Pho and Grill - Asian Authentic,"86 Walmart Plaza, Sylva, NC 28779, USA",https://www.clover.com/online-ordering/pho--grill-sylva-2
Vietnamese,Angry Dumplings Tea,"1119 Sevier Ave, Knoxville, TN 37920, USA",https://www.instagram.com/dumplingsteaknoxville/
Vietnamese,Chick-fil-A,"1432 Parkway, Sevierville, TN 37862, USA",https://www.chick-fil-a.com/locations/tn/sevierville?utm_source=yext&utm_medium=link
Vietnamese,Nhi Vietnamese Cuisine Food Truck (check FB & IG for schedule & location),"657 TN-92, Dandridge, TN 37725, USA",https://www.facebook.com/Nhi-Vietnamese-Cuisine-101086271825999
Hungarian,Local Eatery and Grill,"2453 Boyds Creek Hwy Suite 103, Sevierville, TN 37876, USA",http://localeaterygrill.com/
Mediterranean,Olive Garden Italian Restaurant,"1570 Parkway, Sevierville, TN 37862, USA",https://www.olivegarden.com/locations/tn/sevierville/sevierville/1662?cmpid=br:og_ag:ie_ch:loc_ca:OGGMB_sn:gmb_gt:sevierville-tn-1662_pl:locurl_rd:1517
Mediterranean,Seasons 101,"101 E Main St, Sevierville, TN 37862, USA",https://www.seasons101.com/
Mediterranean,Scenic Social - Food Truck Park,"1949 Winfield Dunn Pkwy, Sevierville, TN 37876, USA",https://scenichelicoptertours.com/cafe/
Mediterranean,Nagano Japanese Grill,"1725 Parkway, Sevierville, TN 37862, USA",
Mediterranean,Five Oaks Farm Kitchen,"1638 Parkway, Sevierville, TN 37862, USA",http://fiveoaksfarmkitchen.com/
Mediterranean,Taqueria Catracho,"1223 Ridge Rd, Sevierville, TN 37862, USA",
Mediterranean,Local Eatery and Grill,"2453 Boyds Creek Hwy Suite 103, Sevierville, TN 37876, USA",http://localeaterygrill.com/
Mediterranean,KoPita Authentic Mediterranean,"Upstairs of the Embassy Suites Hotel, 507 S Gay St, Knoxville, TN 37902, USA",https://kopitarestaurants.com/
Mediterranean,Healthy Balance Meals,"313 Court Ave, Sevierville, TN 37862, USA",http://www.gohealthybalance.com/
Mediterranean,Ristorante DellaSantina,"2004 Red Bank Rd, Sevierville, TN 37876, USA",http://www.ristorantedellasantina.com/
Mediterranean,Yassin's Falafel House,"706 Walnut St, Knoxville, TN 37902, USA",http://www.yassinfalafelhouse.com/
Mediterranean,LeConte Tapas & Grill,"805 East Pkwy, Gatlinburg, TN 37738, USA",https://lecontetapas.com/
Mediterranean,Arby's,"1304 Parkway, Sevierville, TN 37862, USA",https://locations.arbys.com/tn/sevierville/1304-parkway.html?utm_source=google%20my%20business&utm_medium=organic&utm_campaign=website%20link
Mediterranean,Trader's Deluxe Cafe LLC,"1907 Winfield Dunn Pkwy, Sevierville, TN 37876, USA",
Mediterranean,Bigfoot Philly Cheesesteaks,"2005 Wears Valley Rd, Sevierville, TN 37862, USA",http://www.bigfootphilly.com/
Mediterranean,The Appalachian,"133 Bruce St, Sevierville, TN 37862, USA",http://theappalachianrestaurant.com/
Mediterranean,Kefi,"120 E Jackson Ave, Knoxville, TN 37915, USA",https://kefiknox.com/
Mediterranean,Pinchy's Lobster + Rawbar,"212 Court Ave, Sevierville, TN 37862, USA",https://www.pinchyslobsterandbeer.com/
Mediterranean,Arby's,"1400 Winfield Dunn Pkwy, Sevierville, TN 37876, USA",https://locations.arbys.com/tn/sevierville/1400-winfield-dunn-pkwy.html?utm_source=google%20my%20business&utm_medium=organic&utm_campaign=website%20link
Mediterranean,Mirage Knoxville,"415 S Gay St, Knoxville, TN 37902, USA",http://www.mirageknoxville.com/
Ethiopian,Gosh Ethiopian Restaurant,"3609 Sutherland Ave, Knoxville, TN 37919, USA",http://www.goshethiopian.net/
Ethiopian,The Chop House,"1649 Parkway, Sevierville, TN 37862, USA",https://www.thechophouse.com/
Ethiopian,Addissae Ethiopian Restaurant,"48 Commerce St, Asheville, NC 28801, USA",http://www.addissae.com/
Ethiopian,The Appalachian,"133 Bruce St, Sevierville, TN 37862, USA",http://theappalachianrestaurant.com/
Ethiopian,La Carreta Mexican Restaurant,"241 Forks of the River Pkwy, Sevierville, TN 37862, USA",http://lacarretatn.com/
Ethiopian,Aubrey's Sevierville,"928 Dolly Parton Pkwy, Sevierville, TN 37862, USA",https://aubreysrestaurants.com/sevierville/
Ethiopian,Pawpaw's Catfish Kitchen,"2760 Wears Valley Rd, Sevierville, TN 37862, USA",http://pawpawscatfishkitchen.com/
Ethiopian,Cancun Mexican Grill & Bar,"732 Dolly Parton Pkwy, Sevierville, TN 37862, USA",
Ethiopian,Popeyes Louisiana Kitchen,"601 Parkway, Sevierville, TN 37862, USA",https://www.popeyes.com/store-locator/store/restaurant_84251?utm_source=yext&utm_medium=referral&utm_campaign=organic-local-listings
Ethiopian,Sk African Cuisine,"3627 Western Ave, Knoxville, TN 37921, USA",http://www.skafricancuisine.com/
Ethiopian,Pollo Loco,"1732 Newport Hwy, Sevierville, TN 37876, USA",https://pollolocomexicanrestaurant.com/
Ethiopian,Preachers Smokehouse,"2929 Pittman Center Rd, Sevierville, TN 37876, USA",https://preacherssmokehousebbq.com/
Ethiopian,Aubrey's Strawberry Plains,"805 Huckleberry Springs Rd, Knoxville, TN 37924, USA",https://aubreysrestaurants.com/strawberryplains/
Ethiopian,Bistro 109,"109 Bruce St, Sevierville, TN 37862, USA",http://bistro109.com/
Caribbean,Frontline Jamaican Store,"2225 Parkway, Pigeon Forge, TN 37863, USA",
Soul,Grandmothers Kitchen,"3030 Wears Valley Rd, Sevierville, TN 37862, USA",
Argentinian,Gaucho Urbano - Brazilian Steakhouse,"111 Valley Dr, Pigeon Forge, TN 37863, USA",http://www.gauchourbano.com/
Argentinian,La Catrachada Mexican & latino grill,"737 Dolly Parton Pkwy, Sevierville, TN 37862, USA",
Argentinian,Fort Worth Steakhouse,"1560 Parkway, Sevierville, TN 37862, USA",https://fortworthsevierville.com/
Argentinian,Alamo Steakhouse,"3050 Parkway, Pigeon Forge, TN 37863, USA",https://www.alamosteakhouse.com/
Argentinian,The Appalachian,"133 Bruce St, Sevierville, TN 37862, USA",http://theappalachianrestaurant.com/
Argentinian,The Peddler Steakhouse,"820 River Rd, Gatlinburg, TN 37738, USA",https://peddlergatlinburg.com/
Argentinian,The Chop House,"1649 Parkway, Sevierville, TN 37862, USA",https://www.thechophouse.com/
Argentinian,Outback Steakhouse,"1705 Parkway, Sevierville, TN 37862, USA",https://locations.outback.com/tennessee/sevierville/1705-parkway?utm_source=gmb&utm_medium=local_search&utm_campaign=website_cta&y_source=1_MTU1MDIyNjMtNzE1LWxvY2F0aW9uLndlYnNpdGU%3D
Argentinian,Ristorante DellaSantina,"2004 Red Bank Rd, Sevierville, TN 37876, USA",http://www.ristorantedellasantina.com/
Argentinian,Roma Table,"1503 Parkway, Sevierville, TN 37862, USA",https://romatable.com/
Argentinian,The Chop House,"3609 Outdoor Sportsman Pl # 1, Kodak, TN 37764, USA",https://www.thechophouse.com/
Argentinian,Bullfish Grill,"2441 Parkway, Pigeon Forge, TN 37863, USA",https://bullfishgrill.com/
Argentinian,Preachers Smokehouse,"2929 Pittman Center Rd, Sevierville, TN 37876, USA",https://preacherssmokehousebbq.com/
Argentinian,A&W Restaurant,"929 Dolly Parton Pkwy, Sevierville, TN 37862, USA",https://awrestaurants.com/locations/tennessee/sevierville/929-dolly-parton-parkway/
Argentinian,Applebee's Grill + Bar,"207 Collier Dr, Sevierville, TN 37862, USA",https://restaurants.applebees.com/en-us/tn/sevierville/207-collier-drive-75073?utm_source=google&utm_medium=organic&utm_campaign=google_my_business&utm_term=75073&utm_content=website
Argentinian,Chubby's Deli,"2659 Newport Hwy, Sevierville, TN 37876, USA",https://www.facebook.com/Chubbysdeli865/
Chilean,El Eslabon Mexican Bar & Grill,"712 Parkway, Sevierville, TN 37862, USA",https://www.eleslabonmexican.com/
Chilean,Al Chile Tacos,"5036 Hooper Hwy, Cosby, TN 37722, USA",
Chilean,El Paso Mexican Restaurant,"560 Winfield Dunn Pkwy #9, Sevierville, TN 37876, USA",https://elpasomexican.net/menus/
Chilean,El Machete Mexican Bar and Grill,"1989 Winfield Dunn Pkwy, Sevierville, TN 37876, USA",
Chilean,La Catrachada Mexican & latino grill,"737 Dolly Parton Pkwy, Sevierville, TN 37862, USA",
Chilean,El Primo Products Hispanos,"116 Cate Rd, Sevierville, TN 37862, USA",
Chilean,Station51 Chicken,"1304 Parkway #101, Sevierville, TN 37862, USA",https://station51chicken.com/
Chilean,La Carreta Mexican Restaurant,"241 Forks of the River Pkwy, Sevierville, TN 37862, USA",http://lacarretatn.com/
Chilean,Tequila Spice Mexican Grill & Cantina,"360 Forks of the River Pkwy, Sevierville, TN 37862, USA",http://www.tequilaspice.com/
Chilean,Taqueria Macho Taco,"3209 Wears Valley Rd Suite B, Sevierville, TN 37862, USA",
Chilean,Gaucho Urbano - Brazilian Steakhouse,"111 Valley Dr, Pigeon Forge, TN 37863, USA",http://www.gauchourbano.com/
Chilean,No Way Jose’s Mexican Cantina,"555 Parkway, Gatlinburg, TN 37738, USA",https://nowayjosescantina.com/
Chilean,Cancun Mexican Grill & Bar,"732 Dolly Parton Pkwy, Sevierville, TN 37862, USA",
Chilean,The Appalachian,"133 Bruce St, Sevierville, TN 37862, USA",http://theappalachianrestaurant.com/
Chilean,Taqueria Catracho,"1223 Ridge Rd, Sevierville, TN 37862, USA",
Chilean,Ristorante DellaSantina,"2004 Red Bank Rd, Sevierville, TN 37876, USA",http://www.ristorantedellasantina.com/
Chilean,Five Oaks Farm Kitchen,"1638 Parkway, Sevierville, TN 37862, USA",http://fiveoaksfarmkitchen.com/
Chilean,Applewood Farmhouse Restaurant,"240 Apple Valley Rd, Sevierville, TN 37862, USA",http://www.applewoodrestaurant.com/
Chilean,Pollo Loco,"1732 Newport Hwy, Sevierville, TN 37876, USA",https://pollolocomexicanrestaurant.com/
Chilean,Smokies Cuban Cafe,"3526 Parkway #4, Pigeon Forge, TN 37863, USA",
Colombian,Mi Querida Colombia,"11532 Chapman Hwy, Seymour, TN 37865, USA",http://mqctennessee.com/
Costa Rican,La Catrachada Mexican & latino grill,"737 Dolly Parton Pkwy, Sevierville, TN 37862, USA",
Costa Rican,El Primo Products Hispanos,"116 Cate Rd, Sevierville, TN 37862, USA",
Costa Rican,Smokies Cuban Cafe,"3526 Parkway #4, Pigeon Forge, TN 37863, USA",
Costa Rican,Station51 Chicken,"1304 Parkway #101, Sevierville, TN 37862, USA",https://station51chicken.com/
Czech,Wild Bear Tavern,"4236 Parkway, Pigeon Forge, TN 37863, USA",https://resort.to/wbtt?y_source=1_OTc1MjIyMS03MTUtbG9jYXRpb24ud2Vic2l0ZQ%3D%3D
Czech,Five Oaks Farm Kitchen,"1638 Parkway, Sevierville, TN 37862, USA",http://fiveoaksfarmkitchen.com/
Czech,Station51 Chicken,"1304 Parkway #101, Sevierville, TN 37862, USA",https://station51chicken.com/
Czech,Hillbilly's Restaurant,"3275 Wears Valley Rd, Sevierville, TN 37862, USA",https://www.facebook.com/Hillbillys-Restaurant-509297775802402/
Czech,Chubby's Deli,"2659 Newport Hwy, Sevierville, TN 37876, USA",https://www.facebook.com/Chubbysdeli865/
Czech,Applewood Farmhouse Restaurant,"240 Apple Valley Rd, Sevierville, TN 37862, USA",http://www.applewoodrestaurant.com/
Czech,Chubby's Restaurant,"1386 Dolly Parton Pkwy, Sevierville, TN 37862, USA",http://chubbysrestaurant.net/
Czech,Quaker Steak & Lube,"1431 Parkway, Sevierville, TN 37862, USA",http://thelube.com/locations/tennessee/sevierville/
Czech,Applewood Farmhouse Grill,"220 Apple Valley Rd, Sevierville, TN 37862, USA",http://applewoodfarmhouserestaurant.com/
Czech,Puckett's Restaurant - Pigeon Forge,"2480 Parkway, Pigeon Forge, TN 37863, USA",https://puckettsgro.com/
Czech,The Chop House,"1649 Parkway, Sevierville, TN 37862, USA",https://www.thechophouse.com/
Czech,The Melting Pot,"959 Parkway #2, Gatlinburg, TN 37738, USA",https://www.meltingpot.com/gatlinburg-tn/
Czech,Holston's Kitchen,"639 Dolly Parton Pkwy, Sevierville, TN 37862, USA",https://holstonskitchen.com/
Czech,Red Oak Bistro,"669 Glades Rd, Gatlinburg, TN 37738, USA",https://www.redoakbistro.net/
Danish,Five Oaks Farm Kitchen,"1638 Parkway, Sevierville, TN 37862, USA",http://fiveoaksfarmkitchen.com/
Dutch,Crockett's Breakfast Camp,"1103 Parkway, Gatlinburg, TN 37738, USA",http://crockettsbreakfastcamp.com/
Dutch,Dutch Bros Coffee,"197 Forks of River Pkwy, Sevierville, TN 37862, USA",https://locations.dutchbros.com/dutch-bros-coffee-5db662f432a6?y_source=1_NjY1MDIyMjYtNzE1LWxvY2F0aW9uLndlYnNpdGU%3D
Dutch,Cumberland Jacks LeConte Kitchen,"1019 Parkway, Gatlinburg, TN 37738, USA",https://cumberlandjacks.com/
Dutch,Local Goat - New American Restaurant Pigeon Forge,"2167 Parkway, Pigeon Forge, TN 37863, USA",https://www.localgoatpf.com/
Dutch,THE DINER,"550 Winfield Dunn Pkwy, Sevierville, TN 37876, USA",https://places.singleplatform.com/the-diner-6
Dutch,Holston's Kitchen,"639 Dolly Parton Pkwy, Sevierville, TN 37862, USA",https://holstonskitchen.com/
Dutch,The Appalachian,"133 Bruce St, Sevierville, TN 37862, USA",http://theappalachianrestaurant.com/
Dutch,Little Dutch Restaurant,"115 S Cumberland St, Morristown, TN 37814, USA",https://littledutchmorristown.com/
Dutch,Local Eatery and Grill,"2453 Boyds Creek Hwy Suite 103, Sevierville, TN 37876, USA",http://localeaterygrill.com/
Dutch,Blue Moose Burgers & Wings,"2430 Teaster Ln #108, Pigeon Forge, TN 37863, USA",http://bluemooseburgersandwings.com/
Dutch,Cookie Dough Monster - Burgers & Shakes,"2660 Teaster Ln, Pigeon Forge, TN 37863, USA",http://www.cookiedm.com/
Dutch,Smokies Cuban Cafe,"3526 Parkway #4, Pigeon Forge, TN 37863, USA",
Dutch,The Chop House,"1649 Parkway, Sevierville, TN 37862, USA",https://www.thechophouse.com/
Dutch,Cliff Top Restaurant at Anakeesta,"576 Parkway, Gatlinburg, TN 37738, USA",https://www.anakeesta.com/
Dutch,Bluffs Grill and Tap,"1548 Parkway Suite 301, Sevierville, TN 37862, USA",
Dutch,Pancake Pantry,"628 Parkway, Gatlinburg, TN 37738, USA",http://www.pancakepantry.com/
Ecuadorian,Applewood Farmhouse Restaurant,"240 Apple Valley Rd, Sevierville, TN 37862, USA",http://www.applewoodrestaurant.com/
Finnish,Five Oaks Farm Kitchen,"1638 Parkway, Sevierville, TN 37862, USA",http://fiveoaksfarmkitchen.com/
Finnish,Applewood Farmhouse Restaurant,"240 Apple Valley Rd, Sevierville, TN 37862, USA",http://www.applewoodrestaurant.com/
Finnish,Huck Finn's Catfish,"3330 Parkway, Pigeon Forge, TN 37863, USA",http://www.huckfinnscatfish.com/
Finnish,Seasons 101,"101 E Main St, Sevierville, TN 37862, USA",https://www.seasons101.com/
Finnish,Nagano Japanese Grill,"1725 Parkway, Sevierville, TN 37862, USA",
Finnish,Aunt Granny's Restaurant,"2700 Dollywood Parks Blvd, Pigeon Forge, TN 37863, USA",https://www.dollywood.com/themepark/Dining/Aunt-Grannys
Finnish,Pinchy's Lobster + Rawbar,"212 Court Ave, Sevierville, TN 37862, USA",https://www.pinchyslobsterandbeer.com/
Finnish,The Appalachian,"133 Bruce St, Sevierville, TN 37862, USA",http://theappalachianrestaurant.com/
Finnish,The Chop House,"1649 Parkway, Sevierville, TN 37862, USA",https://www.thechophouse.com/
Finnish,Chick-fil-A,"1432 Parkway, Sevierville, TN 37862, USA",https://www.chick-fil-a.com/locations/tn/sevierville?utm_source=yext&utm_medium=link
Finnish,Ristorante DellaSantina,"2004 Red Bank Rd, Sevierville, TN 37876, USA",http://www.ristorantedellasantina.com/
Finnish,Little Mountain Eatery,"454 New Center Rd, Sevierville, TN 37876, USA",
Finnish,Margaritaville - Pigeon Forge,"130 The Island Dr #6101, Pigeon Forge, TN 37863, USA",https://www.margaritavillepigeonforge.com/
Finnish,Roma Table,"1503 Parkway, Sevierville, TN 37862, USA",https://romatable.com/
Finnish,Pawpaw's Catfish Kitchen,"2760 Wears Valley Rd, Sevierville, TN 37862, USA",http://pawpawscatfishkitchen.com/
Finnish,Elvira's Cafe,"4143 Wears Valley Rd, Sevierville, TN 37862, USA",http://www.elvirascafe.net/
Ghanaian,Five Oaks Farm Kitchen,"1638 Parkway, Sevierville, TN 37862, USA",http://fiveoaksfarmkitchen.com/
Guatemalan,Applewood Farmhouse Restaurant,"240 Apple Valley Rd, Sevierville, TN 37862, USA",http://www.applewoodrestaurant.com/
Honduran,Tierra mar coast flavor,"1758 Newport Hwy, Sevierville, TN 37876, USA",
Icelandic,Holston's Kitchen,"639 Dolly Parton Pkwy, Sevierville, TN 37862, USA",https://holstonskitchen.com/
Icelandic,Dick's Last Resort - Pigeon Forge,"131 The Island Dr, Pigeon Forge, TN 37863, USA",https://dickslastresort.com/locations/pigeon-forge/
Icelandic,Fins Bar & Chill,"131 The Island Dr, Pigeon Forge, TN 37863, USA",http://margaritavilleresorts.com/Margaritaville-island-hotel-pigeon-forge/eat-drink/fins-bar-chill
Icelandic,Margaritaville - Pigeon Forge,"130 The Island Dr #6101, Pigeon Forge, TN 37863, USA",https://www.margaritavillepigeonforge.com/
Icelandic,Hillbilly's Restaurant,"3275 Wears Valley Rd, Sevierville, TN 37862, USA",https://www.facebook.com/Hillbillys-Restaurant-509297775802402/
Icelandic,The Chop House,"1649 Parkway, Sevierville, TN 37862, USA",https://www.thechophouse.com/
Indonesian,Roll On In,"750 Winfield Dunn Pkwy #140, Sevierville, TN 37876, USA",https://www.clover.com/online-ordering/rolloninsevierville-sevierville
Indonesian,Thai Basil,"530 Winfield Dunn Pkwy, Sevierville, TN 37862, USA",https://thaibasilsevierville.com/
Indonesian,Curry N More,"903 Parkway, Sevierville, TN 37862, USA",http://www.currynmoretn.com/
Indonesian,Thai Palace,"1811 Parkway #104, Sevierville, TN 37862, USA",http://mythaipalace.com/
Indonesian,Spice Express Indian Kitchen,"3784 Parkway #101, Pigeon Forge, TN 37863, USA",https://spiceexpressindiankitchen.com/
Indonesian,Nagano Japanese Grill,"1725 Parkway, Sevierville, TN 37862, USA",
Indonesian,Station51 Chicken,"1304 Parkway #101, Sevierville, TN 37862, USA",https://station51chicken.com/
Indonesian,Red Oak Bistro,"669 Glades Rd, Gatlinburg, TN 37738, USA",https://www.redoakbistro.net/
Indonesian,Holston's Kitchen,"639 Dolly Parton Pkwy, Sevierville, TN 37862, USA",https://holstonskitchen.com/
Indonesian,Tikka Bowl Indian Grill,"3152 Parkway #1b, Pigeon Forge, TN 37863, USA",https://www.tikkabowlindiangrill.com/
Indonesian,Seasons 101,"101 E Main St, Sevierville, TN 37862, USA",https://www.seasons101.com/
Indonesian,Five Oaks Farm Kitchen,"1638 Parkway, Sevierville, TN 37862, USA",http://fiveoaksfarmkitchen.com/
Indonesian,Chick-fil-A,"1432 Parkway, Sevierville, TN 37862, USA",https://www.chick-fil-a.com/locations/tn/sevierville?utm_source=yext&utm_medium=link
Indonesian,Pawpaw's Catfish Kitchen,"2760 Wears Valley Rd, Sevierville, TN 37862, USA",http://pawpawscatfishkitchen.com/
Indonesian,Popeyes Louisiana Kitchen,"601 Parkway, Sevierville, TN 37862, USA",https://www.popeyes.com/store-locator/store/restaurant_84251?utm_source=yext&utm_medium=referral&utm_campaign=organic-local-listings
Indonesian,El Paso Mexican Restaurant,"560 Winfield Dunn Pkwy #9, Sevierville, TN 37876, USA",https://elpasomexican.net/menus/
Indonesian,The Chop House,"1649 Parkway, Sevierville, TN 37862, USA",https://www.thechophouse.com/
Indonesian,Applewood Farmhouse Restaurant,"240 Apple Valley Rd, Sevierville, TN 37862, USA",http://www.applewoodrestaurant.com/
Indonesian,Pinchy's Lobster + Rawbar,"212 Court Ave, Sevierville, TN 37862, USA",https://www.pinchyslobsterandbeer.com/
Indonesian,El Eslabon Mexican Bar & Grill,"712 Parkway, Sevierville, TN 37862, USA",https://www.eleslabonmexican.com/
Iranian,Surena Persian Cuisine,"9625 E Arapahoe Rd Unit P, Centennial, CO 80112, USA",https://www.surenarestaurant.com/
Israeli,Healthy Balance Meals,"313 Court Ave, Sevierville, TN 37862, USA",http://www.gohealthybalance.com/
Israeli,Local Goat - New American Restaurant Pigeon Forge,"2167 Parkway, Pigeon Forge, TN 37863, USA",https://www.localgoatpf.com/
Israeli,Nagano Japanese Grill,"1725 Parkway, Sevierville, TN 37862, USA",
Israeli,Applewood Farmhouse Grill,"220 Apple Valley Rd, Sevierville, TN 37862, USA",http://applewoodfarmhouserestaurant.com/
Israeli,Thai Basil,"530 Winfield Dunn Pkwy, Sevierville, TN 37862, USA",https://thaibasilsevierville.com/
Israeli,El Eslabon Mexican Bar & Grill,"712 Parkway, Sevierville, TN 37862, USA",https://www.eleslabonmexican.com/
Israeli,Margaritaville - Pigeon Forge,"130 The Island Dr #6101, Pigeon Forge, TN 37863, USA",https://www.margaritavillepigeonforge.com/
Israeli,Little Mountain Eatery,"454 New Center Rd, Sevierville, TN 37876, USA",
Israeli,Hidden Trail Bar and Grill,"202 Gists Creek Rd, Sevierville, TN 37876, USA",https://www.wildernessatthesmokies.com/dining/hidden-trail-bar-and-grill/
Israeli,Yassin's Falafel House,"706 Walnut St, Knoxville, TN 37902, USA",http://www.yassinfalafelhouse.com/
Israeli,Falafel Falfwla,"6017 Clinton Hwy, Knoxville, TN 37912, USA",
Israeli,The Chop House,"1649 Parkway, Sevierville, TN 37862, USA",https://www.thechophouse.com/
Israeli,Big Daddy's Pizzeria,"1820 Parkway, Sevierville, TN 37862, USA",https://www.bigdaddyspizzeria.net/
Israeli,Elvira's Cafe,"4143 Wears Valley Rd, Sevierville, TN 37862, USA",http://www.elvirascafe.net/
Israeli,KoPita Authentic Mediterranean,"Upstairs of the Embassy Suites Hotel, 507 S Gay St, Knoxville, TN 37902, USA",https://kopitarestaurants.com/
Israeli,Yassin's Falafel House,"159 N Peters Rd, Knoxville, TN 37923, USA",http://www.yassinsfalafelhouse.com/
Israeli,El Paso Mexican Restaurant,"560 Winfield Dunn Pkwy #9, Sevierville, TN 37876, USA",https://elpasomexican.net/menus/
Israeli,Naf Naf Grill,"126 N Cedar Bluff Rd, Knoxville, TN 37923, USA",https://www.nafnafgrill.com/
Israeli,Ristorante DellaSantina,"2004 Red Bank Rd, Sevierville, TN 37876, USA",http://www.ristorantedellasantina.com/
Israeli,Kefi,"120 E Jackson Ave, Knoxville, TN 37915, USA",https://kefiknox.com/
Jamaican,Frontline Jamaican Store,"2225 Parkway, Pigeon Forge, TN 37863, USA",
Kuwaiti,Five Oaks Farm Kitchen,"1638 Parkway, Sevierville, TN 37862, USA",http://fiveoaksfarmkitchen.com/
Laotian,Thai Basil,"530 Winfield Dunn Pkwy, Sevierville, TN 37862, USA",https://thaibasilsevierville.com/
Laotian,Thai Palace,"1811 Parkway #104, Sevierville, TN 37862, USA",http://mythaipalace.com/
Laotian,Station51 Chicken,"1304 Parkway #101, Sevierville, TN 37862, USA",https://station51chicken.com/
Laotian,Sticky Rice Cafe,"120 Jack Dance St, Knoxville, TN 37919, USA",http://www.stickyriceknox.com/
Laotian,La Patrona Mexican Restaurant,"2487 Boyds Creek Hwy, Sevierville, TN 37876, USA",
Lithuanian,Wild Bear Tavern,"4236 Parkway, Pigeon Forge, TN 37863, USA",https://resort.to/wbtt?y_source=1_OTc1MjIyMS03MTUtbG9jYXRpb24ud2Vic2l0ZQ%3D%3D
Malaysian,Lee’s Fusion Cafe,"2528 McGill St, Pigeon Forge, TN 37863, USA",http://www.leesfusioncafe.com/?utm_source=gmb&utm_medium=website
Malaysian,Roll On In,"750 Winfield Dunn Pkwy #140, Sevierville, TN 37876, USA",https://www.clover.com/online-ordering/rolloninsevierville-sevierville
Malaysian,Thai Basil,"530 Winfield Dunn Pkwy, Sevierville, TN 37862, USA",https://thaibasilsevierville.com/
Malaysian,Thai Palace,"1811 Parkway #104, Sevierville, TN 37862, USA",http://mythaipalace.com/
Malaysian,Station51 Chicken,"1304 Parkway #101, Sevierville, TN 37862, USA",https://station51chicken.com/
Malaysian,Five Oaks Farm Kitchen,"1638 Parkway, Sevierville, TN 37862, USA",http://fiveoaksfarmkitchen.com/
Malaysian,La Carreta Mexican Restaurant,"241 Forks of the River Pkwy, Sevierville, TN 37862, USA",http://lacarretatn.com/
Malaysian,El Paso Mexican Restaurant,"560 Winfield Dunn Pkwy #9, Sevierville, TN 37876, USA",https://elpasomexican.net/menus/
Malaysian,The Chop House,"1649 Parkway, Sevierville, TN 37862, USA",https://www.thechophouse.com/
Malaysian,Applewood Farmhouse Restaurant,"240 Apple Valley Rd, Sevierville, TN 37862, USA",http://www.applewoodrestaurant.com/
Malaysian,Pawpaw's Catfish Kitchen,"2760 Wears Valley Rd, Sevierville, TN 37862, USA",http://pawpawscatfishkitchen.com/
Malaysian,Tikka Bowl Indian Grill,"3152 Parkway #1b, Pigeon Forge, TN 37863, USA",https://www.tikkabowlindiangrill.com/
Malaysian,Big Daddy's Pizzeria,"1820 Parkway, Sevierville, TN 37862, USA",https://www.bigdaddyspizzeria.net/
Malaysian,Azul Cantina,"2655 Teaster Ln Suite 305, Pigeon Forge, TN 37863, USA",https://www.azulmexicancantina.com/
Malaysian,Margaritaville - Pigeon Forge,"130 The Island Dr #6101, Pigeon Forge, TN 37863, USA",https://www.margaritavillepigeonforge.com/
Malaysian,Chick-fil-A,"1432 Parkway, Sevierville, TN 37862, USA",https://www.chick-fil-a.com/locations/tn/sevierville?utm_source=yext&utm_medium=link
Malaysian,Mi Querida Colombia,"11532 Chapman Hwy, Seymour, TN 37865, USA",http://mqctennessee.com/
Malaysian,Asian River,"6714 Central Ave Pike ste b, Knoxville, TN 37912, USA",http://asianriverknoxville.com/
Malaysian,Plum Tree Chinese Restaurant,"7052 Kingston Pike, Knoxville, TN 37919, USA",
Malaysian,The Peddler Steakhouse,"820 River Rd, Gatlinburg, TN 37738, USA",https://peddlergatlinburg.com/
Mongolian,Sakura Japanese Buffet,"624 Parkway, Sevierville, TN 37862, USA",
Mongolian,China Town Restaurant,"525 Parkway, Sevierville, TN 37862, USA",https://tnchinatown.com/
Mongolian,No1 Chinese Restaurant,"574 Winfield Dunn Pkwy, Sevierville, TN 37876, USA",https://no1chinesetntogo.com/
Mongolian,China 1,"739 Dolly Parton Pkwy, Sevierville, TN 37862, USA",http://865-453-8282.chinesemenu.com/
Mongolian,Lee’s Fusion Cafe,"2528 McGill St, Pigeon Forge, TN 37863, USA",http://www.leesfusioncafe.com/?utm_source=gmb&utm_medium=website
Mongolian,Wood Grill Buffet,"2301 Parkway, Pigeon Forge, TN 37863, USA",http://www.woodgrillbuffetpf.com/
Mongolian,Asian Yummy,"11503 Chapman Hwy, Seymour, TN 37865, USA",
Mongolian,Holston's Kitchen,"639 Dolly Parton Pkwy, Sevierville, TN 37862, USA",https://holstonskitchen.com/
Mongolian,BK Kitchen Mongolian Grill,"1115 N Charles G Seivers Blvd Suite 17, Clinton, TN 37716, USA",https://www.facebook.com/BK-Kitchen-Mongolian-GRILL-109114080862910/
Mongolian,The Peddler Steakhouse,"820 River Rd, Gatlinburg, TN 37738, USA",https://peddlergatlinburg.com/
Mongolian,The Appalachian,"133 Bruce St, Sevierville, TN 37862, USA",http://theappalachianrestaurant.com/
Mongolian,Local Eatery and Grill,"2453 Boyds Creek Hwy Suite 103, Sevierville, TN 37876, USA",http://localeaterygrill.com/
Mongolian,Panda Express,"1526 Parkway, Sevierville, TN 37862, USA",https://www.pandaexpress.com/locations/tn/sevierville/2528
Mongolian,Tony Gore's Smoky Mountain BBQ & Grill,"1818 Winfield Dunn Pkwy, Sevierville, TN 37876, USA",http://www.tonygore.com/
Mongolian,Little Tokyo Restaurant,"2430 Teaster Ln #212, Pigeon Forge, TN 37863, USA",
Mongolian,North China Chinese Restaurant,"639 Parkway, Gatlinburg, TN 37738, USA",https://www.facebook.com/pages/North-China-Chinese-Restaurant/113421568690574
Mongolian,BUDDY’S BBQ (bar-b-q) Sevierville,"705 Winfield Dunn Pkwy, Sevierville, TN 37876, USA",http://www.buddysbbqsevierville.com/
Mongolian,Preachers Smokehouse,"2929 Pittman Center Rd, Sevierville, TN 37876, USA",https://preacherssmokehousebbq.com/
Mongolian,Chubby's Restaurant,"1386 Dolly Parton Pkwy, Sevierville, TN 37862, USA",http://chubbysrestaurant.net/
Mongolian,NAO Japanese Grill,"3676 Parkway, Pigeon Forge, TN 37863, USA",https://nao-japanese-grill.com/hibachi-and-sushi-restaurant-in-pigeon-forge-tn/?utm_source=gbp&utm_medium=organic&utm_campaign=gbp_LP&utm_term=12-15-2022&utm_content=1
Nepalese,Curry N More,"903 Parkway, Sevierville, TN 37862, USA",http://www.currynmoretn.com/
Nepalese,Spice Express Indian Kitchen,"3784 Parkway #101, Pigeon Forge, TN 37863, USA",https://spiceexpressindiankitchen.com/
Nepalese,Tikka Bowl Indian Grill,"3152 Parkway #1b, Pigeon Forge, TN 37863, USA",https://www.tikkabowlindiangrill.com/
Nepalese,Sakura Japanese Buffet,"624 Parkway, Sevierville, TN 37862, USA",
Nepalese,The Appalachian,"133 Bruce St, Sevierville, TN 37862, USA",http://theappalachianrestaurant.com/
Nicaraguan,La Catrachada Mexican & latino grill,"737 Dolly Parton Pkwy, Sevierville, TN 37862, USA",
Norwegian,Five Oaks Farm Kitchen,"1638 Parkway, Sevierville, TN 37862, USA",http://fiveoaksfarmkitchen.com/
Pakistani,Tikka Bowl Indian Grill,"3152 Parkway #1b, Pigeon Forge, TN 37863, USA",https://www.tikkabowlindiangrill.com/
Pakistani,Curry N More,"903 Parkway, Sevierville, TN 37862, USA",http://www.currynmoretn.com/
Pakistani,Five Oaks Farm Kitchen,"1638 Parkway, Sevierville, TN 37862, USA",http://fiveoaksfarmkitchen.com/
Pakistani,Applewood Farmhouse Restaurant,"240 Apple Valley Rd, Sevierville, TN 37862, USA",http://www.applewoodrestaurant.com/
Pakistani,Spice Express Indian Kitchen,"3784 Parkway #101, Pigeon Forge, TN 37863, USA",https://spiceexpressindiankitchen.com/
Pakistani,Holston's Kitchen,"639 Dolly Parton Pkwy, Sevierville, TN 37862, USA",https://holstonskitchen.com/
Pakistani,The Chop House,"1649 Parkway, Sevierville, TN 37862, USA",https://www.thechophouse.com/
Pakistani,Hillbilly's Restaurant,"3275 Wears Valley Rd, Sevierville, TN 37862, USA",https://www.facebook.com/Hillbillys-Restaurant-509297775802402/
Pakistani,Quaker Steak & Lube,"1431 Parkway, Sevierville, TN 37862, USA",http://thelube.com/locations/tennessee/sevierville/
Pakistani,Bigfoot Philly Cheesesteaks,"2005 Wears Valley Rd, Sevierville, TN 37862, USA",http://www.bigfootphilly.com/
Pakistani,Bountiful Harvest Co-Op Buying Club,"Apple Valley Rd, Sevierville, TN 37862, USA",https://pkadarconstruction.shop/
Pakistani,THE DINER,"550 Winfield Dunn Pkwy, Sevierville, TN 37876, USA",https://places.singleplatform.com/the-diner-6
Pakistani,Pawpaw's Catfish Kitchen,"2760 Wears Valley Rd, Sevierville, TN 37862, USA",http://pawpawscatfishkitchen.com/
Pakistani,Ristorante DellaSantina,"2004 Red Bank Rd, Sevierville, TN 37876, USA",http://www.ristorantedellasantina.com/
Pakistani,Thai Palace,"1811 Parkway #104, Sevierville, TN 37862, USA",http://mythaipalace.com/
Pakistani,Puckett's Restaurant - Pigeon Forge,"2480 Parkway, Pigeon Forge, TN 37863, USA",https://puckettsgro.com/
Pakistani,Chubby's Restaurant,"1386 Dolly Parton Pkwy, Sevierville, TN 37862, USA",http://chubbysrestaurant.net/
Pakistani,Chubby's Deli,"2659 Newport Hwy, Sevierville, TN 37876, USA",https://www.facebook.com/Chubbysdeli865/
Pakistani,Miss Lillian's Smoke House,"2700 Dollywood Parks Blvd, Pigeon Forge, TN 37863, USA",https://www.dollywood.com/themepark/Dining/Miss-Lillians-Smokehouse
Pakistani,Masala,"1811 W Broadway Ave, Maryville, TN 37801, USA",https://m.facebook.com/MasalaIndoPakGrill/
Panamanian,El Paso Mexican Restaurant,"560 Winfield Dunn Pkwy #9, Sevierville, TN 37876, USA",https://elpasomexican.net/menus/
Paraguayan,La Patrona Mexican Restaurant,"2487 Boyds Creek Hwy, Sevierville, TN 37876, USA",
Peruvian,Station51 Chicken,"1304 Parkway #101, Sevierville, TN 37862, USA",https://station51chicken.com/
Philippine,Philippine Egg Roll Express & Catering,"3605 Western Ave, Knoxville, TN 37921, USA",
Polish,Five Oaks Farm Kitchen,"1638 Parkway, Sevierville, TN 37862, USA",http://fiveoaksfarmkitchen.com/
Puerto Rican,Puertorican Smoke Food Truck,"2744 W Andrew Johnson Hwy, Morristown, TN 37814, USA",
Romanian,La Patrona Mexican Restaurant,"2487 Boyds Creek Hwy, Sevierville, TN 37876, USA",
Saudi Arabian,Station51 Chicken,"1304 Parkway #101, Sevierville, TN 37862, USA",https://station51chicken.com/
Singaporean,Lee’s Fusion Cafe,"2528 McGill St, Pigeon Forge, TN 37863, USA",http://www.leesfusioncafe.com/?utm_source=gmb&utm_medium=website
Singaporean,No1 Chinese Restaurant,"574 Winfield Dunn Pkwy, Sevierville, TN 37876, USA",https://no1chinesetntogo.com/
Singaporean,Thai Basil,"530 Winfield Dunn Pkwy, Sevierville, TN 37862, USA",https://thaibasilsevierville.com/
Singaporean,Thai Palace,"1811 Parkway #104, Sevierville, TN 37862, USA",http://mythaipalace.com/
Singaporean,China 1,"739 Dolly Parton Pkwy, Sevierville, TN 37862, USA",http://865-453-8282.chinesemenu.com/
Singaporean,Station51 Chicken,"1304 Parkway #101, Sevierville, TN 37862, USA",https://station51chicken.com/
Singaporean,Nagano Japanese Grill,"1725 Parkway, Sevierville, TN 37862, USA",
Singaporean,Five Oaks Farm Kitchen,"1638 Parkway, Sevierville, TN 37862, USA",http://fiveoaksfarmkitchen.com/
Singaporean,Seasons 101,"101 E Main St, Sevierville, TN 37862, USA",https://www.seasons101.com/
Singaporean,Local Goat - New American Restaurant Pigeon Forge,"2167 Parkway, Pigeon Forge, TN 37863, USA",https://www.localgoatpf.com/
Singaporean,Pinchy's Lobster + Rawbar,"212 Court Ave, Sevierville, TN 37862, USA",https://www.pinchyslobsterandbeer.com/
Singaporean,Smokies Cuban Cafe,"3526 Parkway #4, Pigeon Forge, TN 37863, USA",
Singaporean,Pawpaw's Catfish Kitchen,"2760 Wears Valley Rd, Sevierville, TN 37862, USA",http://pawpawscatfishkitchen.com/
Singaporean,Puckett's Restaurant - Pigeon Forge,"2480 Parkway, Pigeon Forge, TN 37863, USA",https://puckettsgro.com/
Singaporean,Applewood Farmhouse Restaurant,"240 Apple Valley Rd, Sevierville, TN 37862, USA",http://www.applewoodrestaurant.com/
Singaporean,Local Eatery and Grill,"2453 Boyds Creek Hwy Suite 103, Sevierville, TN 37876, USA",http://localeaterygrill.com/
Singaporean,Graze Burgers,"125 Bruce St, Sevierville, TN 37862, USA",https://grazeburgers.com/
Singaporean,The Appalachian,"133 Bruce St, Sevierville, TN 37862, USA",http://theappalachianrestaurant.com/
Singaporean,The Old Mill Restaurant,"164 Old Mill Ave, Pigeon Forge, TN 37863, USA",http://old-mill.com/
Singaporean,THE DINER,"550 Winfield Dunn Pkwy, Sevierville, TN 37876, USA",https://places.singleplatform.com/the-diner-6
Slovak,Five Oaks Farm Kitchen,"1638 Parkway, Sevierville, TN 37862, USA",http://fiveoaksfarmkitchen.com/
Slovenian,Ristorante DellaSantina,"2004 Red Bank Rd, Sevierville, TN 37876, USA",http://www.ristorantedellasantina.com/
Somali,Applewood Farmhouse Restaurant,"240 Apple Valley Rd, Sevierville, TN 37862, USA",http://www.applewoodrestaurant.com/
South African,Station51 Chicken,"1304 Parkway #101, Sevierville, TN 37862, USA",https://station51chicken.com/
Sri Lankan,Thai Basil,"530 Winfield Dunn Pkwy, Sevierville, TN 37862, USA",https://thaibasilsevierville.com/
Sri Lankan,Five Oaks Farm Kitchen,"1638 Parkway, Sevierville, TN 37862, USA",http://fiveoaksfarmkitchen.com/
Sri Lankan,The Appalachian,"133 Bruce St, Sevierville, TN 37862, USA",http://theappalachianrestaurant.com/
Sri Lankan,Pawpaw's Catfish Kitchen,"2760 Wears Valley Rd, Sevierville, TN 37862, USA",http://pawpawscatfishkitchen.com/
Sri Lankan,Thai Palace,"1811 Parkway #104, Sevierville, TN 37862, USA",http://mythaipalace.com/
Sri Lankan,Station51 Chicken,"1304 Parkway #101, Sevierville, TN 37862, USA",https://station51chicken.com/
Sri Lankan,Applewood Farmhouse Restaurant,"240 Apple Valley Rd, Sevierville, TN 37862, USA",http://www.applewoodrestaurant.com/
Sri Lankan,Pinchy's Lobster + Rawbar,"212 Court Ave, Sevierville, TN 37862, USA",https://www.pinchyslobsterandbeer.com/
Sri Lankan,China 1,"739 Dolly Parton Pkwy, Sevierville, TN 37862, USA",http://865-453-8282.chinesemenu.com/
Sri Lankan,El Paso Mexican Restaurant,"560 Winfield Dunn Pkwy #9, Sevierville, TN 37876, USA",https://elpasomexican.net/menus/
Sri Lankan,Nagano Japanese Grill,"1725 Parkway, Sevierville, TN 37862, USA",
Sri Lankan,Seasons 101,"101 E Main St, Sevierville, TN 37862, USA",https://www.seasons101.com/
Sri Lankan,Applewood Farmhouse Grill,"220 Apple Valley Rd, Sevierville, TN 37862, USA",http://applewoodfarmhouserestaurant.com/
Sri Lankan,La Catrachada Mexican & latino grill,"737 Dolly Parton Pkwy, Sevierville, TN 37862, USA",
Sri Lankan,Local Goat - New American Restaurant Pigeon Forge,"2167 Parkway, Pigeon Forge, TN 37863, USA",https://www.localgoatpf.com/
Sri Lankan,Graze Burgers,"125 Bruce St, Sevierville, TN 37862, USA",https://grazeburgers.com/
Sri Lankan,La Carreta Mexican Restaurant,"241 Forks of the River Pkwy, Sevierville, TN 37862, USA",http://lacarretatn.com/
Sri Lankan,Elvira's Cafe,"4143 Wears Valley Rd, Sevierville, TN 37862, USA",http://www.elvirascafe.net/
Sri Lankan,Hidden Trail Bar and Grill,"202 Gists Creek Rd, Sevierville, TN 37876, USA",https://www.wildernessatthesmokies.com/dining/hidden-trail-bar-and-grill/
Sri Lankan,Big Daddy's Pizzeria,"1820 Parkway, Sevierville, TN 37862, USA",https://www.bigdaddyspizzeria.net/
Swiss,Local Goat - New American Restaurant Pigeon Forge,"2167 Parkway, Pigeon Forge, TN 37863, USA",https://www.localgoatpf.com/
Swiss,Applewood Farmhouse Restaurant,"240 Apple Valley Rd, Sevierville, TN 37862, USA",http://www.applewoodrestaurant.com/
Swiss,Wild Bear Tavern,"4236 Parkway, Pigeon Forge, TN 37863, USA",https://resort.to/wbtt?y_source=1_OTc1MjIyMS03MTUtbG9jYXRpb24ud2Vic2l0ZQ%3D%3D
Swiss,Five Oaks Farm Kitchen,"1638 Parkway, Sevierville, TN 37862, USA",http://fiveoaksfarmkitchen.com/
Swiss,Blue Moose Burgers & Wings,"2430 Teaster Ln #108, Pigeon Forge, TN 37863, USA",http://bluemooseburgersandwings.com/
Swiss,The Melting Pot,"959 Parkway #2, Gatlinburg, TN 37738, USA",https://www.meltingpot.com/gatlinburg-tn/
Swiss,Seasons 101,"101 E Main St, Sevierville, TN 37862, USA",https://www.seasons101.com/
Swiss,Dick's Last Resort - Pigeon Forge,"131 The Island Dr, Pigeon Forge, TN 37863, USA",https://dickslastresort.com/locations/pigeon-forge/
Swiss,Mel's Classic Diner,"119 Wears Valley Rd, Pigeon Forge, TN 37863, USA",https://melsdinerpf.com/
Swiss,The Appalachian,"133 Bruce St, Sevierville, TN 37862, USA",http://theappalachianrestaurant.com/
Swiss,Ristorante DellaSantina,"2004 Red Bank Rd, Sevierville, TN 37876, USA",http://www.ristorantedellasantina.com/
Swiss,Cookie Dough Monster - Burgers & Shakes,"2660 Teaster Ln, Pigeon Forge, TN 37863, USA",http://www.cookiedm.com/
Swiss,Aubrey's Sevierville,"928 Dolly Parton Pkwy, Sevierville, TN 37862, USA",https://aubreysrestaurants.com/sevierville/
Swiss,JT Hannah's Kitchen,"3214 Parkway, Pigeon Forge, TN 37863, USA",http://jthannahs.com/
Swiss,Crockett's Breakfast Camp,"1103 Parkway, Gatlinburg, TN 37738, USA",http://crockettsbreakfastcamp.com/
Swiss,Chubby's Restaurant,"1386 Dolly Parton Pkwy, Sevierville, TN 37862, USA",http://chubbysrestaurant.net/
Swiss,1783 Eatery,"10321 Chapman Hwy, Seymour, TN 37865, USA",https://1783eatery.com/
Swiss,Graze Burgers,"125 Bruce St, Sevierville, TN 37862, USA",https://grazeburgers.com/
Swiss,Margaritaville - Pigeon Forge,"130 The Island Dr #6101, Pigeon Forge, TN 37863, USA",https://www.margaritavillepigeonforge.com/
Swiss,Iron Forge Brewing Co.,"371 Lonesome Valley Rd, Sevierville, TN 37862, USA",https://ironforgebrew.com/
Syrian,Crystelle Creek Restaurant,"1654 East Pkwy, Gatlinburg, TN 37738, USA",http://www.crystellecreek.com/
Syrian,Healthy Balance Meals,"313 Court Ave, Sevierville, TN 37862, USA",http://www.gohealthybalance.com/
Syrian,Holston's Kitchen,"639 Dolly Parton Pkwy, Sevierville, TN 37862, USA",https://holstonskitchen.com/
Syrian,Falafel Falfwla,"6017 Clinton Hwy, Knoxville, TN 37912, USA",
Syrian,Naf Naf Grill,"126 N Cedar Bluff Rd, Knoxville, TN 37923, USA",https://www.nafnafgrill.com/
Syrian,Little Mountain Eatery,"454 New Center Rd, Sevierville, TN 37876, USA",
Syrian,Quaker Steak & Lube,"1431 Parkway, Sevierville, TN 37862, USA",http://thelube.com/locations/tennessee/sevierville/
Syrian,Yassin's Falafel House,"706 Walnut St, Knoxville, TN 37902, USA",http://www.yassinfalafelhouse.com/
Syrian,Yassin's Falafel House,"212 Hamilton Crossing Dr, Alcoa, TN 37701, USA",http://www.yassinfalafelhouse.com/
Syrian,Elvira's Cafe,"4143 Wears Valley Rd, Sevierville, TN 37862, USA",http://www.elvirascafe.net/
Syrian,Ristorante DellaSantina,"2004 Red Bank Rd, Sevierville, TN 37876, USA",http://www.ristorantedellasantina.com/
Syrian,Pawpaw's Catfish Kitchen,"2760 Wears Valley Rd, Sevierville, TN 37862, USA",http://pawpawscatfishkitchen.com/
Syrian,Cliff Top Restaurant at Anakeesta,"576 Parkway, Gatlinburg, TN 37738, USA",https://www.anakeesta.com/
Syrian,Mirage Knoxville,"415 S Gay St, Knoxville, TN 37902, USA",http://www.mirageknoxville.com/
Syrian,House of Shawarma,"9233 Westland Dr, Knoxville, TN 37922, USA",https://www.houseshawarma.com/
Syrian,Yassin's Falafel House,"159 N Peters Rd, Knoxville, TN 37923, USA",http://www.yassinsfalafelhouse.com/
Syrian,Abu sofya halal,"8035 Kingston Pike, Knoxville, TN 37919, USA",https://www.abusofyahalal.com/
Syrian,Mama Mia Mediterranean food,"9115 Executive Park Dr, Knoxville, TN 37923, USA",https://mamamiamediterranean.com/
Syrian,Taziki's Mediterranean Cafe - Knoxville / Bearden,"6100 Kingston Pike, Knoxville, TN 37919, USA",https://tazikiscafe.com/location/knoxville/
Syrian,Turkish Market & Deli,"8078 Kingston Pike #121, Knoxville, TN 37919, USA",
Taiwanese,Roll On In,"750 Winfield Dunn Pkwy #140, Sevierville, TN 37876, USA",https://www.clover.com/online-ordering/rolloninsevierville-sevierville
Taiwanese,China Town Restaurant,"525 Parkway, Sevierville, TN 37862, USA",https://tnchinatown.com/
Taiwanese,Angry Dumplings Tea,"1119 Sevier Ave, Knoxville, TN 37920, USA",https://www.instagram.com/dumplingsteaknoxville/
Taiwanese,Asian Yummy,"11503 Chapman Hwy, Seymour, TN 37865, USA",
Taiwanese,Thai Basil,"530 Winfield Dunn Pkwy, Sevierville, TN 37862, USA",https://thaibasilsevierville.com/
Taiwanese,Lee’s Fusion Cafe,"2528 McGill St, Pigeon Forge, TN 37863, USA",http://www.leesfusioncafe.com/?utm_source=gmb&utm_medium=website
Taiwanese,No1 Chinese Restaurant,"574 Winfield Dunn Pkwy, Sevierville, TN 37876, USA",https://no1chinesetntogo.com/
Taiwanese,China 1,"739 Dolly Parton Pkwy, Sevierville, TN 37862, USA",http://865-453-8282.chinesemenu.com/
Taiwanese,Sakura Japanese Buffet,"624 Parkway, Sevierville, TN 37862, USA",
Taiwanese,Panda Express,"1526 Parkway, Sevierville, TN 37862, USA",https://www.pandaexpress.com/locations/tn/sevierville/2528
Tanzanian,Sk African Cuisine,"3627 Western Ave, Knoxville, TN 37921, USA",http://www.skafricancuisine.com/
Thai,Thai Basil,"530 Winfield Dunn Pkwy, Sevierville, TN 37862, USA",https://thaibasilsevierville.com/
Thai,Thai Palace,"1811 Parkway #104, Sevierville, TN 37862, USA",http://mythaipalace.com/
Thai,The Baht,"122 Spruce Ln, Gatlinburg, TN 37738, USA",https://www.the-baht.com/
Tunisian,Bistro 109,"109 Bruce St, Sevierville, TN 37862, USA",http://bistro109.com/
Ukrainian,Applewood Farmhouse Restaurant,"240 Apple Valley Rd, Sevierville, TN 37862, USA",http://www.applewoodrestaurant.com/
Ukrainian,Volcue LLC,"6700 Baum Dr, Knoxville, TN 37919, USA",
Ukrainian,Five Oaks Farm Kitchen,"1638 Parkway, Sevierville, TN 37862, USA",http://fiveoaksfarmkitchen.com/
Ukrainian,Quaker Steak & Lube,"1431 Parkway, Sevierville, TN 37862, USA",http://thelube.com/locations/tennessee/sevierville/
Ukrainian,La Patrona Mexican Restaurant,"2487 Boyds Creek Hwy, Sevierville, TN 37876, USA",
Ukrainian,Golden Corral Buffet & Grill,"513 Winfield Dunn Pkwy, Sevierville, TN 37876, USA",https://www.goldencorral.com/locations/804/golden-corral-winfield-dunn-parkway?utm_source=google&utm_medium=local&utm_campaign=localmaps&utm_content=804&utm_source=google&utm_medium=local&utm_campaign=localmaps&utm_content=804
Ukrainian,The Chop House,"1649 Parkway, Sevierville, TN 37862, USA",https://www.thechophouse.com/
Ukrainian,Puckett's Restaurant - Pigeon Forge,"2480 Parkway, Pigeon Forge, TN 37863, USA",https://puckettsgro.com/
Ukrainian,Olive Garden Italian Restaurant,"1570 Parkway, Sevierville, TN 37862, USA",https://www.olivegarden.com/locations/tn/sevierville/sevierville/1662?cmpid=br:og_ag:ie_ch:loc_ca:OGGMB_sn:gmb_gt:sevierville-tn-1662_pl:locurl_rd:1517
Ukrainian,Applewood Farmhouse Grill,"220 Apple Valley Rd, Sevierville, TN 37862, USA",http://applewoodfarmhouserestaurant.com/
Ukrainian,Nagano Japanese Grill,"1725 Parkway, Sevierville, TN 37862, USA",
Ukrainian,Sakura Japanese Buffet,"624 Parkway, Sevierville, TN 37862, USA",
Ukrainian,Seasons 101,"101 E Main St, Sevierville, TN 37862, USA",https://www.seasons101.com/
Ukrainian,Holston's Kitchen,"639 Dolly Parton Pkwy, Sevierville, TN 37862, USA",https://holstonskitchen.com/
Ukrainian,Red Oak Bistro,"669 Glades Rd, Gatlinburg, TN 37738, USA",https://www.redoakbistro.net/
Ukrainian,Station51 Chicken,"1304 Parkway #101, Sevierville, TN 37862, USA",https://station51chicken.com/
Ukrainian,Margaritaville - Pigeon Forge,"130 The Island Dr #6101, Pigeon Forge, TN 37863, USA",https://www.margaritavillepigeonforge.com/
Ukrainian,Ristorante DellaSantina,"2004 Red Bank Rd, Sevierville, TN 37876, USA",http://www.ristorantedellasantina.com/
Ukrainian,The Appalachian,"133 Bruce St, Sevierville, TN 37862, USA",http://theappalachianrestaurant.com/
Ukrainian,Chick-fil-A,"1432 Parkway, Sevierville, TN 37862, USA",https://www.chick-fil-a.com/locations/tn/sevierville?utm_source=yext&utm_medium=link
Uruguayan,The Chop House,"1649 Parkway, Sevierville, TN 37862, USA",https://www.thechophouse.com/
Venezuelan,ChamaCheese,"8035 Kingston Pike, Knoxville, TN 37919, USA",
Venezuelan,Algo delii 3,"333 W Depot Ave, Knoxville, TN 37917, USA",
Venezuelan,Algo Delii 2,"4829 Newcom Ave, Knoxville, TN 37919, USA",https://instagram.com/algo.delii?r=nametag
Venezuelan,Algo Delii 1,"8373 Kingston Pike, Knoxville, TN 37919, USA",https://www.instagram.com/invites/contact/?i=7ozwf0whkxwz&utm_content=ge3yyy4
Vietnamese,Roll On In,"750 Winfield Dunn Pkwy #140, Sevierville, TN 37876, USA",https://www.clover.com/online-ordering/rolloninsevierville-sevierville
Vietnamese,Lee’s Fusion Cafe,"2528 McGill St, Pigeon Forge, TN 37863, USA",http://www.leesfusioncafe.com/?utm_source=gmb&utm_medium=website
Vietnamese,Thai Palace,"1811 Parkway #104, Sevierville, TN 37862, USA",http://mythaipalace.com/
Vietnamese,Thai Basil,"530 Winfield Dunn Pkwy, Sevierville, TN 37862, USA",https://thaibasilsevierville.com/
Vietnamese,China Town Restaurant,"525 Parkway, Sevierville, TN 37862, USA",https://tnchinatown.com/
Vietnamese,No1 Chinese Restaurant,"574 Winfield Dunn Pkwy, Sevierville, TN 37876, USA",https://no1chinesetntogo.com/
Vietnamese,Landing House,"1147 Sevier Ave, Knoxville, TN 37920, USA",http://landinghouse-109226.square.site/
Vietnamese,East Cuisine Cafe,"7621 E Lamar Alexander Pkwy, Townsend, TN 37882, USA",https://eastcuisinecafe.my.canva.site/asianfood#hibachi
Vietnamese,Bida Saigon,"8078 Kingston Pike, Knoxville, TN 37919, USA",
Vietnamese,Little Tokyo Restaurant,"2430 Teaster Ln #212, Pigeon Forge, TN 37863, USA",
Vietnamese,North China Chinese Restaurant,"639 Parkway, Gatlinburg, TN 37738, USA",https://www.facebook.com/pages/North-China-Chinese-Restaurant/113421568690574
Vietnamese,Pho 99,"9117 Executive Park Dr, Knoxville, TN 37923, USA",http://pho99tn.com/
Vietnamese,NAO Japanese Grill,"3676 Parkway, Pigeon Forge, TN 37863, USA",https://nao-japanese-grill.com/hibachi-and-sushi-restaurant-in-pigeon-forge-tn/?utm_source=gbp&utm_medium=organic&utm_campaign=gbp_LP&utm_term=12-15-2022&utm_content=1
Vietnamese,Olive Garden Italian Restaurant,"1570 Parkway, Sevierville, TN 37862, USA",https://www.olivegarden.com/locations/tn/sevierville/sevierville/1662?cmpid=br:og_ag:ie_ch:loc_ca:OGGMB_sn:gmb_gt:sevierville-tn-1662_pl:locurl_rd:1517
Vietnamese,Subway,"2467 Boyds Creek Hwy, Sevierville, TN 37876, USA",https://restaurants.subway.com/united-states/tn/sevierville/2467-boyds-creek-highway?utm_source=yxt-goog&utm_medium=local&utm_term=acq&utm_content=52601&utm_campaign=evergreen-2020&y_source=1_MTQ5MDM3MTQtNzE1LWxvY2F0aW9uLndlYnNpdGU%3D
Vietnamese,Asian Cafe LLC,"234 E Meeting St, Dandridge, TN 37725, USA",https://asiancafetntogo.com/
Vietnamese,Pho and Grill - Asian Authentic,"86 Walmart Plaza, Sylva, NC 28779, USA",https://www.clover.com/online-ordering/pho--grill-sylva-2
Vietnamese,Angry Dumplings Tea,"1119 Sevier Ave, Knoxville, TN 37920, USA",https://www.instagram.com/dumplingsteaknoxville/
Vietnamese,Chick-fil-A,"1432 Parkway, Sevierville, TN 37862, USA",https://www.chick-fil-a.com/locations/tn/sevierville?utm_source=yext&utm_medium=link
Vietnamese,Nhi Vietnamese Cuisine Food Truck (check FB & IG for schedule & location),"657 TN-92, Dandridge, TN 37725, USA",https://www.facebook.com/Nhi-Vietnamese-Cuisine-101086271825999
Yemeni,Applewood Farmhouse Grill,"220 Apple Valley Rd, Sevierville, TN 37862, USA",http://applewoodfarmhouserestaurant.com/
Zambian,Station51 Chicken,"1304 Parkway #101, Sevierville, TN 37862, USA",https://station51chicken.com/
Zimbabwean,Station51 Chicken,"1304 Parkway #101, Sevierville, TN 37862, USA",https://station51chicken.com/
