Cuisine Type,Name,Address,Website
Mexican,El Coyote Monroe,"838 Main Street F, CT-25, Monroe, CT 06468, USA",https://www.elcoyoteonect.com/
Swedish,IKEA Restaurant,"450 Sargent Dr, New Haven, CT 06511, USA",https://www.ikea.com/us/en/stores/new-haven/?utm_source=google&utm_medium=organic&utm_campaign=map_r&utm_content=new-haven
Italian,Tiramisu Italian Restaurant,"3670 E Main St, Waterbury, CT 06705, USA",http://www.tiramisuct.com/
Italian,Violi's Restaurant,"688 Westfield Rd, Meriden, CT 06450, USA",https://www.violisrestaurant.com/
Italian,Campagna Restaurant,"151 Marlborough St, Portland, CT 06480, USA",http://campagnact.com/
Italian,Casa Mia On The Green,"600 Cold Spring Rd, Rocky Hill, CT 06067, USA",http://casamiact.com/
Italian,Viron Rondo Osteria,"1721 Highland Ave, Cheshire, CT 06410, USA",http://www.vironrondoosteria.com/
Italian,San Marino Ristorante Italiano,"111-23 Thomaston Ave, Waterbury, CT 06702, USA",http://sanmarinos.com/
Italian,Brio Italian Grille,"325 W Farms Mall, Farmington, CT 06032, USA",https://www.brioitalian.com/locations/westfarms-mall/?y_source=1_MTc1NjQxMjAtNzE1LWxvY2F0aW9uLndlYnNpdGU%3D
Italian,Brazi's Italian Restaurant,"201 Food Terminal Plaza, New Haven, CT 06511, USA",http://www.brazis.com/
Italian,San Remo Restaurant & Pizzeria,"135 Main St N, Woodbury, CT 06798, USA",https://www.sanremorestaurant.net/
Italian,Buon Appetito Ristorante & Pizzeria,"386 Norwich-Westerly Rd, North Stonington, CT 06359, USA",https://buonappetitoristorante.com/
Italian,Cava,"1615 West St, Southington, CT 06489, USA",http://www.cavact.com/
Italian,La Tavola,"702 Highland Ave, Waterbury, CT 06708, USA",http://latavolaristorante.com/
Italian,Tre Scalini Restaurant,"100 Wooster St, New Haven, CT 06511, USA",http://www.trescalinirestaurant.com/
Italian,Aldo's Ristorante,"199 Park Rd Ext, Middlebury, CT 06762, USA",http://aldosct.com/
Italian,Verdi,"660 Park Rd, Waterbury, CT 06708, USA",http://www.verdiwaterbury.com/
Italian,Salute,"100 Trumbull St, Hartford, CT 06103, USA",http://www.salutehartford.com/
Italian,Sugo Trattoria,"1274 Farmington Ave, Farmington, CT 06032, USA",https://www.toasttab.com/sugotrattoria-1274-farmington-ave
Italian,Bella'Gio,"835 W Main St, Cheshire, CT 06410, USA",https://www.bellagioct.com/
Italian,Woodbury Pizza & Restaurant,"689 Main St S, Woodbury, CT 06798, USA",https://www.woodburypizzarestaurant.com/?utm_source=gbp
Italian,Villa Mulino,"136 Simsbury Rd Building 4A, Avon, CT 06001, USA",https://villamulinoristorante.com/
Spanish,Criollisimo Restaurant,"340 Arch St, New Britain, CT 06051, USA",http://www.criollisimorestaurant.com/
Spanish,Via Al Paraiso,"384 W Main St, Waterbury, CT 06702, USA",
Spanish,Terraza Latina,"438 Franklin Ave, Hartford, CT 06114, USA",http://orderterrazalatina.com/
Spanish,Spanish Food Restaurant,"1345 N Main St, Waterbury, CT 06704, USA",
Spanish,MofonGo Restaurant,"260 Main St, New Britain, CT 06051, USA",http://mofongorestaurant.com/
Spanish,La Borinqueña Restaurant,"466 S Main St, Waterbury, CT 06706, USA",http://www.laborinquenarestaurant.com/
Spanish,El Morivivi Restaurant,"1127 Pembroke St # 1, Bridgeport, CT 06608, USA",
Spanish,El Encanto Restaurant,"216 Hillside Ave # 1, Waterbury, CT 06710, USA",https://elencantorestaurantct.com/
Spanish,La Cazuela,"354 W Main St, Waterbury, CT 06702, USA",https://www.toasttab.com/la-cazuela-restaurant-lounge/v3?utm_source=google&utm_medium=organic&utm_campaign=gmb-oo-web
Spanish,Sazon con fuego,"82 W Main St, Meriden, CT 06451, USA",
Spanish,El Coquito,"510 E Main St, Bridgeport, CT 06608, USA",http://www.elcoquitoct.com/
Spanish,El Rincón Latino Restaurant,"81 W Main St, Meriden, CT 06451, USA",https://www.facebook.com/profile.php?id=100083306553818
Spanish,La Plazita Del Mofongo,"415A Broad St, Manchester, CT 06040, USA",http://la-plazita-del-mofongo.keeq.io/
Spanish,Prisci's Cocina,"515 Albany Ave, Hartford, CT 06120, USA",http://orderprisciscocina.com/
Spanish,Aqui Me Quedo Restaurant,"622 Park St, Hartford, CT 06106, USA",https://facebook.com/wilmaroh
Spanish,Mi Familia Restaurant,"365 Broad St, New London, CT 06320, USA",https://mifamilia365.com/
Spanish,Collado Restaurant,"698 Washington Ave, New Haven, CT 06519, USA",
Spanish,Negritas Restaurant,"80 W Main St, New Britain, CT 06051, USA",https://www.negritasrestaurant.com/
Spanish,La Azogueñita,"448 Center St, Meriden, CT 06450, USA",http://www.facebook.com/azoguenitadelirestaurant/
Spanish,olea,"39 High St, New Haven, CT 06510, USA",http://www.oleanewhaven.com/
American,American Steakhouse,"1170 E Main St, Meriden, CT 06450, USA",http://americansteakhouse.com/
American,Fork and Fire,"838 Farmington Ave, Farmington, CT 06032, USA",https://www.forkandfire.net/
American,Rooster Co.,"1076 Main St, Newington, CT 06111, USA",http://roostercompany.net/
American,Charcoal Chef,"670 Main St N, Woodbury, CT 06798, USA",https://thecharcoalchef.com/
American,Nick's Country Kitchen,"3G Flanders Rd, Bethlehem, CT 06751, USA",https://www.facebook.com/Nicks-Country-Kitchen-Bethlehem-CT-139198076130729/
American,The Traveler Restaurant,"1257 Buckley Hwy # I-84, Union, CT 06076, USA",https://www.facebook.com/Traveler-Restaurant-234049429993458/
American,Market Place Kitchen & Bar,"641 Main St S, Woodbury, CT 06798, USA",http://www.markethospitalitygroup.com/woodbury/
American,The Station Restaurant Bar,"195 Water St, Naugatuck, CT 06770, USA",http://www.thestation.online/
American,Maggie McFly's l Middlebury,"6 Woodside Ave, Middlebury, CT 06762, USA",http://www.maggiemcflys.com/
American,Rozzi's Restaurant,"265 Watertown Rd, Thomaston, CT 06787, USA",https://rozzisrestaurant.com/
American,The White Horse,"258 New Milford Turnpike, New Preston, CT 06777, USA",http://www.whitehorsecountrypub.com/
American,Edison Kitchen,"Inside the Opera House, 186 Greenwood Ave, Bethel, CT 06801, USA",http://www.edisonkitchenct.com/
American,Jesse Camille's Restaurant,"615 Church St, Naugatuck, CT 06770, USA",https://www.jessecamilles.com/
American,AmericanSoul Kitchen & Bar,"164 Scott St, Meriden, CT 06450, USA",https://www.americansoulkitchenbar.com/
American,Blue Colony Diner,"66 Church Hill Rd, Newtown, CT 06470, USA",http://www.bluecolonydiner.com/
American,Colony Diner & Restaurant,"611 N Colony Rd, Wallingford, CT 06492, USA",https://colonydiner.com/
American,Heirloom,"1157 Chapel St, New Haven, CT 06511, USA",http://www.heirloomnewhaven.com/
American,Community Table,"223 Litchfield Turnpike, New Preston, CT 06777, USA",https://communitytablect.com/
American,Texas Roadhouse,"330 Reidville Dr Unit 2, Waterbury, CT 06705, USA",https://www.texasroadhouse.com/locations/connecticut/waterbury?utm_source=listing&utm_medium=search
American,1741 Pub and Grill,"72 Lyman Rd, Middlefield, CT 06455, USA",https://1741pubandgrill.com/?utm_source=google&utm_medium=organic&utm_campaign=google_business_profile
British,Gruel Britannia,"2217 Post Rd, Fairfield, CT 06824, USA",http://www.gruelbritannia.com/
Thai,Patsara Thai,"528 Carnarvon St, New Westminster, BC V3L 1C4, Canada",https://www.patsara.ca/
Japanese,Sakura Garden Japanese Steakhouse,"120 Hebron Ave, Glastonbury, CT 06033, USA",http://www.sakuragardenglastonbury.com/
Japanese,Sushi Q Japanese Restaurant,"150 S Main St, Thomaston, CT 06787, USA",https://www.sushiqjapanesect.com/dzlt0xih/sushi-q-japanese-restaurant-thomaston-06787/order-online?utm_source=gmb&utm_medium=order
Japanese,Koma Japanese Steakhouse and Sushi,"345 N Main St, West Hartford, CT 06117, USA",https://www.komahibachict.com/
Japanese,Umami Japanese Restaurant,"172 Union St, Vernon, CT 06066, USA",http://www.umamict.com/
Japanese,Sushi california Japanese Restaurant,"30 Fenn Rd, Newington, CT 06111, USA",http://sushicaliforniact.com/
Japanese,Yume Hibachi Steak and Sushi,"45 S Main St, Unionville, CT 06085, USA",http://yumejapanese.com/
Japanese,Ginza Japanese Restaurant,"1295 Silas Deane Hwy, Wethersfield, CT 06109, USA",http://www.ginzawt.com/
Japanese,Takumi Sushi Ramen&Lounge,"906 W Main St, Branford, CT 06405, USA",http://takumibranford.online/
Japanese,Koi Sushi Steak & Asian Fusion,"375 Main St, Ansonia, CT 06401, USA",http://www.koiasianfusionct.com/
Japanese,Tokyo Japanese Restaurant,"172 Queen St, Southington, CT 06489, USA",https://tokyojapaneserestauranttogo.com/
Japanese,Ichiro Sushi & Hibachi Restaurant (Trumbull),"900 White Plains Rd, Trumbull, CT 06611, USA",https://www.ichirotrumbull.com/
Japanese,Wild Kanji-Best Hibachi. Sushi. Catering,"514 Bridgeport Ave, Shelton, CT 06484, USA",https://wildkanjihibachi.com/
Japanese,iKura Sushi Bar & Grill,"134 Market Square, Newington, CT 06111, USA",http://www.ikurasushibar.com/
Japanese,Izumi Japanese Steak House & Sushi Bar,"25 Ella Grasso Turnpike, Windsor Locks, CT 06096, USA",https://www.izumicuisine.com/
Japanese,Sayori,"464 Boston Post Rd, Orange, CT 06477, USA",http://sayoriorange.com/
Japanese,Hachi,"320 Main St, Middletown, CT 06457, USA",https://www.hachict.com/
Japanese,Minami Sushi,"519 Heritage Rd, Southbury, CT 06488, USA",https://www.minamict.com/
Japanese,Ichiro Hibachi & Sushi,"962 Farmington Ave, West Hartford, CT 06107, USA",http://www.ctichiro.com/
Japanese,Edo Ichi Sushi & Hibachi Steakhouse,"580 Silas Deane Hwy, Wethersfield, CT 06109, USA",https://www.edoichisushihibachi.com/
Japanese,Tisumi Sushi,"2850 Main St, Glastonbury, CT 06033, USA",https://www.tisumisushict.com/#/
Chinese,Lucky Dragon Chinese Restaurant,"95 S Main St, Unionville, CT 06085, USA",
Chinese,Great Wall Chinese Restaurant,"522 S Main St, Middletown, CT 06457, USA",http://www.greatwallmiddletown.com/
Chinese,Main Hing Chinese Restaurant,"7365 Main St #1300, Stratford, CT 06614, USA",https://www.mainhing.com/
Chinese,Golden Palace Chinese Restaurant,"2173 Norwich-New London Turnpike, Montville, CT 06382, USA",http://www.goldenpalace-ct.com/
Chinese,Shanghai Chinese Restaurant,"Kent Green Blvd, Kent, CT 06757, USA",https://www.shanghaiasianonline.com/
Chinese,Cheong Hing Kitchen,"225 West St, Seymour, CT 06483, USA",
Chinese,Imperial China Buffet,"615 Straits Turnpike, Watertown, CT 06795, USA",http://www.imperialchinabuffetct.com/?utm_source=gmb&utm_medium=website
Chinese,China Garden,"289 Main St, Ansonia, CT 06401, USA",http://www.chinagardenansoniact.com/
Chinese,Sun Hing Chinese Restaurant,"654 Wolcott Rd #5, Wolcott, CT 06716, USA",https://www.sunhingwolcott.com/
Chinese,Yi Hing Restaurants,"19 W Main St, Plantsville, CT 06479, USA",http://www.yihingct.com/
Chinese,Peacock Chinese Restaurant,"107 CT-32, North Franklin, CT 06254, USA",https://www.facebook.com/Peacock-Chinese-Restaurant-155541157816849/
Chinese,Zheng Zheng Chinese Restaurant,"1457 Meriden Rd, Wolcott, CT 06716, USA",http://www.zhengzhengct.com/
Chinese,Red Star Chinese Restaurant,"2393 Main St, Hartford, CT 06120, USA",
Chinese,S. New China,"60 Main St, Windsor Locks, CT 06096, USA",
Chinese,Lao Sze Chuan Chinese Restaurant,"1585 Boston Post Rd, Milford, CT 06460, USA",https://www.laoszechuan1585.com/
Chinese,CC Star Restaurant,"1155 Main St, Watertown, CT 06795, USA",https://www.ccstarct.com/
Chinese,Chef Jiang,"1600 SE Rd Suite 6, Farmington, CT 06032, USA",http://www.chefjiang.com/
Chinese,CT NO1 Chinese Restaurant,"Across from Treeland .Vazzy near the Trumbull line, 1055 Huntington Turnpike, Bridgeport, CT 06610, USA",https://tapthru.com/store/ct-no1-chinese-restaurant-bridgeport-9017/
Chinese,Golden Palace,"544 Straits Turnpike, Watertown, CT 06795, USA",http://goldenpalacect.com/
Chinese,Dragon Kitchen,"5 1st St, Seymour, CT 06483, USA",
Indian,Haveli India,"1300 S Main St, Middletown, CT 06457, USA",https://haveliindiarestaurant.com/
Indian,Star of India orang CT,"157 Boston Post Rd, Orange, CT 06477, USA",https://starofindiarestaurant.com/
Indian,Bombay Olive - West Hartford,"450 S Main St, West Hartford, CT 06110, USA",http://www.bombayolive.com/
Indian,Baingan Indian Cuisine,"94 River Rd, Shelton, CT 06484, USA",https://bainganindiancuisine.com/
Indian,Bollywood Dreams,"55 Mill St, Unionville, CT 06085, USA",https://bollywooddreamsct.com/
Indian,Dhaba Wala Indian Kitchen,"49 Asylum St, Hartford, CT 06103, USA",http://dhabawalahartford.com/
Indian,Sherkaan Indian Street Food,"65 Broadway, New Haven, CT 06511, USA",https://sherkaan.com/
Indian,India Palace Restaurant (TANDOOR),"1226 Chapel St, New Haven, CT 06511, USA",http://www.newhavenindiapalace.com/?utm_source=gmb&utm_medium=website
Indian,Chef Prasad,"62 Main St, New Canaan, CT 06840, USA",https://www.chefprasad.com/
Indian,Mystry INDIAN KITCHEN,"906 Chapel St, New Haven, CT 06510, USA",
Indian,Godavari Restaurant,"1250 Burnside Ave, East Hartford, CT 06108, USA",http://www.godavarihartford.com/
Indian,Spice Venue,"81 Asylum St, Hartford, CT 06103, USA",https://www.spicevenuehartford.com/
Indian,Darbar India,"168 Montowese St, Branford, CT 06405, USA",http://www.darbarindia.com/
Indian,Udupi Bhavan,"749 Saybrook Rd, Middletown, CT 06457, USA",https://www.ctudupibhavan.com/
Indian,Dosa Hut,"946 Cromwell Ave, Rocky Hill, CT 06067, USA",http://dosahutct.com/
Indian,Cumin India Restaurant,"262 Skiff St, Hamden, CT 06517, USA",http://www.cuminindia.com/
Indian,The Royal Punjabi,"198 Main St, Norwich, CT 06360, USA",https://theroyalpunjabict.com/
Indian,A Taste of India,"35 Williams Ave, Mystic, CT 06355, USA",https://order.toasttab.com/online/a-taste-of-india-35-williams-ave
Indian,Tandoor New Haven,"1226 Chapel St, New Haven, CT 06511, USA",https://tandoornewhavenct.com/
Indian,Coromandel Cuisine Of India,"185 Boston Post Rd, Orange, CT 06477, USA",https://www.coromandelorangect.com/
Canadian,Chez Ben Diner,"927 Center St, Manchester, CT 06040, USA",http://www.chezbendiner.com/
Russian,Russian Club Of Shelton,"330 Howe Ave, Shelton, CT 06484, USA",
Jewish,Ladle and Loaf - Kosher Craft sandwiches & Soups,"357 Whalley Ave, New Haven, CT 06511, USA",http://ladleandloafct.com/
Jewish,Napoletana - Kosher Dairy Resturant,"2701 Summer St suite N, Stamford, CT 06905, USA",https://napoletana.getsauce.com/
Jewish,Six Thirteen,"108 Prospect St, Stamford, CT 06901, USA",http://www.613restaurant.com/
Jewish,Yosi Kosher Catering,"598 Hayden Station Rd, Windsor, CT 06095, USA",http://yosikoshercatering.com/
Jewish,Waterbury Kosher World,"701 Cooke St, Waterbury, CT 06710, USA",http://waterburykosherworld.com/
Jewish,Rein's Deli,"435 Hartford Turnpike, Vernon, CT 06066, USA",https://www.reinsdeli.com/
Jewish,Katz's Deli Restaurant,"1658 Litchfield Turnpike, Woodbridge, CT 06525, USA",http://katzsdeli.net/
Jewish,The Gusto Kitchen - Kosher Caterer,"357 Whalley Ave #1B, New Haven, CT 06511, USA",http://thegustokitchen.com/
Jewish,Ricotta - Kosher Pizza And Bakery,"1203 Chapel St, New Haven, CT 06511, USA",http://ricotta-kosher.com/
Jewish,The Crown Market,"2471 Albany Ave, West Hartford, CT 06117, USA",http://www.thecrownmarket.com/
Jewish,Fin and Scale,"920 Whalley Ave, New Haven, CT 06515, USA",https://www.finandscalect.com/
Jewish,Zaftigs Delicatessen,"335 Harvard St, Brookline, MA 02446, USA",http://www.zaftigs.com/
Jewish,Zohara Mediterranean Kitchen,"991 Farmington Ave, West Hartford, CT 06107, USA",http://zoharact.com/
Jewish,Bubbie's Market & Deli,"727 Hope St, Providence, RI 02906, USA",http://bubbiesmarket.com/
Jewish,Mohegan Sun,"1 Mohegan Sun Blvd, Uncasville, CT 06382, USA",https://mohegansun.com/
Jewish,Andes International Gourmet Deli,"148 Amity Rd, New Haven, CT 06515, USA",https://andesgourmetdeli.com/Menus
Jewish,Kibberia,"93 Mill Plain Rd, Danbury, CT 06811, USA",http://www.kibberia.com/
Jewish,Monroe Falafel,"401 Monroe Turnpike, Monroe, CT 06468, USA",
Jewish,Edge of the Woods Market,"379 Whalley Ave, New Haven, CT 06511, USA",http://www.eotwm.com/
Jewish,Lox Stock & Bagels,"332 N Main St, West Hartford, CT 06117, USA",http://www.loxstock.com/
Polish,Taste of Poland,"99 Broad St, New Britain, CT 06053, USA",
Polish,PolishPlate,"1095 West St #7, Southington, CT 06489, USA",
Polish,EuroPLATE:,"100 Broad St, New Britain, CT 06053, USA",http://www.europlaterestaurant.com/
Polish,Taste of Poland,"598 Newfield Ave, Stamford, CT 06905, USA",
Polish,Baltic Restaurant,"237 New Britain Rd, Berlin, CT 06037, USA",http://thebalticrestaurant.com/
Polish,Polish Delicatessen Husaria LLc,"274 Connecticut Ave, Norwalk, CT 06854, USA",
Polish,Pierogi Queen Bakery and Delicatessen,"4 Alden Ave, Enfield, CT 06082, USA",http://www.pierogiqueen.com/
Polish,Staropolska Restaurant,"252 Broad St, New Britain, CT 06053, USA",https://www.staropolska.net/
German,East Side Restaurant,"131 Dwight St, New Britain, CT 06051, USA",https://www.eastsiderestaurant.com/
French,Le Gamin Café SHARON,"10 Gay St, Sharon, CT 06069, USA",http://www.legamin.com/
Hawaiian,Pokémoto,"255 CT-12, Groton, CT 06340, USA",https://www.pokemoto.com/menu
Brazilian,Planeta Brazil Brazilian Steakhouse,"48 Newtown Rd, Danbury, CT 06810, USA",
Brazilian,Terra Brasilis Restaurant - Bridgeport CT,"1282 North Ave, Bridgeport, CT 06604, USA",
Brazilian,Terra Gaucha Brazilian Steakhouse - Stamford,"230 Tresser Blvd, Stamford, CT 06901, USA",http://terragaucha.com/
Brazilian,iD Brazil Restaurant Churrascaria,"241 Elm St, West Haven, CT 06516, USA",http://www.idbrazil.com/
Brazilian,Favela Aroma,"1014 Main St, East Hartford, CT 06108, USA",
Brazilian,Banana Brazil Grill (Steakhouse Restaurant Buffet) Hartford CT,"341 New Park Ave, Hartford, CT 06106, USA",http://www.bananabrazilgrill.com/
Brazilian,Pantanal Restaurant,"215 Frank St, Bridgeport, CT 06604, USA",http://www.pantanalrestaurant.com/
Brazilian,Texas de Brazil - Hartford,"91 W Farms Mall ste h-108, Farmington, CT 06032, USA",https://texasdebrazil.com/locations/hartford/?utm_source=gmb&utm_medium=yext&y_source=1_NDg4MzA3NTMtNzE1LWxvY2F0aW9uLndlYnNpdGU%3D
Brazilian,Rancho Pantanal,"2025 Boston Ave, Bridgeport, CT 06610, USA",http://www.ranchopantanal.com/
Brazilian,Brazil Grill Pizza Churrascaria,"1996 Park St, Hartford, CT 06106, USA",http://www.brazilgrill-ct.com/
Brazilian,Banana Brazil,"124 Hanover St, Meriden, CT 06451, USA",http://bananabrazilgrill.com/
Brazilian,Minas Carne & Deli,"36 Osborne St, Danbury, CT 06810, USA",http://www.minascarne.com/
Brazilian,Banana Brasil,"53 Meriden Rd, Waterbury, CT 06705, USA",
Brazilian,Banana Brasil,"2060 S Main St, Waterbury, CT 06706, USA",http://www.bananabrazilgrill.com/
Brazilian,Restaurante da Graça,"54 N Main St, Norwalk, CT 06854, USA",http://www.restaurantedagraca.com/
Brazilian,Taste of Brasil,"167 Main St, Norwalk, CT 06851, USA",
Brazilian,Banana Brasil,"91 Main St, Danbury, CT 06810, USA",http://www.bananabrazilgrill.com/
Brazilian,Boteco Ipanema,"70 N Main St, Norwalk, CT 06854, USA",https://www.botecoipanema.com/
Brazilian,Don Raphael Brazilian/Portuguese Cuisine,"256 Oak St, Bridgeport, CT 06604, USA",https://donraphaelbrazilianportuguesecuisinect.com/
Brazilian,Cambrense,"4 New Park Ave, Hartford, CT 06106, USA",
Peruvian,Sabor Peru - Ceviche Seafood,"56 Main Street Anx, New Haven, CT 06512, USA",https://www.saborperuct.com/
Peruvian,Pesca Peruvian Bistro,"70 Main St, New Canaan, CT 06840, USA",http://www.pescaperuvianbistro.com/
Peruvian,El Rincon Peruano Restaurant & Bar Bridgeport,"980 Railroad Ave, Bridgeport, CT 06605, USA",https://sabortropicalperuanoct.com/
Peruvian,Fiesta Limena Restaurant,"330 Connecticut Ave #3, Norwalk, CT 06854, USA",http://www.fiestalimena.com/
Peruvian,Aromas Peruvian Cuisine,"235 Main Ave, Norwalk, CT 06851, USA",http://aromasperuviancuisine.com/
Peruvian,Mochica Restaurant,"75 Main St, Norwalk, CT 06851, USA",http://www.mochicarestaurants.com/
Peruvian,Vista Alegre,"556 Franklin Ave, Hartford, CT 06114, USA",https://vistaalegrerestaurant.com/
Peruvian,Coracora,"162 Shield St, West Hartford, CT 06110, USA",http://coracoraeats.com/
Peruvian,"El Rincon Peruano Restaurant & Bar | Ceviches, Seafood, Authentic Signature Dishes | Peruvian Food","469 Campbell Ave, West Haven, CT 06516, USA",
Peruvian,Rinconcito Peruano,"391 Main St, Hartford, CT 06106, USA",https://rinconcitoperuanoct.com/
Peruvian,Munay Peruvian Food,"280 Connecticut Ave Suite 10, Norwalk, CT 06854, USA",http://www.munaykitchen.com/
Peruvian,LOMITO Peruvian Food,"2 Franklin St, Westport, CT 06880, USA",https://www.orderlomito.com/
Peruvian,Piolin Restaurant,"417 New Britain Ave, Hartford, CT 06106, USA",https://www.facebook.com/piolinrestaurant/
Peruvian,Chacra- pisco bar Peruvian Cuisine,"152 Temple St, New Haven, CT 06510, USA",https://chacrapiscobar.com/
Peruvian,Piolin 2 Restaurant,"395 Franklin Ave, Hartford, CT 06114, USA",http://www.piolin2.com/
Peruvian,TOBY'S Restaurant,"798 Silver Ln, East Hartford, CT 06118, USA",https://tobysrestaurantct.com/
Peruvian,Mi Chinita Peruana,"1084 Madison Ave, Bridgeport, CT 06606, USA",https://www.facebook.com/pages/Chinita-Peruana/532415033440508
Peruvian,El Rocoto,"1209 E Main St, Stamford, CT 06902, USA",
Peruvian,Ceviche Palace,"1429 E Main St, Bridgeport, CT 06608, USA",https://cevichepalacebct.com/
Peruvian,Mistik peruvian food,"816 Madison Ave, Bridgeport, CT 06606, USA",https://www.mistikrestaurant.com/
Salvadorian,El Salvador Restaurant,"2367 E Main St, Bridgeport, CT 06610, USA",http://el-salvador-bridgeport.poi.place/
Cuban,Soul de Cuba Cafe,"283 Crown St, New Haven, CT 06511, USA",http://www.souldecuba.com/
Tibetan,Potala Tibetan Restaurant,"574 Main St, Middletown, CT 06457, USA",https://potalatibetanrestaurant.com/
Egyptian,Al basha market and restaurant,"397 Broad St B, Manchester, CT 06040, USA",
Greek,Mykonos Mediterranean Restaurant,"2414 Berlin Tpke, Newington, CT 06111, USA",http://www.mykonosmediterranean.com/
Belgian,Maison B Café,"304 Elm St, New Haven, CT 06511, USA",http://maisonbcafe.com/
Irish,The Playwright Irish Pub Restaurant &Banquet Facility,"1232 Whitney Ave, Hamden, CT 06517, USA",http://www.playwrightirishpub.com/
Irish,O'Neill's Irish Pub & Restaurant,"93 N Main St, Norwalk, CT 06854, USA",http://www.oneillsono.com/
Irish,Blackstone Irish Pub,"1678 Meriden-Waterbury Turnpike, Milldale, CT 06467, USA",http://www.blackstoneirishpub.com/
Irish,Tigín Irish Pub,"175 Bedford St, Stamford, CT 06901, USA",https://tiginirishpub.com/stamford/?utm_source=gmb&utm_medium=yext
Irish,O'Brien's Irish Pub,"83 Lake Ave #6369, Danbury, CT 06810, USA",http://www.obrienspubdanbury.com/
Irish,The Lansdowne Irish Pub & Music House,"1 Mohegan Sun Blvd Space 116a, Uncasville, CT 06382, USA",http://www.lansdownepubmohegansun.com/
Irish,Vaughan's Public House,"59 Pratt St, Hartford, CT 06103, USA",https://irishpublichouse.com/
Irish,The Dublin,"42 E High St, East Hampton, CT 06424, USA",http://www.the-dublin.com/
Irish,Celtic Cavern,"45 Melilli Plaza, Middletown, CT 06457, USA",http://www.celticcavern.com/
Irish,O'Connor's Public House,"317 Federal Rd, Brookfield, CT 06804, USA",http://www.oconnorspublichouse.com/locations/brookfield/menu/
Irish,Molly Darcy’s Irish Pub & Restaurant,"39 A Mill Plain Rd, Danbury, CT 06811, USA",https://www.mollydarcy.com/mollysdanburyct
Irish,The Inishmor,"20 Main St, Colchester, CT 06415, USA",http://www.theinishmorpub.com/
Irish,Brennan's Shebeen Irish Bar and Grill,"2652 Fairfield Ave, Bridgeport, CT 06605, USA",http://brennans-bar-grill.keeq.io/
Irish,Harp & Dragon Pub,"130 Main St, Norwich, CT 06360, USA",https://www.hndpub.com/
Irish,The Rambling Inn,"76 State St, North Haven, CT 06473, USA",http://www.ramblinginn.com/
Irish,Friar Tuck's Tavern,"12 Water St, Mystic, CT 06355, USA",http://friartucksmystic.com/
Irish,O'Connor's Public House,"46 Railroad St, New Milford, CT 06776, USA",http://www.oconnorspublichouse.com/
Irish,Duffy's Tavern,"241 Campbell Ave, West Haven, CT 06516, USA",http://www.duffystavern.net/
Irish,The Corner Pug,"1046 New Britain Ave, West Hartford, CT 06110, USA",https://cornerpug.com/
Irish,The Black Sheep,"247 Main St, Niantic, CT 06357, USA",http://theblacksheepniantic.com/
Cajun,Hook & Reel Cajun Seafood & Bar,"385 Boston Post Rd, Orange, CT 06477, USA",https://hookreel.com/location/orange/
Cajun,THE CAJUN BOIL & BAR,"349 Winsted Rd, Torrington, CT 06790, USA",http://thecajunboil.com/
Cajun,Crab Du Jour Xpress Cajun Seafood,"4086 Main St, Bridgeport, CT 06606, USA",http://www.crabdujour.com/
Cajun,Cajun Cafe & Grill,"194 Buckland Hills Dr, Manchester, CT 06042, USA",
Cajun,Cajun Boiled Seafood,"72A Church St, New Haven, CT 06510, USA",http://cajunboiledseafoodct.com/
Cajun,Chosen 1 Cajun Seafood,"2074 Park St, Hartford, CT 06106, USA",
Cajun,Cajun Cafe,"06451, Westfield Rd, Meriden, CT 06450, USA",
Cajun,"Mr Crab Cajun Seafood, Sushi & Hibachi Restaurant","507 Gold Star Hwy #184, Groton, CT 06340, USA",http://www.mrcrabgroton.com/
Cajun,Hook & Reel Cajun Seafood & Bar,"71 William Shorty Campbell St, Hartford, CT 06106, USA",https://hookreel.com/location/hartford/
Cajun,Boiling SOHO - Newington,"2391 Berlin Tpke, Newington, CT 06111, USA",https://www.facebook.com/Boiling-SOHO-Newington-116033626984482/
Cajun,The Hungry Crab,"1144 New Britain Ave, West Hartford, CT 06110, USA",http://www.thehungrycrab.com/
Cajun,The Boilery Seafood & Grill Waterbury CT,"495 union street Space# 2100, Waterbury, CT 06706, USA",https://www.boileryseafoodgrill.com/?utm_source=gmb&utm_medium=website
Cajun,Popeyes Louisiana Kitchen,"1875 Meriden-Waterbury Turnpike, Milldale, CT 06479, USA",https://www.popeyes.com/store-locator/store/restaurant_84134?utm_source=yext&utm_medium=referral&utm_campaign=organic-local-listings
Cajun,The Catch Seafood Restaurant & Lounge,"1298 N Main St, Waterbury, CT 06704, USA",
Cajun,Red Crab Juicy Seafood,"950 Wolcott St Unit 14, Waterbury, CT 06705, USA",https://order.mealkeyway.com/merchant/6a69622f69396768784158334b3149695945544835513d3d/main
Cajun,Popeyes Louisiana Kitchen,"111 Rubber Ave, Naugatuck, CT 06770, USA",https://www.popeyes.com/store-locator/store/restaurant_240793?utm_source=yext&utm_medium=referral&utm_campaign=organic-local-listings
Cajun,Popeyes Louisiana Kitchen,"1095 West St, Southington, CT 06489, USA",
Cajun,Popeyes Louisiana Kitchen,"1359 Thomaston Ave, Waterbury, CT 06704, USA",
Cajun,Crawdaddy’s Creole Kitchen,"68 Wheeler Ave, Pleasantville, NY 10570, USA",https://crawdaddyscreolekitchen.com/
Cajun,Sam The Clam Pub & Grub,"1303 Meriden-Waterbury Turnpike, Plantsville, CT 06479, USA",http://www.samtheclams.com/
Portuguese,Don Raphael Brazilian/Portuguese Cuisine,"256 Oak St, Bridgeport, CT 06604, USA",https://donraphaelbrazilianportuguesecuisinect.com/
Portuguese,Avenida Restaurant,"757 Madison Ave, Bridgeport, CT 06606, USA",
Portuguese,Solmar Restaurant,"290 George St, Bridgeport, CT 06604, USA",
Portuguese,Casa Benfica Danbury,"28 Federal Rd, Danbury, CT 06810, USA",
Portuguese,O'Manel Restaurant,"1909 Main St, Bridgeport, CT 06604, USA",http://omanelrestaurant.com/
Portuguese,Le Bijou Pastry Shop & Restaurant,"9 Heath St, Hartford, CT 06106, USA",
Portuguese,Brasa Pub & Restaurant,"1439 Madison Ave, Bridgeport, CT 06606, USA",
Portuguese,Atlantic,"176 Osborne St, Danbury, CT 06810, USA",http://www.restaurantatlantic.com/
Portuguese,Aldeia restaurant,"65 Sand Pit Rd, Danbury, CT 06810, USA",
Portuguese,Chaves Restaurant,"1819 Park St, Hartford, CT 06106, USA",
Portuguese,Naugatuck Portuguese Club | Portuguese Restaurant | Banquet & Event Hall Rentals CT,"110 Rubber Ave, Naugatuck, CT 06770, USA",http://www.naugatuckportugueseclub.com/
Portuguese,Cambrense,"4 New Park Ave, Hartford, CT 06106, USA",
Portuguese,Brazas Market & Churrasqueira,"51 Liberty St, Danbury, CT 06810, USA",
Portuguese,Avenue Bar and Grill,"147 Rubber Ave, Naugatuck, CT 06770, USA",http://www.avenuerestaurantct.com/
Portuguese,Portuguese Cultural Center,"65 Sand Pit Rd, Danbury, CT 06810, USA",http://www.portugueseculturalcenter.org/
Portuguese,Adega Vel,"181 Lexington Ave, Bridgeport, CT 06604, USA",
Portuguese,Primavera Pub,"283 Newington Ave, Hartford, CT 06106, USA",https://primaverapubct.com/
Portuguese,Boteco Ipanema,"70 N Main St, Norwalk, CT 06854, USA",https://www.botecoipanema.com/
Portuguese,O Dinis,"579 Warren Ave, East Providence, RI 02914, USA",http://www.odinisrestaurant.com/
Portuguese,T.A. Restaurant,"408 S Main St, Fall River, MA 02721, USA",http://www.tarestaurant.us/contact.htm
Turkish,Sultan's Turkish Restaurant,"586 Plank Rd, Waterbury, CT 06705, USA",https://sultansrestaurantct.com/
Turkish,Bereket Turkish Restaurant,"4031 Main St, Bridgeport, CT 06606, USA",http://www.bereketturkishrestaurant.com/
Turkish,Saray Turkish Restaurant,"770 Campbell Ave, West Haven, CT 06516, USA",http://www.saraykebab.com/
Turkish,Bereket Turkish Cuisine Fairfield Avenue,"2871 Fairfield Ave, Bridgeport, CT 06605, USA",http://www.bridgeportbereketrestaurant.com/
Turkish,My Gyro Turkish Cuisine,"1030 Stratford Ave, Stratford, CT 06615, USA",https://www.facebook.com/MyGyroStratfordCT
Turkish,Turkish Kebab House,"1157 Campbell Ave, West Haven, CT 06516, USA",https://www.turkishkebabhousewesthaven.com/
Turkish,Kebab House/Mozaic Cafe,"90 Elm St, Enfield, CT 06082, USA",http://kebabhouseenfield.com/
Turkish,Turkish Social Club @ Kahvehane,"477 Elm St #4.Floor, West Haven, CT 06516, USA",
Turkish,Midpoint Istanbul Fine Dining,"245 Crown St, New Haven, CT 06511, USA",http://midpointfinedining.com/
Turkish,City Kebab House,"207 Main St, Hartford, CT 06106, USA",https://citykebabct.com/
Turkish,Turkish Cuisine White Plains,"116 Mamaroneck Ave, White Plains, NY 10601, USA",
Turkish,DUNYA fresh halal food,"584 Plank Rd, Waterbury, CT 06705, USA",
Turkish,River's Edge Mediterranean Cuisine,"210 W Main St, Avon, CT 06001, USA",http://www.riversedgemediterraneancuisine.com/
Turkish,Sultan Family Restaurant,"270 Maple St, Agawam, MA 01001, USA",https://sultanfamilyrestaurant.com/
Turkish,Al basha market and restaurant,"397 Broad St B, Manchester, CT 06040, USA",
Turkish,Saray II Turkish Restaurant,"1374 Allen St, Springfield, MA 01118, USA",http://saraykebabspringfield.com/
Turkish,Pizza City / Mediterranean Kitchen,"235 Main St, Norwalk, CT 06851, USA",http://www.aromasperuviancuisine.com/
Turkish,Mediterranean Kebab House,"190 Post Ave, Westbury, NY 11590, USA",https://mediterraneankebab.com/
Turkish,Madani's Mediterranean Cuisine,"369 Allen St, New Britain, CT 06053, USA",https://www.madanismediterranean.com/
Turkish,Taj Mediterranean Mezze and Grill,"132A Washington St, Norwalk, CT 06854, USA",
Haitian,Creole Fusion Cuisine,"1985 Main St, Bridgeport, CT 06604, USA",https://www.creolefusioncuisine.com/
Korean,Shilla Korean Restaurant,"1031 Kingsway, Vancouver, BC V5V 3C7, Canada",http://shillakorean.ca/
Algerian,Zohara Mediterranean Kitchen,"991 Farmington Ave, West Hartford, CT 06107, USA",http://zoharact.com/
Nigerian,Sidibe African Restaurant (Nhyira),"242 Burnside Ave, East Hartford, CT 06108, USA",
Moroccan,Zohara Mediterranean Kitchen,"991 Farmington Ave, West Hartford, CT 06107, USA",http://zoharact.com/
Lebanese,Villa Of Lebanon,"575 John Fitch Blvd, South Windsor, CT 06074, USA",https://www.villapizzasouthwindsor.com/
Lebanese,Lebnani Mediterranean Kitchen & Bar,"544 Straits Turnpike, Watertown, CT 06795, USA",http://www.eatlebnani.com/
Lebanese,Hanna’s Middle Eastern Restaurant & Market,"72 Lake Ave, Danbury, CT 06810, USA",https://hannasrestaurant.com/
Lebanese,Beirut Bites,"1525 Stanley St, New Britain, CT 06053, USA",https://getbeirutbites.com/order-online/
Lebanese,Al basha market and restaurant,"397 Broad St B, Manchester, CT 06040, USA",
Lebanese,Nour Lebanese Cuisine,"23 Stony Hill Rd, Bethel, CT 06801, USA",
Lebanese,Layla's Falafel,"2088 Black Rock Tpke, Fairfield, CT 06825, USA",https://www.laylasfalafel.com/
Lebanese,Zahra's Corner Grill,"259 Hope St, Stamford, CT 06906, USA",
Lebanese,Kibberia,"93 Mill Plain Rd, Danbury, CT 06811, USA",http://www.kibberia.com/
Lebanese,Taza Grille Middle Eastern Restaurant,"170 Flanders Rd, Niantic, CT 06357, USA",https://www.tazagrilleastlyme.com/
Lebanese,Layla's Falafel,"926 High Ridge Rd, Stamford, CT 06905, USA",http://www.laylasfalafel.com/
Lebanese,Fattoush Market,"584 Plank Rd, Waterbury, CT 06705, USA",
Lebanese,DUNYA fresh halal food,"584 Plank Rd, Waterbury, CT 06705, USA",
Lebanese,Tabouli and More,"270 Federal Rd, Brookfield, CT 06804, USA",http://www.tabouliandmore.com/
Lebanese,Layla's Falafel,"1535 Post Rd E, Westport, CT 06880, USA",http://laylasfalafel.com/
Lebanese,Falafel House,"702 Boston Post Rd B, West Haven, CT 06516, USA",
Lebanese,River's Edge Mediterranean Cuisine,"210 W Main St, Avon, CT 06001, USA",http://www.riversedgemediterraneancuisine.com/
Lebanese,Myrna's Shawarma LLC,"148 Mason St, Greenwich, CT 06830, USA",http://www.myrnasshawarma.com/
Lebanese,Zohara Mediterranean Kitchen,"991 Farmington Ave, West Hartford, CT 06107, USA",http://zoharact.com/
Lebanese,Aladdin Halal,"100 Allyn St, Hartford, CT 06103, USA",https://www.aladdinhalalmenu.com/
Vietnamese,Ivy's Kitchen Vietnamese Restaurant,"4598 Main St, Vancouver, BC V5V 3R5, Canada",
Hungarian,Hungarian kosher takeout,"5009 16th Ave, Brooklyn, NY 11204, USA",
Mediterranean,River's Edge Mediterranean Cuisine,"210 W Main St, Avon, CT 06001, USA",http://www.riversedgemediterraneancuisine.com/
Mediterranean,Lebnani Mediterranean Kitchen & Bar,"544 Straits Turnpike, Watertown, CT 06795, USA",http://www.eatlebnani.com/
Mediterranean,Zohara Mediterranean Kitchen,"991 Farmington Ave, West Hartford, CT 06107, USA",http://zoharact.com/
Mediterranean,Mykonos Mediterranean Restaurant,"2414 Berlin Tpke, Newington, CT 06111, USA",http://www.mykonosmediterranean.com/
Mediterranean,My Gyro Turkish Cuisine,"1030 Stratford Ave, Stratford, CT 06615, USA",https://www.facebook.com/MyGyroStratfordCT
Mediterranean,Villa Of Lebanon,"575 John Fitch Blvd, South Windsor, CT 06074, USA",https://www.villapizzasouthwindsor.com/
Mediterranean,Pitaziki Mediterranean Grill,"170 Temple St, New Haven, CT 06510, USA",http://pitaziki.com/
Mediterranean,Mediterranea Cafe,"140 Orange St, New Haven, CT 06510, USA",http://www.newhavenmediterranea.com/?utm_source=gmb&utm_medium=website
Mediterranean,Olive Tree,"2009 Bridgeport Ave, Milford, CT 06460, USA",http://www.olivetree-milford.com/
Mediterranean,Al basha market and restaurant,"397 Broad St B, Manchester, CT 06040, USA",
Mediterranean,Taj Mediterranean Mezze and Grill,"132A Washington St, Norwalk, CT 06854, USA",
Mediterranean,Madani's Mediterranean Cuisine,"369 Allen St, New Britain, CT 06053, USA",https://www.madanismediterranean.com/
Mediterranean,Taza Grille Middle Eastern Restaurant,"170 Flanders Rd, Niantic, CT 06357, USA",https://www.tazagrilleastlyme.com/
Mediterranean,Bistro Mediterranean Tapas & Bar,"704 Boston Post Rd, Westbrook, CT 06498, USA",http://www.bistromediterraneanandtapasbar.com/
Mediterranean,Taj Mediterranean Mezze and Jucie Bar,"211 Summer St, Stamford, CT 06901, USA",
Mediterranean,Bistro Mediterranean Tapas Bar,"383 Main St, East Haven, CT 06512, USA",http://bistromediterraneanandtapasbar.com/
Mediterranean,Kibberia,"93 Mill Plain Rd, Danbury, CT 06811, USA",http://www.kibberia.com/
Mediterranean,Beirut Bites,"1525 Stanley St, New Britain, CT 06053, USA",https://getbeirutbites.com/order-online/
Mediterranean,The Hummus & Pita Co.,"15 Federal Rd, Brookfield, CT 06804, USA",https://www.hummusandpitas.com/order#getting-started?location=brookfield-ct
Mediterranean,Monroe Falafel,"401 Monroe Turnpike, Monroe, CT 06468, USA",
Ethiopian,Lalibela Ethiopian Restaurant,"176 Temple St, New Haven, CT 06510, USA",http://lalibelact.com/
Caribbean,Dunn's River Jamaican Restaurant,"2996 Main St, Hartford, CT 06120, USA",http://dunnsriverrestaurant.com/
Caribbean,Tony's Caribbean Kitchen,"90 Truman St, New London, CT 06320, USA",
Caribbean,Caribbean Restaurant LLC#1,"311 Center St, Meriden, CT 06450, USA",https://www.facebook.com/Caribbean-Restaurant-517987658302876/
Caribbean,Caribbean Kitchen Restaurant,"683 Lakewood Rd, Waterbury, CT 06704, USA",https://www.caribbeankitchenct.com/
Caribbean,Island Cho Caribbean Cuisine,"448 Washington Ave, North Haven, CT 06473, USA",http://islandchocaribbean.com/
Caribbean,Destiny Awaits Restaurant & Catering,"3343 Main St, Hartford, CT 06120, USA",
Caribbean,Seashore Jamaican Restaurant & Bar,"330 Garden St, Hartford, CT 06112, USA",
Caribbean,Sun Splash Jamaican Restaurant LLC,"692 Maple Ave, Hartford, CT 06114, USA",
Caribbean,Island Fish Head Jamaican Restaurant and Jay’s Smoothie Bar,"304 Albany Ave, Hartford, CT 06120, USA",http://islandfishhead.dine.online/?utm_source=website
Caribbean,GoodLife Caribbean Cuisine breakfast @7am daily,"161 Chapel St, New Haven, CT 06513, USA",
Caribbean,Anthony's Jamaican Restaurant,"410 Middle Turnpike W, Manchester, CT 06040, USA",http://www.anthonysjamaicanrestaurant.com/
Caribbean,Bentley's little Jamaica cuisine,"29 W Main St, Meriden, CT 06451, USA",
Caribbean,Wireless Caribbean Restaurant,"248 Davenport Ave #1240, New Haven, CT 06519, USA",
Caribbean,Island Spice Restaurant,"459 Winthrop Ave, New Haven, CT 06511, USA",https://www.islandspicect.com/
Caribbean,Taste of Jamaica,"672 Arch St, New Britain, CT 06051, USA",https://m.facebook.com/TasteofJamaicaCT/
Caribbean,3D’s Jamaican International Cuisine,"159 Boston Post Rd, Orange, CT 06477, USA",
Caribbean,Island Vibes Restaurant,"675 Blue Hills Ave, Hartford, CT 06112, USA",
Caribbean,Golden Krust Caribbean Restaurant,"140 E Main St, Stratford, CT 06614, USA",https://locations.goldenkrust.com/ll/US/CT/Stratford/140-E_-Main-Street
Caribbean,Caribbean Bakery & Mini Mart,"11 Main St, Stamford, CT 06901, USA",https://instagram.com/caribbean_bakery.11?igshid=YmMyMTA2M2Y=
Caribbean,Uncle Ben Jamaican Restaurant,"196 E Main St, New Britain, CT 06051, USA",
Soul,Lilly’s,"305 Windsor Ave, Windsor, CT 06095, USA",https://www.lillyssoulfoodrestaurant.com/
Argentinian,Chimichurri Milford,"2 Schooner Ln #2-118, Milford, CT 06460, USA",http://www.chimichurrionline.com/
Chilean,Al Chile,"1340 Davie St, Vancouver, BC V6E 1N6, Canada",https://instagram.com/alchilevan?igshid=MzRlODBiNWFlZA==
Colombian,La Fonda Colombiana Orange CT,"200 Boston Post Rd, Orange, CT 06477, USA",https://lafondacolombianaorangectct.com/
Costa Rican,El Coquito,"510 E Main St, Bridgeport, CT 06608, USA",http://www.elcoquitoct.com/
Czech,Staropolska Restaurant,"252 Broad St, New Britain, CT 06053, USA",https://www.staropolska.net/
Danish,Duchess Diner,"1000 Stratford Ave, Stratford, CT 06615, USA",
Dutch,Dutch Pot Jamaican Restaurant,"700 Burnside Ave, East Hartford, CT 06108, USA",
Ecuadorian,Karen's Ecuadorian Restaurant,"1204 E Main St, Bridgeport, CT 06608, USA",https://www.facebook.com/KarensEcuadorianRestaurant/
Guatemalan,Mi Guatemala Restaurant and Bakery,"79 Truman St, New London, CT 06320, USA",https://www.miguatemalarestaurantbakery.com/
Honduran,504 Honduran Cuisine,"589 New Park Ave, West Hartford, CT 06110, USA",https://www.facebook.com/profile.php?id=100090618727558&mibextid=LQQJ4d
Icelandic,Shell & Bones Oyster Bar & Grill,"100 S Water St, New Haven, CT 06519, USA",http://www.shellandbones.com/
Indonesian,Bali Sate House,"448 High St, Somersworth, NH 03878, USA",http://www.facebook.com/balisatehouse
Iranian,Hafez House of Kebab,"580 Mt Auburn St, Watertown, MA 02472, USA",
Israeli,The Hummus & Pita Co.,"15 Federal Rd, Brookfield, CT 06804, USA",https://www.hummusandpitas.com/order#getting-started?location=brookfield-ct
Jamaican,Dunn's River Jamaican Restaurant,"2996 Main St, Hartford, CT 06120, USA",http://dunnsriverrestaurant.com/
Jamaican,Sun Splash Jamaican Restaurant LLC,"692 Maple Ave, Hartford, CT 06114, USA",
Jamaican,Tony's Caribbean Kitchen,"90 Truman St, New London, CT 06320, USA",
Jamaican,Ricko's Jamaica Restaurant,"3281 Main St, Hartford, CT 06120, USA",
Jamaican,Anthony's Jamaican Restaurant,"410 Middle Turnpike W, Manchester, CT 06040, USA",http://www.anthonysjamaicanrestaurant.com/
Jamaican,Taste of Jamaica,"672 Arch St, New Britain, CT 06051, USA",https://m.facebook.com/TasteofJamaicaCT/
Jamaican,Seashore Jamaican Restaurant & Bar,"330 Garden St, Hartford, CT 06112, USA",
Jamaican,Caribbean Kitchen Restaurant,"683 Lakewood Rd, Waterbury, CT 06704, USA",https://www.caribbeankitchenct.com/
Jamaican,Jamaican Kitchen,"243 Hartford Turnpike, Vernon, CT 06066, USA",http://jamaicankitchenct.com/
Jamaican,Bentley's little Jamaica cuisine,"29 W Main St, Meriden, CT 06451, USA",
Jamaican,3D’s Jamaican International Cuisine,"159 Boston Post Rd, Orange, CT 06477, USA",
Jamaican,Destiny Awaits Restaurant & Catering,"3343 Main St, Hartford, CT 06120, USA",
Jamaican,Uncle Ben Jamaican Restaurant,"196 E Main St, New Britain, CT 06051, USA",
Jamaican,Jstax Jamaican Cuisine,"743 Wolcott St, Waterbury, CT 06705, USA",
Jamaican,Island Spice Restaurant,"459 Winthrop Ave, New Haven, CT 06511, USA",https://www.islandspicect.com/
Jamaican,Island Fish Head Jamaican Restaurant and Jay’s Smoothie Bar,"304 Albany Ave, Hartford, CT 06120, USA",http://islandfishhead.dine.online/?utm_source=website
Jamaican,Family Spice Restaurant,"188 Pequonnock St, Bridgeport, CT 06604, USA",
Jamaican,Koolbreeze Jamerican Cuisine Restaurant,"1400 Whalley Ave, New Haven, CT 06515, USA",
Jamaican,Jamaican Kitchen,"781 Cromwell Ave, Rocky Hill, CT 06067, USA",http://www.jamaicankitchenct.com/
Jamaican,Dutch Pot Jamaican Restaurant,"700 Burnside Ave, East Hartford, CT 06108, USA",
Laotian,Champa Lao & Thai Restaurant,"341 E Center St, Manchester, CT 06040, USA",https://orderchampalaonthai.com/
Lithuanian,Baltic Restaurant,"237 New Britain Rd, Berlin, CT 06037, USA",http://thebalticrestaurant.com/
Malaysian,Penang Malaysian Cuisine,"685 Washington St, Boston, MA 02116, USA",https://www.penangcuisineboston.com/
Mongolian,Gobi Mongolian Grill,"855 Queen St, Southington, CT 06489, USA",
Nepalese,Royal Nepalese Momo Palace - #1 Place for Momos + Sugarcane Juice,"3490 Kingsway, Vancouver, BC V5R 5L7, Canada",https://www.royalmomopalace.com/
Nicaraguan,Fritanga Nicoya Nicaraguan Grill,"2900 W 12th Ave, Hialeah, FL 33012, USA",
Norwegian,IKEA Restaurant,"450 Sargent Dr, New Haven, CT 06511, USA",https://www.ikea.com/us/en/stores/new-haven/?utm_source=google&utm_medium=organic&utm_campaign=map_r&utm_content=new-haven
Pakistani,AL AQSA HALAL RESTAURANT / ISLAMABAD GROCERY & MEAT,"1145 N Colony Rd, Wallingford, CT 06492, USA",
Pakistani,Roti Boti Restaurant,"2103 N Broad St, Meriden, CT 06450, USA",https://rotibotius.com/
Pakistani,Nina's Desi Kitchen - Catering only,"26 N Main St, Southington, CT 06489, USA",https://ninasdesikitchen.com/
Pakistani,Roti Boti Restaurant,"848 Boston Post Rd, West Haven, CT 06516, USA",https://www.rotibotius.com/
Pakistani,Kebab House,"384 Windsor Ave, Windsor, CT 06095, USA",https://www.kababhousect.com/
Pakistani,Rasham Restaurant,"577 John Fitch Blvd, South Windsor, CT 06074, USA",http://www.rashamrestaurant.com/
Pakistani,Asia Darbar,"253 East St, Plainville, CT 06062, USA",
Pakistani,Tasty Halal Restaurant,"988 State St #1500, Bridgeport, CT 06605, USA",
Pakistani,Aayat Kitchen,"2350 Main St, Bridgeport, CT 06606, USA",https://www.aayatkitchen.com/
Pakistani,Shah's Halal Food Orange,"116 Boston Post Rd, Orange, CT 06477, USA",https://www.shahshalalfood.com/
Pakistani,Shah's Halal Food Norwalk,"360 Connecticut Ave, Norwalk, CT 06854, USA",https://www.shahshalalfood.com/connecticut/
Pakistani,Fiza Restaurant,"7 Backus Ave, Danbury, CT 06810, USA",https://www.fizarestaurant.com/
Pakistani,Mehfil Restaurant ( Zabiah Halal Pakistani Cuisine ),"46 W Old Country Rd, Hicksville, NY 11801, USA",https://www.mehfilus.com/
Pakistani,Halal Spot,"835 Wolcott St Suite 2, Waterbury, CT 06705, USA",http://halalfoodwaterbury.com/
Pakistani,Al Madina Restaurant,"246 Broad St, Manchester, CT 06040, USA",https://almadinarestaurantco.com/
Pakistani,Fatima's Fusion Flavors,"180 Spruce St, Manchester, CT 06040, USA",https://www.toasttab.com/fatimas
Pakistani,Hasna's Grill,"625 Wolcott St Unit 7, Waterbury, CT 06705, USA",http://hasnasgrill.com/
Pakistani,LAZIZ Kitchen & Restaurant,"5 National Dr, Windsor Locks, CT 06096, USA",https://lazizkitchenonline.com/arkx
Pakistani,Tangra Biryani Point,"498 Glenbrook Rd, Stamford, CT 06906, USA",https://www.tangraindiancuisine.com/
Pakistani,Karahi Adda,"467 Old Country Rd, Westbury, NY 11590, USA",http://www.karahiadda.com/
Peruvian,Sabor Peru - Ceviche Seafood,"56 Main Street Anx, New Haven, CT 06512, USA",https://www.saborperuct.com/
Peruvian,Pesca Peruvian Bistro,"70 Main St, New Canaan, CT 06840, USA",http://www.pescaperuvianbistro.com/
Peruvian,El Rincon Peruano Restaurant & Bar Bridgeport,"980 Railroad Ave, Bridgeport, CT 06605, USA",https://sabortropicalperuanoct.com/
Peruvian,Fiesta Limena Restaurant,"330 Connecticut Ave #3, Norwalk, CT 06854, USA",http://www.fiestalimena.com/
Peruvian,Aromas Peruvian Cuisine,"235 Main Ave, Norwalk, CT 06851, USA",http://aromasperuviancuisine.com/
Peruvian,Mochica Restaurant,"75 Main St, Norwalk, CT 06851, USA",http://www.mochicarestaurants.com/
Peruvian,Vista Alegre,"556 Franklin Ave, Hartford, CT 06114, USA",https://vistaalegrerestaurant.com/
Peruvian,Coracora,"162 Shield St, West Hartford, CT 06110, USA",http://coracoraeats.com/
Peruvian,"El Rincon Peruano Restaurant & Bar | Ceviches, Seafood, Authentic Signature Dishes | Peruvian Food","469 Campbell Ave, West Haven, CT 06516, USA",
Peruvian,Rinconcito Peruano,"391 Main St, Hartford, CT 06106, USA",https://rinconcitoperuanoct.com/
Peruvian,Munay Peruvian Food,"280 Connecticut Ave Suite 10, Norwalk, CT 06854, USA",http://www.munaykitchen.com/
Peruvian,LOMITO Peruvian Food,"2 Franklin St, Westport, CT 06880, USA",https://www.orderlomito.com/
Peruvian,Piolin Restaurant,"417 New Britain Ave, Hartford, CT 06106, USA",https://www.facebook.com/piolinrestaurant/
Peruvian,Chacra- pisco bar Peruvian Cuisine,"152 Temple St, New Haven, CT 06510, USA",https://chacrapiscobar.com/
Peruvian,Piolin 2 Restaurant,"395 Franklin Ave, Hartford, CT 06114, USA",http://www.piolin2.com/
Peruvian,TOBY'S Restaurant,"798 Silver Ln, East Hartford, CT 06118, USA",https://tobysrestaurantct.com/
Peruvian,Mi Chinita Peruana,"1084 Madison Ave, Bridgeport, CT 06606, USA",https://www.facebook.com/pages/Chinita-Peruana/532415033440508
Peruvian,El Rocoto,"1209 E Main St, Stamford, CT 06902, USA",
Peruvian,Ceviche Palace,"1429 E Main St, Bridgeport, CT 06608, USA",https://cevichepalacebct.com/
Peruvian,Mistik peruvian food,"816 Madison Ave, Bridgeport, CT 06606, USA",https://www.mistikrestaurant.com/
Philippine,Tindahan City Food & Catering,"544 Deming Rd Unit B, Berlin, CT 06037, USA",
Polish,Taste of Poland,"99 Broad St, New Britain, CT 06053, USA",
Polish,PolishPlate,"1095 West St #7, Southington, CT 06489, USA",
Polish,EuroPLATE:,"100 Broad St, New Britain, CT 06053, USA",http://www.europlaterestaurant.com/
Polish,Taste of Poland,"598 Newfield Ave, Stamford, CT 06905, USA",
Polish,Baltic Restaurant,"237 New Britain Rd, Berlin, CT 06037, USA",http://thebalticrestaurant.com/
Polish,Polish Delicatessen Husaria LLc,"274 Connecticut Ave, Norwalk, CT 06854, USA",
Polish,Pierogi Queen Bakery and Delicatessen,"4 Alden Ave, Enfield, CT 06082, USA",http://www.pierogiqueen.com/
Polish,Staropolska Restaurant,"252 Broad St, New Britain, CT 06053, USA",https://www.staropolska.net/
Puerto Rican,MofonGo Restaurant,"260 Main St, New Britain, CT 06051, USA",http://mofongorestaurant.com/
Puerto Rican,Criollisimo Restaurant,"340 Arch St, New Britain, CT 06051, USA",http://www.criollisimorestaurant.com/
Puerto Rican,La Borinqueña Restaurant,"466 S Main St, Waterbury, CT 06706, USA",http://www.laborinquenarestaurant.com/
Puerto Rican,El Coquito,"510 E Main St, Bridgeport, CT 06608, USA",http://www.elcoquitoct.com/
Puerto Rican,Humacao Restaurant & Lounge,"775 Silver Ln, East Hartford, CT 06118, USA",http://www.humacaorestaurant.com/
Puerto Rican,La Plazita Del Mofongo,"415A Broad St, Manchester, CT 06040, USA",http://la-plazita-del-mofongo.keeq.io/
Puerto Rican,Mi Familia Restaurant,"365 Broad St, New London, CT 06320, USA",https://mifamilia365.com/
Puerto Rican,Negritas Restaurant,"80 W Main St, New Britain, CT 06051, USA",https://www.negritasrestaurant.com/
Puerto Rican,El Rincón Latino Restaurant,"81 W Main St, Meriden, CT 06451, USA",https://www.facebook.com/profile.php?id=100083306553818
Puerto Rican,MofonGo Restaurant,"21-B Whitney Ave, New Haven, CT 06510, USA",https://mofongorestaurant.com/
Puerto Rican,Puerto Rican Taste,"620 E Main St, Meriden, CT 06450, USA",https://puertoricantaste.com/
Puerto Rican,MofonGo Restaurant,"1400 Park St, Hartford, CT 06106, USA",https://www.mofongorestaurant.com/
Puerto Rican,Caribbean Restaurant LLC#1,"311 Center St, Meriden, CT 06450, USA",https://www.facebook.com/Caribbean-Restaurant-517987658302876/
Puerto Rican,Rainbow,"1329 E Main St, Bridgeport, CT 06608, USA",
Puerto Rican,MofonGo Restaurant,"1405 E Main St Building 3, Waterbury, CT 06705, USA",https://kbakermedia.my.canva.site/mofongo-waterbury
Puerto Rican,Mofongo House,"202 Franklin St, Norwich, CT 06360, USA",
Puerto Rican,El Cochinito,"883 E Main St, Bridgeport, CT 06608, USA",http://el-cochinito.lany.io/
Puerto Rican,Aqui Me Quedo Restaurant,"622 Park St, Hartford, CT 06106, USA",https://facebook.com/wilmaroh
Puerto Rican,Mambo Restaurante,"161 Whalley Ave, New Haven, CT 06511, USA",http://mamborestaurante.com/
Puerto Rican,El Coqui Restaurants,"286 Grand Ave #1, New Haven, CT 06513, USA",
Romanian,Transilvania Restaurant and Bar,"23 Main St, East Haven, CT 06512, USA",http://www.transilvaniact.com/
Singaporean,Shiok Singaporean Cuisine,"1716 Kingsway, Vancouver, BC V5N 2S4, Canada",http://shiok.ca/
Singaporean,Prata-Man Singapore Cuisine,"9060 Capstan Wy, Richmond, BC V6X 3N6, Canada",https://prata-man-richmond.business.site/
South African,PABS AFRICAN RESTAURANT,"1166 Burnside Ave, East Hartford, CT 06108, USA",
Swiss,Au Chalet,"24 Whitney Ave, New Haven, CT 06510, USA",
Syrian,Kibberia,"93 Mill Plain Rd, Danbury, CT 06811, USA",http://www.kibberia.com/
Taiwanese,Taiwan Night Market,"1400 Park St Unit 22, Hartford, CT 06106, USA",http://taiwannightmarket.com/
Thai,Patsara Thai,"528 Carnarvon St, New Westminster, BC V3L 1C4, Canada",https://www.patsara.ca/
Ukrainian,Varenyk House,"67-14 Fresh Pond Rd, Queens, NY 11385, USA",https://m.facebook.com/pages/category/Shopping---Retail/Varenyk-House-100202005338600/
Venezuelan,Arepas CT,"351 Long Wharf Dr, New Haven, CT 06511, USA",
Vietnamese,Ivy's Kitchen Vietnamese Restaurant,"4598 Main St, Vancouver, BC V5V 3R5, Canada",
Yemeni,NEW YEMENI FOOD RESTAURANT,"2913 Frederick Douglass Blvd, New York, NY 10039, USA",
