Cuisine Type,Name,Address,Website
Mexican,Taqueria La Loma,"459 Darrow Rd, Akron, OH 44305, USA",https://lalomaohio.com/
Mexican,Los Cabos,"1666 W Exchange St, Akron, OH 44313, USA",https://www.elranchoakron.akronwebservices.com/
Mexican,Hermosillo Taco & Tequila,"71 5th St SE, Barberton, OH 44203, USA",https://www.hermosillotacotequilabar.com/
Mexican,Azteca Mexican Restaurant,"1779 E Market St, Akron, OH 44305, USA",http://www.aztecamexicanakron.com/
Mexican,El Fogon Mexican Grill,"1080 Interstate Pkwy, Akron, OH 44312, USA",
Mexican,Blue Iguana - Tequila Bar,"401 W Turkeyfoot Lake Rd, Akron, OH 44319, USA",https://blueiguanatogo.com/
Mexican,El Patron Tequileria,"54 E Mill St, Akron, OH 44308, USA",https://www.elpatrontequileria.com/
Mexican,Mi Casa Mexican Restaurant,"352 E Waterloo Rd, Akron, OH 44319, USA",http://www.micasa-akron.com/
Mexican,Agavero Mexican Restaurant,"400 Howe Ave, Cuyahoga Falls, OH 44221, USA",http://agaveromexicanrestaurant.online/
Mexican,El Meson Mexican Restaurant,"657 Portage Trail, Cuyahoga Falls, OH 44221, USA",https://elmesonohio.com/
Mexican,Casa Del Lago Mexican Restaurant,"2437 Canton Rd, Akron, OH 44312, USA",http://www.casadellagoakron.com/
Mexican,El Rincon,"1485 S Arlington St, Akron, OH 44306, USA",
Mexican,La Terraza Mexican Bar & Grill Brimfield-Tallmadge,"3975 Cascades Blvd, Kent, OH 44240, USA",https://www.laterraza.us/
Mexican,Uncle Tito's Mexican Grill,"2215 E Waterloo Rd, Akron, OH 44312, USA",https://uncletitosmexicangrill.com/
Mexican,Casa Del Rio Express,"2927 W Market St, Fairlawn, OH 44333, USA",http://www.casadelrioexpress.com/
Mexican,Tito's Mexican Grill - Fairlawn,"25 Ghent Rd, Fairlawn, OH 44333, USA",http://titosfairlawn.com/
Mexican,El Jalapeños,"1195 W Wooster Rd, Barberton, OH 44203, USA",https://eljalapenosbarberton.com/
Mexican,Los Cabos Mexican Restaurant,"1666 W Exchange St, Akron, OH 44313, USA",
Mexican,Latino Bar & Grill,"3430 S Arlington Rd, Akron, OH 44312, USA",https://latinobarandgrill.com/
Mexican,Wholly Frijoles Mexican Street Foods,"2404 State Rd, Cuyahoga Falls, OH 44223, USA",https://www.whollyfrijolestruck.com/
Swedish,Ingrid's Scandinavian Food,"209 7th St, Oregon City, OR 97045, USA",http://ingridsscandinavianfood.com/
Italian,Luigi's Restaurant,"105 N Main St, Akron, OH 44308, USA",https://luigisrestaurant.com/
Italian,Vaccaros Trattoria,"1000 Ghent Rd, Akron, OH 44333, USA",http://www.vactrat.com/
Italian,Dontino's La Vita Gardens,"555 E Cuyahoga Falls Ave, Akron, OH 44310, USA",http://dontinos.com/
Italian,Romano's Macaroni Grill,"41 Springside Dr, Akron, OH 44333, USA",https://www.macaronigrill.com/locations/location?id=229
Italian,Piada Italian Street Food - Akron,"43 N Hawkins Ave, Akron, OH 44313, USA",https://mypiada.com/locations/akron
Italian,Olive Garden Italian Restaurant,"3924 Medina Rd, Akron, OH 44333, USA",https://www.olivegarden.com/locations/oh/akron/akron-montrose-hwy-18/1087?cmpid=br:og_ag:ie_ch:loc_ca:OGGMB_sn:gmb_gt:akron-oh-1087_pl:locurl_rd:1054
Italian,Gio's Italian Oven,"1186 Canton Rd, Akron, OH 44312, USA",http://www.lembos.com/
Italian,Spaghetti Warehouse,"510 S Main St bldg 33, Akron, OH 44311, USA",http://www.meatballs.com/
Italian,Parasson's Italian Restaurant,"959 E Waterloo Rd, Akron, OH 44306, USA",http://www.parassons.com/
Italian,Emidio & Sons Italian Restaurant,"3204 State Rd, Cuyahoga Falls, OH 44223, USA",http://www.emidioandsons.com/
Italian,San Marino Italian Restaurant,"3071 Albrecht Ave, Akron, OH 44312, USA",https://sanmarinoitaliansocial.com/
Italian,Retz's Laconi's Restaurant,"547 Sackett Ave, Cuyahoga Falls, OH 44221, USA",http://www.retzslaconis.com/
Italian,Parasson's Italian Restaurant,"234 Wooster Road North, Barberton, OH 44203, USA",http://www.parassons.com/
Italian,D'Agnese's at White Pond Akron,"566 White Pond Dr, Akron, OH 44320, USA",https://dagneseswhitepond.com/
Italian,Olive Garden Italian Restaurant,"480 Howe Ave, Cuyahoga Falls, OH 44221, USA",https://www.olivegarden.com/locations/oh/cuyahoga-falls/cuyahoga-falls/1076?cmpid=br:og_ag:ie_ch:loc_ca:OGGMB_sn:gmb_gt:cuyahoga-falls-oh-1076_pl:locurl_rd:1045
Italian,Piada Italian Street Food - Cuyahoga Falls,"2929 State Rd, Cuyahoga Falls, OH 44223, USA",https://mypiada.com/menu/cuyahoga-falls
Italian,Leo's Italian Social,"2251 Front St, Cuyahoga Falls, OH 44221, USA",http://leositaliansocial.com/cuyahoga-falls
Italian,Bricco West,"3150 W Market St, Akron, OH 44333, USA",https://www.briccowest.com/
Italian,Parasson's Italian Restaurant,"3983 Darrow Rd, Stow, OH 44224, USA",http://www.parassons.com/
Italian,Angie's Italian Restaurant,"343 4th St NW, Barberton, OH 44203, USA",https://www.angiesbarberton.com/
Spanish,Latino Bar & Grill,"3430 S Arlington Rd, Akron, OH 44312, USA",https://latinobarandgrill.com/
Spanish,Taqueria La Loma,"459 Darrow Rd, Akron, OH 44305, USA",https://lalomaohio.com/
Spanish,Hermosillo Taco & Tequila,"71 5th St SE, Barberton, OH 44203, USA",https://www.hermosillotacotequilabar.com/
Spanish,Casa Del Lago Mexican Restaurant,"2437 Canton Rd, Akron, OH 44312, USA",http://www.casadellagoakron.com/
Spanish,Los Cabos,"1666 W Exchange St, Akron, OH 44313, USA",https://www.elranchoakron.akronwebservices.com/
Spanish,El Malecon Mexican Grill,"813 Elma St, Akron, OH 44310, USA",http://www.elmaleconohio.com/
Spanish,El Meson Mexican Restaurant,"657 Portage Trail, Cuyahoga Falls, OH 44221, USA",https://elmesonohio.com/
Spanish,Casa Del Mar Mexican Restaurant,"3725 S Cleveland Massillon Rd, Barberton, OH 44203, USA",https://www.casadelmarnorton.com/
Spanish,Blue Iguana - Tequila Bar,"401 W Turkeyfoot Lake Rd, Akron, OH 44319, USA",https://blueiguanatogo.com/
Spanish,Crave Cantina,"2097 Front St, Cuyahoga Falls, OH 44221, USA",http://www.cravecantina.com/
Spanish,Casa Del Rio Express,"2927 W Market St, Fairlawn, OH 44333, USA",http://www.casadelrioexpress.com/
Spanish,El Patron Tequileria,"54 E Mill St, Akron, OH 44308, USA",https://www.elpatrontequileria.com/
Spanish,Wholly Frijoles Mexican Street Foods,"2404 State Rd, Cuyahoga Falls, OH 44223, USA",https://www.whollyfrijolestruck.com/
Spanish,Uncle Tito's Mexican Grill,"2215 E Waterloo Rd, Akron, OH 44312, USA",https://uncletitosmexicangrill.com/
Spanish,El Jalapeños,"1195 W Wooster Rd, Barberton, OH 44203, USA",https://eljalapenosbarberton.com/
Spanish,Tito's Mexican Grill - Fairlawn,"25 Ghent Rd, Fairlawn, OH 44333, USA",http://titosfairlawn.com/
Spanish,Agavero Mexican Restaurant,"400 Howe Ave, Cuyahoga Falls, OH 44221, USA",http://agaveromexicanrestaurant.online/
Spanish,Ameca La Taqueria,"608 E Cuyahoga Falls Ave, Akron, OH 44310, USA",https://amecalataqueriaoh.com/
Spanish,Los Cabos Mexican Restaurant,"1666 W Exchange St, Akron, OH 44313, USA",
Spanish,Los Girasoles Mexican Restaurant,"4161 Steels Pointe #500, Stow, OH 44224, USA",http://www.losgirasoles.us/
American,Dean Martin's Lanning's Restaurant,"826 N Cleveland Massillon Rd, Akron, OH 44333, USA",http://www.lannings-restaurant.com/
American,Melt Bar and Grilled,"3921 Medina Rd, Akron, OH 44333, USA",https://meltbarandgrilled.com/
American,Crave,"156 S Main St, Akron, OH 44308, USA",http://www.eatdrinkcrave.com/
American,Winking Lizard Copley,"79 Springside Dr, Akron, OH 44333, USA",https://www.winkinglizard.com/
American,The Merchant Tavern,"1824 Merriman Rd, Akron, OH 44313, USA",http://www.themerchanttavern.com/
American,Ken Stewart's Grille,"1970 W Market St, Akron, OH 44313, USA",https://www.kenstewartsgrille.com/
American,Burntwood Tavern,"3750 W Market St, Fairlawn, OH 44333, USA",http://www.burntwoodtavern.com/fairlawn?utm_medium=yext&utm_source=extnet
American,Butcher & Sprout,"1846 Front St, Cuyahoga Falls, OH 44221, USA",https://www.butcherandsprout.com/
American,Wise Guys Lounge and Grill,"1008 N Main St, Akron, OH 44310, USA",https://wiseguys.us/
American,Moe's Restaurant,"2385 Front St, Cuyahoga Falls, OH 44221, USA",http://www.moesrestaurant.com/
American,The Lockview Restaurant,"207 S Main St, Akron, OH 44308, USA",http://www.thelockview.com/
American,dba - dante boccuzzi akron,"21 Furnace St Suite 402, Akron, OH 44308, USA",https://www.danteakron.com/
American,Swensons Drive-In,"658 E Cuyahoga Falls Ave, Akron, OH 44310, USA",http://www.swensonsdriveins.com/
American,The Rail - Fairlawn,"3265 W Market St, Fairlawn, OH 44333, USA",https://www.therailburger.com/
American,Pub Bricco,"1841 Merriman Rd #1841, Akron, OH 44313, USA",https://www.pubbricco.com/
American,Main Street Saloon,"1481 S Main St, Akron, OH 44301, USA",https://m.facebook.com/MainstreetsaloonAkron/?ref=bookmarks
American,Wil's Grille & Pub,"1644 Turkeyfoot Lake Rd, Barberton, OH 44203, USA",https://www.facebook.com/WilsGrilleAndPub
American,Beau's Grille,"3180 W Market St, Akron, OH 44333, USA",https://beausgrille.com/
American,Diamond Grille,"77 W Market St, Akron, OH 44308, USA",http://www.diamondgrille.com/#since-1941
American,Steak 'n Shake,"152 Flight Memorial Dr, Akron, OH 44333, USA",http://www.steaknshake.com/locations/
British,English Pub & Bistro,"320 E Main St Ste 108, Ravenna, OH 44266, USA",https://m.facebook.com/EnglishPubBistro/
Thai,Live Mon (Thai-Malay Restaurant),"1312 Brittain Rd, Akron, OH 44310, USA",
Thai,Lyeh Thai Restaurant,"501 N Main St, Akron, OH 44310, USA",http://orderlyehthairesturant.com/
Thai,Cilantro Thai & Sushi Restaurant,"326 S Main St #1204, Akron, OH 44308, USA",http://www.cilantrothai.com/
Thai,Thai Pattaya Restaurant 330,"497 Portage Lakes Drive, Akron, OH 44319, USA",
Thai,Papaya Salad Thai Food Restaurant,"3233 State Rd, Cuyahoga Falls, OH 44223, USA",
Thai,Taste of Bangkok,"514 E Exchange St, Akron, OH 44304, USA",http://tobakron.com/
Thai,BANGKOK THAI RESTAURANT,"3767 Darrow Rd, Stow, OH 44224, USA",https://www.bangkokthaistow.com/
Thai,Asian Cravings,"750 Darrow Rd, Akron, OH 44305, USA",https://asiancravingsakron.wixsite.com/asian-cravings
Thai,Rice Paper Thai Cuisine,"3867 Medina Rd, Fairlawn, OH 44333, USA",https://ricepaperthaifairlawn.com/
Thai,Lemongrass Grill Thai Restaurant and Bar,"20 N Main St, Munroe Falls, OH 44262, USA",http://eatlemongrass.com/
Thai,Thai 99 Restaurant & Asian Market,"1046 S Arlington St, Akron, OH 44306, USA",
Thai,"YUKI HOUSE (spicy hibachi , hawaian styles plate, Thai plates)","1194 Tallmadge Rd, Cuyahoga Falls, OH 44221, USA",
Thai,Summit Thai,"842 N Summit Blvd # 19, Frisco, CO 80443, USA",http://www.summitthaico.com/
Thai,Mango Thai Cuisine,"8870 Darrow Rd, Twinsburg, OH 44087, USA",https://order.toasttab.com/online/thai-sprouts-and-sushi-8820-darrow-rd
Thai,Pad Thai Fairlawn,"3545 Brookwall Dr, Fairlawn, OH 44333, USA",https://www.toasttab.com/pad-thai-fairlawn-3545-brookwall-drive
Thai,Erawan Thai Kitchen,"38 S Aurora Rd Unit B, Aurora, OH 44202, USA",http://www.erawanthaikitchen.com/
Thai,Rice Paper North Canton,"5132 Whipple Ave NW, Canton, OH 44718, USA",
Thai,Pad Thai,"5657 Darrow Rd, Hudson, OH 44236, USA",http://padthaihudson.com/index.html
Japanese,Sakura,"3900 Medina Rd suite x, Akron, OH 44333, USA",http://etapthru.com/restaurant.php?id=9015
Japanese,Big Eye Japanese Cuisine & Sushi Bar,"2965 W Market St # L, Fairlawn, OH 44333, USA",http://bigeyejapanese.com/
Japanese,Kintaro All You Can Eat Sushi & Hot Pot,"4054 Medina Rd, Akron, OH 44333, USA",http://kintarooh.com/
Japanese,Maki House,"790 Arlington Ridge #227, Akron, OH 44312, USA",https://www.ordermakihouse.com/
Japanese,Sushi Katsu,"1446 N Portage Path, Akron, OH 44313, USA",https://www.sushikatsu.com/
Japanese,Fuji Hot Pot & Sushi,"1662 Brittain Rd, Akron, OH 44310, USA",http://www.fujihotpotsushi.com/
Japanese,Wasabi Japanese Steakhouse,"150 Montrose W Ave, Copley, OH 44321, USA",http://restaurantwasabi.com/
Japanese,Ichiban Sushi,"1969 State Rd, Cuyahoga Falls, OH 44223, USA",http://www.ichibancf.com/
Japanese,Sushi Asia Gourmet,"1375 N Portage Path, Akron, OH 44313, USA",https://www.sushiasiaakron.com/
Japanese,Cilantro Thai & Sushi Restaurant,"326 S Main St #1204, Akron, OH 44308, USA",http://www.cilantrothai.com/
Japanese,T J Sushi (Summit Mall),"3265 W Market St, Fairlawn, OH 44333, USA",http://www.tjsushifairlawnoh.com/
Japanese,Hibachi Japan,"1803 Front St, Cuyahoga Falls, OH 44221, USA",
Japanese,Hyde Out,"491 E Waterloo Rd, Akron, OH 44319, USA",http://www.hydeoutakron.com/
Japanese,Nippon Hibachi,"492 W Market St, Akron, OH 44303, USA",https://nippon-hibachi.square.site/?location=11edf8001d54e8b7870fac1f6bbba82c
Japanese,Ki Asian Cuisine,"2717 W Market St, Fairlawn, OH 44333, USA",https://kiasiancuisine.com/
Japanese,A-1 Japan Steakhouse,"4770 Dressler Rd NW, Canton, OH 44718, USA",http://www.a1japanohio.com/
Japanese,Kasai Japanese Restaurant,"3875 Massillon Rd #300, Uniontown, OH 44685, USA",http://mykasaisushi.com/
Japanese,Toko Japanese Steak House,"1851 OH-59, Kent, OH 44240, USA",https://tokojapanesetogo.com/
Japanese,Kasai Japanese Restaurant,"295 Weatherstone Dr E, Wadsworth, OH 44281, USA",http://mykasaisushi.com/
Japanese,Boiling House Seafood & Sushi Bar,"1 W Exchange St, Akron, OH 44308, USA",https://www.boilinghouseakron.com/
Chinese,P.F. Chang's,"3265 W Market St #100A, Akron, OH 44333, USA",https://www.pfchangs.com/locations/us/oh/akron/3265-w-market-st/9863-akron.html?utm_source=google_gbp&utm_medium=organic
Chinese,China House,"4031 S Main St, Akron, OH 44319, USA",
Chinese,Sushi Asia Gourmet,"1375 N Portage Path, Akron, OH 44313, USA",https://www.sushiasiaakron.com/
Chinese,Jade Dragon,"875 E Exchange St, Akron, OH 44306, USA",http://www.jadedragon88.com/
Chinese,Asian Cravings,"750 Darrow Rd, Akron, OH 44305, USA",https://asiancravingsakron.wixsite.com/asian-cravings
Chinese,Platinum Dragon,"814 W Market St, Akron, OH 44303, USA",http://www.platinumdragonakron.com/
Chinese,Chin's Place,"474 W Market St, Akron, OH 44303, USA",http://www.chinsplace.com/
Chinese,Golden Place Chinese Restaurant,"29 Erie Rd, Tallmadge, OH 44278, USA",https://www.smorefood.com/order-online/golden-place-chinese-restaurant-tallmadge-44278-jppjed7s?utm_source=gmb&utm_medium=website
Chinese,Golden Dragon Chinese & Japanese Restaurant,"1634 State Rd, Cuyahoga Falls, OH 44223, USA",
Chinese,Royal Buffet & Grill,"1930 Buchholzer Blvd, Akron, OH 44310, USA",https://www.royalbuffetgrill.net/
Chinese,New Ming Restaurant,"1590 S Hawkins Ave, Akron, OH 44320, USA",https://www.newming1590akron.com/
Chinese,Asian Chao,"3265 W Market St # 182, Fairlawn, OH 44333, USA",https://www.eatmenu24.com/forward?route=asianchao
Chinese,New Ming Home,"514 Canton Rd, Akron, OH 44312, USA",http://newminghomeellet.com/
Chinese,Super China,"155 Wooster Road North, Barberton, OH 44203, USA",https://www.facebook.com/superchina44203
Chinese,Ju Yuan Kitchen,"1400 S Arlington St, Akron, OH 44306, USA",http://www.juyuankitchenoh.com/
Chinese,Ki Asian Cuisine,"2717 W Market St, Fairlawn, OH 44333, USA",https://kiasiancuisine.com/
Chinese,Tongtong restaurant,"1646 Norton Rd, Stow, OH 44224, USA",http://www.tongtongonline.com/
Chinese,Great Garden,"1065 E Tallmadge Ave, Akron, OH 44310, USA",http://www.greatgarden1065.com/
Chinese,Panda Chinese Restaurant,"4174 Wheatley Rd, Richfield, OH 44286, USA",https://www.pandacuisineoh.com/
Chinese,Panda Express,"2855 State Rd, Cuyahoga Falls, OH 44223, USA",https://www.pandaexpress.com/locations/oh/cuyahoga-falls/2846
Indian,Saffron Patch in the Valley,"1238 Weathervane Ln, Akron, OH 44313, USA",https://saffronpatchinakron.com/
Indian,Bombay Grill Authentic Indian Cuisine Fairlawn,"117 Merz Blvd, Fairlawn, OH 44333, USA",
Indian,Khaao Macha Indian Fusion Restaurant & Bar,"200 Montrose W Ave(Inside Radisson, Akron, OH 44321, USA",https://khaaomacha.com/
Indian,Family Vansa Ghar Restaurant & Bar,"753 N Main St, Akron, OH 44310, USA",https://nepalifoodakron.com/
Indian,The Spice Delight | Best Indian Restaurant | Best Indian Cuisine | Best Indian Food | Best Bar |,"14 S Main St, Munroe Falls, OH 44262, USA",https://thespicedelightohio.com/
Indian,Blu Basil (Jaipur Junction) Fine Indian Restaurant,"180 W Streetsboro St #5, Hudson, OH 44236, USA",http://theblubasil.com/
Indian,HEERA INDIAN CUISINE,"117 E Market St, Akron, OH 44308, USA",https://www.heeraindiancuisine.com/
Indian,Rose Garden Indian Cuisine,"2033 State Rd, Cuyahoga Falls, OH 44223, USA",https://www.rosegardenrestaurant.net/
Indian,Paradise Indian Cuisine,"18815 N Market Pl Dr, Aurora, OH 44202, USA",https://www.paradiseindiancuisine.us/aurora/
Indian,Dragon Restaurant And Bar,"1295 E Tallmadge Ave, Akron, OH 44310, USA",https://order.online/business/vip-sports-bar--grill-11173666
Indian,Momo House,"1548 Home Ave, Akron, OH 44310, USA",
Indian,Singh Biryani,"2625 Bailey Rd, Cuyahoga Falls, OH 44221, USA",
Indian,Nepali Kitchen Restaurant,"399 E Cuyahoga Falls Ave, Akron, OH 44310, USA",http://nepalikitchen.weebly.com/
Indian,Tandoori Kabobs,"625 Grant St, Akron, OH 44311, USA",https://www.clover.com/online-ordering/tandoori-kabobs-akron
Russian,Masha and the Bear Russian Cafe,"12101 E Iliff Ave, Aurora, CO 80014, USA",http://www.mbrussiancafe.com/
Jewish,Moish and Itzy’s Restaurant & Delicatessen,"21 Summit Square Shopping Center, Langhorne, PA 19047, USA",http://moishanditzys.com/
Polish,Olesia's Taverne of Richfield,"3960 Broadview Rd, Richfield, OH 44286, USA",http://olesiastaverne.com/
Polish,"Pierogies of Cleveland, Market & Cafe - Richfield","4131 W Streetsboro Rd, Richfield, OH 44286, USA",https://www.poconlinestore.com/
Polish,Little Polish Diner,"5772 Ridge Rd, Parma, OH 44129, USA",
Polish,Polish-American Club,"472 E Glenwood Ave, Akron, OH 44310, USA",https://www.polishamericancitizensclub.com/
Polish,Das Schnitzel Haus,"5728 Pearl Rd, Parma, OH 44129, USA",http://www.dshrestaurant.com/
Polish,Mom's Pierogies,"8467 Memphis Ave, Brooklyn, OH 44144, USA",http://www.momspierogies.com/
Polish,Pierogies Factory,"3795 Wadsworth Blvd, Wheat Ridge, CO 80033, USA",http://pierogiesfactory.com/
Polish,Cracovia Polish-American Restaurant & Bar,"8121 W 94th Ave, Westminster, CO 80021, USA",http://www.cracoviarestaurant.com/
Polish,Pierogi Palace,"1979 W 25th St # E5, Cleveland, OH 44113, USA",http://clepierogi.com/
Polish,B&K Rootbeer,"737 Munroe Falls Ave, Cuyahoga Falls, OH 44221, USA",https://www.facebook.com/bkrootbeer.cfo/
Polish,The Seasoning King,"604 Home Ave, Akron, OH 44305, USA",https://foodtruck.pub/?id=11554
Polish,Your Cabbage Connection,"2455 Canton Rd, Akron, OH 44312, USA",https://www.cabbageconnection.com/
Polish,New Era,"10 Massillon Rd, Akron, OH 44312, USA",http://www.thenewerarestaurant.com/
Polish,Dick & Alice Sausage and Pierogi Haus,"12859 Brookpark Rd, Parma, OH 44130, USA",
Polish,Creekside Restaurant & Bar,"8803 Brecksville Rd, Brecksville, OH 44141, USA",https://www.creeksiderestaurant.com/
Polish,Krakus Polish Deli & Bakery,"7050 Market St, Boardman, OH 44512, USA",http://krakuspolishdeli.com/location.html
Polish,Al's Corner Restaurant,"155 2nd St NW, Barberton, OH 44203, USA",https://alsmeatsandeats.com/restaurant
Polish,Noodle King,"3900 Medina Rd W, Akron, OH 44333, USA",http://noodlekingakron.com/
Polish,R & K Sausage,"7700 Harvard Ave, Cleveland, OH 44105, USA",http://www.rksausagecompany.com/
Polish,Sophie's Natural Pierogi Co,"4631 Turney Rd, Cleveland, OH 44125, USA",http://polisheats.com/
German,Ein Prosit,"313 Main St, Frisco, CO 80443, USA",https://www.pullmandistillery.com/
French,La Française Bistrot,"411 S Main St Unit 4, Breckenridge, CO 80424, USA",http://lafrancaisebistrot.com/
Hawaiian,Aloha Kitchen,"10408 Silverdale Way NW, Silverdale, WA 98383, USA",
Brazilian,Botteco Brazil Restaurant,"14561 Bothell Way NE, Shoreline, WA 98155, USA",http://bottecobrazil.com/
Peruvian,Lima Restaurant,"12090 SW Allen Blvd, Beaverton, OR 97005, USA",http://limaperuvianrestaurant.co/
Salvadorian,Chepe's,"17539 SE Stark St, Portland, OR 97233, USA",
Cuban,El Cubano To Go,"19920 Aurora Ave N, Shoreline, WA 98133, USA",https://elcubanotogowa.com/
Tibetan,Momo House,"1548 Home Ave, Akron, OH 44310, USA",
Tibetan,Nepali Kitchen Restaurant,"399 E Cuyahoga Falls Ave, Akron, OH 44310, USA",http://nepalikitchen.weebly.com/
Tibetan,Himalayas Nepali Bar,"353 E Cuyahoga Falls Ave, Akron, OH 44310, USA",
Tibetan,Family Vansa Ghar Restaurant & Bar,"753 N Main St, Akron, OH 44310, USA",https://nepalifoodakron.com/
Egyptian,King Tut - Egyptian Street Food,"8801 Brecksville Rd, Brecksville, OH 44141, USA",http://www.kingtutstreetfood.com/
Greek,Vasili's Greek Cuisine,"1702 Merriman Rd, Akron, OH 44313, USA",https://www.facebook.com/VasilisGreekCuisine/
Belgian,Ein Prosit,"313 Main St, Frisco, CO 80443, USA",https://www.pullmandistillery.com/
Irish,Kevin O'Bryan's,"1761 S Main St, Akron, OH 44301, USA",https://kevinobryans.com/
Irish,Mavis Winkle’s Irish Pub,"8870 Darrow Rd f107, Twinsburg, OH 44087, USA",http://www.maviswinkles.com/?utm_source=google&utm_medium=gmb_website_clicks&utm_campaign=gmb&utm_id=gmb
Irish,Irish Pub & Grill,"8009 Hills and Dales Rd NW, Massillon, OH 44646, USA",https://sites.google.com/view/irishpubandgrillmassillon/home
Irish,Rockne's Pub Akron,"7 Merriman Rd, Akron, OH 44303, USA",http://www.rocknes.com/
Irish,Barley House,"222 S Main St #1B, Akron, OH 44308, USA",http://www.barleyhouseakron.com/
Irish,Sully's Irish Pub,"117 W Liberty St, Medina, OH 44256, USA",http://www.sullysmedina.com/
Irish,Gormley's Pub,"19500 Center Ridge Rd, Rocky River, OH 44116, USA",https://gormleyspub.com/
Irish,Brubaker's Pub,"3939 Massillon Rd #101, Uniontown, OH 44685, USA",https://brubakerspub.com/
Irish,Manny's Pub,"394 Brown St, Akron, OH 44304, USA",http://www.facebook.com/Mannys-Pub-177791265604654/
Irish,Mickey's In The Valley,"1310 Weathervane Ln, Akron, OH 44313, USA",
Irish,Brubaker's Pub,"5823 Darrow Rd, Hudson, OH 44236, USA",https://brubakerspub.com/
Irish,P.J. McIntyre's Irish Pub,"17119 Lorain Ave, Cleveland, OH 44111, USA",http://pjmcintyres.com/
Irish,Windsor Pub,"1322 E Tallmadge Ave, Akron, OH 44310, USA",http://www.facebook.com/windsorpubakron
Irish,Johnny Malloy's Irish Sports Pub,"1038 N Court St, Medina, OH 44256, USA",https://www.johnnymalloysmedina.com/
Irish,English Pub & Bistro,"320 E Main St Ste 108, Ravenna, OH 44266, USA",https://m.facebook.com/EnglishPubBistro/
Irish,The Hooley Pub & Kitchen,"10310 Cascade Crossing, Brooklyn, OH 44144, USA",https://www.1funpub.com/
Irish,Danny Mac's Irish Pub,"4920 Pearl Rd, Cleveland, OH 44109, USA",
Irish,Ozzy's Nottingham Pub,"1390 Brittain Rd, Akron, OH 44310, USA",
Irish,JP's Neighborhood Pub,"1199 Triplett Blvd, Akron, OH 44306, USA",http://www.jpspub.com/
Irish,Parnell's Irish Pub,"1415 Euclid Ave, Cleveland, OH 44115, USA",http://www.parnells.pub/
Welsh,Swensons Drive-In,"5815 Wales Ave NW, Massillon, OH 44646, USA",http://orderswensons.com/
Cajun,The Lost Cajun,"204 Main St, Frisco, CO 80443, USA",https://thelostcajun.com/locations/frisco-colorado
Portuguese,The Farmer's Rail Hudson,"98 N Main St, Hudson, OH 44236, USA",http://www.thefarmersrail.com/
Turkish,Troy Grille,"118 E Main St, Kent, OH 44240, USA",http://troygrille.com/
Turkish,Shisha Hooka Bar And Smoke Shop,"80 S Forge St, Akron, OH 44304, USA",
Turkish,TAMR Mediterranean Grille,"3226 Kent Rd, Stow, OH 44224, USA",https://tamrgrill.com/
Turkish,Shawarma Brothers,"2687 State Rd, Cuyahoga Falls, OH 44223, USA",https://www.facebook.com/shawarmabrothersportagetrailcrossing/
Turkish,Mid-East Cafe and Restaurant,"306 E Exchange St, Akron, OH 44304, USA",
Turkish,Laziza,"195 E Erie St, Kent, OH 44240, USA",
Turkish,Aladdin's Eatery Cuyahoga Falls,"1991 Portage Trail, Cuyahoga Falls, OH 44223, USA",https://aladdins.com/
Turkish,Tandoori Kabobs,"625 Grant St, Akron, OH 44311, USA",https://www.clover.com/online-ordering/tandoori-kabobs-akron
Turkish,Rumi's Market & Turkish Grill,"8225 Carnegie Ave, Cleveland, OH 44103, USA",https://www.rmarketgrill.com/
Turkish,Istanbul Mediterranean Grill,"35840 Chester Rd Suite A&B, Avon, OH 44011, USA",http://istanbulgrillavon.com/
Turkish,New Era,"10 Massillon Rd, Akron, OH 44312, USA",http://www.thenewerarestaurant.com/
Turkish,Anatolia Cafe,"2270 Lee Rd, Cleveland Heights, OH 44118, USA",http://www.anatoliacafe.com/
Haitian,kann,"548 SE Ash St, Portland, OR 97214, USA",https://kannrestaurant.com/
Tahitian,Aloha Kine Grindz,"284 West Ave, Tallmadge, OH 44278, USA",
Kenyan,Akwaba Restaurant,"16251 E Colfax Ave, Aurora, CO 80011, USA",
Korean,Seoul Garden Restaurant,"2559 State Rd, Cuyahoga Falls, OH 44223, USA",
Nigerian,Bantaba African Restaurant,"19417 36th Ave W, Lynnwood, WA 98036, USA",
Libyan,Aladdin's Eatery Fairlawn,"3895 Medina Rd, Fairlawn, OH 44333, USA",https://aladdins.com/
Moroccan,MoMo's Kebab,"2199 Lee Rd, Cleveland Heights, OH 44118, USA",https://www.ordermomoskebab.com/
Lebanese,Aladdin's Eatery Highland Square,"782 W Market St, Akron, OH 44303, USA",https://aladdins.com/
Lebanese,Mid-East Cafe and Restaurant,"306 E Exchange St, Akron, OH 44304, USA",
Lebanese,Continental Cuisine,"55 Ghent Rd, Fairlawn, OH 44333, USA",http://www.continentalcuisine.com/
Lebanese,Shawarma Brothers,"2687 State Rd, Cuyahoga Falls, OH 44223, USA",https://www.facebook.com/shawarmabrothersportagetrailcrossing/
Lebanese,Aladdin's Eatery Cuyahoga Falls,"1991 Portage Trail, Cuyahoga Falls, OH 44223, USA",https://aladdins.com/
Lebanese,TAMR Mediterranean Grille,"3226 Kent Rd, Stow, OH 44224, USA",https://tamrgrill.com/
Lebanese,Sanabel Middle East Bakery,"308 E South St, Akron, OH 44311, USA",https://www.sanabelakron.com/
Lebanese,Aladdin's Eatery Fairlawn,"3895 Medina Rd, Fairlawn, OH 44333, USA",https://aladdins.com/
Lebanese,Aladdin's Eatery Hudson,"44 Park Ln, Hudson, OH 44236, USA",https://aladdins.com/
Lebanese,Aladdin's Eatery North Canton,"6698 Strip Ave NW, North Canton, OH 44720, USA",https://aladdins.com/
Lebanese,Vine Valley Foods,"1450 N Portage Path, Akron, OH 44313, USA",http://www.vinevalleyfoods.com/
Lebanese,Laziza,"195 E Erie St, Kent, OH 44240, USA",
Lebanese,Shisha Hooka Bar And Smoke Shop,"80 S Forge St, Akron, OH 44304, USA",
Lebanese,Tahini MC,"Rathskeller student center, Kent Student Center, Risman Dr, Kent, OH 44242, USA",http://www.tahinimc.com/
Lebanese,7 to 7 Mediterranean cuisine,"500 W Aurora Rd suite 205, Northfield, OH 44067, USA",
Lebanese,Troy Grille,"118 E Main St, Kent, OH 44240, USA",http://troygrille.com/
Lebanese,Papa Gyros,"1 N Hawkins Ave, Akron, OH 44313, USA",http://www.papagyros.com/
Lebanese,Vasili's Greek Cuisine,"1702 Merriman Rd, Akron, OH 44313, USA",https://www.facebook.com/VasilisGreekCuisine/
Lebanese,Falls Mediterranean,"526 Graham Rd, Cuyahoga Falls, OH 44221, USA",
Lebanese,Tarboosh,"1144 W Pleasant Valley Rd, Parma, OH 44134, USA",http://www.ordertarboosheatery.com/
Vietnamese,Pho King,"1627 E Main St, Kent, OH 44240, USA",http://www.phokingkent.com/
Vietnamese,Lyeh Thai Restaurant,"501 N Main St, Akron, OH 44310, USA",http://orderlyehthairesturant.com/
Vietnamese,Huế Bánh Mì & Phở Cafe,"1665 E Main St, Kent, OH 44240, USA",https://huecafekent.com/
Vietnamese,Asian Cravings,"750 Darrow Rd, Akron, OH 44305, USA",https://asiancravingsakron.wixsite.com/asian-cravings
Vietnamese,Taste of Bangkok,"514 E Exchange St, Akron, OH 44304, USA",http://tobakron.com/
Vietnamese,Thai Pattaya Restaurant 330,"497 Portage Lakes Drive, Akron, OH 44319, USA",
Vietnamese,Live Mon (Thai-Malay Restaurant),"1312 Brittain Rd, Akron, OH 44310, USA",
Vietnamese,Lemongrass Grill Thai Restaurant and Bar,"20 N Main St, Munroe Falls, OH 44262, USA",http://eatlemongrass.com/
Vietnamese,Thai 99 Restaurant & Asian Market,"1046 S Arlington St, Akron, OH 44306, USA",
Vietnamese,Bowl of Phở,"27339 Chagrin Blvd, Woodmere, OH 44122, USA",https://bowlofphowoodmere.net/
Vietnamese,P.F. Chang's,"3265 W Market St #100A, Akron, OH 44333, USA",https://www.pfchangs.com/locations/us/oh/akron/3265-w-market-st/9863-akron.html?utm_source=google_gbp&utm_medium=organic
Vietnamese,Masa Asian Express,"276 E Exchange St, Akron, OH 44304, USA",https://masaasianexpress.com/
Vietnamese,Papaya Salad Thai Food Restaurant,"3233 State Rd, Cuyahoga Falls, OH 44223, USA",
Vietnamese,Taydo Vietnamese & Chinese,"11725 Snow Rd, Cleveland, OH 44130, USA",https://www.taydoparma.com/
Vietnamese,Tongtong restaurant,"1646 Norton Rd, Stow, OH 44224, USA",http://www.tongtongonline.com/
Vietnamese,Sushi Asia Gourmet,"1375 N Portage Path, Akron, OH 44313, USA",https://www.sushiasiaakron.com/
Vietnamese,Pho & Beyond,"13500 Pearl Rd Unit 111, Strongsville, OH 44136, USA",https://www.toasttab.com/pho-and-beyond-13500-pearl-rd-unit-111
Vietnamese,Pad Thai Fairlawn,"3545 Brookwall Dr, Fairlawn, OH 44333, USA",https://www.toasttab.com/pad-thai-fairlawn-3545-brookwall-drive
Vietnamese,Phở Lee's Vietnamese Restaurant,"1541 E 38th St First Floor, Cleveland, OH 44114, USA",https://orderpholeeviet.com/
Vietnamese,Number One Pho,"3120 Superior Ave, Cleveland, OH 44114, USA",
Hungarian,Balaton Restaurant,"8564 E Washington St, Chagrin Falls, OH 44023, USA",http://www.balaton-restaurant.com/
Hungarian,Hungarian Benefit Society (Hunky Club),"451 W Park Ave, Barberton, OH 44203, USA",
Hungarian,Olesia's Taverne of Richfield,"3960 Broadview Rd, Richfield, OH 44286, USA",http://olesiastaverne.com/
Hungarian,New Era,"10 Massillon Rd, Akron, OH 44312, USA",http://www.thenewerarestaurant.com/
Mediterranean,Continental Cuisine,"55 Ghent Rd, Fairlawn, OH 44333, USA",http://www.continentalcuisine.com/
Mediterranean,Shawarma Brothers,"2687 State Rd, Cuyahoga Falls, OH 44223, USA",https://www.facebook.com/shawarmabrothersportagetrailcrossing/
Mediterranean,Vasili's Greek Cuisine,"1702 Merriman Rd, Akron, OH 44313, USA",https://www.facebook.com/VasilisGreekCuisine/
Mediterranean,Laziza,"195 E Erie St, Kent, OH 44240, USA",
Mediterranean,Mid-East Cafe and Restaurant,"306 E Exchange St, Akron, OH 44304, USA",
Mediterranean,Aladdin's Eatery Highland Square,"782 W Market St, Akron, OH 44303, USA",https://aladdins.com/
Mediterranean,TAMR Mediterranean Grille,"3226 Kent Rd, Stow, OH 44224, USA",https://tamrgrill.com/
Mediterranean,Damascus Mediterranean Cuisine,"4469 Hills and Dales Rd NW, Canton, OH 44708, USA",
Mediterranean,Aladdin's Eatery Fairlawn,"3895 Medina Rd, Fairlawn, OH 44333, USA",https://aladdins.com/
Mediterranean,Aladdin's Eatery Cuyahoga Falls,"1991 Portage Trail, Cuyahoga Falls, OH 44223, USA",https://aladdins.com/
Mediterranean,Troy Grille,"118 E Main St, Kent, OH 44240, USA",http://troygrille.com/
Mediterranean,Papa Gyros,"1 N Hawkins Ave, Akron, OH 44313, USA",http://www.papagyros.com/
Mediterranean,Aladdin's Eatery Hudson,"44 Park Ln, Hudson, OH 44236, USA",https://aladdins.com/
Mediterranean,Vine Valley Foods,"1450 N Portage Path, Akron, OH 44313, USA",http://www.vinevalleyfoods.com/
Mediterranean,Tahini MC,"Rathskeller student center, Kent Student Center, Risman Dr, Kent, OH 44242, USA",http://www.tahinimc.com/
Mediterranean,Pita Pit,"1205 E Market St, Akron, OH 44305, USA",https://locations.pitapitusa.com/pita-pit-f013edf726eb
Mediterranean,"Spitz - Greenwood Village Restaurant - Mediterranean Food, Greek Food, Vegan, Paleo & More","8181 E Arapahoe Rd suite E, Greenwood Village, CO 80112, USA",https://spitz-restaurant.com/mediterranean-food-greenwood-village-restaurant-bar/
Mediterranean,Papa Gyros,"3939 Massillon Rd, Uniontown, OH 44685, USA",http://www.papagyros.com/
Mediterranean,Fresh Food Deli,"4881 S Main St, Akron, OH 44319, USA",
Mediterranean,Pita Grill & Creperie Summit,"33 Union Pl, Summit, NJ 07901, USA",https://www.pitagrillandcreperie.com/
Ethiopian,Harambe Ethiopian Restaurant,"2149 Commercial Dr, Vancouver, BC V5N 4B3, Canada",
Ethiopian,Gojo Café Ethiopia I Ethiopian Cuisine,"2838 Commercial Dr, Vancouver, BC V5N 4C6, Canada",http://www.gojocafe.com/
Ethiopian,Fassil Restaurant,"736 E Broadway, Vancouver, BC V5T 1X9, Canada",http://www.fassil.ca/
Ethiopian,Zagol Ethiopian Restaurant,"2722 E Cherry St, Seattle, WA 98122, USA",http://www.zagolethiopianrestaurant.com/
Ethiopian,Ahadu Ethiopian Restaurant,"1508 NE 117th St, Seattle, WA 98125, USA",http://www.ahadu-ethiopian-restaurant.net/
Ethiopian,Adey Abeba Ethiopian Restaurant,"2123 E Union St, Seattle, WA 98122, USA",https://adeyabeba.net/
Ethiopian,Zobel Ethiopian Cuisine,"1219 E Jefferson St, Seattle, WA 98122, USA",http://zobelethiopianwa.com/
Ethiopian,Axum Restaurant,"1279 E Hastings St, Vancouver, BC V6A 1S4, Canada",http://www.axumrestaurant.ca/
Ethiopian,Blue Nile Ethiopian Restaurant,"7821 Rainier Ave S, Seattle, WA 98118, USA",
Ethiopian,Adulis Eritrean and Ethiopian Restaurant,"10515 Greenwood Ave N, Seattle, WA 98133, USA",http://adulisrestaurant.com/
Ethiopian,Cafe Selam,"2715 E Cherry St B, Seattle, WA 98122, USA",https://www.cafeselam.com/
Ethiopian,Ras Dashen Restaurant,"2801 E Cherry St, Seattle, WA 98122, USA",http://www.rasdashenseattle.com/
Ethiopian,Queen Sheba Ethiopian Restaurant,"916 E John St, Seattle, WA 98102, USA",
Ethiopian,Shewa-Ber Bar & Restaurant,"1801 S Jackson St, Seattle, WA 98144, USA",http://www.shewa-ber.com/
Ethiopian,Enat Ethiopian Restaurant,"11546-11552, 11546 15th Ave NE, Seattle, WA 98125, USA",https://m.facebook.com/EnatEthiopianRestaurant/
Ethiopian,Agelgil Ethiopian Restaurant Seattle,"2800 E Cherry St a, Seattle, WA 98122, USA",https://www.seattleethiopianrestaurant.com/
Ethiopian,Bete-Lukas | Ethiopian Restaurant,"2504 SE 50th Ave D, Portland, OR 97206, USA",http://www.bete-lukas.com/
Ethiopian,Aberus Ethiopian Restaurant,"438 NE Killingsworth St, Portland, OR 97211, USA",
Ethiopian,Megenagna,"306 S Ironton St Unit C, Aurora, CO 80012, USA",https://megenagnaethiopianrestaurant.com/
Ethiopian,Habesha Cafe,"5710 Rainier Ave S, Seattle, WA 98118, USA",https://habesha.cafe/
Caribbean,Irie Jamaican Kitchen,"837 W Market St, Akron, OH 44303, USA",https://www.iriejakitchen.com/
Caribbean,Jamaican Jerk Center,"1231 E Tallmadge Ave, Akron, OH 44310, USA",
Caribbean,KJ's Caribbean & Soul Food,"17528 Harvard Ave, Cleveland, OH 44128, USA",
Caribbean,Island Cuisine,"20023 Harvard Ave, Warrensville Heights, OH 44122, USA",
Caribbean,Pin pin's Kitchen - Jamaican restaurant,"14401 Harvard Ave, Cleveland, OH 44128, USA",https://www.facebook.com/RalstonPeynado/
Caribbean,Caribbean Delight,"4681 Northfield Rd, Cleveland, OH 44128, USA",https://caribbean-delight.business.site/
Caribbean,Bless Up Jamaican Restaurant,"4066 E 71st St, Cleveland, OH 44105, USA",
Caribbean,CAMY's Caribbean Mart & Eatery,"5702 Mayfield Rd, Lyndhurst, OH 44124, USA",http://www.camyscaribbeanmart.com/
Caribbean,The Seasoning King,"604 Home Ave, Akron, OH 44305, USA",https://foodtruck.pub/?id=11554
Caribbean,Jamaica's Drumpon Jerk,"4980 Turney Rd, Garfield Heights, OH 44125, USA",https://www.jamaicasdrumponjerk.com/
Caribbean,Winking Lizard Copley,"79 Springside Dr, Akron, OH 44333, USA",https://www.winkinglizard.com/
Caribbean,Jamaican Restaurant,"4681 Northfield Rd, North Randall, OH 44128, USA",
Caribbean,Irie Island Jamaican,"3407 Mahoning Rd NE, Canton, OH 44705, USA",https://www.facebook.com/pages/Irie-Island-Jamaican-Restaurant/1203298899714811
Caribbean,Caribbean Dreams & Seafood,"7823 Cedar Ave, Cleveland, OH 44103, USA",
Caribbean,El fogon Caribbean Grill,"918 Cherry Ave NE, Canton, OH 44704, USA",https://www.facebook.com/profile.php?id=100089992594822&mibextid=LQQJ4d
Caribbean,Gar and Mar Jamaican American Cuisine,"10 Seminary St, Berea, OH 44017, USA",https://garandmar.com/
Caribbean,Irie Jamaican Kitchen,"4162 Pearl Rd, Cleveland, OH 44109, USA",https://www.iriejakitchen.com/
Caribbean,Ocho Rios,"1007 Ivanhoe Rd, Cleveland, OH 44110, USA",
Caribbean,International,"7823 Cedar Ave #12:00AM, Cleveland, OH 44103, USA",
Caribbean,Rich Caribbean Cuisine LLC,"11351 Buckeye Rd, Cleveland, OH 44104, USA",
Soul,Leslie's True Soul Food,"1094 Brown St, Akron, OH 44301, USA",http://leslies-food.edan.io/
Argentinian,Patagōn,"1610 2nd Ave, Seattle, WA 98101, USA",https://www.patagonseattle.com/?utm_source=extnet&utm_medium=yext
Chilean,Al Chile,"1340 Davie St, Vancouver, BC V6E 1N6, Canada",https://instagram.com/alchilevan?igshid=MzRlODBiNWFlZA==
Colombian,Latino Bar & Grill,"3430 S Arlington Rd, Akron, OH 44312, USA",https://latinobarandgrill.com/
Colombian,El Arepazo Y Pupuseria,"22799 Lorain Rd, Cleveland, OH 44126, USA",https://elarepazoypupuseriaoh.com/
Colombian,Arepazo Latino & Bar,"14725 Detroit Ave, Lakewood, OH 44107, USA",https://arepazolatinoandbar.com/
Colombian,Barroco Lakewood,"12906 Madison Ave, Lakewood, OH 44107, USA",http://www.barrocoarepabar.com/
Colombian,Empanadas Latin Street Food,"5543 Ridge Rd, Parma, OH 44129, USA",https://empanadascle.square.site/
Colombian,Crave Cantina,"2097 Front St, Cuyahoga Falls, OH 44221, USA",http://www.cravecantina.com/
Colombian,Sabor de mi Tierra,"1988 Morris Ave, Union, NJ 07083, USA",https://sabordemitierra.com/menu
Colombian,Gusto y Sabor,"2022 Morris Ave # C, Union, NJ 07083, USA",https://gustoysaborcolombianonj.com/
Colombian,Lala's In The Lakes,"4315 Manchester Rd, Akron, OH 44319, USA",https://www.lalasinthelakes.com/
Colombian,Altoque Colombian Food,"7 Bassett Hwy, Dover, NJ 07801, USA",https://www.toasttab.com/altoque-colombia-restaurant
Colombian,Papa Joe's Iacomini's,"1561 Akron Peninsula Rd, Akron, OH 44313, USA",https://www.papajoes.com/
Colombian,Los Parceros Colombian Restaurant,"15473 E Hampden Ave A, Aurora, CO 80013, USA",
Colombian,Tumbao58,"2019 Oaklawn Dr, Parma, OH 44134, USA",http://www.tumbao58.com/
Colombian,El Arepazo y Pupuseria Express,"3915 Carnegie Ave, Cleveland, OH 44115, USA",
Colombian,El Rancho Colombiano,"3401 Bergenline Ave, Union City, NJ 07087, USA",https://elranchocolombianonj.com/
Colombian,Twisted Taino Restaurant,"5633 Pearl Rd, Parma, OH 44130, USA",http://www.twistedtaino.com/
Colombian,Half Moon Bakery,"230 W Huron Rd, Cleveland, OH 44113, USA",
Colombian,El Rinconcito Chapin,"3330 Broadview Rd, Cleveland, OH 44109, USA",http://www.elrinconcitochapincle.com/
Colombian,Caribe Bake Shop,"2906 Fulton Rd, Cleveland, OH 44113, USA",http://www.caribebakeshop.com/
Colombian,Delikositas Madison,"42 Main St, Madison, NJ 07940, USA",http://delikositas.com/
Costa Rican,Banderas Deli & Restaurant,"41 Park Ave, Summit, NJ 07901, USA",http://banderasdelirestaurant.com/
Czech,Old Prague Restaurant,"5586 Liberty Ave, Vermilion, OH 44089, USA",http://oldpragueohio.com/
Danish,Ein Prosit,"313 Main St, Frisco, CO 80443, USA",https://www.pullmandistillery.com/
Dutch,Dutch Kitchen,"14278 Lincoln Way E, Dalton, OH 44618, USA",https://www.dutchkitchen.net/
Ecuadorian,Restaurant Ecuador,"2923 W Diversey Ave, Chicago, IL 60647, USA",https://restauranteecuador.com/
Guatemalan,Tienda Y Comedor Guatelinda,"260 S Tuscarawas Ave St, Dover, OH 44622, USA",
Guatemalan,El Rinconcito Chapin,"3330 Broadview Rd, Cleveland, OH 44109, USA",http://www.elrinconcitochapincle.com/
Guatemalan,Taqueria Chapin Taco Truck,"2140 Cleveland Ave NW, Canton, OH 44703, USA",http://ordertaqueriachapintacotruck.com/
Honduran,Honduras Breeze Restaurant,"1443 Chester St, Aurora, CO 80010, USA",https://m.facebook.com/profile.php?id=1273000329458997&tsid=0.4500492871865647&source=typeahead
Indonesian,Indo Cafe,"13754 Aurora Ave N Suite D, Seattle, WA 98133, USA",http://www.myindocafe.com/
Indonesian,Bali Thai,"88 W Pender St, Vancouver, BC V6B 1R3, Canada",https://www.balithaivancouver.com/
Indonesian,Kedai Makan,"1449 E Pine St, Seattle, WA 98122, USA",http://www.kedaimakansea.com/
Indonesian,Malay Satay Hut,"5540, 15230 NE 24th St, Redmond, WA 98052, USA",https://www.malaysatay.com/
Indonesian,Waroeng Jajanan​,"22315 Hwy 99 i, Edmonds, WA 98026, USA",
Iranian,Caspian Bellevue,"1806 136th Pl NE, Bellevue, WA 98005, USA",http://www.caspianbellevue.com/
Israeli,Mid-East Cafe and Restaurant,"306 E Exchange St, Akron, OH 44304, USA",
Israeli,Shisha Hooka Bar And Smoke Shop,"80 S Forge St, Akron, OH 44304, USA",
Israeli,Damascus Mediterranean Cuisine,"4469 Hills and Dales Rd NW, Canton, OH 44708, USA",
Israeli,AROVA,"13911 Cedar Rd, South Euclid, OH 44118, USA",http://www.arovacleveland.com/
Israeli,Brassica in Shaker Heights,"20301 Meade Rd, Shaker Heights, OH 44122, USA",http://brassicas.com/
Israeli,Naf Naf Grill,"6714 Rockside Rd, Independence, OH 44131, USA",http://www.nafnafgrill.com/
Jamaican,Irie Jamaican Kitchen,"837 W Market St, Akron, OH 44303, USA",https://www.iriejakitchen.com/
Jamaican,Jamaican Jerk Center,"1231 E Tallmadge Ave, Akron, OH 44310, USA",
Jamaican,Island Cuisine,"20023 Harvard Ave, Warrensville Heights, OH 44122, USA",
Jamaican,Pin pin's Kitchen - Jamaican restaurant,"14401 Harvard Ave, Cleveland, OH 44128, USA",https://www.facebook.com/RalstonPeynado/
Jamaican,KJ's Caribbean & Soul Food,"17528 Harvard Ave, Cleveland, OH 44128, USA",
Jamaican,Caribbean Delight,"4681 Northfield Rd, Cleveland, OH 44128, USA",https://caribbean-delight.business.site/
Jamaican,Jamaica's Drumpon Jerk,"4980 Turney Rd, Garfield Heights, OH 44125, USA",https://www.jamaicasdrumponjerk.com/
Jamaican,Bless Up Jamaican Restaurant,"4066 E 71st St, Cleveland, OH 44105, USA",
Jamaican,CAMY's Caribbean Mart & Eatery,"5702 Mayfield Rd, Lyndhurst, OH 44124, USA",http://www.camyscaribbeanmart.com/
Jamaican,Irie Island Jamaican,"3407 Mahoning Rd NE, Canton, OH 44705, USA",https://www.facebook.com/pages/Irie-Island-Jamaican-Restaurant/1203298899714811
Jamaican,The Flavor Grille,"1562 Akron Peninsula Rd #103, Akron, OH 44313, USA",https://www.theflavorgrille.com/
Jordanian,Mid-East Cafe and Restaurant,"306 E Exchange St, Akron, OH 44304, USA",
Laotian,Khao Niew Lao Food Restaurant,"Inside Cully, Central Building, 4579 NE Cully Blvd, Portland, OR 97218, USA",http://www.khaoniewlaostreetfood.com/
Lithuanian,Gintaras Restaurant & Lounge,"877 E 185th St, Cleveland, OH 44119, USA",
Malaysian,Malay Satay Hut,"5540, 15230 NE 24th St, Redmond, WA 98052, USA",https://www.malaysatay.com/
Mongolian,The Great Mongolian BBQ,"British Columbia, Lougheed Hwy. #460 Maple Ridge, BC V2X 2V5, Canada",http://www.thegreatmongolianbbq.com/
Nepalese,Gurkha Himalayan Kitchen Restaurant,"1141 Davie St, Vancouver, BC V6E 1N2, Canada",https://www.gurkha.ca/
Nicaraguan,Sabor Nicaragüense Restaurant,"1927 S Western Ave, Los Angeles, CA 90018, USA",http://sabornicaraguenserestaurant.com/
Pakistani,Tandoori Kabobs,"625 Grant St, Akron, OH 44311, USA",https://www.clover.com/online-ordering/tandoori-kabobs-akron
Peruvian,Lima Restaurant,"12090 SW Allen Blvd, Beaverton, OR 97005, USA",http://limaperuvianrestaurant.co/
Philippine,Kusinera,"6646 Wise Ave NW, North Canton, OH 44720, USA",https://www.kusinerafilipinorestaurant.com/
Philippine,Mely's Kainan,"5382 State Rd, Cleveland, OH 44134, USA",http://kainanparma.com/
Philippine,Tita Flora's,"6531 Brecksville Rd, Independence, OH 44131, USA",https://www.titafloras.com/
Philippine,Parilya,"8155 Columbia Rd, Olmsted Falls, OH 44138, USA",https://linktr.ee/parilyacle
Polish,Olesia's Taverne of Richfield,"3960 Broadview Rd, Richfield, OH 44286, USA",http://olesiastaverne.com/
Polish,"Pierogies of Cleveland, Market & Cafe - Richfield","4131 W Streetsboro Rd, Richfield, OH 44286, USA",https://www.poconlinestore.com/
Polish,Little Polish Diner,"5772 Ridge Rd, Parma, OH 44129, USA",
Polish,Polish-American Club,"472 E Glenwood Ave, Akron, OH 44310, USA",https://www.polishamericancitizensclub.com/
Polish,Das Schnitzel Haus,"5728 Pearl Rd, Parma, OH 44129, USA",http://www.dshrestaurant.com/
Polish,Mom's Pierogies,"8467 Memphis Ave, Brooklyn, OH 44144, USA",http://www.momspierogies.com/
Polish,Pierogies Factory,"3795 Wadsworth Blvd, Wheat Ridge, CO 80033, USA",http://pierogiesfactory.com/
Polish,Cracovia Polish-American Restaurant & Bar,"8121 W 94th Ave, Westminster, CO 80021, USA",http://www.cracoviarestaurant.com/
Polish,Pierogi Palace,"1979 W 25th St # E5, Cleveland, OH 44113, USA",http://clepierogi.com/
Polish,B&K Rootbeer,"737 Munroe Falls Ave, Cuyahoga Falls, OH 44221, USA",https://www.facebook.com/bkrootbeer.cfo/
Polish,The Seasoning King,"604 Home Ave, Akron, OH 44305, USA",https://foodtruck.pub/?id=11554
Polish,Your Cabbage Connection,"2455 Canton Rd, Akron, OH 44312, USA",https://www.cabbageconnection.com/
Polish,New Era,"10 Massillon Rd, Akron, OH 44312, USA",http://www.thenewerarestaurant.com/
Polish,Dick & Alice Sausage and Pierogi Haus,"12859 Brookpark Rd, Parma, OH 44130, USA",
Polish,Creekside Restaurant & Bar,"8803 Brecksville Rd, Brecksville, OH 44141, USA",https://www.creeksiderestaurant.com/
Polish,Krakus Polish Deli & Bakery,"7050 Market St, Boardman, OH 44512, USA",http://krakuspolishdeli.com/location.html
Polish,Al's Corner Restaurant,"155 2nd St NW, Barberton, OH 44203, USA",https://alsmeatsandeats.com/restaurant
Polish,Noodle King,"3900 Medina Rd W, Akron, OH 44333, USA",http://noodlekingakron.com/
Polish,R & K Sausage,"7700 Harvard Ave, Cleveland, OH 44105, USA",http://www.rksausagecompany.com/
Polish,Sophie's Natural Pierogi Co,"4631 Turney Rd, Cleveland, OH 44125, USA",http://polisheats.com/
Puerto Rican,Sabor Del Campo - Puerto Rican Cuisine (Plaza38),"3550 W 38th Ave #96, Denver, CO 80211, USA",https://sabordelcampo5280.business.site/
Singaporean,Singapore Hawker Burnaby,"7150 Sperling Ave, Burnaby, BC V5E 2W5, Canada",http://www.singaporehawker.ca/
Singaporean,Singapore Hawker,"1169 Pacific St #120, Coquitlam, BC V3B 0J1, Canada",http://www.singaporehawker.ca/
Singaporean,Shiok Singaporean Cuisine,"1716 Kingsway, Vancouver, BC V5N 2S4, Canada",http://shiok.ca/
Singaporean,Prata-Man Singapore Cuisine,"9060 Capstan Wy, Richmond, BC V6X 3N6, Canada",https://prata-man-richmond.business.site/
Singaporean,IPOH Malaysian Cuisine,"2127-4500 Kingsway, Burnaby, BC V5H 2A9, Canada",https://www.facebook.com/ipohmalaysiancuisine/
Singaporean,Penang Bistro Fine Malaysian Cuisine(10% OFF for Orders from Our Website!),"3932 Fraser St, Vancouver, BC V5V 4E4, Canada",https://penangbistro.zomi.menu/
Singaporean,Green & Oak Malaysian Restaurant,"3760 Hastings St, Burnaby, BC V5C 2H5, Canada",https://www.greenandoak.com/
Singaporean,Laksa King,"2546 E Hastings St, Vancouver, BC V5K 1Z3, Canada",https://laksaking.ca/
Slovak,American Slovak Club,"2915 Broadway, Lorain, OH 44055, USA",http://www.americanslovakclub.com/
Somali,Maandeeq East Africa Restaurant,"1535 S Havana St, Aurora, CO 80012, USA",https://maandeeqcafe.square.site/
South African,Fidel East African Restaurant,"1074 S Ironton St, Aurora, CO 80012, USA",
Swiss,Swiss Haven Restaurant,"325 S Main St, Breckenridge, CO 80424, USA",http://www.swisshavenrestaurant.com/
Syrian,Syrian Kitchen,"440 State St, Salem, OR 97301, USA",https://oregonsyriankitchen.square.site/
Taiwanese,Thai 99 Restaurant & Asian Market,"1046 S Arlington St, Akron, OH 44306, USA",
Taiwanese,Sushi Asia Gourmet,"1375 N Portage Path, Akron, OH 44313, USA",https://www.sushiasiaakron.com/
Taiwanese,Chin's Place,"474 W Market St, Akron, OH 44303, USA",http://www.chinsplace.com/
Tanzanian,Akwaba Restaurant,"16251 E Colfax Ave, Aurora, CO 80011, USA",
Thai,Live Mon (Thai-Malay Restaurant),"1312 Brittain Rd, Akron, OH 44310, USA",
Thai,Lyeh Thai Restaurant,"501 N Main St, Akron, OH 44310, USA",http://orderlyehthairesturant.com/
Thai,Cilantro Thai & Sushi Restaurant,"326 S Main St #1204, Akron, OH 44308, USA",http://www.cilantrothai.com/
Thai,Thai Pattaya Restaurant 330,"497 Portage Lakes Drive, Akron, OH 44319, USA",
Thai,Papaya Salad Thai Food Restaurant,"3233 State Rd, Cuyahoga Falls, OH 44223, USA",
Thai,Taste of Bangkok,"514 E Exchange St, Akron, OH 44304, USA",http://tobakron.com/
Thai,BANGKOK THAI RESTAURANT,"3767 Darrow Rd, Stow, OH 44224, USA",https://www.bangkokthaistow.com/
Thai,Asian Cravings,"750 Darrow Rd, Akron, OH 44305, USA",https://asiancravingsakron.wixsite.com/asian-cravings
Thai,Rice Paper Thai Cuisine,"3867 Medina Rd, Fairlawn, OH 44333, USA",https://ricepaperthaifairlawn.com/
Thai,Lemongrass Grill Thai Restaurant and Bar,"20 N Main St, Munroe Falls, OH 44262, USA",http://eatlemongrass.com/
Thai,Thai 99 Restaurant & Asian Market,"1046 S Arlington St, Akron, OH 44306, USA",
Thai,"YUKI HOUSE (spicy hibachi , hawaian styles plate, Thai plates)","1194 Tallmadge Rd, Cuyahoga Falls, OH 44221, USA",
Thai,Summit Thai,"842 N Summit Blvd # 19, Frisco, CO 80443, USA",http://www.summitthaico.com/
Thai,Mango Thai Cuisine,"8870 Darrow Rd, Twinsburg, OH 44087, USA",https://order.toasttab.com/online/thai-sprouts-and-sushi-8820-darrow-rd
Thai,Pad Thai Fairlawn,"3545 Brookwall Dr, Fairlawn, OH 44333, USA",https://www.toasttab.com/pad-thai-fairlawn-3545-brookwall-drive
Thai,Erawan Thai Kitchen,"38 S Aurora Rd Unit B, Aurora, OH 44202, USA",http://www.erawanthaikitchen.com/
Thai,Rice Paper North Canton,"5132 Whipple Ave NW, Canton, OH 44718, USA",
Thai,Pad Thai,"5657 Darrow Rd, Hudson, OH 44236, USA",http://padthaihudson.com/index.html
Tunisian,Moun Of Tunis Restaurant,"7445 1/2 Sunset Blvd, Los Angeles, CA 90046, USA",http://www.mounoftunis.com/index.html
Ukrainian,Ukrainian Cuisine restaurant,"31811 WA-706, Ashford, WA 98304, USA",https://paradisevillagelodge.com/amenities/restaurant/
Venezuelan,Paparepas Venezuelan Food,"21224 84th Ave S, Kent, WA 98031, USA",https://www.paparepas.com/
Vietnamese,Pho King,"1627 E Main St, Kent, OH 44240, USA",http://www.phokingkent.com/
Vietnamese,Lyeh Thai Restaurant,"501 N Main St, Akron, OH 44310, USA",http://orderlyehthairesturant.com/
Vietnamese,Huế Bánh Mì & Phở Cafe,"1665 E Main St, Kent, OH 44240, USA",https://huecafekent.com/
Vietnamese,Asian Cravings,"750 Darrow Rd, Akron, OH 44305, USA",https://asiancravingsakron.wixsite.com/asian-cravings
Vietnamese,Taste of Bangkok,"514 E Exchange St, Akron, OH 44304, USA",http://tobakron.com/
Vietnamese,Thai Pattaya Restaurant 330,"497 Portage Lakes Drive, Akron, OH 44319, USA",
Vietnamese,Live Mon (Thai-Malay Restaurant),"1312 Brittain Rd, Akron, OH 44310, USA",
Vietnamese,Lemongrass Grill Thai Restaurant and Bar,"20 N Main St, Munroe Falls, OH 44262, USA",http://eatlemongrass.com/
Vietnamese,Thai 99 Restaurant & Asian Market,"1046 S Arlington St, Akron, OH 44306, USA",
Vietnamese,Bowl of Phở,"27339 Chagrin Blvd, Woodmere, OH 44122, USA",https://bowlofphowoodmere.net/
Vietnamese,P.F. Chang's,"3265 W Market St #100A, Akron, OH 44333, USA",https://www.pfchangs.com/locations/us/oh/akron/3265-w-market-st/9863-akron.html?utm_source=google_gbp&utm_medium=organic
Vietnamese,Masa Asian Express,"276 E Exchange St, Akron, OH 44304, USA",https://masaasianexpress.com/
Vietnamese,Papaya Salad Thai Food Restaurant,"3233 State Rd, Cuyahoga Falls, OH 44223, USA",
Vietnamese,Taydo Vietnamese & Chinese,"11725 Snow Rd, Cleveland, OH 44130, USA",https://www.taydoparma.com/
Vietnamese,Tongtong restaurant,"1646 Norton Rd, Stow, OH 44224, USA",http://www.tongtongonline.com/
Vietnamese,Sushi Asia Gourmet,"1375 N Portage Path, Akron, OH 44313, USA",https://www.sushiasiaakron.com/
Vietnamese,Pho & Beyond,"13500 Pearl Rd Unit 111, Strongsville, OH 44136, USA",https://www.toasttab.com/pho-and-beyond-13500-pearl-rd-unit-111
Vietnamese,Pad Thai Fairlawn,"3545 Brookwall Dr, Fairlawn, OH 44333, USA",https://www.toasttab.com/pad-thai-fairlawn-3545-brookwall-drive
Vietnamese,Phở Lee's Vietnamese Restaurant,"1541 E 38th St First Floor, Cleveland, OH 44114, USA",https://orderpholeeviet.com/
Vietnamese,Number One Pho,"3120 Superior Ave, Cleveland, OH 44114, USA",
Yemeni,Yemen Grill,"2353 S Havana St UnitD#15A, Aurora, CO 80014, USA",http://yemengrilldenver.com/
