Cuisine Type,Name,Address,Website
Mexican,Los Magueyes Mexican Restaurant - Wildwood,"346 Shopping Center Dr, Wildwood, FL 34785, USA",https://www.losmagueyesmexrest.com/
Mexican,Fiesta Grande Mexican Grill,"297 Colony Blvd, The Villages, FL 32162, USA",http://fiestagranderestaurant.com/
Mexican,Casa Agave Mexican Grill,"840 S Main St, Wildwood, FL 34785, USA",https://www.facebook.com/people/Casa-Agave-Mexican-Grill-Wildwood/100064709119631/
Mexican,Tequila Cantina Mexican Kitchen,"3551 Wedgewood Ln, The Villages, FL 32162, USA",https://www.tequilacantinamex.com/
Mexican,Viva Mexico Taqueria,"17615 US-301, Summerfield, FL 34491, USA",http://www.facebook.com/vivamexicotaqueriafl
Mexican,Campo Azul Mexican Kitchen,"17860 SE 109th Ave #614, Summerfield, FL 34491, USA",https://www.campoazulkitchen.com/
Mexican,Fiesta Grande Brownwood,"3647 Kiessel Rd, The Villages, FL 32163, USA",https://fiestagranderestaurant.com/
Mexican,Pico De Gallo,"2082 W C 48, Bushnell, FL 33513, USA",https://picodegallofl.com/
Mexican,Ranchito The Villages,"1 Lagrande Blvd, Lady Lake, FL 32159, USA",https://www.elranchitothevillages.com/
Mexican,Taco Bell,"3450 Wedgewood Ln, The Villages, FL 32162, USA",https://locations.tacobell.com/fl/the-villages/3450-wedgewood-lane.html?utm_source=yext&utm_campaign=googlelistings&utm_medium=referral&utm_term=029544&utm_content=website&y_source=1_NjE0NDA2Mi03MTUtbG9jYXRpb24ud2Vic2l0ZQ%3D%3D
Mexican,Ay Jalisco 4,"1154 Main St, Lady Lake, FL 32159, USA",
Mexican,Taco Bell,"5821 Seven Mile Dr, Wildwood, FL 34785, USA",https://locations.tacobell.com/fl/wildwood/5821-7-mile-drive.html?utm_source=yext&utm_campaign=googlelistings&utm_medium=referral&utm_term=036388&utm_content=website&y_source=1_MTQ5OTE3NTMtNzE1LWxvY2F0aW9uLndlYnNpdGU%3D
Mexican,Taco Bell,"1969 Co Rd 48, Bushnell, FL 33513, USA",https://locations.tacobell.com/fl/bushnell/1969-w--county-road-48.html?utm_source=yext&utm_campaign=googlelistings&utm_medium=referral&utm_term=G979016&utm_content=website&y_source=1_NjE0NTQ3OC03MTUtbG9jYXRpb24ud2Vic2l0ZQ%3D%3D
Mexican,Jaiba Brava,"2881 E C 48, Bushnell, FL 33513, USA",
Mexican,Taco Bell,"428 FL-44, Wildwood, FL 34785, USA",https://locations.tacobell.com/fl/wildwood/428-east-sr-44.html?utm_source=yext&utm_campaign=googlelistings&utm_medium=referral&utm_term=032354&utm_content=website&y_source=1_NjE0MzU4Ny03MTUtbG9jYXRpb24ud2Vic2l0ZQ%3D%3D
Mexican,Brisas Del Mar,"360 US-441, Lady Lake, FL 32159, USA",https://brisasdelmarfl.com/
Mexican,Taqueria,"8661 E C 48, Center Hill, FL 33514, USA",
Mexican,Moe's Southwest Grill,"670 US-441, Lady Lake, FL 32159, USA",https://locations.moes.com/fl/lady-lake/670-us-hwy-441-n?utm_source=google&utm_medium=organic&utm_campaign=locations_partner
Mexican,Tacos and burritos,"2953 E C 48, Bushnell, FL 33513, USA",
Mexican,EL SABOR CHILANGO,"7368 State Rte 471, Bushnell, FL 33513, USA",
Swedish,Billy's Cafe,"13752 N, 13752 US-441, Lady Lake, FL 32159, USA",
Latvian,Thai Ruby At Lake Sumter,"1064 Canal St, Lady Lake, FL 32162, USA",https://www.facebook.com/Thairubytogo/
Italian,Napolinos,"9811 US-301, Wildwood, FL 34785, USA",https://napolinos.com/
Italian,Sammy's Italian,"9668 N US-301, Wildwood, FL 34785, USA",http://sammysitalian301.com/
Italian,Bravo Pizza!!!,"1080 Lake Sumter Landing, The Villages, FL 32162, USA",
Italian,Olive Garden Italian Restaurant,"3680 Wedgewood Ln, The Villages, FL 32162, USA",https://www.olivegarden.com/locations/fl/the-villages/the-villages/1790?cmpid=br:og_ag:ie_ch:loc_ca:OGGMB_sn:gmb_gt:the-villages-fl-1790_pl:locurl_rd:1637
Italian,Francesco's Ristorante And Stone Fire Pizza,"16770 US-441 #608, Summerfield, FL 34491, USA",http://www.francescosristorante.com/
Italian,Mezza Luna at the Villages,"243 Colony Blvd, The Villages, FL 32162, USA",https://www.mezzalunagrill.com/
Italian,Little Joey's Italian Restaurant,"16840 US-441 #401, Summerfield, FL 34491, USA",
Italian,Redsauce American - Italian Restaurant,"1000 Canal St, The Villages, FL 32162, USA",https://www.redsaucethevillages.com/
Italian,Roberto's Ristorante & Pizzeria The Villages FL,"2468 Burnsed Blvd, Wildwood, FL 34785, USA",http://www.robertosvillages.com/
Italian,Prima Italian Steakhouse,"3660 Kiessel Rd, The Villages, FL 32163, USA",https://www.primaitaliansteakhouse.com/
Italian,Italian steak house,"Brownwood Paddock Square, The Villages, FL 32163, USA",
Italian,Bella Vita Italian Steakhouse,"1101 Main St, Lady Lake, FL 32159, USA",https://www.bellavitaitaliansteakhouse.com/
Italian,Carrabba's Italian Grill,"650 US-441, The Villages, FL 32159, USA",https://locations.carrabbas.com/florida/the-villages/650-us-hwy-441-n.?y_source=1_MTU1MDMwNDktNzE1LWxvY2F0aW9uLndlYnNpdGU%3D
Italian,NYPD Pizzeria At The Villages,"4046 Wedgewood Ln, The Villages, FL 32162, USA",http://nypdpizzeria.com/
Italian,Piesanos Stone Fired Pizza,"729 Kristine Way, The Villages, FL 32163, USA",http://www.piesanostogo.com/
Italian,Takis Greek-Italian Restaurant,"13761 US-441, Lady Lake, FL 32159, USA",
Italian,Sammy Joe's Pizzeria Cafe,"8760 SE 165th Mulberry Ln, The Villages, FL 32162, USA",https://www.sammyjoespizza.com/
Spanish,El Criollo,"16580 S Hwy 475, Summerfield, FL 34491, USA",
Spanish,Latin Flavors Bar & Grill,"13769 US-441, Lady Lake, FL 32159, USA",https://www.latinflavorsbargrillmenu.com/?utm_source=gbp
Spanish,Fiesta Grande Mexican Grill,"297 Colony Blvd, The Villages, FL 32162, USA",http://fiestagranderestaurant.com/
Spanish,Casa Agave Mexican Grill,"840 S Main St, Wildwood, FL 34785, USA",https://www.facebook.com/people/Casa-Agave-Mexican-Grill-Wildwood/100064709119631/
Spanish,Brisas Del Mar,"360 US-441, Lady Lake, FL 32159, USA",https://brisasdelmarfl.com/
Spanish,Pico De Gallo,"2082 W C 48, Bushnell, FL 33513, USA",https://picodegallofl.com/
Spanish,Los Magueyes Mexican Restaurant - Wildwood,"346 Shopping Center Dr, Wildwood, FL 34785, USA",https://www.losmagueyesmexrest.com/
Spanish,Viva Mexico Taqueria,"17615 US-301, Summerfield, FL 34491, USA",http://www.facebook.com/vivamexicotaqueriafl
Spanish,Fiesta Grande Brownwood,"3647 Kiessel Rd, The Villages, FL 32163, USA",https://fiestagranderestaurant.com/
Spanish,Cuban food cefeteria inside gas station,"426 FL-44, Wildwood, FL 34785, USA",
Spanish,Tequila Cantina Mexican Kitchen,"3551 Wedgewood Ln, The Villages, FL 32162, USA",https://www.tequilacantinamex.com/
Spanish,Ranchito The Villages,"1 Lagrande Blvd, Lady Lake, FL 32159, USA",https://www.elranchitothevillages.com/
Spanish,Ay Jalisco 4,"1154 Main St, Lady Lake, FL 32159, USA",
Spanish,Campo Azul Mexican Kitchen,"17860 SE 109th Ave #614, Summerfield, FL 34491, USA",https://www.campoazulkitchen.com/
Spanish,Jaiba Brava,"2881 E C 48, Bushnell, FL 33513, USA",
Spanish,Thai Ruby At Lake Sumter,"1064 Canal St, Lady Lake, FL 32162, USA",https://www.facebook.com/Thairubytogo/
Spanish,EL SABOR CHILANGO,"7368 State Rte 471, Bushnell, FL 33513, USA",
Spanish,Havana Country Club Restaurant,"2484 Odell Cir, The Villages, FL 32162, USA",http://www.havanacc.com/
Spanish,El Ranchito Mexican Cuban Restaurant,"911 W N Blvd, Leesburg, FL 34748, USA",http://www.elranchitomexicancuban.com/
Spanish,La Palma Mexican Grill,"1690 Citrus Blvd, Leesburg, FL 34748, USA",http://lapalmagrill.com/
American,Cody's Original Roadhouse - Sumter,"1041 Lake Shore Dr, The Villages, FL 32162, USA",http://www.codysamerican.com/
American,City Fire,"1018 Canal St, The Villages, FL 32162, USA",https://www.cityfirethevillages.com/
American,Chop House at Lake Sumter,"1045 Old Camp Rd, The Villages, FL 32162, USA",http://www.chophousedining.com/
American,Mo's Family Restaurant,"2306 County Rd 470, Lake Panasoffkee, FL 33538, USA",
American,Cane Garden Country Club,"1726 Bailey Trail, The Villages, FL 32162, USA",http://www.canegardenthevillages.com/
American,Havana Country Club Restaurant,"2484 Odell Cir, The Villages, FL 32162, USA",http://www.havanacc.com/
American,Gator's Dockside Brownwood,"3698 Meggison Rd, The Villages, FL 32163, USA",http://gatorsdockside.com/
American,City Fire American Oven & Bar,"2716 Brownwood Blvd, The Villages, FL 32163, USA",http://www.cityfirethevillages.com/
American,Redsauce American - Italian Restaurant,"1000 Canal St, The Villages, FL 32162, USA",https://www.redsaucethevillages.com/
American,Cody's Original Roadhouse - Brownwood,"3731 Meggison Rd, The Villages, FL 32163, USA",http://www.codysamerican.com/
American,RJ Gator's Florida Sea Grill & Bar,"1015 Lake Shore Dr #1693, The Villages, FL 32162, USA",https://www.rjgatorsthevillagesfl.com/
American,Johnny Rockets,"976 Old Mill Run, The Villages, FL 32162, USA",https://locations.johnnyrockets.com/ll/US/FL/The-Villages/976-Old-Mill-Run
American,Thai Ruby At Lake Sumter,"1064 Canal St, Lady Lake, FL 32162, USA",https://www.facebook.com/Thairubytogo/
American,Metro Diner,"4110 Wedgewood Ln, The Villages, FL 32162, USA",https://metrodiner.com/locations/florida/the-villages/?utm_source=gmb-listing-map&utm_medium=organic&utm_campaign=google-my-business
American,Fenney Grill,"3210 Fenney Wy, Wildwood, FL 32163, USA",http://www.fenneygrill.com/
American,Gator's Dockside The Villages,"1004 Main St, Lady Lake, FL 32159, USA",http://gatorsdockside.com/
American,TooJay’s Deli • Bakery • Restaurant,"2835 Brownwood Blvd, The Villages, FL 32163, USA",https://www.toojays.com/location/the-villages-restaurant-brownwood-paddock-square/?utm_source=ExtNet&utm_medium=Yext
American,Inside Out Grill and Catering,"1789 Co Rd 424, Lake Panasoffkee, FL 33538, USA",
American,The Freezer,"4110 NW 42nd Pl Lot 1, Lake Panasoffkee, FL 33538, USA",
American,Amerikanos Grille,"998 Del Mar Dr #108, Lady Lake, FL 32159, USA",https://www.amerikanosgrille.net/
Scottish,Chop House at Lake Sumter,"1045 Old Camp Rd, The Villages, FL 32162, USA",http://www.chophousedining.com/
Scottish,Cody's Original Roadhouse - Sumter,"1041 Lake Shore Dr, The Villages, FL 32162, USA",http://www.codysamerican.com/
Scottish,McGrady’s Pub,"810 Marilee Pl, The Villages, FL 32163, USA",http://mcgradys.com/
Scottish,The Restaurant at Second Mill Bar and Lounge,"2390 Broad St, Sumter, SC 29150, USA",https://www.facebook.com/Therestaurantatsecondmill/
Scottish,Shuckers of Sumter,"401 Rast St, Sumter, SC 29150, USA",https://www.facebook.com/sumtershuckers/
Scottish,RJ Gator's Florida Sea Grill & Bar,"1015 Lake Shore Dr #1693, The Villages, FL 32162, USA",https://www.rjgatorsthevillagesfl.com/
Scottish,"Willie Sue's. Sumter,S.C.","3355 Patriot Pkwy, Sumter, SC 29154, USA",https://williesues.com/
Scottish,Lighthouse Point Bar and Grille,"925 Lake Shore Dr, The Villages, FL 32162, USA",https://www.lighthousepointbarandgrille.com/
Scottish,Jeffrey Lampkin's Country Boy Kitchen,"5642 Broad St, Sumter, SC 29154, USA",https://thelordssoulfood.com/
Scottish,Thai Ruby At Lake Sumter,"1064 Canal St, Lady Lake, FL 32162, USA",https://www.facebook.com/Thairubytogo/
Scottish,Sawgrass Bar,"765 Marilee Pl, The Villages, FL 34785, USA",
British,Best of British Pub,"150 California Blvd, Davenport, FL 33897, USA",http://www.bestofbritishpub.com/
Thai,Thai Ruby At Lake Sumter,"1064 Canal St, Lady Lake, FL 32162, USA",https://www.facebook.com/Thairubytogo/
Japanese,Sakura Japanese Restaurant,"265 Colony Blvd, The Villages, FL 32162, USA",https://www.sakurathevillagesfl.com/
Japanese,VKI JAPANESE STEAKHOUSE,"1004 Old Mill Run, The Villages, FL 32162, USA",
Japanese,KUMO SUSHI &HIBACHI,"637 Kristine Way, The Villages, FL 32163, USA",https://order.mealkeyway.com/merchant/6a79666969504b4c4a776d5873753135617057527a673d3d/main
Japanese,Fuji Japanese Steakhouse,"17860 SE 109th Ave #619, Summerfield, FL 34491, USA",http://www.fujishibachi.com/
Japanese,Fujiyama Japanese Steak House,"2571 FL-48, Bushnell, FL 33513, USA",
Japanese,Sakura Restaurant,"1104 Bichara Blvd, Lady Lake, FL 32159, USA",https://www.sakurathevillagesfl.com/
Japanese,Bamboo Bistro,"N 700 US-441, Lady Lake, FL 32159, USA",https://www.facebook.com/BambooBistroAsianFusion/
Japanese,Sumi Sushi & Hibachi,"2231 Citrus Blvd, Leesburg, FL 34748, USA",https://www.sumileesburg.com/
Japanese,Royal Hibachi,"6876 FL-44, Wildwood, FL 34785, USA",http://www.royalhibachi.com/
Japanese,Island Fin Poké Company - The Villages,"2752 Brownwood Blvd, The Villages, FL 32163, USA",https://www.islandfinpoke.com/locations/the-villages-fl/
Japanese,Kawachi Sushi & Bar,"10601 US-441 Suite C12, Leesburg, FL 34788, USA",https://www.kawachisushi.com/
Japanese,Koyame Asian Express,"1558 Bella Cruz Dr, Lady Lake, FL 32159, USA",https://www.koyameasian.com/
Japanese,Kiku Hibachi & Sushi,"15211 US-441, Eustis, FL 32726, USA",http://www.kikuhibachiandsushi.com/
Japanese,Yamato Japanese Steak House,"4714 SW College Rd, Ocala, FL 34474, USA",http://www.yamatojapanesesteakhouse.com/locations.html
Japanese,EDO Sushi,"4414 SW College Rd # 310, Ocala, FL 34474, USA",http://edosushifl.com/
Japanese,Kawa Sushi House,"109 Courthouse Square, Inverness, FL 34450, USA",https://www.kawasushiinverness.com/
Japanese,Bluefin Grill & Bar,"2738 Brownwood Blvd, The Villages, FL 32163, USA",http://www.bluefingrillbar.com/
Japanese,Tony's Sushi,"3405 SW College Rd, Ocala, FL 34474, USA",https://www.smorefood.com/order-online/tonys-sushi-ocala-34474-hbnhoht0?utm_source=gmb&utm_medium=website
Japanese,Sushi Bistro,"18 SE Broadway St, Ocala, FL 34471, USA",http://www.sushibistrofl.com/
Japanese,Japan Express,"456 E Burleigh Blvd, Tavares, FL 32778, USA",https://japanexpressfltogo.com/
Chinese,Shanghai Chinese Restaurant,"8744 SE 165th Mulberry Ln, The Villages, FL 32162, USA",http://www.shanghai42.com/
Chinese,Cheng's Chinese Restaurant,"4050 Wedgewood Ln, Lady Lake, FL 32162, USA",http://www.chengsfl.com/
Chinese,China Chef,"2159 Everglades Ln., The Villages, FL 32163, USA",http://chinachefvillages.com/
Chinese,No 1 Chinese Food,"2949 Traverse Trl, The Villages, FL 32163, USA",https://www.no1chineseweb.com/
Chinese,Hong Kong Restaurants,"2229 W C 48, Bushnell, FL 33513, USA",
Chinese,Koyame Asian Express,"1558 Bella Cruz Dr, Lady Lake, FL 32159, USA",https://www.koyameasian.com/
Chinese,Lee's Kitchen,"2470 Burnsed Blvd, The Villages, FL 32163, USA",https://www.leeskitchenthevillages.com/
Chinese,China Gourmet III @ Colony Plaza,"343 Colony Blvd, The Villages, FL 32162, USA",http://www.chinagourmet.us/
Chinese,Sunrise Asian Restaurant,"5806 Seven Mile Dr #103 Wildwood, FL 34785, USA",http://www.sunrise-asianfood.com/
Chinese,CHINA GOURMET VI @ Lake Deaton,"719 Kristine Way, The Villages, FL 32163, USA",http://www.chinagourmet.us/
Chinese,Kungfu Chef Asian Restaurant,"3437 Wedgewood Ln, The Villages, FL 32162, USA",https://www.kungfuchefthevillagesfl.com/l3aodw01/restaurant/order-online
Chinese,King Garden,"17860 SE 109th Ave #603, Summerfield, FL 34491, USA",https://kinggardensummerfieldfl.com/index.html
Chinese,China Max,"578 U.S. 27/441, Lady Lake, FL 32159, USA",http://www.chinamaxladylake.com/
Chinese,Panda Express,"869 US Hwy 27, Lady Lake, FL 32159, USA",https://www.pandaexpress.com/locations/fl/lady-lake/1222
Chinese,Bamboo Bistro,"N 700 US-441, Lady Lake, FL 32159, USA",https://www.facebook.com/BambooBistroAsianFusion/
Chinese,China Garden Restaurant,"711 N 14th St, Leesburg, FL 34748, USA",
Chinese,China 1,"1107 W N Blvd #10, Leesburg, FL 34748, USA",
Chinese,China Wok,"3337 US Hwy 27, Fruitland Park, FL 34731, USA",http://www.fruitlandparkchinawok.com/
Chinese,Sakura Japanese Restaurant,"265 Colony Blvd, The Villages, FL 32162, USA",https://www.sakurathevillagesfl.com/
Chinese,Asia One Food,"2115 Citrus Blvd, Leesburg, FL 34748, USA",http://asia-one-food.square.site/
Indian,The Flame Indian Kitchen,"3710 SW College Rd, Ocala, FL 34474, USA",https://www.theflameindiankitchen.us/home
Indian,Amrit Palace,"3415 SW College Rd, Ocala, FL 34474, USA",http://amritpalace.com/
Indian,Guru Indian Restaurant,"2400 S Hwy 27 Suite 101, Clermont, FL 34711, USA",https://gururestaurantclermont.com/
Indian,4120 Bombay Cafe,"4120 SW 38th Ct #106, Ocala, FL 34474, USA",https://4120bombaycafe.com/
Indian,Saffron Indian Restaurant,"16745 Cagan Crossings Blvd, Clermont, FL 34714, USA",https://www.saffronindianrestaurant.getsauce.com/
Indian,Divine Indian Cuisine,"7696 W Irlo Bronson Memorial Hwy, Kissimmee, FL 34747, USA",http://www.divineindiancuisinefl.com/?utm_source=google&utm_medium=wix_google_business_profile&utm_campaign=7808757605423899230
Indian,Awwal Curry House Restaurant | Best Indian Restaurant | Best Indian Curry | Indian Food,"24 E Magnolia Ave, Eustis, FL 32726, USA",https://awwalcurryhouse.com/
Indian,Shiva Indian Restaurant,"140A W 5th Ave, Mt Dora, FL 32756, USA",http://www.shivamountdora.com/
Indian,Persis Indian Grill,"5956 Wesley Grove Blvd suite-106, Wesley Chapel, FL 33544, USA",http://www.persiswesleychapel.com/
Indian,Saffron Indian Cuisine,"10865 Cross Creek Blvd, Tampa, FL 33647, USA",https://www.saffronindiancuisinetampa.com/
Indian,Naan Stopp Indian Restaurant,"5845 Winter Garden Vineland Rd #130, Windermere, FL 34786, USA",http://naanstopp.com/
Indian,Indian Pavillion,"13770 W Colonial Dr, Winter Garden, FL 34787, USA",
Indian,Minerva Indian Restaurant,"19050 Bruce B Downs Blvd, Tampa, FL 33647, USA",https://minervatampa.com/
Indian,Spice Kitchen Indian Cuisine,"731 S Dillard St, Winter Garden, FL 34787, USA",http://spicekitchenusa.com/
Indian,Tandoori Chicken & Roti Hut,"9401 W Colonial Dr, Ocoee, FL 34761, USA",
Indian,Cilantro Indian Cuisine,"360 W Plant St #103, Winter Garden, FL 34787, USA",http://www.cilantrowg.com/
Indian,Gorkhali Kitchen,"10044 Cross Creek Blvd, Tampa, FL 33647, USA",http://www.gorkhalikitchentampa.com/
Indian,Koyame Asian Express,"1558 Bella Cruz Dr, Lady Lake, FL 32159, USA",https://www.koyameasian.com/
Indian,Ice Spice Indian Street Food Café,"20304 Trout Creek Dr #101, Tampa, FL 33647, USA",https://icespicecafe.com/
Indian,IHOP,"345 FL-44, Wildwood, FL 34785, USA",https://restaurants.ihop.com/en-us/fl/wildwood/breakfast-345-e.-state-road-44-360165?utm_source=google&utm_medium=organic&utm_campaign=google_my_business&utm_term=360165&utm_content=website
Canadian,Cody's Original Roadhouse - Sumter,"1041 Lake Shore Dr, The Villages, FL 32162, USA",http://www.codysamerican.com/
Russian,Chop House at Lake Sumter,"1045 Old Camp Rd, The Villages, FL 32162, USA",http://www.chophousedining.com/
Jewish,TooJay’s Deli • Bakery • Restaurant,"2835 Brownwood Blvd, The Villages, FL 32163, USA",https://www.toojays.com/location/the-villages-restaurant-brownwood-paddock-square/?utm_source=ExtNet&utm_medium=Yext
Jewish,TooJay’s Deli • Bakery • Restaurant,"1129 Canal St, The Villages, FL 32162, USA",https://www.toojays.com/location/the-villages-restaurant-lake-sumter-landing/?utm_source=ExtNet&utm_medium=Yext
Jewish,Gili's Kitchen Ormond Beach,"188 E Granada Blvd, Ormond Beach, FL 32176, USA",https://www.giliskitchen.com/
Jewish,McAlister's Deli,"3630 Kiessel Rd, The Villages, FL 32163, USA",https://locations.mcalistersdeli.com/fl/the-villages/3630-kiessel-road?utm_source=google&utm_medium=organic&utm_campaign=locations_partner
Jewish,TooJay’s Deli • Bakery • Restaurant,"10185 W Colonial Dr, Ocoee, FL 34761, USA",https://www.toojays.com/location/ocoee-restaurant-shoppes-at-ocoee/?utm_source=ExtNet&utm_medium=Yext
Jewish,Chefa Bracha,"331 Lady Alice Dr, Kissimmee, FL 34747, USA",
Polish,Polish Delicatessen,"1322 W N Blvd, Leesburg, FL 34748, USA",
German,World of Beer,"2751 W Torch Lake Dr, The Villages, FL 32163, USA",https://worldofbeer.com/locations/the-villages-brownwood
German,Biergarten Restaurant,"200 Epcot Center Dr, Lake Buena Vista, FL 32830, USA",https://disneyworld.disney.go.com/dining/epcot/biergarten-restaurant/?CMP=OKC-90001292_GM_WDW_dining_biergartenrestaurant_NA
German,The Bavarian Haus,"433 Alexander St, Mt Dora, FL 32757, USA",http://www.eatatthebavarianhaus.com/
German,Chop House at Lake Sumter,"1045 Old Camp Rd, The Villages, FL 32162, USA",http://www.chophousedining.com/
German,Wolfgang Puck Kitchen + Bar,"3003 Brownwood Blvd, The Villages, FL 32163, USA",https://www.brownwoodhotelandspa.com/dining/wolfgang-puck-kitchen-bar
German,Hollerbach's German Restaurant,"201-205 E 1st St, Sanford, FL 32771, USA",https://hollerbachs.com/
German,Michele's Cuisine,"At The Links of Spruce Creek, 18050 SE 102nd Terrace, Lady Lake, FL 34491, USA",http://michelescuisine.com/
German,Harvest Restaurant & Bar,"3676 Meggison Rd, The Villages, FL 32163, USA",https://www.harvestbrownwood.com/
German,Darrell's Diner Wildwood,"8727 US-301, Wildwood, FL 34785, USA",http://darrells-wildwood.edan.io/
German,Sommerfest,"200 Epcot Center Dr, Lake Buena Vista, FL 32830, USA",https://disneyworld.disney.go.com/dining/epcot/sommerfest/?CMP=OKC-90002154_GM_WDW_dining_sommerfest_NA
German,World of Beer,"994 Alverez Ave, Lady Lake, FL 32159, USA",https://worldofbeer.com/locations/the-villages-spanish-springs
German,Artman Country Smokehouse,"6900 SE Hwy 42, Summerfield, FL 34491, USA",
German,Yalaha Bakery,"8210 FL-48, Yalaha, FL 34797, USA",http://www.yalahabakery.com/
German,The Dawg Haus. We do catering and parties also.,"9 Redwood Track, Ocala, FL 34472, USA",http://www.thedawghausfl.com/contact-us.html
German,Glenview Country Club,"3194 Glenview Rd, The Villages, FL 32162, USA",http://glenviewcountryclub.com/
German,Mallory Hill Country Club Restaurant,"1675 Odell Cir, The Villages, FL 32162, USA",https://www.malloryhillrestaurant.com/
German,The Links Club Grill,"18050 SE 102nd Terrace Suite 1, Summerfield, FL 34491, USA",https://www.linksatsprucecreek.com/links-club-grill
German,Evans Prairie - Country Club Restaurant,"1825 Evans Prairie Trail, The Villages, FL 32163, USA",http://www.evansprairierestaurant.com/
German,Ednas' on the Green,"5227 Marsh Bend Trl, Wildwood, FL 34785, USA",https://www.ednashospitality.com/
German,WunderBAR Cafe,"1919 State Rte 50, Clermont, FL 34711, USA",
French,Wolfgang Puck Kitchen + Bar,"3003 Brownwood Blvd, The Villages, FL 32163, USA",https://www.brownwoodhotelandspa.com/dining/wolfgang-puck-kitchen-bar
French,Miz Kathi’s Cotillion Southern Cafe,"101 N Main St, Wildwood, FL 34785, USA",http://mizkathis.com/
French,Pardon My Cheesesteak,"2835 Brownwood Blvd, The Villages, FL 32163, USA",https://pardonmycheesesteak.com/?e=1250815014
French,Nouvelle Cuisine (The),"10531 Spring Hill Dr, Spring Hill, FL 34608, USA",http://www.thenouvellecuisine.com/
French,Prima Italian Steakhouse,"3660 Kiessel Rd, The Villages, FL 32163, USA",https://www.primaitaliansteakhouse.com/
French,Harvest Restaurant & Bar,"3676 Meggison Rd, The Villages, FL 32163, USA",https://www.harvestbrownwood.com/
French,TooJay’s Deli • Bakery • Restaurant,"2835 Brownwood Blvd, The Villages, FL 32163, USA",https://www.toojays.com/location/the-villages-restaurant-brownwood-paddock-square/?utm_source=ExtNet&utm_medium=Yext
French,Paulie's Oaks on 44 Restaurant & Lounge,"75 Continental Blvd, Wildwood, FL 34785, USA",https://pauliesattheoakson44.com/dinner-menu/
French,The Market at Sawgrass Grove,"766 Marilee Pl, The Villages, FL 34785, USA",https://www.thevillages.com/whatsnew/lifestyle/the-market-at-sawgrass-grove-is-now-open
French,Bluefin Grill & Bar,"2738 Brownwood Blvd, The Villages, FL 32163, USA",http://www.bluefingrillbar.com/
French,City Fire American Oven & Bar,"2716 Brownwood Blvd, The Villages, FL 32163, USA",http://www.cityfirethevillages.com/
French,Mezza Luna at the Villages,"243 Colony Blvd, The Villages, FL 32162, USA",https://www.mezzalunagrill.com/
French,The French Café - Hamlin,"16412 New Independence Pkwy #140, Winter Garden, FL 34787, USA",https://thefrenchcafe.com/
French,Reveille Cafe The Villages,"2109 Everglades Ln., The Villages, FL 32163, USA",http://www.reveillecafe.com/
French,Big Bass Grill Lakefront Restaurant and Marina,"965 Co Rd 439, Lake Panasoffkee, FL 33538, USA",http://bigbassgrill.com/
French,Another Broken Egg Cafe,"3713 Meggison Rd, The Villages, FL 32163, USA",https://www.anotherbrokenegg.com/locations/the-villages-fl/
French,Havana Country Club Restaurant,"2484 Odell Cir, The Villages, FL 32162, USA",http://www.havanacc.com/
French,Mo's Family Restaurant,"2306 County Rd 470, Lake Panasoffkee, FL 33538, USA",
French,Big Apple Cafe,"293 County Rd 470, Sumterville, FL 33585, USA",
French,Heaven's Table Cafe & Catering,"Inside Blueberry Hill RV Park Clubhouse, 6233 Lowery St, Bushnell, FL 33513, USA",https://www.heavenstablecafe.com/
Hawaiian,Island Fin Poké Company - The Villages,"2752 Brownwood Blvd, The Villages, FL 32163, USA",https://www.islandfinpoke.com/locations/the-villages-fl/
Brazilian,Ipanema Brazilian Steak House,"2023 S Pine Ave, Ocala, FL 34471, USA",https://www.ipanemaocala.com/
Brazilian,BR77 Steakhouse - Kissimmee,"3228 Margaritaville Blvd, Kissimmee, FL 34747, USA",https://www.br77steakhouse.com/
Brazilian,Boteco do Manolo Windermere,"11620 Lakeside Village Lane Suite 100, Windermere, FL 34786, USA",https://www.botecodomanolowindermere.getsauce.com/
Brazilian,Pico Bistro,"793 W Montrose St, Clermont, FL 34711, USA",https://clermontpicobistro.menufy.com/
Brazilian,Rodizio Grill Brazilian Steakhouse,"2016 Grand Cypress Dr, Lutz, FL 33559, USA",
Brazilian,Taste of Brazil Steakhouse and sushi bar,"108 N Bay St, Eustis, FL 32726, USA",http://www.tasteofbrazileustis.com/
Brazilian,Adega Gaucha Brazilian Steakhouse,"7804 W Irlo Bronson Memorial Hwy, Kissimmee, FL 34747, USA",https://adegagaucha.com/
Brazilian,The Terror Of Vegans,"45731 US Hwy 27, Davenport, FL 33897, USA",https://www.instagram.com/theterrorofvegans/
Peruvian,Alda's Peruvian Kitchen,"2655 SW Hwy 484, Ocala, FL 34473, USA",https://www.facebook.com/profile.php?id=100094126246311&mibextid=ZbWKwL
Peruvian,PeruRican Ceviche,"338 W Orange St, Groveland, FL 34736, USA",https://peruricanceviche.com/
Peruvian,Bien Taypa,"5805 W Irlo Bronson Memorial Hwy, Kissimmee, FL 34746, USA",https://facebook.com/profile.php?id=100054339319940
Peruvian,Pisco Express,"5903 Goldview Pkwy Suite 109/111, Wesley Chapel, FL 33544, USA",
Peruvian,Pio Pio Maguire,"2594 Maguire Rd, Ocoee, FL 34761, USA",https://miopiopio.com/
Peruvian,Chicharrón y más,"128 Marion Oaks Blvd, Ocala, FL 34473, USA",
Peruvian,La Ceiba Latin Food Restaurant,"2602 SW 19th Avenue Rd Suite 103, Ocala, FL 34471, USA",http://laceiba.com/
Peruvian,Lima.,"19062 Bruce B Downs Blvd, Tampa, FL 33647, USA",http://limatampa.com/
Peruvian,Latin Flavors Bar & Grill,"13769 US-441, Lady Lake, FL 32159, USA",https://www.latinflavorsbargrillmenu.com/?utm_source=gbp
Peruvian,Mi Tierra Latina Mexican & Peruvian,"2105 County Hwy 484, Ocala, FL 34473, USA",http://www.vivamitierralatina.com/
Salvadorian,Pupuseria Doña Ada,"2255 U.S. Hwy 17-92 N, Haines City, FL 33844, USA",http://orderpupuseriadonaada.com/
Cuban,Cuban food cefeteria inside gas station,"426 FL-44, Wildwood, FL 34785, USA",
Cuban,Latin Flavors Bar & Grill,"13769 US-441, Lady Lake, FL 32159, USA",https://www.latinflavorsbargrillmenu.com/?utm_source=gbp
Cuban,Havana Country Club Restaurant,"2484 Odell Cir, The Villages, FL 32162, USA",http://www.havanacc.com/
Cuban,Tom's Cuban on the Go,"1800 SW Hwy 484 unit-b, Ocala, FL 34473, USA",http://www.tomscubanonthego.com/
Cuban,El Ranchito Mexican Cuban Restaurant,"911 W N Blvd, Leesburg, FL 34748, USA",http://www.elranchitomexicancuban.com/
Cuban,Copacabana Cuban Café,"320 Dora Drawdy Way, Mt Dora, FL 32757, USA",https://www.copacabanamountdora.com/
Cuban,Paradise Bakery And Cuban Food,"10133 US-441, Belleview, FL 34420, USA",
Cuban,Chicken Time Cuban and Puertorican Restaurant,"10819 US-441, Belleview, FL 34420, USA",http://www.chickentimecuban.com/index.html?y_source=1_MzA3Nzc1MTYtNzE1LWxvY2F0aW9uLndlYnNpdGU%3D
Cuban,Villa Pinar Cuban Cafeteria,"13685 US-441 Unit 2, Summerfield, FL 34491, USA",http://facebook.com/villapinarcubancafeteria
Cuban,Rice and Beans In Spring Hill llc,"Rice and Beans in, 14313 Spring Hill Dr, Spring Hill, FL 34609, USA",https://www.riceandbeansinspringhill.com/
Cuban,El Criollo,"16580 S Hwy 475, Summerfield, FL 34491, USA",
Cuban,Las Palmas Restaurant,"351 N Donnelly St, Mt Dora, FL 32757, USA",http://www.laspalmascubancuisine.com/
Cuban,Troy's Cuban Deli,"1200 Oakley Seaver Dr, Clermont, FL 34711, USA",https://www.ordertroyscubanfood.com/
Cuban,Latin Stop Cafe & Bakery,"7578 SE Maricamp Rd #105, Ocala, FL 34472, USA",
Cuban,Latin Twist Cafe,"2653 Bruce B Downs Blvd Suite 105, Wesley Chapel, FL 33544, USA",
Cuban,Latin Family Restaurant,"11223 N Williams St, Dunnellon, FL 34432, USA",https://cyrusramsey.com/places/latin-family-restaurant/
Cuban,Columbia Restaurant - Celebration,"649 Front St, Celebration, FL 34747, USA",http://www.columbiarestaurant.com/
Cuban,D-Fly Cuban & International Food,"15149 Frank Jarrell Rd, Clermont, FL 34714, USA",
Cuban,Cafe Masaryktown,"398 Broad St, Masaryktown, FL 34604, USA",http://cafemasaryktown.com/
Cuban,Las Palmas Latin Grill,"6431 E County Line Rd #104, Tampa, FL 33647, USA",http://www.laspalmaslatingrill.com/
Tibetan,Teppanyaki cafe,"1171 Peach Orchard Rd, Sumter, SC 29154, USA",https://www.teppanyakicafesc.com/
Egyptian,Amerikanos Grille,"998 Del Mar Dr #108, Lady Lake, FL 32159, USA",https://www.amerikanosgrille.net/
Greek,Amerikanos Grille,"998 Del Mar Dr #108, Lady Lake, FL 32159, USA",https://www.amerikanosgrille.net/
Greek,Takis Greek-Italian Restaurant,"13761 US-441, Lady Lake, FL 32159, USA",
Greek,Takis Restaurant,"1205 N 14th St, Leesburg, FL 34748, USA",http://www.takisleesburg.com/
Greek,Alfee's Grill,"989 U.S. 441 And, Hartsock Sawmill Rd, Lady Lake, FL 32159, USA",
Greek,Lakis Restaurant,"3405 SW College Rd, Ocala, FL 34474, USA",
Greek,Pita Hut,"7414 State Rte 50, Groveland, FL 34736, USA",
Greek,Mezza Luna at the Villages,"243 Colony Blvd, The Villages, FL 32162, USA",https://www.mezzalunagrill.com/
Greek,Olive Garden Italian Restaurant,"3680 Wedgewood Ln, The Villages, FL 32162, USA",https://www.olivegarden.com/locations/fl/the-villages/the-villages/1790?cmpid=br:og_ag:ie_ch:loc_ca:OGGMB_sn:gmb_gt:the-villages-fl-1790_pl:locurl_rd:1637
Greek,Greek City Cafe,"13178 Cortez Blvd, Spring Hill, FL 34613, USA",http://www.greekcitycafe.com/
Greek,The Hungry Greek,"7821 Gall Blvd, Zephyrhills, FL 33541, USA",http://thehungrygreek.com/
Greek,Sammy's Italian,"9668 N US-301, Wildwood, FL 34785, USA",http://sammysitalian301.com/
Greek,Napolinos,"9811 US-301, Wildwood, FL 34785, USA",https://napolinos.com/
Greek,Sarah's Greek Cuisine & More,"16640 Cagan Crossings Blvd #305, Clermont, FL 34714, USA",https://sarahsgreekcuisine.com/
Greek,Cody's Original Roadhouse - Sumter,"1041 Lake Shore Dr, The Villages, FL 32162, USA",http://www.codysamerican.com/
Greek,Piesanos Stone Fired Pizza,"729 Kristine Way, The Villages, FL 32163, USA",http://www.piesanostogo.com/
Greek,Gyro Grill,"6160 SW State Rd 200 #103, Ocala, FL 34476, USA",http://www.gyrogrillocala.com/
Greek,Mediterranean Gourmet Lake Sq. Mall,"10401 US-441, Leesburg, FL 34788, USA",
Greek,The Hungry Greek,"2653 Bruce B Downs Blvd, Wesley Chapel, FL 33544, USA",http://thehungrygreek.com/
Greek,The Hungry Greek,"30937 Mirada Blvd, San Antonio, FL 33576, USA",http://thehungrygreek.com/
Greek,Taverna Manos Mediterranean Grille,"5705 W Gulf to Lake Hwy, Crystal River, FL 34429, USA",http://tavernamanos.com/
Belgian,Chop House at Lake Sumter,"1045 Old Camp Rd, The Villages, FL 32162, USA",http://www.chophousedining.com/
Irish,McGrady’s Pub,"810 Marilee Pl, The Villages, FL 32163, USA",http://mcgradys.com/
Irish,Sawgrass Bar,"765 Marilee Pl, The Villages, FL 34785, USA",
Irish,McCracken’s Irish Pub,"719 W Main St, Leesburg, FL 34748, USA",https://mccrackenspub.com/
Irish,McCall's Tavern,"997 Alverez Ave, Lady Lake, FL 32159, USA",https://www.bowlero.com/location/spanish-springs-lanes/menu
Irish,O'Keefe's Irish Pub & Restaurant,"115 S Rockingham Ave, Tavares, FL 32778, USA",https://okeefesirishpub.net/
Irish,Beef 'O' Brady's,"353 Colony Blvd Suite 100, The Villages, FL 32162, USA",https://www.beefobradys.com/colonyplaza
Irish,World of Beer,"2751 W Torch Lake Dr, The Villages, FL 32163, USA",https://worldofbeer.com/locations/the-villages-brownwood
Irish,Pine Street Pub,"108 N Pine Ave, Inverness, FL 34450, USA",http://www.pinestreetpub.com/
Irish,Wolfhound Irish Pub,"16909 High Grove Blvd, Clermont, FL 34714, USA",http://www.wolfhoundirishpub.com/
Irish,The Pub at The Bowl,"890 Avenida Central, Lady Lake, FL 32159, USA",http://villagesbowling.com/
Irish,O'Brien's Irish Pub & Grill Wesley Chapel,"5429 Village Mkt, Wesley Chapel, FL 33544, USA",https://www.obrienswc.com/
Irish,Hagan O'Reilly's Irish Pub,"16112 Marsh Rd, Winter Garden, FL 34787, USA",https://www.haganoreillysirishpub.com/
Irish,TooJay’s Deli • Bakery • Restaurant,"2835 Brownwood Blvd, The Villages, FL 32163, USA",https://www.toojays.com/location/the-villages-restaurant-brownwood-paddock-square/?utm_source=ExtNet&utm_medium=Yext
Irish,Cody's Original Roadhouse - Sumter,"1041 Lake Shore Dr, The Villages, FL 32162, USA",http://www.codysamerican.com/
Irish,Raglan Road Irish Pub,"1640 Buena Vista Dr, Orlando, FL 32830, USA",http://www.raglanroad.com/
Irish,The Sunny Pint,"4110 FL-44 #501, Wildwood, FL 34785, USA",https://thesunnypint.com/
Irish,Grace O'Malley's Public House (Irish Pub & Kitchen),"2400 S Hwy 27 Unit A - Building 1-101, Clermont, FL 34711, USA",https://www.graceomalleyspub.com/
Irish,Mulligans Irish Pub,"23253 Plantation Palms Blvd, Land O' Lakes, FL 34639, USA",http://plantationpalms.net/
Irish,TooJay’s Deli • Bakery • Restaurant,"1129 Canal St, The Villages, FL 32162, USA",https://www.toojays.com/location/the-villages-restaurant-lake-sumter-landing/?utm_source=ExtNet&utm_medium=Yext
Irish,Mulligan's Pub,"39 Blake Blvd, Kissimmee, FL 34747, USA",http://mulliganscelebration.com/
Cajun,RJ Gator's Florida Sea Grill & Bar,"1015 Lake Shore Dr #1693, The Villages, FL 32162, USA",https://www.rjgatorsthevillagesfl.com/
Cajun,Big Bass Grill Lakefront Restaurant and Marina,"965 Co Rd 439, Lake Panasoffkee, FL 33538, USA",http://bigbassgrill.com/
Cajun,Gator's Dockside Brownwood,"3698 Meggison Rd, The Villages, FL 32163, USA",http://gatorsdockside.com/
Cajun,Lighthouse Point Bar and Grille,"925 Lake Shore Dr, The Villages, FL 32162, USA",https://www.lighthousepointbarandgrille.com/
Cajun,O'Shucks Oyster Bar & Grill,"1016 S Main St, Wildwood, FL 34785, USA",
Cajun,City Fire,"1018 Canal St, The Villages, FL 32162, USA",https://www.cityfirethevillages.com/
Cajun,A Taste of New Orleans,"809 S Broad St, Brooksville, FL 34601, USA",https://www.tasteofneworleanz.com/menu
Cajun,Gator's Dockside The Villages,"1004 Main St, Lady Lake, FL 32159, USA",http://gatorsdockside.com/
Cajun,City Fire American Oven & Bar,"2716 Brownwood Blvd, The Villages, FL 32163, USA",http://www.cityfirethevillages.com/
Cajun,Popeyes Louisiana Kitchen,"2238 E C 48, Bushnell, FL 33513, USA",https://www.popeyes.com/store-locator/store/restaurant_241451
Cajun,Mo's Family Restaurant,"2306 County Rd 470, Lake Panasoffkee, FL 33538, USA",
Cajun,Red Lobster,"ACROSS FROM THE VILLAGES CHARTER SCHOOL, 3830 Wedgewood Ln, The Villages, FL 32162, USA",https://www.redlobster.com/seafood-restaurants/locations/fl/the-villages/3830-wedgewood-lane
Cajun,El Criollo,"16580 S Hwy 475, Summerfield, FL 34491, USA",
Cajun,Cody's Original Roadhouse - Brownwood,"3731 Meggison Rd, The Villages, FL 32163, USA",http://www.codysamerican.com/
Cajun,Magnolia's Oyster Bar,"201 W Magnolia St, Leesburg, FL 34748, USA",
Cajun,Popeyes Chicken,"2238 W C 48, Bushnell, FL 33513, USA",https://www.popeyes.com/
Cajun,Popeyes Louisiana Kitchen,"27740 US Hwy 27, Leesburg, FL 34748, USA",https://www.popeyes.com/store-locator/store/restaurant_240632?utm_source=yext&utm_medium=referral&utm_campaign=organic-local-listings
Cajun,Popeyes Louisiana Kitchen,"613 N 14th St, Leesburg, FL 34748, USA",https://www.popeyes.com/store-locator/store/restaurant_82050?utm_source=yext&utm_medium=referral&utm_campaign=organic-local-listings
Cajun,Odd Cuples Cafe,"117 W Belt Ave, Bushnell, FL 33513, USA",https://m.facebook.com/odd-cuples-cafe-112020683411/?tsid=0.7996190759099828&source=typeahead
Cajun,Ruby Tuesday,"1168 Main St, Lady Lake, FL 32159, USA",https://rubytuesday.com/
Portuguese,Amelia's,"1105 Lake Shore Dr, The Villages, FL 32162, USA",http://waterfrontinnvillages.com/amelias-restaurant/
Turkish,Bosphorus Turkish Cuisine,"16418 New Independence Pkwy #140, Winter Garden, FL 34787, USA",http://www.bosphorousrestaurant.com/
Turkish,Hamada kabob حمادة مشاوي Kissimmee,"7572 W Irlo Bronson Memorial Hwy, Kissimmee, FL 34747, USA",https://www.hamadakabob.com/
Turkish,El Prince Mediterranean Cuisine,"5817 Goldview Pkwy SUITE 103, Wesley Chapel, FL 33544, USA",https://www.elprincerestaurants.com/
Turkish,Fire Up Halal Grill,"10016 Cross Creek Blvd, Tampa, FL 33647, USA",http://fireuphalalgrill.com/
Turkish,Garden Mediterranean grill,"1900 Oak Grove Blvd, Lutz, FL 33559, USA",http://www.gardenmediterraneangrill.com/
Turkish,PITA Mediterranean Street Food,"102 Sugar Belle Dr Suite D, Winter Garden, FL 34787, USA",http://order.pitastreetfood.com/
Turkish,Sarah's Greek Cuisine & More,"16640 Cagan Crossings Blvd #305, Clermont, FL 34714, USA",https://sarahsgreekcuisine.com/
Turkish,Reunion Gyro (formerly Reunion Café) 100% Halal,"7900 Lake Wilson Rd, Davenport, FL 33896, USA",http://reuniongyro.com/
Turkish,ALSham Palace,"19651 Bruce B Downs Blvd, Tampa, FL 33647, USA",https://alshampalace.com/
Turkish,"The Great Greek Mediterranean Grill - Winter Garden, FL","16045 New Independence Pkwy Ste 100, Winter Garden, FL 34787, USA",https://www.thegreatgreekgrill.com/winter-garden-fl
Turkish,Medilish Mediterranean Grill,"5325 Village Mkt, Wesley Chapel, FL 33544, USA",http://www.medilish.com/
Turkish,Halal Food Express,"6083 W Irlo Bronson Memorial Hwy, Kissimmee, FL 34747, USA",https://www.halalfoodexpressmenu.com/
Haitian,E.Mano's,"404 Kilgore St, Wildwood, FL 34785, USA",https://sanyowill.wixsite.com/e-mano-s-haitian-ame
Tahitian,Ohana,"1600 Seven Seas Drive, Orlando, FL 32830, USA",https://disneyworld.disney.go.com/dining/polynesian-resort/ohana/?CMP=OKC-90002606_GM_WDW_dining_ohana_NA
Kenyan,Boma - Flavors of Africa,"2901 Osceola Pkwy, Orlando, FL 32830, USA",https://disneyworld.disney.go.com/dining/animal-kingdom-lodge/boma-flavors-of-africa/?CMP=OKC-90001320_GM_WDW_dining_bomaflavorsofafrica_NA
Korean,KPOT Korean BBQ & Hot Pot,"2621 SW 19th Avenue Rd, Ocala, FL 34471, USA",https://thekpot.com/
Korean,Haeorum Foods Korean BBQ,"3045 SE 3rd Ave, Ocala, FL 34471, USA",http://koreanfoodocala.com/
Korean,Panda,"5818 London Ct, Groveland, FL 34736, USA",
Korean,Bamboo Bistro,"N 700 US-441, Lady Lake, FL 32159, USA",https://www.facebook.com/BambooBistroAsianFusion/
Korean,Big Apple Cafe,"293 County Rd 470, Sumterville, FL 33585, USA",
Korean,Sijang Eatery,"17605 Bruce B Downs Blvd, Tampa, FL 33647, USA",https://www.sijangeatery.us/
Korean,Zuru Ramen Boba,"4414 SW College Rd #1460, Ocala, FL 34474, USA",https://zururamenbobaocala.com/
Korean,JAWS Toppoki,"17605 Bruce B Downs Blvd, Tampa, FL 33647, USA",http://www.jawstpk.com/
Korean,KPOT Korean BBQ & Hot Pot,"3280 Margaritaville Blvd, Kissimmee, FL 34747, USA",https://thekpot.com/
Korean,Subway,"I 75 &, National Auto Truckstops Inc, FL-44, Wildwood, FL 34785, USA",https://restaurants.subway.com/united-states/fl/wildwood/i-75-&-state-rd-44?utm_source=yxt-goog&utm_medium=local&utm_term=acq&utm_content=17763&utm_campaign=evergreen-2020&y_source=1_MTQ5ODM4NDctNzE1LWxvY2F0aW9uLndlYnNpdGU%3D
Korean,Noodle World Restaurant,"1546 US-41, Inverness, FL 34450, USA",https://www.facebook.com/profile.php?id=100089133968639
Nigerian,Boma - Flavors of Africa,"2901 Osceola Pkwy, Orlando, FL 32830, USA",https://disneyworld.disney.go.com/dining/animal-kingdom-lodge/boma-flavors-of-africa/?CMP=OKC-90001320_GM_WDW_dining_bomaflavorsofafrica_NA
Libyan,Shaddai Fine Lebanese Cuisine,"9519 S Dixie Hwy, Miami, FL 33156, USA",
Moroccan,ATAJ Moroccan Restaurant,"2901 Parkway Blvd Suite B12, Kissimmee, FL 34747, USA",
Lebanese,Alfee's Grill,"989 U.S. 441 And, Hartsock Sawmill Rd, Lady Lake, FL 32159, USA",
Lebanese,Amerikanos Grille,"998 Del Mar Dr #108, Lady Lake, FL 32159, USA",https://www.amerikanosgrille.net/
Lebanese,Beirut Bistro Orlando,"5811 W Irlo Bronson Memorial Hwy, Kissimmee, FL 34746, USA",http://www.instagram.com/beirutbistroorlando
Lebanese,Panera Bread,"1010 Lake Sumter Landing, The Villages, FL 32162, USA",https://www.panerabread.com/en-us/cafe/locations/fl/the-villages/1010-lake-sumter-landing?utm_medium=local&utm_source=google&utm_campaign=dpm-dist&utm_term=204194&utm_content=main
Lebanese,Takis Greek-Italian Restaurant,"13761 US-441, Lady Lake, FL 32159, USA",
Lebanese,Olive Garden Italian Restaurant,"3680 Wedgewood Ln, The Villages, FL 32162, USA",https://www.olivegarden.com/locations/fl/the-villages/the-villages/1790?cmpid=br:og_ag:ie_ch:loc_ca:OGGMB_sn:gmb_gt:the-villages-fl-1790_pl:locurl_rd:1637
Lebanese,Beirut Bites,"100 E 4th Ave, Mt Dora, FL 32757, USA",
Lebanese,Piesanos Stone Fired Pizza,"729 Kristine Way, The Villages, FL 32163, USA",http://www.piesanostogo.com/
Lebanese,Cedar Grill Clermont,"2407 S Hwy 27, Clermont, FL 34711, USA",https://www.clover.com/online-ordering/cedar-grill-clermont
Lebanese,Ali Mediterranean Grill | Gyro-Kabob-Seafood,"1532 S Pine Ave, Ocala, FL 34471, USA",
Vietnamese,Pho Sai Gon,"11717 US-301, Oxford, FL 34484, USA",https://phosaigon1oxford.com/
Vietnamese,Phở Village,"17860 SE 109th Ave Unit 600, Summerfield, FL 34491, USA",
Vietnamese,Thai Ruby At Lake Sumter,"1064 Canal St, Lady Lake, FL 32162, USA",https://www.facebook.com/Thairubytogo/
Vietnamese,Viet Deli,"1221 US-41, Inverness, FL 34450, USA",https://www.ordervietdeli.com/
Vietnamese,Banh Mi Express,"1011 W N Blvd, Leesburg, FL 34748, USA",https://order.online/business/~11817118/
Vietnamese,Bamboo Bistro,"N 700 US-441, Lady Lake, FL 32159, USA",https://www.facebook.com/BambooBistroAsianFusion/
Vietnamese,Boss Tea and pho,"13162 Cortez Blvd, Brooksville, FL 34613, USA",https://www.bossteaandpho.com/
Vietnamese,Saigon Fusion,"16700 US-441, Mt Dora, FL 32757, USA",http://www.saigonfusionfl.com/
Vietnamese,AK Pho & Boba Tea,"2635 SW College Rd #200, Ocala, FL 34471, USA",
Vietnamese,Kungfu Chef Asian Restaurant,"3437 Wedgewood Ln, The Villages, FL 32162, USA",https://www.kungfuchefthevillagesfl.com/l3aodw01/restaurant/order-online
Vietnamese,Noodle World Restaurant,"1546 US-41, Inverness, FL 34450, USA",https://www.facebook.com/profile.php?id=100089133968639
Vietnamese,Saigon Café,"5118 Gall Blvd, Zephyrhills, FL 33542, USA",http://www.saigoncafezep.com/
Hungarian,Vernona Gourmet,"711 Manatee Ave E, Bradenton, FL 34208, USA",https://www.vernonagourmet.com/
Mediterranean,Amerikanos Grille,"998 Del Mar Dr #108, Lady Lake, FL 32159, USA",https://www.amerikanosgrille.net/
Mediterranean,Alfee's Grill,"989 U.S. 441 And, Hartsock Sawmill Rd, Lady Lake, FL 32159, USA",
Mediterranean,Takis Greek-Italian Restaurant,"13761 US-441, Lady Lake, FL 32159, USA",
Mediterranean,Olive Garden Italian Restaurant,"3680 Wedgewood Ln, The Villages, FL 32162, USA",https://www.olivegarden.com/locations/fl/the-villages/the-villages/1790?cmpid=br:og_ag:ie_ch:loc_ca:OGGMB_sn:gmb_gt:the-villages-fl-1790_pl:locurl_rd:1637
Mediterranean,Pita Hut,"7414 State Rte 50, Groveland, FL 34736, USA",
Mediterranean,Mediterranean Gourmet Lake Sq. Mall,"10401 US-441, Leesburg, FL 34788, USA",
Mediterranean,Napolinos,"9811 US-301, Wildwood, FL 34785, USA",https://napolinos.com/
Mediterranean,Panera Bread,"1010 Lake Sumter Landing, The Villages, FL 32162, USA",https://www.panerabread.com/en-us/cafe/locations/fl/the-villages/1010-lake-sumter-landing?utm_medium=local&utm_source=google&utm_campaign=dpm-dist&utm_term=204194&utm_content=main
Mediterranean,Harvest Restaurant & Bar,"3676 Meggison Rd, The Villages, FL 32163, USA",https://www.harvestbrownwood.com/
Mediterranean,PITA Mediterranean Street Food,"102 Sugar Belle Dr Suite D, Winter Garden, FL 34787, USA",http://order.pitastreetfood.com/
Mediterranean,Piesanos Stone Fired Pizza,"729 Kristine Way, The Villages, FL 32163, USA",http://www.piesanostogo.com/
Mediterranean,El Prince Mediterranean Cuisine,"5817 Goldview Pkwy SUITE 103, Wesley Chapel, FL 33544, USA",https://www.elprincerestaurants.com/
Mediterranean,Over The Top Pita,"240 Citrus Tower Blvd Suite B, Clermont, FL 34711, USA",http://www.overthetoppita.com/
Mediterranean,Flippers Pizzeria,"2957 Traverse Trl, Wildwood, FL 34785, USA",https://locations.flipperspizzeria.com/brownwood-the-villages-pizzeria
Mediterranean,Cedar Grill Clermont,"2407 S Hwy 27, Clermont, FL 34711, USA",https://www.clover.com/online-ordering/cedar-grill-clermont
Mediterranean,Lakis Restaurant,"3405 SW College Rd, Ocala, FL 34474, USA",
Mediterranean,Francesco's Ristorante And Stone Fire Pizza,"16770 US-441 #608, Summerfield, FL 34491, USA",http://www.francescosristorante.com/
Mediterranean,Taza Halal,"7597 W Irlo Bronson Memorial Hwy, Kissimmee, FL 34747, USA",https://www.tazahalal.com/
Mediterranean,Takis Restaurant,"1205 N 14th St, Leesburg, FL 34748, USA",http://www.takisleesburg.com/
Mediterranean,City Fire American Oven & Bar,"2716 Brownwood Blvd, The Villages, FL 32163, USA",http://www.cityfirethevillages.com/
Ethiopian,Fun side,"13465 E Hwy 25, Ocklawaha, FL 32179, USA",
Caribbean,Jamaican Jerk Hut & Island Scoops,"2468 US-441 27 Suite 103, Fruitland Park, FL 34731, USA",https://jamaicanjerkhut.froogleorders.com/
Caribbean,Ocho Rios Jamaican Restaurant,"4290 S Hwy 27, Clermont, FL 34711, USA",https://www.facebook.com/Ocho-Rios-Jamaican-Restaurant-103221328419155/
Caribbean,Tropical Vibes Restaurant & Bar,"11008 SE 66th Terrace, Belleview, FL 34420, USA",
Caribbean,Fat Chef Authentic Jamaican Cuisine,"204 W Washington St, Minneola, FL 34715, USA",
Caribbean,Od's Jerk Grill & Catering Jamaican Food,"2655 SW Hwy 484, Ocala, FL 34473, USA",
Caribbean,Tropical Delight,"1022 S Pine Ave, Ocala, FL 34471, USA",https://order.online/business/tropical-delight-1-inc-255342
Caribbean,Havana Country Club Restaurant,"2484 Odell Cir, The Villages, FL 32162, USA",http://www.havanacc.com/
Caribbean,fiwi islands foods jamaican,"5151 Gall Blvd, Zephyrhills, FL 33542, USA",
Caribbean,Kenton’s chance,"712 N 14th St, Leesburg, FL 34748, USA",
Caribbean,Golden Krust Caribbean Restaurant,"1020 E Hwy 50, Clermont, FL 34711, USA",https://locations.goldenkrust.com/ll/US/FL/Clermont/1020-SR~50-W
Caribbean,Iriejamaican restaurant,"9319 SE Maricamp Rd, Ocala, FL 34472, USA",
Caribbean,Rhythm Pon De Grille,"5822 Grand Oro Ln suite 106, Wesley Chapel, FL 33544, USA",https://www.rhythmpondegrille.com/
Caribbean,Night Owl Caribbean Cuisine,"929 S Bay St, Eustis, FL 32726, USA",http://www.nightowlcaribbeancuisine.com/?_escaped_fragment_=contact/c24vq
Caribbean,Jamtrini Caribbean Cuisine,"338 W Orange St, Groveland, FL 34736, USA",
Caribbean,El Criollo,"16580 S Hwy 475, Summerfield, FL 34491, USA",
Caribbean,Bahama Breeze,"8160 W Irlo Bronson Memorial Hwy, Kissimmee, FL 34747, USA",https://www.bahamabreeze.com/locations/fl/kissimmee/kissimmee-us-192-west/3046?cmpid=br:bb_ag:ie_ch:loc_ca:BBGMB_sn:gmb_gt:kissimmee-fl-3046_pl:locurl_rd:1025
Caribbean,SW Caribbean Delights,"1310 W Daughtery Rd, Lakeland, FL 33810, USA",https://www.facebook.com/swcaribbeandelight/
Caribbean,Miss Vi's Cookup,"27616 Wesley Chapel Blvd, Wesley Chapel, FL 33544, USA",http://www.missviscookup.com/
Caribbean,One luv Caribbean Vibes,"44294 US Hwy 27, Davenport, FL 33897, USA",
Caribbean,Island Fin Poké Company - The Villages,"2752 Brownwood Blvd, The Villages, FL 32163, USA",https://www.islandfinpoke.com/locations/the-villages-fl/
Soul,Divine Soul Food Experience,"2502 W Main St, Leesburg, FL 34748, USA",
Argentinian,Alma Argentina,"6266 W Irlo Bronson Memorial Hwy, Celebration, FL 34747, USA",https://linktr.ee/AlmaArgentina
Argentinian,La Pérgola (Italian - Argentinian Ristorante),"2780 N Florida Ave, Hernando, FL 34442, USA",http://lapergolamenu.com/
Argentinian,Wolfgang Puck Kitchen + Bar,"3003 Brownwood Blvd, The Villages, FL 32163, USA",https://www.brownwoodhotelandspa.com/dining/wolfgang-puck-kitchen-bar
Argentinian,The Rose Plantation,"150 Rose Ave, Fruitland Park, FL 34731, USA",http://www.theroseplantation.com/
Argentinian,La Palma Mexican Grill,"1690 Citrus Blvd, Leesburg, FL 34748, USA",http://lapalmagrill.com/
Argentinian,+58 empanada,"1204 Papaya Cir., Davenport, FL 33897, USA",http://58empanada.com/?utm_source=gmb&utm_medium=referral
Argentinian,Ipanema Brazilian Steak House,"2023 S Pine Ave, Ocala, FL 34471, USA",https://www.ipanemaocala.com/
Argentinian,The Fa Sasage,"344 E Main St, Haines City, FL 33844, USA",
Argentinian,The Equestrian Grill,"10155 SW Hwy 484, Dunnellon, FL 34432, USA",
Chilean,Chili's Grill & Bar,"1206 Avenida Central, Lady Lake, FL 32159, USA",https://www.chilis.com/locations/us/florida/lady-lake/lady-lake?utm_source=google&utm_medium=local&utm_campaign=Chilis
Colombian,Columbia Restaurant - Celebration,"649 Front St, Celebration, FL 34747, USA",http://www.columbiarestaurant.com/
Colombian,Candelaria Eatery & Cafe,"4059 Thomas St unit A01, Oxford, FL 34484, USA",https://order.toasttab.com/online/candelariaeaterycafe
Colombian,Melo Colombian Stuffed Arepas & More,"100 E 4th Ave, Mt Dora, FL 32757, USA",https://melo-104188.square.site/
Colombian,Mi Querida Colombia Restaurant and Bakery,"11077 W Colonial Dr, Ocoee, FL 34761, USA",http://www.miqueridacolombia.com/
Colombian,El Antojo Colombiano,"300 E Hinson Ave, Haines City, FL 33844, USA",https://elantojocolombianofl.com/
Colombian,El Carriel,"429 N Main St, Mauldin, SC 29662, USA",http://www.elcarrielsc.com/
Colombian,Colombia La Bella Lake Mary,"3801 W Lake Mary Blvd, Lake Mary, FL 32746, USA",https://www.colombialabellafl.com/
Colombian,Latinos y Mas Restaurant,"2030 S Pine Ave, Ocala, FL 34471, USA",http://www.latinosymas.com/
Colombian,Columbia Restaurant,"2117 E 7th Ave, Tampa, FL 33605, USA",http://www.columbiarestaurant.com/
Colombian,QueParchef (Colombian Food Truck),"5805 W Irlo Bronson Memorial Hwy, Kissimmee, FL 34746, USA",
Colombian,La Colombianita Restaurant,"43418 US Hwy 27 Unit 6, Davenport, FL 33837, USA",
Colombian,El Rey De La Paisa,"1021 S Dillard St, Winter Garden, FL 34787, USA",https://www.elreydelapapaylapaisa.getsauce.com/?utm_source=GMB&utm_medium=Website%20button&utm_id=%20El%20Rey%20De%20La%20Papa%20Y%20La%20Paisa
Colombian,La Antioquena Restaurant,"3861 Lake Emma Rd, Lake Mary, FL 32746, USA",http://www.colombianfoodlakemary.com/
Colombian,Craving Leños Antojitos,"1143 Woodruff Rd Suite D, Greenville, SC 29607, USA",https://cravinglenosantojitossc.com/
Colombian,LA TRI COLOR “Antojitos Colombianos “,"444 U.S. Hwy 17-92 N, Haines City, FL 33844, USA",
Colombian,Las Delicias LLC.,"421 N Main St, Mauldin, SC 29662, USA",
Colombian,Sabroso Bakery & Coffee,"9350 US-192 #101, Clermont, FL 34714, USA",https://www.sabrosorestaurantofficial.com/
Colombian,Colombian guys latin food,"2625 US Hwy 98 N, Lakeland, FL 33805, USA",
Colombian,"La Fuente Restaurant, Bakery & Cafe","8687 W Irlo Bronson Memorial Hwy, Kissimmee, FL 34747, USA",http://www.lafuente2go.com/
Colombian,La Ceiba Latin Food Restaurant,"2602 SW 19th Avenue Rd Suite 103, Ocala, FL 34471, USA",http://laceiba.com/
Costa Rican,La Isla Bonita Restaurante,"1701 Percival Rd, Columbia, SC 29223, USA",https://facebook.com/laislabonitasc/
Danish,TooJay’s Deli • Bakery • Restaurant,"1129 Canal St, The Villages, FL 32162, USA",https://www.toojays.com/location/the-villages-restaurant-lake-sumter-landing/?utm_source=ExtNet&utm_medium=Yext
Dutch,Cody's Original Roadhouse - Sumter,"1041 Lake Shore Dr, The Villages, FL 32162, USA",http://www.codysamerican.com/
Ecuadorian,El Chinchorreo de Areperas Caracas,"5799 W Irlo Bronson Memorial Hwy, Kissimmee, FL 34746, USA",
Finnish,Cody's Original Roadhouse - Sumter,"1041 Lake Shore Dr, The Villages, FL 32162, USA",http://www.codysamerican.com/
Ghanaian,Forks & Fingers Nigerian Cuisine,"840 Deltona Blvd r, Deltona, FL 32725, USA",http://www.nigerianfooddelivered.com/?utm_source=google&utm_medium=wix_google_business_profile&utm_campaign=12227617639394454086
Guatemalan,Taqueria Food truck a la antiguita,"1318 N 14th St, Leesburg, FL 34748, USA",
Honduran,Antojitos Con Sabor Catracho Restaurante Hondureno,"1429 NE 25th Ave, Ocala, FL 34470, USA",http://antojitosconsabor.com/
Honduran,Rincón Catracho,"2255 U.S. Hwy 17-92 N, Haines City, FL 33844, USA",https://facebook.com/RinconCatrachoFL
Honduran,Las Katrachitas,"724 N Wabash Ave, Lakeland, FL 33815, USA",
Honduran,El Troquito Hondureno,"6000 S Orange Blossom Trl, Orlando, FL 32809, USA",
Icelandic,Thai Ruby At Lake Sumter,"1064 Canal St, Lady Lake, FL 32162, USA",https://www.facebook.com/Thairubytogo/
Indonesian,Krakatoa Indonesian Cuisine,"1910B Hollywood Blvd, Hollywood, FL 33020, USA",http://krakatoacuisine.com/
Iranian,Feasts of Persia & Funnel Feasts,"1023 Florida Ave S, Lakeland, FL 33803, USA",https://linktr.ee/feastsofpersia
Iraqi,Hamada kabob حمادة مشاوي Kissimmee,"7572 W Irlo Bronson Memorial Hwy, Kissimmee, FL 34747, USA",https://www.hamadakabob.com/
Israeli,TooJay’s Deli • Bakery • Restaurant,"1129 Canal St, The Villages, FL 32162, USA",https://www.toojays.com/location/the-villages-restaurant-lake-sumter-landing/?utm_source=ExtNet&utm_medium=Yext
Israeli,Havana Country Club Restaurant,"2484 Odell Cir, The Villages, FL 32162, USA",http://www.havanacc.com/
Israeli,Beirut Bistro Orlando,"5811 W Irlo Bronson Memorial Hwy, Kissimmee, FL 34746, USA",http://www.instagram.com/beirutbistroorlando
Israeli,Gili's Kitchen Ormond Beach,"188 E Granada Blvd, Ormond Beach, FL 32176, USA",https://www.giliskitchen.com/
Israeli,Chefa Bracha,"331 Lady Alice Dr, Kissimmee, FL 34747, USA",
Israeli,Medilish Mediterranean Grill,"5325 Village Mkt, Wesley Chapel, FL 33544, USA",http://www.medilish.com/
Jamaican,Jamaican Jerk Hut & Island Scoops,"2468 US-441 27 Suite 103, Fruitland Park, FL 34731, USA",https://jamaicanjerkhut.froogleorders.com/
Jamaican,Od's Jerk Grill & Catering Jamaican Food,"2655 SW Hwy 484, Ocala, FL 34473, USA",
Jamaican,Ocho Rios Jamaican Restaurant,"4290 S Hwy 27, Clermont, FL 34711, USA",https://www.facebook.com/Ocho-Rios-Jamaican-Restaurant-103221328419155/
Jamaican,Fat Chef Authentic Jamaican Cuisine,"204 W Washington St, Minneola, FL 34715, USA",
Jamaican,Tropical Delight,"1022 S Pine Ave, Ocala, FL 34471, USA",https://order.online/business/tropical-delight-1-inc-255342
Jamaican,Kenton’s chance,"712 N 14th St, Leesburg, FL 34748, USA",
Jamaican,fiwi islands foods jamaican,"5151 Gall Blvd, Zephyrhills, FL 33542, USA",
Jamaican,Iriejamaican restaurant,"9319 SE Maricamp Rd, Ocala, FL 34472, USA",
Jamaican,Rhythm Pon De Grille,"5822 Grand Oro Ln suite 106, Wesley Chapel, FL 33544, USA",https://www.rhythmpondegrille.com/
Jamaican,Golden Krust Caribbean Restaurant,"1020 E Hwy 50, Clermont, FL 34711, USA",https://locations.goldenkrust.com/ll/US/FL/Clermont/1020-SR~50-W
Jamaican,Tropical Vibes Restaurant & Bar,"11008 SE 66th Terrace, Belleview, FL 34420, USA",
Jamaican,Night Owl Caribbean Cuisine,"929 S Bay St, Eustis, FL 32726, USA",http://www.nightowlcaribbeancuisine.com/?_escaped_fragment_=contact/c24vq
Jamaican,Flavors of Jamaica,"2795 Old Winter Garden Rd, Ocoee, FL 34761, USA",http://www.flavorsofja.com/
Jamaican,Jamtrini Caribbean Cuisine,"338 W Orange St, Groveland, FL 34736, USA",
Jamaican,Jamaican Jerk Co,"2642 Maguire Rd, Ocoee, FL 34761, USA",https://eatjamaicanjerkco.com/
Jamaican,SW Caribbean Delights,"1310 W Daughtery Rd, Lakeland, FL 33810, USA",https://www.facebook.com/swcaribbeandelight/
Jamaican,Caribbean Sunshine Restaurant,"16112 Marsh Rd #417, Winter Garden, FL 34787, USA",https://www.caribbeansunshine.getsauce.com/
Jordanian,Alfee's Grill,"989 U.S. 441 And, Hartsock Sawmill Rd, Lady Lake, FL 32159, USA",
Kuwaiti,Kozi Italian Street Food Sumter South Carolina,"1029 Broad St, Sumter, SC 29150, USA",
Laotian,Thai Ruby At Lake Sumter,"1064 Canal St, Lady Lake, FL 32162, USA",https://www.facebook.com/Thairubytogo/
Lithuanian,Old Vilnius Cafe Deli,"2601 75th St, Darien, IL 60561, USA",http://www.oldvilniuscafe.com/
Malaysian,Thai Ruby At Lake Sumter,"1064 Canal St, Lady Lake, FL 32162, USA",https://www.facebook.com/Thairubytogo/
Mongolian,Kungfu Chef Asian Restaurant,"3437 Wedgewood Ln, The Villages, FL 32162, USA",https://www.kungfuchefthevillagesfl.com/l3aodw01/restaurant/order-online
Mongolian,Cheng's Chinese Restaurant,"4050 Wedgewood Ln, Lady Lake, FL 32162, USA",http://www.chengsfl.com/
Mongolian,Koyame Asian Express,"1558 Bella Cruz Dr, Lady Lake, FL 32159, USA",https://www.koyameasian.com/
Mongolian,China Chef,"2159 Everglades Ln., The Villages, FL 32163, USA",http://chinachefvillages.com/
Mongolian,Shanghai Chinese Restaurant,"8744 SE 165th Mulberry Ln, The Villages, FL 32162, USA",http://www.shanghai42.com/
Mongolian,No 1 Chinese Food,"2949 Traverse Trl, The Villages, FL 32163, USA",https://www.no1chineseweb.com/
Mongolian,Bamboo Bistro,"N 700 US-441, Lady Lake, FL 32159, USA",https://www.facebook.com/BambooBistroAsianFusion/
Mongolian,King Garden,"17860 SE 109th Ave #603, Summerfield, FL 34491, USA",https://kinggardensummerfieldfl.com/index.html
Mongolian,Sunrise Asian Restaurant,"5806 Seven Mile Dr #103 Wildwood, FL 34785, USA",http://www.sunrise-asianfood.com/
Mongolian,China Gourmet III @ Colony Plaza,"343 Colony Blvd, The Villages, FL 32162, USA",http://www.chinagourmet.us/
Mongolian,Hong Kong Restaurants,"2229 W C 48, Bushnell, FL 33513, USA",
Mongolian,Pho Sai Gon,"11717 US-301, Oxford, FL 34484, USA",https://phosaigon1oxford.com/
Mongolian,China Max,"578 U.S. 27/441, Lady Lake, FL 32159, USA",http://www.chinamaxladylake.com/
Mongolian,Panda Express,"869 US Hwy 27, Lady Lake, FL 32159, USA",https://www.pandaexpress.com/locations/fl/lady-lake/1222
Mongolian,Lee's Kitchen,"2470 Burnsed Blvd, The Villages, FL 32163, USA",https://www.leeskitchenthevillages.com/
Mongolian,CHINA GOURMET VI @ Lake Deaton,"719 Kristine Way, The Villages, FL 32163, USA",http://www.chinagourmet.us/
Nepalese,Gorkhali Kitchen,"10044 Cross Creek Blvd, Tampa, FL 33647, USA",http://www.gorkhalikitchentampa.com/
Nicaraguan,Fritanga La Nueva,"29 S Semoran Blvd, Orlando, FL 32807, USA",
Norwegian,Chop House at Lake Sumter,"1045 Old Camp Rd, The Villages, FL 32162, USA",http://www.chophousedining.com/
Pakistani,Kabab King FL,"11352 S Orange Blossom Trl, Orlando, FL 32837, USA",https://kababkingfl.com/?utm_source=google
Pakistani,BBQ Tonight Indian Restaurant and Caterings,"11701 International Dr #310, Orlando, FL 32821, USA",
Pakistani,Hamada kabob حمادة مشاوي Kissimmee,"7572 W Irlo Bronson Memorial Hwy, Kissimmee, FL 34747, USA",https://www.hamadakabob.com/
Pakistani,Naan Boti Dhaba (Pakistani & Indian Street Food),"10853 Cross Creek Blvd, Tampa, FL 33647, USA",
Pakistani,Taza Halal,"7597 W Irlo Bronson Memorial Hwy, Kissimmee, FL 34747, USA",https://www.tazahalal.com/
Pakistani,VKI JAPANESE STEAKHOUSE,"1004 Old Mill Run, The Villages, FL 32162, USA",
Pakistani,Divine Indian Cuisine,"7696 W Irlo Bronson Memorial Hwy, Kissimmee, FL 34747, USA",http://www.divineindiancuisinefl.com/?utm_source=google&utm_medium=wix_google_business_profile&utm_campaign=7808757605423899230
Pakistani,Reunion Gyro (formerly Reunion Café) 100% Halal,"7900 Lake Wilson Rd, Davenport, FL 33896, USA",http://reuniongyro.com/
Pakistani,Fire Up Halal Grill,"10016 Cross Creek Blvd, Tampa, FL 33647, USA",http://fireuphalalgrill.com/
Pakistani,ZABIHA HALAL MEA,"E Palmetto St, Winter Garden, FL 34787, USA",
Pakistani,Amrit Palace,"3415 SW College Rd, Ocala, FL 34474, USA",http://amritpalace.com/
Pakistani,4120 Bombay Cafe,"4120 SW 38th Ct #106, Ocala, FL 34474, USA",https://4120bombaycafe.com/
Pakistani,Tandoori Chicken & Roti Hut,"9401 W Colonial Dr, Ocoee, FL 34761, USA",
Pakistani,Guru Indian Restaurant,"2400 S Hwy 27 Suite 101, Clermont, FL 34711, USA",https://gururestaurantclermont.com/
Pakistani,Persis Indian Grill,"5956 Wesley Grove Blvd suite-106, Wesley Chapel, FL 33544, USA",http://www.persiswesleychapel.com/
Pakistani,Halal Brothers Gyro and Grill,"1671 E Hinson Ave, Haines City, FL 33844, USA",
Pakistani,Naan Stopp Indian Restaurant,"5845 Winter Garden Vineland Rd #130, Windermere, FL 34786, USA",http://naanstopp.com/
Pakistani,Golden Dynasty Orlando,"11981 S Apopka Vineland Rd, Orlando, FL 32836, USA",https://www.goldendynastyorlando.com/
Pakistani,Hyderabad Biryani House,"6810 E Fowler Ave, Temple Terrace, FL 33617, USA",https://www.chownow.com/order/37964/locations/57853
Pakistani,Ma'am Saab - Pakistani Restaurant,"251 Meeting St, Charleston, SC 29401, USA",http://maamsaabchs.com/
Panamanian,Salomas Panamanian Cuisine,"1810 Town Center Blvd Suite 13, Fleming Island, FL 32003, USA",
Paraguayan,Amelia's,"1105 Lake Shore Dr, The Villages, FL 32162, USA",http://waterfrontinnvillages.com/amelias-restaurant/
Peruvian,Alda's Peruvian Kitchen,"2655 SW Hwy 484, Ocala, FL 34473, USA",https://www.facebook.com/profile.php?id=100094126246311&mibextid=ZbWKwL
Peruvian,PeruRican Ceviche,"338 W Orange St, Groveland, FL 34736, USA",https://peruricanceviche.com/
Peruvian,Bien Taypa,"5805 W Irlo Bronson Memorial Hwy, Kissimmee, FL 34746, USA",https://facebook.com/profile.php?id=100054339319940
Peruvian,Pisco Express,"5903 Goldview Pkwy Suite 109/111, Wesley Chapel, FL 33544, USA",
Peruvian,Pio Pio Maguire,"2594 Maguire Rd, Ocoee, FL 34761, USA",https://miopiopio.com/
Peruvian,Chicharrón y más,"128 Marion Oaks Blvd, Ocala, FL 34473, USA",
Peruvian,La Ceiba Latin Food Restaurant,"2602 SW 19th Avenue Rd Suite 103, Ocala, FL 34471, USA",http://laceiba.com/
Peruvian,Lima.,"19062 Bruce B Downs Blvd, Tampa, FL 33647, USA",http://limatampa.com/
Peruvian,Latin Flavors Bar & Grill,"13769 US-441, Lady Lake, FL 32159, USA",https://www.latinflavorsbargrillmenu.com/?utm_source=gbp
Peruvian,Mi Tierra Latina Mexican & Peruvian,"2105 County Hwy 484, Ocala, FL 34473, USA",http://www.vivamitierralatina.com/
Philippine,Philippine Cuisine,"3786 E Gulf to Lake Hwy, Inverness, FL 34453, USA",https://www.facebook.com/pages/Philippine-Cuisine/244715710201
Polish,Polish Delicatessen,"1322 W N Blvd, Leesburg, FL 34748, USA",
Puerto Rican,El Criollo,"16580 S Hwy 475, Summerfield, FL 34491, USA",
Puerto Rican,Old San Juan Restaurant,"184 Marion Oaks Blvd, Ocala, FL 34473, USA",https://www.facebook.com/OSJRESTAURANT
Puerto Rican,Latin Flavors Bar & Grill,"13769 US-441, Lady Lake, FL 32159, USA",https://www.latinflavorsbargrillmenu.com/?utm_source=gbp
Puerto Rican,La Jibarita De Puerto Rico,"470 W Hwy 50, Clermont, FL 34711, USA",https://v3-lajibaritadepr.getbento.com/
Puerto Rican,Dos Bocas Restaurant,"5795 W Irlo Bronson Memorial Hwy, Kissimmee, FL 34746, USA",http://www.dosbocasrestaurant.com/
Puerto Rican,Guavate Puerto Rican Eatery & Bistro,"141 S Hwy 27, Clermont, FL 34711, USA",https://www.guavateinthecitrustower.com/
Puerto Rican,Chinchorrear Es La Que Hay,"5805 W Irlo Bronson Memorial Hwy, Kissimmee, FL 34746, USA",
Puerto Rican,Chicken Time Cuban and Puertorican Restaurant,"10819 US-441, Belleview, FL 34420, USA",http://www.chickentimecuban.com/index.html?y_source=1_MzA3Nzc1MTYtNzE1LWxvY2F0aW9uLndlYnNpdGU%3D
Puerto Rican,Mr. Fry Guy - Mofongo Tripleta,"5848 S Pine Ave, Ocala, FL 34480, USA",https://www.mrfryguyocala.com/
Puerto Rican,"Papi Pincho ""Como Tú Boricua""","133 E Orange St, Groveland, FL 34736, USA",https://www.facebook.com/papipincho/
Puerto Rican,Rice N Beans,"27405 Wesley Chapel Blvd, Wesley Chapel, FL 33544, USA",https://www.ricenbeans.com/
Puerto Rican,El Punto Sandwiches y Más,"320 US Hwy 27, Clermont, FL 34714, USA",http://elpuntosandwichclermont.com/
Puerto Rican,La Fiebre del Sabor Criollo,"5805 W Irlo Bronson Memorial Hwy, Kissimmee, FL 34746, USA",https://www.lafiebredelsaborcriollo.com/
Puerto Rican,Corozal Restaurant,"5317 Gall Blvd, Zephyrhills, FL 33542, USA",
Puerto Rican,Frappé del Encanto,"3102 W Silver Springs Blvd, Ocala, FL 34474, USA",http://www.frappedelencanto.com/
Puerto Rican,Mesa Latina Food Truck Wesley Chapel,"29602 FL-54, Wesley Chapel, FL 33543, USA",https://mhme.nu/qr/9cc30946-143b-4d72-af82-6db5001e9caf
Puerto Rican,Grillers Puerto Rico,"5386 US Hwy 27, Davenport, FL 33896, USA",https://facebook.com/grillerslakeland
Puerto Rican,Gusto y Sazón Criollo,"5805 W Irlo Bronson Memorial Hwy, Kissimmee, FL 34746, USA",https://facebook.com/gustoysazoncriollo
Puerto Rican,Mr. Cuajo Y Más,"5805 W Irlo Bronson Memorial Hwy, Kissimmee, FL 34746, USA",https://facebook.com/profile.php?id=100087886374364
Puerto Rican,La Criolla Cafe & Restaurant,"39895 US Hwy 27, Davenport, FL 33837, USA",http://www.lacriollacafe.com/
Romanian,Thai Ruby At Lake Sumter,"1064 Canal St, Lady Lake, FL 32162, USA",https://www.facebook.com/Thairubytogo/
Saudi Arabian,Beirut Bistro Orlando,"5811 W Irlo Bronson Memorial Hwy, Kissimmee, FL 34746, USA",http://www.instagram.com/beirutbistroorlando
Singaporean,Thai Ruby At Lake Sumter,"1064 Canal St, Lady Lake, FL 32162, USA",https://www.facebook.com/Thairubytogo/
Singaporean,Cheng's Chinese Restaurant,"4050 Wedgewood Ln, Lady Lake, FL 32162, USA",http://www.chengsfl.com/
Singaporean,Kungfu Chef Asian Restaurant,"3437 Wedgewood Ln, The Villages, FL 32162, USA",https://www.kungfuchefthevillagesfl.com/l3aodw01/restaurant/order-online
Singaporean,Shanghai Chinese Restaurant,"8744 SE 165th Mulberry Ln, The Villages, FL 32162, USA",http://www.shanghai42.com/
Singaporean,Koyame Asian Express,"1558 Bella Cruz Dr, Lady Lake, FL 32159, USA",https://www.koyameasian.com/
Singaporean,Lee's Kitchen,"2470 Burnsed Blvd, The Villages, FL 32163, USA",https://www.leeskitchenthevillages.com/
Singaporean,No 1 Chinese Food,"2949 Traverse Trl, The Villages, FL 32163, USA",https://www.no1chineseweb.com/
Singaporean,VKI JAPANESE STEAKHOUSE,"1004 Old Mill Run, The Villages, FL 32162, USA",
Singaporean,Sunrise Asian Restaurant,"5806 Seven Mile Dr #103 Wildwood, FL 34785, USA",http://www.sunrise-asianfood.com/
Singaporean,China Gourmet III @ Colony Plaza,"343 Colony Blvd, The Villages, FL 32162, USA",http://www.chinagourmet.us/
Singaporean,Chop House at Lake Sumter,"1045 Old Camp Rd, The Villages, FL 32162, USA",http://www.chophousedining.com/
Singaporean,Cody's Original Roadhouse - Sumter,"1041 Lake Shore Dr, The Villages, FL 32162, USA",http://www.codysamerican.com/
Singaporean,Lighthouse Point Bar and Grille,"925 Lake Shore Dr, The Villages, FL 32162, USA",https://www.lighthousepointbarandgrille.com/
Singaporean,Redsauce American - Italian Restaurant,"1000 Canal St, The Villages, FL 32162, USA",https://www.redsaucethevillages.com/
Singaporean,RJ Gator's Florida Sea Grill & Bar,"1015 Lake Shore Dr #1693, The Villages, FL 32162, USA",https://www.rjgatorsthevillagesfl.com/
Singaporean,Panera Bread,"1010 Lake Sumter Landing, The Villages, FL 32162, USA",https://www.panerabread.com/en-us/cafe/locations/fl/the-villages/1010-lake-sumter-landing?utm_medium=local&utm_source=google&utm_campaign=dpm-dist&utm_term=204194&utm_content=main
Singaporean,TooJay’s Deli • Bakery • Restaurant,"1129 Canal St, The Villages, FL 32162, USA",https://www.toojays.com/location/the-villages-restaurant-lake-sumter-landing/?utm_source=ExtNet&utm_medium=Yext
Singaporean,Johnny Rockets,"976 Old Mill Run, The Villages, FL 32162, USA",https://locations.johnnyrockets.com/ll/US/FL/The-Villages/976-Old-Mill-Run
Singaporean,China Garden Restaurant,"711 N 14th St, Leesburg, FL 34748, USA",
Singaporean,Amerikanos Grille,"998 Del Mar Dr #108, Lady Lake, FL 32159, USA",https://www.amerikanosgrille.net/
Slovak,Amelia's,"1105 Lake Shore Dr, The Villages, FL 32162, USA",http://waterfrontinnvillages.com/amelias-restaurant/
Slovenian,Sambino's European Bistro,"1104 Alice Dr, Sumter, SC 29150, USA",
Somali,Tfk African food.,"5100 N Nebraska Ave, Tampa, FL 33603, USA",
South African,Boma - Flavors of Africa,"2901 Osceola Pkwy, Orlando, FL 32830, USA",https://disneyworld.disney.go.com/dining/animal-kingdom-lodge/boma-flavors-of-africa/?CMP=OKC-90001320_GM_WDW_dining_bomaflavorsofafrica_NA
Sri Lankan,Ceylon Hut Food Truck (Sri Lankan Cuisine),"2807 E South St, Orlando, FL 32803, USA",https://www.ceylonhut.us/
Swiss,TooJay’s Deli • Bakery • Restaurant,"2835 Brownwood Blvd, The Villages, FL 32163, USA",https://www.toojays.com/location/the-villages-restaurant-brownwood-paddock-square/?utm_source=ExtNet&utm_medium=Yext
Swiss,Cody's Original Roadhouse - Sumter,"1041 Lake Shore Dr, The Villages, FL 32162, USA",http://www.codysamerican.com/
Swiss,Square 1 Burgers & Bar,"2542 Burnsed Blvd, The Villages, FL 32163, USA",http://square1burgers.com/
Swiss,O'Shucks Oyster Bar & Grill,"1016 S Main St, Wildwood, FL 34785, USA",
Swiss,TooJay’s Deli • Bakery • Restaurant,"1129 Canal St, The Villages, FL 32162, USA",https://www.toojays.com/location/the-villages-restaurant-lake-sumter-landing/?utm_source=ExtNet&utm_medium=Yext
Syrian,Alfee's Grill,"989 U.S. 441 And, Hartsock Sawmill Rd, Lady Lake, FL 32159, USA",
Syrian,Amerikanos Grille,"998 Del Mar Dr #108, Lady Lake, FL 32159, USA",https://www.amerikanosgrille.net/
Syrian,Takis Greek-Italian Restaurant,"13761 US-441, Lady Lake, FL 32159, USA",
Syrian,Hamada kabob حمادة مشاوي Kissimmee,"7572 W Irlo Bronson Memorial Hwy, Kissimmee, FL 34747, USA",https://www.hamadakabob.com/
Syrian,Beirut Bistro Orlando,"5811 W Irlo Bronson Memorial Hwy, Kissimmee, FL 34746, USA",http://www.instagram.com/beirutbistroorlando
Syrian,Pita Hut,"7414 State Rte 50, Groveland, FL 34736, USA",
Syrian,Takis Restaurant,"1205 N 14th St, Leesburg, FL 34748, USA",http://www.takisleesburg.com/
Syrian,Beirut Bites,"100 E 4th Ave, Mt Dora, FL 32757, USA",
Syrian,Gyro Grill,"6160 SW State Rd 200 #103, Ocala, FL 34476, USA",http://www.gyrogrillocala.com/
Syrian,Syrian Shawarma,"8904 N 56th St, Temple Terrace, FL 33617, USA",https://www.syrianshawarmausa.com/
Syrian,Lakis Restaurant,"3405 SW College Rd, Ocala, FL 34474, USA",
Syrian,Sarah's Greek Cuisine & More,"16640 Cagan Crossings Blvd #305, Clermont, FL 34714, USA",https://sarahsgreekcuisine.com/
Syrian,Taza Halal,"7597 W Irlo Bronson Memorial Hwy, Kissimmee, FL 34747, USA",https://www.tazahalal.com/
Syrian,ALSham Palace,"19651 Bruce B Downs Blvd, Tampa, FL 33647, USA",https://alshampalace.com/
Syrian,Greenland Grill,"2205 Collier Pkwy, Land O' Lakes, FL 34639, USA",http://www.greenlandgrill.com/
Syrian,Cedar Grill Clermont,"2407 S Hwy 27, Clermont, FL 34711, USA",https://www.clover.com/online-ordering/cedar-grill-clermont
Syrian,Reunion Gyro (formerly Reunion Café) 100% Halal,"7900 Lake Wilson Rd, Davenport, FL 33896, USA",http://reuniongyro.com/
Syrian,Cedars Restaurant,"7732 W Sand Lake Rd, Orlando, FL 32819, USA",https://www.cedarsorlando.com/
Syrian,Fire Up Halal Grill,"10016 Cross Creek Blvd, Tampa, FL 33647, USA",http://fireuphalalgrill.com/
Syrian,El Prince Mediterranean Cuisine,"5817 Goldview Pkwy SUITE 103, Wesley Chapel, FL 33544, USA",https://www.elprincerestaurants.com/
Taiwanese,Taipei Taipei,"322 N Broad St, Brooksville, FL 34601, USA",https://m.facebook.com/TaipeiTaipeiTeaHouse
Tanzanian,Good Things Nigerian Cuisine,"200 E Hampton Way, Columbia, SC 29229, USA",https://gtnigeriancuisine.square.site/
Thai,Thai Ruby At Lake Sumter,"1064 Canal St, Lady Lake, FL 32162, USA",https://www.facebook.com/Thairubytogo/
Tunisian,ATAJ Moroccan Restaurant,"2901 Parkway Blvd Suite B12, Kissimmee, FL 34747, USA",
Ukrainian,Chop House at Lake Sumter,"1045 Old Camp Rd, The Villages, FL 32162, USA",http://www.chophousedining.com/
Venezuelan,Avila Grill,"5811 W Irlo Bronson Memorial Hwy, Kissimmee, FL 34746, USA",https://instagram.com/avilagrillfl_
Venezuelan,K'arepazo,"639 8th St, Clermont, FL 34711, USA",
Venezuelan,Date! con Rolando,"44039 US Hwy 27, Davenport, FL 33897, USA",https://www.instagram.com/dateconrolando/?next=/
Venezuelan,Mas Q Arepas,"940 US Hwy 27, Clermont, FL 34714, USA",
Venezuelan,Venezuelan grills house,"429 W Main St, Apopka, FL 32712, USA",
Venezuelan,Venezuelan Taste,"7537 Osceola Polk Line Rd, Davenport, FL 33896, USA",
Venezuelan,Ricazuela FL,"26607 Wesley Chapel Blvd, Lutz, FL 33559, USA",
Venezuelan,Leti Arepa LLC,"5811 W Irlo Bronson Memorial Hwy, Kissimmee, FL 34746, USA",
Venezuelan,Chamo Bites,"5863 Goldview Pkwy, Wesley Chapel, FL 33544, USA",https://chamobiteswc.com/
Venezuelan,Birra & Sazon,"43418 US Hwy 27 #3, Davenport, FL 33837, USA",http://www.birrasazon.com/
Venezuelan,El Oriental Venezolano,"504 Hwy 17, Haines City, FL 33844, USA",
Venezuelan,Mas Q Arepa,"44009 US Hwy 27, Davenport, FL 33896, USA",https://instagram.com/masqarepas.dpt?igshid=NjIwNzIyMDk2Mg==
Venezuelan,El Establo de la Arepa,"2255 U.S. Hwy 17-92 N, Haines City, FL 33844, USA",
Venezuelan,Er Oriental Food Truck,"2255 U.S. Hwy 17-92 N, Haines City, FL 33844, USA",https://www.facebook.com/erorientalfoodtruck/
Venezuelan,Pastelitos Papichys,"6431 E County Line Rd, Tampa, FL 33647, USA",
Venezuelan,ARE PITAS FOOD TRUCK,"24905 FL-54, Lutz, FL 33559, USA",http://www.arepitas.net/
Venezuelan,Super Tequeño,"101 Flagship Dr, Lutz, FL 33549, USA",https://www.supertequenousa.com/
Venezuelan,Pa'l Ferry Food Truck,"32959 US Hwy 27, Haines City, FL 33844, USA",
Venezuelan,"Arepa Mia Bar & Restaurant, Florida","26242 Wesley Chapel Blvd, Lutz, FL 33559, USA",https://www.arepamiafl.com/
Venezuelan,+58 empanada,"1204 Papaya Cir., Davenport, FL 33897, USA",http://58empanada.com/?utm_source=gmb&utm_medium=referral
Vietnamese,Pho Sai Gon,"11717 US-301, Oxford, FL 34484, USA",https://phosaigon1oxford.com/
Vietnamese,Phở Village,"17860 SE 109th Ave Unit 600, Summerfield, FL 34491, USA",
Vietnamese,Thai Ruby At Lake Sumter,"1064 Canal St, Lady Lake, FL 32162, USA",https://www.facebook.com/Thairubytogo/
Vietnamese,Viet Deli,"1221 US-41, Inverness, FL 34450, USA",https://www.ordervietdeli.com/
Vietnamese,Banh Mi Express,"1011 W N Blvd, Leesburg, FL 34748, USA",https://order.online/business/~11817118/
Vietnamese,Bamboo Bistro,"N 700 US-441, Lady Lake, FL 32159, USA",https://www.facebook.com/BambooBistroAsianFusion/
Vietnamese,Boss Tea and pho,"13162 Cortez Blvd, Brooksville, FL 34613, USA",https://www.bossteaandpho.com/
Vietnamese,Saigon Fusion,"16700 US-441, Mt Dora, FL 32757, USA",http://www.saigonfusionfl.com/
Vietnamese,AK Pho & Boba Tea,"2635 SW College Rd #200, Ocala, FL 34471, USA",
Vietnamese,Kungfu Chef Asian Restaurant,"3437 Wedgewood Ln, The Villages, FL 32162, USA",https://www.kungfuchefthevillagesfl.com/l3aodw01/restaurant/order-online
Vietnamese,Noodle World Restaurant,"1546 US-41, Inverness, FL 34450, USA",https://www.facebook.com/profile.php?id=100089133968639
Vietnamese,Saigon Café,"5118 Gall Blvd, Zephyrhills, FL 33542, USA",http://www.saigoncafezep.com/
Yemeni,Amelia's,"1105 Lake Shore Dr, The Villages, FL 32162, USA",http://waterfrontinnvillages.com/amelias-restaurant/
Zambian,Le Bambou Restaurant Africain,"10203 Two Notch Rd, Columbia, SC 29229, USA",https://lebambourestaurantafricain.com/
Zimbabwean,Good Things Nigerian Cuisine,"200 E Hampton Way, Columbia, SC 29229, USA",https://gtnigeriancuisine.square.site/
