Cuisine Type,Name,Address,Website
Mexican,Moe's Southwest Grill,"10549 Suwannee Plaza Ln, Live Oak, FL 32060, USA",https://locations.moes.com/fl/live-oak/10549-suwannee-plaza-lane?utm_source=google&utm_medium=organic&utm_campaign=locations_partner
Mexican,Fuego Azteca Mexican Bar and Grill,"203 Ohio Ave N, Live Oak, FL 32064, USA",
Mexican,Taco Milan,"12986 US-90, Live Oak, FL 32060, USA",
Mexican,Taqueria Los Cabrones LLC,"6647 US-129, Live Oak, FL 32060, USA",https://www.facebook.com/taquerialoscabrones?mibextid=LQQJ4d
Mexican,Taco Bell,"6804 US-129, Live Oak, FL 32060, USA",https://locations.tacobell.com/fl/live-oak/6804-us-highway-129.html?utm_source=yext&utm_campaign=googlelistings&utm_medium=referral&utm_term=036299&utm_content=website&y_source=1_NjE0MjUxOS03MTUtbG9jYXRpb24ud2Vic2l0ZQ%3D%3D
Mexican,MEXICAN RESTAURANT,"Live Oak, FL 32064, USA",
Mexican,Pepe's Grocery Store & Restaurant,"965 Howard St, Live Oak, FL 32064, USA",
Mexican,Salsas of Lake City,"4578 SW Heritage Oaks Cir, Lake City, FL 32024, USA",http://www.salsasmexrestaurants.com/
Mexican,Mi Viejo Restaurante,"530 S Fletcher Ave, Mayo, FL 32066, USA",
Mexican,El Potro Mexican Restaurant,"2470 W US Hwy 90, Lake City, FL 32025, USA",https://www.elpotrolakecity.com/
Mexican,Sandy's Cafe & Bakery Inc,"426 E Howard St, Live Oak, FL 32064, USA",
Mexican,Adelitas,"4039 W US Hwy 90, Lake City, FL 32055, USA",
Mexican,La Fiesta Tacos and Tequila,"2260 W US Hwy 90, Lake City, FL 32055, USA",
Mexican,Moe's Southwest Grill,"2941 W US Hwy 90, Lake City, FL 32055, USA",https://locations.moes.com/fl/lake-city/2941-west-us-highway-90?utm_source=google&utm_medium=organic&utm_campaign=locations_partner
Mexican,Chipotle Mexican Grill,"3017 W US Hwy 90, Lake City, FL 32055, USA",https://locations.chipotle.com/fl/lake-city/3017-w-us-highway-90?utm_source=google&utm_medium=yext&utm_campaign=yext_listings
Mexican,Latin Flavor Cafe,"111 W Howard St, Live Oak, FL 32064, USA",
Mexican,Taco Bell,"2411 W US Hwy 90, Lake City, FL 32055, USA",https://locations.tacobell.com/fl/lake-city/2411-w-us-highway-90.html?utm_source=yext&utm_campaign=googlelistings&utm_medium=referral&utm_term=036296&utm_content=website&y_source=1_NjE0NDkyOS03MTUtbG9jYXRpb24ud2Vic2l0ZQ%3D%3D
Mexican,El Tapatio,"14019 US-441, Lake City, FL 32024, USA",
Mexican,Taqueria la carcacha food truck,"160 FL-247, Lake City, FL 32055, USA",http://ordertaquerialacarcachafoodtruck.com/
Mexican,Paco's bussin tacos,"327 County Rd 242A, Lake City, FL 32024, USA",
Swedish,SOS Cafe,"3076 95th Dr, Live Oak, FL 32060, USA",https://www.musicliveshere.com/sos-cafe-and-music-hall/
Latvian,THE 406,"406 Duval St NE, Live Oak, FL 32064, USA",http://www.the406restaurant.com/
Italian,Italian Pizzeria and Restaurant,"602 Howard St, Live Oak, FL 32064, USA",http://www.italianpizzeriafl.com/
Italian,Our Place Pizzeria​ and Ristorante,"403 SW Suwannee Ave, Branford, FL 32008, USA",https://www.ourplacepizzeriaristorante.com/?utm_source=gbp
Italian,Pomodoro Italian Deli,"114 E Howard St, Live Oak, FL 32064, USA",
Italian,THE 406,"406 Duval St NE, Live Oak, FL 32064, USA",http://www.the406restaurant.com/
Italian,Olive Garden Italian Restaurant,"3072 W US Hwy 90, Lake City, FL 32055, USA",https://www.olivegarden.com/locations/fl/lake-city/lake-city/4442?cmpid=br:og_ag:ie_ch:loc_ca:OGGMB_sn:gmb_gt:lake-city-fl-4442_pl:locurl_rd:1783
Italian,The Pizza Stone,"9929 170th Terrace Suite 106, McAlpin, FL 32062, USA",https://www.facebook.com/thepizzastone32062
Italian,Pizza Hut,"625 Ohio Ave S, Live Oak, FL 32060, USA",https://locations.pizzahut.com/fl/live-oak/625-s-ohio-ave?utm_medium=organic&utm_source=local&utm_campaign=googlelistings&utm_content=website&utm_term=299360
Italian,Piesanos Lake City,"2465 W US Hwy 90, Lake City, FL 32055, USA",http://www.piesanostogo.com/
Italian,Italian Pizzeria and Restaurant,"1077 W US Hwy 90, Lake City, FL 32055, USA",https://www.italianpizzeriafl.com/
Italian,Little Caesars Pizza,"1540 Ohio Ave S, Live Oak, FL 32064, USA",https://littlecaesars.com/en-us/store/2726
Italian,Frankie's Place,"297 N Marion Ave, Lake City, FL 32055, USA",http://frankies-place.com/
Italian,Subway,"6820 Suwannee Plaza Ln, Live Oak, FL 32060, USA",https://restaurants.subway.com/united-states/fl/live-oak/6820-suwannee-plaza-lane?utm_source=yxt-goog&utm_medium=local&utm_term=acq&utm_content=10415&utm_campaign=evergreen-2020&y_source=1_MTQ5MTEzMjQtNzE1LWxvY2F0aW9uLndlYnNpdGU%3D
Italian,Domino's Pizza,"2229 Ohio Ave N, Live Oak, FL 32064, USA",https://www.dominos.com/en/?utm_source=google&utm_medium=loclist&utm_campaign=localmaps
Italian,Beef 'O' Brady's - Best Restaurant in Live Oak,"6844 Suwannee Plaza Ln, Live Oak, FL 32060, USA",https://www.beefobradys.com/liveoak
Italian,Mama's Italian Family Restaurant,"2275 S Byron Butler Pkwy, Perry, FL 32348, USA",http://www.mamasitalianonline.com/
Italian,SOS Cafe,"3076 95th Dr, Live Oak, FL 32060, USA",https://www.musicliveshere.com/sos-cafe-and-music-hall/
Italian,Robbie's Cafe,"803 Pinewood Dr SW, Live Oak, FL 32064, USA",
Italian,Brown Lantern,"417 E Howard St, Live Oak, FL 32064, USA",
Italian,Big Wood BBQ and Grill,"314 72nd Trace, Live Oak, FL 32064, USA",http://bigwoodbbqandgrill.com/
Italian,Uncle Carlo's Italian Ristorante,"1024 Lakes Blvd, Lake Park, GA 31636, USA",
Spanish,Latin Flavor Cafe,"111 W Howard St, Live Oak, FL 32064, USA",
Spanish,Fuego Azteca Mexican Bar and Grill,"203 Ohio Ave N, Live Oak, FL 32064, USA",
Spanish,Taco Milan,"12986 US-90, Live Oak, FL 32060, USA",
Spanish,Moe's Southwest Grill,"10549 Suwannee Plaza Ln, Live Oak, FL 32060, USA",https://locations.moes.com/fl/live-oak/10549-suwannee-plaza-lane?utm_source=google&utm_medium=organic&utm_campaign=locations_partner
Spanish,Pepe's Grocery Store & Restaurant,"965 Howard St, Live Oak, FL 32064, USA",
Spanish,MEXICAN RESTAURANT,"Live Oak, FL 32064, USA",
Spanish,Taqueria Los Cabrones LLC,"6647 US-129, Live Oak, FL 32060, USA",https://www.facebook.com/taquerialoscabrones?mibextid=LQQJ4d
Spanish,Sandy's Cafe & Bakery Inc,"426 E Howard St, Live Oak, FL 32064, USA",
Spanish,Brown Lantern,"417 E Howard St, Live Oak, FL 32064, USA",
Spanish,Taco Bell,"6804 US-129, Live Oak, FL 32060, USA",https://locations.tacobell.com/fl/live-oak/6804-us-highway-129.html?utm_source=yext&utm_campaign=googlelistings&utm_medium=referral&utm_term=036299&utm_content=website&y_source=1_NjE0MjUxOS03MTUtbG9jYXRpb24ud2Vic2l0ZQ%3D%3D
Spanish,Mi Viejo Restaurante,"530 S Fletcher Ave, Mayo, FL 32066, USA",
Spanish,Fusion Buffet,"6835 US-129, Live Oak, FL 32060, USA",https://www.facebook.com/Fusion-Buffet-1496235247259884/
Spanish,SOS Cafe,"3076 95th Dr, Live Oak, FL 32060, USA",https://www.musicliveshere.com/sos-cafe-and-music-hall/
Spanish,Waffle House,"6635 US-129, Live Oak, FL 32060, USA",https://locations.wafflehouse.com/liveoak-fl-1214
Spanish,Salsas of Lake City,"4578 SW Heritage Oaks Cir, Lake City, FL 32024, USA",http://www.salsasmexrestaurants.com/
Spanish,Big Wood BBQ and Grill,"314 72nd Trace, Live Oak, FL 32064, USA",http://bigwoodbbqandgrill.com/
Spanish,THE 406,"406 Duval St NE, Live Oak, FL 32064, USA",http://www.the406restaurant.com/
Spanish,Pampy's Cuban Bakery,"4475 FL-47, Lake City, FL 32024, USA",https://www.pampyslatinfood.com/
Spanish,El Potro Mexican Restaurant,"2470 W US Hwy 90, Lake City, FL 32025, USA",https://www.elpotrolakecity.com/
Spanish,"Tienda, Taqueria y Panaderia Jerusalem","1089 SW Main Blvd, Lake City, FL 32025, USA",
American,Brown Lantern,"417 E Howard St, Live Oak, FL 32064, USA",
American,Robbie's Cafe,"803 Pinewood Dr SW, Live Oak, FL 32064, USA",
American,Waffle House,"6635 US-129, Live Oak, FL 32060, USA",https://locations.wafflehouse.com/liveoak-fl-1214
American,Big Wood BBQ and Grill,"314 72nd Trace, Live Oak, FL 32064, USA",http://bigwoodbbqandgrill.com/
American,Beef 'O' Brady's - Best Restaurant in Live Oak,"6844 Suwannee Plaza Ln, Live Oak, FL 32060, USA",https://www.beefobradys.com/liveoak
American,Music Hall Cafe,"3076 95th Dr, Live Oak, FL 32060, USA",
American,Latin Flavor Cafe,"111 W Howard St, Live Oak, FL 32064, USA",
American,Krystal,"10555 Suwannee Plaza Ln, Live Oak, FL 32060, USA",https://locations.krystal.com/fl/live-oak/10555-suwannee-plaza-blvd
American,Wendy's,"6691 US-129, Live Oak, FL 32060, USA",https://locations.wendys.com/united-states/fl/live-oak/6691-us-hwy-129?utm_source=Yext&utm_medium=Google_My_Business&utm_campaign=Local_Search&utm_content=EN_US
American,Hardee’s,"608 Ohio Ave S, Live Oak, FL 32064, USA",https://locations.hardees.com/fl/live-oak/608-ohio-ave-s
American,Dixie Grill,"101 Dowling Ave SE, Live Oak, FL 32064, USA",https://thedixiegrill.com/
American,THE 406,"406 Duval St NE, Live Oak, FL 32064, USA",http://www.the406restaurant.com/
American,SOS Cafe,"3076 95th Dr, Live Oak, FL 32060, USA",https://www.musicliveshere.com/sos-cafe-and-music-hall/
American,Subway,"6820 Suwannee Plaza Ln, Live Oak, FL 32060, USA",https://restaurants.subway.com/united-states/fl/live-oak/6820-suwannee-plaza-lane?utm_source=yxt-goog&utm_medium=local&utm_term=acq&utm_content=10415&utm_campaign=evergreen-2020&y_source=1_MTQ5MTEzMjQtNzE1LWxvY2F0aW9uLndlYnNpdGU%3D
American,McDonald's,"6653 US-129, Live Oak, FL 32060, USA",https://www.mcdonalds.com/us/en-us/location/FL/LIVE-OAK/6653-US-HIGHWAY-129-N/4970.html?cid=RF:YXT:GMB::Clicks
American,Zaxby's Chicken Fingers & Buffalo Wings,"6861 US-129 U.S. 129, Live Oak, FL 32060, USA",https://www.zaxbys.com/locations/fl/live-oak/6861-us-highway-129/?utm_source=local&utm_medium=organic&utm_campaign=gmb
American,Taco Bell,"6804 US-129, Live Oak, FL 32060, USA",https://locations.tacobell.com/fl/live-oak/6804-us-highway-129.html?utm_source=yext&utm_campaign=googlelistings&utm_medium=referral&utm_term=036299&utm_content=website&y_source=1_NjE0MjUxOS03MTUtbG9jYXRpb24ud2Vic2l0ZQ%3D%3D
American,Burger King,"6458 US-129, Live Oak, FL 32060, USA",https://burgerking.com/store-locator/store/restaurant_19453
American,Dairy Queen Grill & Chill,"817 Ohio Ave S, Live Oak, FL 32064, USA",https://www.dairyqueen.com/en-us/locations/fl/live-oak/817-s-ohio-ave/12830/?utm_source=organic&utm_campaign=yext%2F&y_source=1_ODk5Njc0OS03MTUtbG9jYXRpb24ud2Vic2l0ZQ%3D%3D
American,The Branford Gathering,"116 Suwannee Ave SW, Branford, FL 32008, USA",http://thegathering1993.com/
Scottish,SOS Cafe,"3076 95th Dr, Live Oak, FL 32060, USA",https://www.musicliveshere.com/sos-cafe-and-music-hall/
British,Brown Lantern,"417 E Howard St, Live Oak, FL 32064, USA",
British,The Live Oak Gathering,"1401 Ohio Ave N, Live Oak, FL 32064, USA",http://thegathering1993.com/
British,THE 406,"406 Duval St NE, Live Oak, FL 32064, USA",http://www.the406restaurant.com/
British,Robbie's Cafe,"803 Pinewood Dr SW, Live Oak, FL 32064, USA",
British,Big Wood BBQ and Grill,"314 72nd Trace, Live Oak, FL 32064, USA",http://bigwoodbbqandgrill.com/
British,Beef 'O' Brady's - Best Restaurant in Live Oak,"6844 Suwannee Plaza Ln, Live Oak, FL 32060, USA",https://www.beefobradys.com/liveoak
British,Fusion Buffet,"6835 US-129, Live Oak, FL 32060, USA",https://www.facebook.com/Fusion-Buffet-1496235247259884/
British,SOS Cafe,"3076 95th Dr, Live Oak, FL 32060, USA",https://www.musicliveshere.com/sos-cafe-and-music-hall/
British,Dixie Grill,"101 Dowling Ave SE, Live Oak, FL 32064, USA",https://thedixiegrill.com/
British,Italian Pizzeria and Restaurant,"602 Howard St, Live Oak, FL 32064, USA",http://www.italianpizzeriafl.com/
Thai,Brown Lantern,"417 E Howard St, Live Oak, FL 32064, USA",
Thai,Red Ginger Asian Bistro,"2143 W US Hwy 90 Suite 101, Lake City, FL 32055, USA",http://www.redgingerfl.com/
Thai,Beef 'O' Brady's - Best Restaurant in Live Oak,"6844 Suwannee Plaza Ln, Live Oak, FL 32060, USA",https://www.beefobradys.com/liveoak
Thai,Talay Thai Cuisine,"1197 Old Peachtree Rd NW #H, Suwanee, GA 30024, USA",http://www.talayasian.com/
Thai,Salt Creek Restaurant,"23440 SE 349 Hwy, Suwannee, FL 32692, USA",
Thai,Thai Hut Garden,"109 Racetrack Rd NE, Fort Walton Beach, FL 32547, USA",https://www.thaihutgardenfortwaltonracetrack.com/
Thai,China Wok,"471 FL-247 #113, Lake City, FL 32025, USA",
Thai,Sunshine Chinese - Thai Restaurant,"525 Peachtree Industrial Blvd, Suwanee, GA 30024, USA",https://sunshinechinesethai.kwickmenu.com/
Thai,Tomiyama Sushi And Hibachi,"315 Peachtree Industrial Blvd, Suwanee, GA 30024, USA",https://www.tomiyamasushi.com/
Thai,Great Outdoors Restaurant,"18587 High Springs Main St, High Springs, FL 32643, USA",http://www.gohighsprings.com/
Thai,Thai Ruby At Lake Sumter,"1064 Canal St, Lady Lake, FL 32162, USA",https://www.facebook.com/Thairubytogo/
Thai,Tani Thai Restaurant,"15 E Main St NE, Buford, GA 30518, USA",http://www.tanithai.com/
Thai,Aloy Dee Thai Cuisine,"925 N Bay St, Eustis, FL 32726, USA",https://www.aloydeefl.com/
Thai,Flaming Iron - Asian Grill,"1000 Peachtree Industrial Blvd #9, Suwanee, GA 30024, USA",http://flaming-iron.com/
Thai,Golden Seven Suwanee,"320 Town Center Ave Ste C-8, Suwanee, GA 30024, USA",http://www.goldensevensuwanee.com/
Thai,Hong Yip Restaurant,"905 SW Main Blvd, Lake City, FL 32025, USA",http://hongyiplakecity.kwickmenu.com/
Thai,Fu King Chinese Restaurant,"649 SW Main Blvd, Lake City, FL 32025, USA",
Thai,Snay Thai,"445 Plaza Dr, Eustis, FL 32726, USA",https://www.snaythairestaurant.com/
Thai,Ellianos Coffee Live Oak,"1541 Ohio Ave S, Live Oak, FL 32064, USA",https://ellianos.com/
Thai,Thai Basil Kitchen,"1475 Peachtree Pkwy, Cumming, GA 30041, USA",http://www.thaibasilkitchen.com/
Japanese,Sakura Sushi and Grill Restaurant,"1548 Ohio Ave S, Live Oak, FL 32064, USA",https://www.sakuraliveoakfl.com/5oegiulg/restaurant/order-online
Chinese,Fusion Buffet,"6835 US-129, Live Oak, FL 32060, USA",https://www.facebook.com/Fusion-Buffet-1496235247259884/
Chinese,China Tasty,"927 Ohio Ave S, Live Oak, FL 32064, USA",
Chinese,Chinatown,"1546 S Ohio Ave N, Live Oak, FL 32064, USA",
Chinese,China House,"508 Plant Ave SW, Branford, FL 32008, USA",http://chinahousebranford.com/
Chinese,Sakura Sushi and Grill Restaurant,"1548 Ohio Ave S, Live Oak, FL 32064, USA",https://www.sakuraliveoakfl.com/5oegiulg/restaurant/order-online
Chinese,China 1,"4556 SW Heritage Oaks Cir #107, Lake City, FL 32024, USA",https://smorefood.com/order-online/china-1-lake-city-32024-4g0ms97v?utm_source=gmb&utm_medium=website
Chinese,China Wok,"471 FL-247 #113, Lake City, FL 32025, USA",
Chinese,Fu King Chinese Restaurant,"649 SW Main Blvd, Lake City, FL 32025, USA",
Chinese,Panda Express,"2916 W US Hwy 90, Lake City, FL 32055, USA",https://www.pandaexpress.com/locations/fl/lake-city/2468
Chinese,Chen's China,"1150 N W U.S. Hwy 41 # 9, Jasper, FL 32052, USA",
Chinese,China 1 Restaurant,"16714 SE Hwy 19, Cross City, FL 32628, USA",
Chinese,Red Ginger Asian Bistro,"2143 W US Hwy 90 Suite 101, Lake City, FL 32055, USA",http://www.redgingerfl.com/
Chinese,Brown Lantern,"417 E Howard St, Live Oak, FL 32064, USA",
Chinese,Sakura Buffet,"2469 W US Hwy 90 #148, Lake City, FL 32055, USA",
Chinese,Yum's,"295 NW Commons Loop #109, Lake City, FL 32055, USA",
Chinese,Hong Yip Restaurant,"905 SW Main Blvd, Lake City, FL 32025, USA",http://hongyiplakecity.kwickmenu.com/
Indian,Persis Indian Grill,"1109 International Pkwy #1601, Lake Mary, FL 32746, USA",https://www.persisorlandotogo.com/
Indian,Jay Bhavani Suwanee (Indian Restaurant),"3230 Caliber St Suite A-104, Suwanee, GA 30024, USA",https://www.toasttab.com/jay-bhavani-suwanee-indian-street-food-3230-caliber-st-a-104
Indian,The Flame Indian Kitchen,"3710 SW College Rd, Ocala, FL 34474, USA",https://www.theflameindiankitchen.us/home
Indian,Rajni Indian Cuisine,"3230 Caliber St Suit # C101, Suwanee, GA 30024, USA",http://rajniatl.com/
Indian,Amrit Palace,"3415 SW College Rd, Ocala, FL 34474, USA",http://amritpalace.com/
Indian,Honest,"3230 Caliber St, Suwanee, GA 30024, USA",
Indian,Naan Stopp Indian Restaurant,"5845 Winter Garden Vineland Rd #130, Windermere, FL 34786, USA",http://naanstopp.com/
Indian,Guru Indian Restaurant,"2400 S Hwy 27 Suite 101, Clermont, FL 34711, USA",https://gururestaurantclermont.com/
Indian,Clauta's Caribbean Shack,"577 E Duval St, Lake City, FL 32055, USA",https://www.facebook.com/clautasshack/
Indian,Royal Rasoi Indian Cuisine,"3821 Lake Emma Rd, Lake Mary, FL 32746, USA",http://lakemaryindianfood.com/
Indian,Biryani House Atlanta,"3455 Peachtree Pkwy #201, Suwanee, GA 30024, USA",https://biryanihousega.com/
Indian,Memories of India,"3895 Lake Emma Rd STE 101, Lake Mary, FL 32746, USA",
Indian,Rang Sip & Dine,"3590 Old Atlanta Rd Ste 209, Suwanee, GA 30024, USA",https://rangsipanddine.com/
Indian,Bukharaa Indian Restaurant,"3651 Peachtree Pkwy, Suwanee, GA 30024, USA",http://www.bukharaa.com/
Indian,Dixie Grill,"101 Dowling Ave SE, Live Oak, FL 32064, USA",https://thedixiegrill.com/
Indian,Radha's Kitchen,"8109 NW 202nd Ave, Alachua, FL 32615, USA",
Indian,Awwal Curry House Restaurant | Best Indian Restaurant | Best Indian Curry | Indian Food,"24 E Magnolia Ave, Eustis, FL 32726, USA",https://awwalcurryhouse.com/
Indian,Cilantro Indian Cuisine,"360 W Plant St #103, Winter Garden, FL 34787, USA",http://www.cilantrowg.com/
Indian,5th Element Authentic Indian Restaurant,"1133 Rinehart Rd, Sanford, FL 32771, USA",https://my5thelement.com/sanford/
Indian,Red Ginger Asian Bistro,"2143 W US Hwy 90 Suite 101, Lake City, FL 32055, USA",http://www.redgingerfl.com/
Canadian,Brown Lantern,"417 E Howard St, Live Oak, FL 32064, USA",
Canadian,Big Wood BBQ and Grill,"314 72nd Trace, Live Oak, FL 32064, USA",http://bigwoodbbqandgrill.com/
Canadian,SOS Cafe,"3076 95th Dr, Live Oak, FL 32060, USA",https://www.musicliveshere.com/sos-cafe-and-music-hall/
Canadian,Dixie Grill,"101 Dowling Ave SE, Live Oak, FL 32064, USA",https://thedixiegrill.com/
Canadian,THE 406,"406 Duval St NE, Live Oak, FL 32064, USA",http://www.the406restaurant.com/
Canadian,Fusion Buffet,"6835 US-129, Live Oak, FL 32060, USA",https://www.facebook.com/Fusion-Buffet-1496235247259884/
Canadian,The Branford Gathering,"116 Suwannee Ave SW, Branford, FL 32008, USA",http://thegathering1993.com/
Russian,Gainesville Russian Food,"5200 NW 34th Blvd C, Gainesville, FL 32605, USA",
Jewish,Jayveer Deli,"23527 NW County Rd 250, Live Oak, FL 32060, USA",
Polish,I Love Pierogis Food Truck,"St. Augustine, FL 32084, USA",https://www.facebook.com/profile.php?id=100057393761819&mibextid=LQQJ4d
Polish,Salt & Sweet Restaurant,"3092 Lake Washington Rd, Melbourne, FL 32934, USA",http://www.saltandsweet.net/
Polish,Anna's Polish Restaurant,"3586 Aloma Ave #7, Winter Park, FL 32792, USA",
Polish,Cracovia Polish Restaurant - Deli & Bakery,"3007 Commercial Way, Spring Hill, FL 34606, USA",https://cracoviapolishspringhill.com/
Polish,Grace's Taste of Poland,"18513 Satsuma Ave, 19190 Cochran Blvd, Port Charlotte, FL 33948, USA",https://www.facebook.com/GracesTasteofPoland/
Polish,Salt Creek Restaurant,"23440 SE 349 Hwy, Suwannee, FL 32692, USA",
Polish,Pierogi Grill,"1535 Gulf to Bay Blvd, Clearwater, FL 33755, USA",https://www.facebook.com/pierogigrill/
Polish,T&T BBQ and Southern Home Cooking,"5463 FL-6 West, Jasper, FL 32052, USA",https://m.facebook.com/SouthernRootsBarbecue/
Polish,Polish Delicatessen,"1322 W N Blvd, Leesburg, FL 34748, USA",
Polish,Suwannee Room,"William Johnston Building, 143 Honors Way, Tallahassee, FL 32304, USA",https://seminoledining.campusdish.com/LocationsAndMenus/Suwannee
Polish,Rogie Pierogies,"1445 N Congress Ave Suite 11, Delray Beach, FL 33445, USA",http://www.rogiepierogies.com/
Polish,Lacomka Bakery & Russian Store - Orlando FL,"2050 FL-436 #140, Winter Park, FL 32792, USA",https://www.lacomkaorlando.com/
Polish,Old World Polish Deli,"1390 Federal Hwy, Pompano Beach, FL 33062, USA",http://www.oldworldpolishdeli.com/
Polish,Europol Polish Deli,"3090 Aloma Ave, Winter Park, FL 32792, USA",
Polish,Publix Super Markets Inc.,"2215 Ohio Ave N, Live Oak, FL 32064, USA",http://www.publix.com/
Polish,Polka European Market & Deli,"3950 NW Federal Hwy, Jensen Beach, FL 34957, USA",http://polka-deli.poi.place/
Polish,Treasure Camp,"15249 NW 46th Ln, Chiefland, FL 32626, USA",http://www.treasurecamp.online/
Polish,Krakus Polish Deli,"7306 Southgate Blvd, North Lauderdale, FL 33068, USA",http://www.krakusdelifl.com/
Polish,Dollar General,"23322 NW County Rd 250, Live Oak, FL 32060, USA",https://www.dollargeneral.com/store-directory/fl/live-oak/16349
German,Brown Lantern,"417 E Howard St, Live Oak, FL 32064, USA",
German,SOS Cafe,"3076 95th Dr, Live Oak, FL 32060, USA",https://www.musicliveshere.com/sos-cafe-and-music-hall/
German,Fusion Buffet,"6835 US-129, Live Oak, FL 32060, USA",https://www.facebook.com/Fusion-Buffet-1496235247259884/
German,Big Wood BBQ and Grill,"314 72nd Trace, Live Oak, FL 32064, USA",http://bigwoodbbqandgrill.com/
German,The Bavarian Haus,"433 Alexander St, Mt Dora, FL 32757, USA",http://www.eatatthebavarianhaus.com/
German,Hofbrau Amelia,"19 S 3rd St, Fernandina Beach, FL 32034, USA",https://www.hofbrauamelia.com/
German,Schnitzel & More,"4504 E Hwy 20, Niceville, FL 32578, USA",https://www.schnitzelandmore.com/
German,Old Hamburg Schnitzelhaus,"3246 E Bay Dr, Holmes Beach, FL 34217, USA",https://schnitzel.house/
German,Schnitzel Haus,"5687 SE Crooked Oak Ave, Hobe Sound, FL 33455, USA",http://schnitzelhaushobesound.com/
German,Siegfried's Restaurant and German Biergarten,"1869 Fruitville Rd, Sarasota, FL 34236, USA",http://siegfrieds-sarasota.com/
German,The Hoffmann,"3825 NE Indian River Dr, Jensen Beach, FL 34957, USA",https://www.the-hoffmann.com/
German,Buchner's Bierhalle,"Enter through Blackhat Vapor, 1188 Edgewood Ave S, Jacksonville, FL 32205, USA",http://www.buchnersbierhalle.com/
German,Village Bier Garten Restaurant - Cocoa,"415 Delannoy Ave, Cocoa, FL 32922, USA",https://www.villagebier.com/
German,Suwannee Belle Landing,"282 SE 989th St, Old Town, FL 32680, USA",
German,Suwannee Room,"William Johnston Building, 143 Honors Way, Tallahassee, FL 32304, USA",https://seminoledining.campusdish.com/LocationsAndMenus/Suwannee
German,Salt Creek Restaurant,"23440 SE 349 Hwy, Suwannee, FL 32692, USA",
German,German Deli/Jägerstüble,"1995 E Bay Dr, Largo, FL 33771, USA",http://www.thegermandeli.net/
German,Schnitzel-Time,"Directly at the BP gas Station, 1755 Palm Harbor Pkwy, Palm Coast, FL 32137, USA",https://schnitzel-time.com/
German,Cafe Coconut Cove,"4210 S Hwy A1A, Melbourne Beach, FL 32951, USA",https://www.cafecoconutcove.com/contact
German,Old Heidelberg Restaurant,"900 W State Rd 84, Fort Lauderdale, FL 33315, USA",http://www.heidelbergfl.com/
French,Brown Lantern,"417 E Howard St, Live Oak, FL 32064, USA",
French,The Live Oak Gathering,"1401 Ohio Ave N, Live Oak, FL 32064, USA",http://thegathering1993.com/
French,Lopin' Gopher Deli,"23728-, 23736 Park Center Dr, Live Oak, FL 32064, USA",
French,THE 406,"406 Duval St NE, Live Oak, FL 32064, USA",http://www.the406restaurant.com/
French,Sandy's Cafe & Bakery Inc,"426 E Howard St, Live Oak, FL 32064, USA",
French,SOS Cafe,"3076 95th Dr, Live Oak, FL 32060, USA",https://www.musicliveshere.com/sos-cafe-and-music-hall/
French,Latin Flavor Cafe,"111 W Howard St, Live Oak, FL 32064, USA",
French,Robbie's Cafe,"803 Pinewood Dr SW, Live Oak, FL 32064, USA",
French,Hwy 55 Burgers Shakes & Fries,"1955 Ohio Ave N, Live Oak, FL 32064, USA",https://www.hwy55.com/
French,ROTG HUTCH KITCHEN,"304 Suwannee Ave, Branford, FL 32008, USA",https://www.facebook.com/Rightoffthegrill?mibextid=LQQJ4d
French,Big Wood BBQ and Grill,"314 72nd Trace, Live Oak, FL 32064, USA",http://bigwoodbbqandgrill.com/
French,The Branford Gathering,"116 Suwannee Ave SW, Branford, FL 32008, USA",http://thegathering1993.com/
French,Wellborn's Country Charm,"12224 Co Rd 137, Wellborn, FL 32094, USA",
French,Fusion Buffet,"6835 US-129, Live Oak, FL 32060, USA",https://www.facebook.com/Fusion-Buffet-1496235247259884/
French,River Landing Bistro at Advent Christian Village,"23738 Park Center Dr, Dowling Park, FL 32064, USA",https://www.acvillage.net/
French,11th Street Kitchen,"437 11th St SW, Live Oak, FL 32064, USA",http://11thstreetkitchen.com/
French,Dixie Grill,"101 Dowling Ave SE, Live Oak, FL 32064, USA",https://thedixiegrill.com/
French,Jayveer Deli,"23527 NW County Rd 250, Live Oak, FL 32060, USA",
French,La Belle Vie Kitchen,"1500 Peachtree Industrial Blvd Suite 150, Suwanee, GA 30024, USA",http://labelleviefood.com/
French,Sisters Cafe,"208 Suwannee Ave, Branford, FL 32008, USA",
Hawaiian,Big Wood BBQ and Grill,"314 72nd Trace, Live Oak, FL 32064, USA",http://bigwoodbbqandgrill.com/
Hawaiian,Fusion Buffet,"6835 US-129, Live Oak, FL 32060, USA",https://www.facebook.com/Fusion-Buffet-1496235247259884/
Hawaiian,Brown Lantern,"417 E Howard St, Live Oak, FL 32064, USA",
Hawaiian,Robbie's Cafe,"803 Pinewood Dr SW, Live Oak, FL 32064, USA",
Hawaiian,Papa Johns Pizza - Best Pizza in Live Oak,"6852 Suwannee Plaza Ln, Live Oak, FL 32060, USA",https://locations.papajohns.com/united-states/fl/32060/live-oak/6852-suwannee-plaza-lane?utm_source=gmb&utm_medium=organic&y_source=1_MTQwNTgwNjktNzE1LWxvY2F0aW9uLndlYnNpdGU%3D
Hawaiian,SOS Cafe,"3076 95th Dr, Live Oak, FL 32060, USA",https://www.musicliveshere.com/sos-cafe-and-music-hall/
Hawaiian,Ohana Hawaiian Grill,"2493 S Ferdon Blvd, Crestview, FL 32536, USA",https://www.ohanahawaiiangrill.com/
Hawaiian,Popeyes Louisiana Kitchen,"2005 Ohio Ave N, Live Oak, FL 32064, USA",https://www.popeyes.com/store-locator/store/restaurant_240731?utm_source=yext&utm_medium=referral&utm_campaign=organic-local-listings
Hawaiian,Little Caesars Pizza,"1540 Ohio Ave S, Live Oak, FL 32064, USA",https://littlecaesars.com/en-us/store/2726
Hawaiian,Kalai’s Hawaiian Kitchen,"2200 US-98, Mary Esther, FL 32569, USA",https://www.facebook.com/profile.php?id=100090217727703&mibextid=LQQJ4d
Hawaiian,Pizza Hut,"625 Ohio Ave S, Live Oak, FL 32060, USA",https://locations.pizzahut.com/fl/live-oak/625-s-ohio-ave?utm_medium=organic&utm_source=local&utm_campaign=googlelistings&utm_content=website&utm_term=299360
Hawaiian,Hunt Brothers Pizza,"7583 US-90, Live Oak, FL 32060, USA",
Hawaiian,Aloha to Go - Hale (Hah-Lay),"5903 Seminole Blvd, Seminole, FL 33772, USA",http://alohatogo.com/
Hawaiian,Aloha To Go,"19711A Gulf Blvd, Indian Shores, FL 33785, USA",http://alohatogo.com/
Hawaiian,Pounders Hawaiian Grill - Crestview,"6276 Old Bethel Rd, Crestview, FL 32536, USA",http://www.poundershawaiiangrill.com/
Hawaiian,The Pizza Stone,"9929 170th Terrace Suite 106, McAlpin, FL 32062, USA",https://www.facebook.com/thepizzastone32062
Hawaiian,Italian Pizzeria and Restaurant,"602 Howard St, Live Oak, FL 32064, USA",http://www.italianpizzeriafl.com/
Hawaiian,Piesanos Lake City,"2465 W US Hwy 90, Lake City, FL 32055, USA",http://www.piesanostogo.com/
Hawaiian,Mayo Subs,"439 E Main St, Mayo, FL 32066, USA",
Hawaiian,Papa Nalu Aloha Grill,"3499 Gulf Breeze Pkwy, Gulf Breeze, FL 32563, USA",http://www.papanalu.com/
Brazilian,Ipanema Brazilian Steak House,"2023 S Pine Ave, Ocala, FL 34471, USA",https://www.ipanemaocala.com/
Brazilian,Pampa Gaucho Steakhouse,"4490 N Federal Hwy, Lighthouse Point, FL 33064, USA",https://www.pampagauchobsh.com/
Brazilian,Rodizio Grill Brazilian Steakhouse Fort Lauderdale,"1817 Pointe Blvd Building J Building J, Dania Beach, FL 33004, USA",https://www.rodiziogrill.com/ft-lauderdale/
Brazilian,Miami to Brazil Rodizio,"15750 SW 56th St, Miami, FL 33185, USA",http://www.miamitobrazilrodizio.com/
Brazilian,Big Wood BBQ and Grill,"314 72nd Trace, Live Oak, FL 32064, USA",http://bigwoodbbqandgrill.com/
Brazilian,Texas de Brazil - Hallandale Beach,"800 Silks Run, Hallandale Beach, FL 33009, USA",https://texasdebrazil.com/locations/hallandale-beach/?utm_source=gmb&utm_medium=yext&y_source=1_NDg4MzA3MzctNzE1LWxvY2F0aW9uLndlYnNpdGU%3D
Brazilian,Viva Brazil Restaurant,"1657 S 21st Ave, Hollywood, FL 33020, USA",http://vivabrazilfl.com/
Brazilian,Fusion Buffet,"6835 US-129, Live Oak, FL 32060, USA",https://www.facebook.com/Fusion-Buffet-1496235247259884/
Brazilian,Picanha Brazil,"22797 FL-7, Boca Raton, FL 33428, USA",http://www.picanhabrazil.net/
Brazilian,Restaurante Brasil,"843 W Sample Rd, Pompano Beach, FL 33064, USA",https://restaurantebrasil.com/
Brazilian,Picanha Brazil Steakhouse,"5650 W Sample Rd, Margate, FL 33073, USA",http://picanhabrazilsteakhouse.com/
Brazilian,Samba Brazil Restaurant,"7438 Collins Ave, Miami Beach, FL 33141, USA",https://www.sambabrazilrestaurant.getsauce.com/?utm_source=GMB&utm_medium=Website%20button&utm_id=Samba%20Brazil%20Restaurant
Brazilian,Suwannee Belle Landing,"282 SE 989th St, Old Town, FL 32680, USA",
Brazilian,Kosher de Brazil,"1710 E Hallandale Beach Blvd, Hallandale Beach, FL 33009, USA",http://www.kosherdebrazil.com/
Brazilian,Brown Lantern,"417 E Howard St, Live Oak, FL 32064, USA",
Brazilian,Salt Creek Restaurant,"23440 SE 349 Hwy, Suwannee, FL 32692, USA",
Brazilian,Boteco,"916 NE 79th St, Miami, FL 33138, USA",https://botecomiami.com/
Brazilian,Pardon My Cheesesteak,"245 SW Commerce Dr, Lake City, FL 32025, USA",https://pardonmycheesesteak.com/?e=1250116827
Brazilian,Viva Brazil Signature,"3933 NE 163rd St, North Miami Beach, FL 33160, USA",
Brazilian,Treasure Camp,"15249 NW 46th Ln, Chiefland, FL 32626, USA",http://www.treasurecamp.online/
Peruvian,Aromas Del Peru,"17225 S Dixie Hwy STE 100, Palmetto Bay, FL 33157, USA",https://aromasperu.com/locations/palmetto-bay/
Peruvian,Peruvian Food Blessing,"7249 NW 4th Blvd, Gainesville, FL 32607, USA",http://www.peruvianfoodblessing.com/
Peruvian,El Pollon Restaurant,"355 N Ronald Reagan Blvd UNIT 1001, Longwood, FL 32750, USA",https://www.elpollonrestaurant.com/
Peruvian,CVI.CHE 105,"19501 Biscayne Blvd, Aventura, FL 33180, USA",https://www.ceviche105.com/
Peruvian,Pachamanka Authentic Peruvian Cuisine,"Access by side Alley, 321 Johnson St, Hollywood, FL 33019, USA",http://pachamankarestaurant.com/
Peruvian,Peruvian Ceviches + Bar,"14501 S Dixie Hwy, Miami, FL 33176, USA",https://instagram.com/peruviancevichesbar?igshid=YWJhMjlhZTc=
Peruvian,Ceviche Inka Miami,"3155 NE 163rd St, North Miami Beach, FL 33160, USA",https://cevicheinkamiami.com/
Peruvian,Peruvian Grill Sarasota,"3131 Clark Rd, Sarasota, FL 34231, USA",https://www.sarasotaperuviangrill.com/
Peruvian,Ají Ceviche Bar,"11236 S Orange Blossom Trl, Orlando, FL 32837, USA",http://www.ajicevichebarorlando.com/
Peruvian,Salt Creek Restaurant,"23440 SE 349 Hwy, Suwannee, FL 32692, USA",
Peruvian,Ceviches Peru Beach,"7101 Collins Ave, Miami Beach, FL 33141, USA",http://www.cevichesperufl.com/
Peruvian,Inkawasi Restaurant,"10667 Boardwalk Loop, Lakewood Ranch, FL 34202, USA",http://www.inkawasirestaurant.com/
Peruvian,Neighborhood Corner Stone LLC,"164 NE Railroad St, Lake City, FL 32055, USA",
Peruvian,Kousine Fort Lauderdale,"841 N Fort Lauderdale Beach Blvd, Fort Lauderdale, FL 33304, USA",https://www.kousine.getsauce.com/?utm_source=GMB&utm_medium=Website+Button&utm_id=kousine
Peruvian,Jessica's Bistro,"426 SW Commerce Dr # 115, Lake City, FL 32025, USA",
Peruvian,Bravo Peruvian Kitchen,"9711 W Sample Rd, Coral Springs, FL 33076, USA",http://www.bravoperuviankitchen.com/
Peruvian,Aromas del Peru,"5757 SW 8th St, Miami, FL 33144, USA",https://aromasperu.com/locations/west-miami/
Peruvian,Locura Marina Peruvian Restaurant,"7118 Collins Ave, Miami Beach, FL 33141, USA",https://amzn.to/3PQVDqQ
Peruvian,Sabor A Peru En Miami,"2927 Biscayne Blvd, Miami, FL 33137, USA",http://www.saboraperu.net/
Peruvian,Lima Peru,"909 N Broadwalk, Hollywood, FL 33019, USA",
Cuban,Latin Flavor Cafe,"111 W Howard St, Live Oak, FL 32064, USA",
Cuban,Pampy's Cuban Bakery,"4475 FL-47, Lake City, FL 32024, USA",https://www.pampyslatinfood.com/
Cuban,Two Cuban Guy's Home of Garcia's Place,"3529 NW Bascom Norris Dr, Lake City, FL 32055, USA",
Cuban,Jessica's Bistro,"426 SW Commerce Dr # 115, Lake City, FL 32025, USA",
Cuban,Fuego Azteca Mexican Bar and Grill,"203 Ohio Ave N, Live Oak, FL 32064, USA",
Cuban,Sandy's Cafe & Bakery Inc,"426 E Howard St, Live Oak, FL 32064, USA",
Cuban,Maggie's Place Latin Cafe,"132 SE Hernando Ave, Lake City, FL 32025, USA",
Cuban,Brown Lantern,"417 E Howard St, Live Oak, FL 32064, USA",
Cuban,Robbie's Cafe,"803 Pinewood Dr SW, Live Oak, FL 32064, USA",
Cuban,Pepe's Grocery Store & Restaurant,"965 Howard St, Live Oak, FL 32064, USA",
Cuban,Garcia's Place,"2668 NE Bascom Norris Dr, Lake City, FL 32055, USA",https://www.toasttab.com/garcias-cuban-bakery-and-cafe2-2668-northeast-bascom-norris-drive
Cuban,Taqueria Los Cabrones LLC,"6647 US-129, Live Oak, FL 32060, USA",https://www.facebook.com/taquerialoscabrones?mibextid=LQQJ4d
Cuban,SOS Cafe,"3076 95th Dr, Live Oak, FL 32060, USA",https://www.musicliveshere.com/sos-cafe-and-music-hall/
Cuban,Fusion Buffet,"6835 US-129, Live Oak, FL 32060, USA",https://www.facebook.com/Fusion-Buffet-1496235247259884/
Cuban,Live Oak Sub Shop,"511 Ohio Ave S, Live Oak, FL 32064, USA",https://www.facebook.com/pages/Live-Oak-Sub-Shop/117529744939581
Cuban,La Rotonda Supermarket,"813 Irvin Ave SW, Live Oak, FL 32064, USA",https://www.facebook.com/La-Rotonda-Supermarket-103082188701813/
Tibetan,Brown Lantern,"417 E Howard St, Live Oak, FL 32064, USA",
Tibetan,Fusion Buffet,"6835 US-129, Live Oak, FL 32060, USA",https://www.facebook.com/Fusion-Buffet-1496235247259884/
Tibetan,SOS Cafe,"3076 95th Dr, Live Oak, FL 32060, USA",https://www.musicliveshere.com/sos-cafe-and-music-hall/
Tibetan,Big Wood BBQ and Grill,"314 72nd Trace, Live Oak, FL 32064, USA",http://bigwoodbbqandgrill.com/
Tibetan,Treasure Camp,"15249 NW 46th Ln, Chiefland, FL 32626, USA",http://www.treasurecamp.online/
Tibetan,Suwannee Belle Landing,"282 SE 989th St, Old Town, FL 32680, USA",
Tibetan,Salt Creek Restaurant,"23440 SE 349 Hwy, Suwannee, FL 32692, USA",
Egyptian,Cairo Grille,"2410 NW 43rd St, Gainesville, FL 32606, USA",
Greek,SOS Cafe,"3076 95th Dr, Live Oak, FL 32060, USA",https://www.musicliveshere.com/sos-cafe-and-music-hall/
Greek,Big Wood BBQ and Grill,"314 72nd Trace, Live Oak, FL 32064, USA",http://bigwoodbbqandgrill.com/
Greek,Beef 'O' Brady's - Best Restaurant in Live Oak,"6844 Suwannee Plaza Ln, Live Oak, FL 32060, USA",https://www.beefobradys.com/liveoak
Greek,Brown Lantern,"417 E Howard St, Live Oak, FL 32064, USA",
Greek,THE 406,"406 Duval St NE, Live Oak, FL 32064, USA",http://www.the406restaurant.com/
Greek,Italian Pizzeria and Restaurant,"602 Howard St, Live Oak, FL 32064, USA",http://www.italianpizzeriafl.com/
Greek,The Pizza Stone,"9929 170th Terrace Suite 106, McAlpin, FL 32062, USA",https://www.facebook.com/thepizzastone32062
Greek,Fusion Buffet,"6835 US-129, Live Oak, FL 32060, USA",https://www.facebook.com/Fusion-Buffet-1496235247259884/
Greek,Pizza Hut,"625 Ohio Ave S, Live Oak, FL 32060, USA",https://locations.pizzahut.com/fl/live-oak/625-s-ohio-ave?utm_medium=organic&utm_source=local&utm_campaign=googlelistings&utm_content=website&utm_term=299360
Greek,Downtown Cafe,"229 W Howard St, Live Oak, FL 32064, USA",https://www.facebook.com/Down-Town-Cafe-368836782227/
Greek,The Live Oak Gathering,"1401 Ohio Ave N, Live Oak, FL 32064, USA",http://thegathering1993.com/
Greek,Our Place Pizzeria​ and Ristorante,"403 SW Suwannee Ave, Branford, FL 32008, USA",https://www.ourplacepizzeriaristorante.com/?utm_source=gbp
Greek,Live Oak Sub Shop,"511 Ohio Ave S, Live Oak, FL 32064, USA",https://www.facebook.com/pages/Live-Oak-Sub-Shop/117529744939581
Greek,Olive Garden Italian Restaurant,"3072 W US Hwy 90, Lake City, FL 32055, USA",https://www.olivegarden.com/locations/fl/lake-city/lake-city/4442?cmpid=br:og_ag:ie_ch:loc_ca:OGGMB_sn:gmb_gt:lake-city-fl-4442_pl:locurl_rd:1783
Greek,Piesanos Lake City,"2465 W US Hwy 90, Lake City, FL 32055, USA",http://www.piesanostogo.com/
Greek,Krazy Greek Kitchen,"142 W Lakeview Ave #1000, Lake Mary, FL 32746, USA",http://www.krazygreekkitchen.com/
Greek,Little Greek Fresh Grill,"237 Wheelhouse Ln STE 1301, Lake Mary, FL 32746, USA",https://littlegreekfreshgrill.com/store/lake-mary-fl/
Greek,Arby's,"11459 SW 61st Wy, Jasper, FL 32052, USA",https://locations.arbys.com/fl/jasper/11459-southwest-61-way.html?utm_source=google%20my%20business&utm_medium=organic&utm_campaign=website%20link
Greek,Taziki's Mediterranean Cafe - Suwanee,"1095 Old Peachtree Rd NW, Suwanee, GA 30024, USA",https://www.tazikis.com/location/suwanee/
Greek,Arby's,"3289 W US Hwy 90, Lake City, FL 32055, USA",https://locations.arbys.com/fl/lakecity/3289-w-us-highway-90.html?utm_source=google%20my%20business&utm_medium=organic&utm_campaign=website%20link
Belgian,Waffle House,"6635 US-129, Live Oak, FL 32060, USA",https://locations.wafflehouse.com/liveoak-fl-1214
Belgian,Brown Lantern,"417 E Howard St, Live Oak, FL 32064, USA",
Belgian,Lopin' Gopher Deli,"23728-, 23736 Park Center Dr, Live Oak, FL 32064, USA",
Belgian,THE 406,"406 Duval St NE, Live Oak, FL 32064, USA",http://www.the406restaurant.com/
Belgian,SOS Cafe,"3076 95th Dr, Live Oak, FL 32060, USA",https://www.musicliveshere.com/sos-cafe-and-music-hall/
Belgian,Big Wood BBQ and Grill,"314 72nd Trace, Live Oak, FL 32064, USA",http://bigwoodbbqandgrill.com/
Belgian,The Live Oak Gathering,"1401 Ohio Ave N, Live Oak, FL 32064, USA",http://thegathering1993.com/
Belgian,Fusion Buffet,"6835 US-129, Live Oak, FL 32060, USA",https://www.facebook.com/Fusion-Buffet-1496235247259884/
Belgian,Dixie Grill,"101 Dowling Ave SE, Live Oak, FL 32064, USA",https://thedixiegrill.com/
Irish,Beef 'O' Brady's - Best Restaurant in Live Oak,"6844 Suwannee Plaza Ln, Live Oak, FL 32060, USA",https://www.beefobradys.com/liveoak
Irish,The Tavern Brewery and Irish Pub,"277 N Marion Ave, Lake City, FL 32055, USA",http://thetavernbreweryandirishpub.com/
Irish,Derrick's BBQ,"1542 Ohio Ave S, Live Oak, FL 32024, USA",
Irish,Our Place Pizzeria​ and Ristorante,"403 SW Suwannee Ave, Branford, FL 32008, USA",https://www.ourplacepizzeriaristorante.com/?utm_source=gbp
Irish,Meehan's Irish Pub & Seafood House,"20 Avenida Menendez, St. Augustine, FL 32084, USA",http://www.meehansirishpub.com/
Irish,Culhane's Irish Pub & Restaurant,"9720 Deer Lake Ct, Jacksonville, FL 32246, USA",https://www.culhanesirishpub.com/
Irish,Irish 31 Pub House & Eatery,"7724 113th St, Seminole, FL 33772, USA",https://irish31.com/
Irish,Off the Rails Irish Pub,"306 1st St NW, Havana, FL 32333, USA",https://facebook.com/offtherailsirishpub/
Irish,Wolfhound Irish Pub,"16909 High Grove Blvd, Clermont, FL 34714, USA",http://www.wolfhoundirishpub.com/
Irish,The Sullivan Public House,"116 E 1st St, Sanford, FL 32771, USA",https://thesullivanpublichouse.com/
Irish,O'Keefe's Irish Pub & Restaurant,"115 S Rockingham Ave, Tavares, FL 32778, USA",https://okeefesirishpub.net/
Irish,Culhane's Irish Pub & Restaurant,"967 Atlantic Blvd, Atlantic Beach, FL 32233, USA",https://www.culhanesirishpub.com/
Irish,Grafton Street,"7055 Co Rd 46A, Lake Mary, FL 32746, USA",https://www.graftonstreetlakemary.com/
Irish,Frankie Farrell's,"8112 Poinciana Blvd, Orlando, FL 32821, USA",http://www.frankiefarrells.com/
Irish,An Tobar Irish Pub,"600 N Lake Destiny Rd First Floor, Maitland, FL 32751, USA",
Irish,Irish 31 Pub House & Eatery Oviedo,"65 W Mitchell Hammock Rd Ste 1501, Oviedo, FL 32765, USA",http://irish31.com/
Irish,JJ Manning's,"740 S Fleming St, Sebastian, FL 32958, USA",https://jjmanningsirishpub.wordpress.com/
Welsh,SOS Cafe,"3076 95th Dr, Live Oak, FL 32060, USA",https://www.musicliveshere.com/sos-cafe-and-music-hall/
Cajun,Brown Lantern,"417 E Howard St, Live Oak, FL 32064, USA",
Cajun,SOS Cafe,"3076 95th Dr, Live Oak, FL 32060, USA",https://www.musicliveshere.com/sos-cafe-and-music-hall/
Cajun,Big Wood BBQ and Grill,"314 72nd Trace, Live Oak, FL 32064, USA",http://bigwoodbbqandgrill.com/
Cajun,Fusion Buffet,"6835 US-129, Live Oak, FL 32060, USA",https://www.facebook.com/Fusion-Buffet-1496235247259884/
Cajun,Beef 'O' Brady's - Best Restaurant in Live Oak,"6844 Suwannee Plaza Ln, Live Oak, FL 32060, USA",https://www.beefobradys.com/liveoak
Cajun,Our Place Pizzeria​ and Ristorante,"403 SW Suwannee Ave, Branford, FL 32008, USA",https://www.ourplacepizzeriaristorante.com/?utm_source=gbp
Cajun,Popeyes Louisiana Kitchen,"2005 Ohio Ave N, Live Oak, FL 32064, USA",https://www.popeyes.com/store-locator/store/restaurant_240731?utm_source=yext&utm_medium=referral&utm_campaign=organic-local-listings
Cajun,Suwannee Belle Landing,"282 SE 989th St, Old Town, FL 32680, USA",
Cajun,Captain Crab,"2329 W US Hwy 90 #5, Lake City, FL 32055, USA",
Cajun,Popeyes Louisiana Kitchen,"121 NW Main Blvd, Lake City, FL 32055, USA",https://www.popeyes.com/store-locator/store/restaurant_81646?utm_source=yext&utm_medium=referral&utm_campaign=organic-local-listings
Cajun,Treasure Camp,"15249 NW 46th Ln, Chiefland, FL 32626, USA",http://www.treasurecamp.online/
Cajun,Suwannee River Rendezvous Resort,"828 NE Primrose Rd, Mayo, FL 32066, USA",http://www.suwanneeriverrendezvous.com/
Cajun,Gator's Dockside Lake City,"313 NW Commons Loop, Lake City, FL 32055, USA",http://www.gatorsdockside.com/
Cajun,Salt Creek Restaurant,"23440 SE 349 Hwy, Suwannee, FL 32692, USA",
Cajun,Red Lobster,"2847 W US Hwy 90, Lake City, FL 32055, USA",https://www.redlobster.com/seafood-restaurants/locations/fl/lake-city/2847-w-us-highway-90
Cajun,Captain D's,"295 SW Mary Ethel Ln, Lake City, FL 32055, USA",https://locations.captainds.com/ll/US/FL/Lake-City/295-SW-Mary-Ethel-Ln
Cajun,Popeyes Louisiana Kitchen,"2161 S Byron Butler Pkwy, Perry, FL 32348, USA",https://www.popeyes.com/store-locator/store/restaurant_86555?utm_source=yext&utm_medium=referral&utm_campaign=organic-local-listings
Cajun,Marion Street Bistro,"281 N Marion Ave, Lake City, FL 32055, USA",https://www.marionstreetbistroandbrewhouse.com/
Cajun,Popeyes Louisiana Kitchen,"6901 Bellville Rd, Lake Park, GA 31636, USA",https://www.popeyes.com/store-locator/store/restaurant_84855?utm_source=yext&utm_medium=referral&utm_campaign=organic-local-listings
Cajun,Popeyes Louisiana Kitchen,"801 W Base St, Madison, FL 32340, USA",https://www.popeyes.com/store-locator/store/restaurant_242475?utm_source=yext&utm_medium=referral&utm_campaign=organic-local-listings
Portuguese,Fusion Buffet,"6835 US-129, Live Oak, FL 32060, USA",https://www.facebook.com/Fusion-Buffet-1496235247259884/
Portuguese,Big Wood BBQ and Grill,"314 72nd Trace, Live Oak, FL 32064, USA",http://bigwoodbbqandgrill.com/
Portuguese,SOS Cafe,"3076 95th Dr, Live Oak, FL 32060, USA",https://www.musicliveshere.com/sos-cafe-and-music-hall/
Portuguese,Brown Lantern,"417 E Howard St, Live Oak, FL 32064, USA",
Turkish,Big Wood BBQ and Grill,"314 72nd Trace, Live Oak, FL 32064, USA",http://bigwoodbbqandgrill.com/
Turkish,Brown Lantern,"417 E Howard St, Live Oak, FL 32064, USA",
Turkish,Fusion Buffet,"6835 US-129, Live Oak, FL 32060, USA",https://www.facebook.com/Fusion-Buffet-1496235247259884/
Turkish,SOS Cafe,"3076 95th Dr, Live Oak, FL 32060, USA",https://www.musicliveshere.com/sos-cafe-and-music-hall/
Turkish,Turkish Cuisine,"1690 S Ferdon Blvd, Crestview, FL 32536, USA",https://www.facebook.com/TurkishCuisineFL/
Turkish,Turkish Mediterranean Cuisine,"1921 W Bay Dr, Largo, FL 33770, USA",http://www.turkishmediterraneancuisine.com/
Turkish,Salt Creek Restaurant,"23440 SE 349 Hwy, Suwannee, FL 32692, USA",
Turkish,Divan Turkish cuisine,"6525 Superior Ave, Sarasota, FL 34231, USA",http://divanturkishcuisine.com/
Haitian,Clauta's Caribbean Shack,"577 E Duval St, Lake City, FL 32055, USA",https://www.facebook.com/clautasshack/
Tahitian,Brown Lantern,"417 E Howard St, Live Oak, FL 32064, USA",
Tahitian,Fusion Buffet,"6835 US-129, Live Oak, FL 32060, USA",https://www.facebook.com/Fusion-Buffet-1496235247259884/
Tahitian,Big Wood BBQ and Grill,"314 72nd Trace, Live Oak, FL 32064, USA",http://bigwoodbbqandgrill.com/
Tahitian,SOS Cafe,"3076 95th Dr, Live Oak, FL 32060, USA",https://www.musicliveshere.com/sos-cafe-and-music-hall/
Tahitian,Sakura Sushi and Grill Restaurant,"1548 Ohio Ave S, Live Oak, FL 32064, USA",https://www.sakuraliveoakfl.com/5oegiulg/restaurant/order-online
Tahitian,Mai-Kai Restaurant and Polynesian Show,"3599 N Federal Hwy, Fort Lauderdale, FL 33308, USA",http://www.maikai.com/
Kenyan,SOS Cafe,"3076 95th Dr, Live Oak, FL 32060, USA",https://www.musicliveshere.com/sos-cafe-and-music-hall/
Korean,Fusion Buffet,"6835 US-129, Live Oak, FL 32060, USA",https://www.facebook.com/Fusion-Buffet-1496235247259884/
Algerian,Brown Lantern,"417 E Howard St, Live Oak, FL 32064, USA",
Nigerian,Fusion Buffet,"6835 US-129, Live Oak, FL 32060, USA",https://www.facebook.com/Fusion-Buffet-1496235247259884/
Libyan,Brown Lantern,"417 E Howard St, Live Oak, FL 32064, USA",
Libyan,Fusion Buffet,"6835 US-129, Live Oak, FL 32060, USA",https://www.facebook.com/Fusion-Buffet-1496235247259884/
Libyan,Big Wood BBQ and Grill,"314 72nd Trace, Live Oak, FL 32064, USA",http://bigwoodbbqandgrill.com/
Libyan,SOS Cafe,"3076 95th Dr, Live Oak, FL 32060, USA",https://www.musicliveshere.com/sos-cafe-and-music-hall/
Libyan,THE 406,"406 Duval St NE, Live Oak, FL 32064, USA",http://www.the406restaurant.com/
Libyan,Dixie Grill,"101 Dowling Ave SE, Live Oak, FL 32064, USA",https://thedixiegrill.com/
Libyan,The Branford Gathering,"116 Suwannee Ave SW, Branford, FL 32008, USA",http://thegathering1993.com/
Libyan,Sisters Café,"26804 FL-247, Branford, FL 32008, USA",
Moroccan,Merguez Restaurant,"11901 International Dr, Orlando, FL 32821, USA",https://www.merguez.restaurant/
Lebanese,Brown Lantern,"417 E Howard St, Live Oak, FL 32064, USA",
Lebanese,Big Wood BBQ and Grill,"314 72nd Trace, Live Oak, FL 32064, USA",http://bigwoodbbqandgrill.com/
Lebanese,Fusion Buffet,"6835 US-129, Live Oak, FL 32060, USA",https://www.facebook.com/Fusion-Buffet-1496235247259884/
Lebanese,Pizza Hut,"625 Ohio Ave S, Live Oak, FL 32060, USA",https://locations.pizzahut.com/fl/live-oak/625-s-ohio-ave?utm_medium=organic&utm_source=local&utm_campaign=googlelistings&utm_content=website&utm_term=299360
Lebanese,SOS Cafe,"3076 95th Dr, Live Oak, FL 32060, USA",https://www.musicliveshere.com/sos-cafe-and-music-hall/
Lebanese,Piesanos Lake City,"2465 W US Hwy 90, Lake City, FL 32055, USA",http://www.piesanostogo.com/
Lebanese,Olive Garden Italian Restaurant,"3072 W US Hwy 90, Lake City, FL 32055, USA",https://www.olivegarden.com/locations/fl/lake-city/lake-city/4442?cmpid=br:og_ag:ie_ch:loc_ca:OGGMB_sn:gmb_gt:lake-city-fl-4442_pl:locurl_rd:1783
Lebanese,Habibi Lebanese Restaurant,"6651 S Semoran Blvd #108, Orlando, FL 32822, USA",https://www.habibisemoranarab.com/
Lebanese,Arby's,"11459 SW 61st Wy, Jasper, FL 32052, USA",https://locations.arbys.com/fl/jasper/11459-southwest-61-way.html?utm_source=google%20my%20business&utm_medium=organic&utm_campaign=website%20link
Lebanese,Wendy's,"6723 US-129, Jasper, FL 32052, USA",https://locations.wendys.com/united-states/fl/jasper/6723-us-hwy-129-south?utm_source=Yext&utm_medium=Google_My_Business&utm_campaign=Local_Search&utm_content=EN_US
Lebanese,ShouFi MahFi Mediterranean Grill,"8379 S John Young Pkwy, Orlando, FL 32819, USA",https://shoufimahfigrill.com/
Lebanese,Arby's,"3289 W US Hwy 90, Lake City, FL 32055, USA",https://locations.arbys.com/fl/lakecity/3289-w-us-highway-90.html?utm_source=google%20my%20business&utm_medium=organic&utm_campaign=website%20link
Lebanese,Arby's,"3204 Co Rd 255, Lee, FL 32059, USA",https://locations.arbys.com/fl/lee/3204-se-county-rd-255.html?utm_source=google%20my%20business&utm_medium=organic&utm_campaign=website%20link
Lebanese,Panera Bread,"2670 W US Hwy 90 Suite 100, Lake City, FL 32055, USA",https://www.panerabread.com/en-us/cafe/locations/fl/lake-city/2670-west-us-highway-90?utm_medium=local&utm_source=google&utm_campaign=dpm-dist&utm_term=601846&utm_content=main
Lebanese,Subway,"5089 State Highway, Jasper, FL 32052, USA",https://restaurants.subway.com/united-states/fl/jasper/5089-state-highway?utm_source=yxt-goog&utm_medium=local&utm_term=acq&utm_content=63946&utm_campaign=evergreen-2020&y_source=1_MTQ5MDE4NzYtNzE1LWxvY2F0aW9uLndlYnNpdGU%3D
Lebanese,Al Forno Mediterranean Grill & Subs - UTC,"83 N Cattlemen Rd, Sarasota, FL 34243, USA",https://order.toasttab.com/online/al-forno
Lebanese,Beirut Bakery and Deli,"11757 S Orange Blossom Trl unit D, Orlando, FL 32837, USA",https://beirutbakery.menufy.com/
Lebanese,"Tienda, Taqueria y Panaderia Jerusalem","1089 SW Main Blvd, Lake City, FL 32025, USA",
Lebanese,Beirut Bites,"100 E 4th Ave, Mt Dora, FL 32757, USA",
Vietnamese,Fusion Buffet,"6835 US-129, Live Oak, FL 32060, USA",https://www.facebook.com/Fusion-Buffet-1496235247259884/
Vietnamese,Brown Lantern,"417 E Howard St, Live Oak, FL 32064, USA",
Vietnamese,SOS Cafe,"3076 95th Dr, Live Oak, FL 32060, USA",https://www.musicliveshere.com/sos-cafe-and-music-hall/
Vietnamese,Pho Ha Noi,"Gainesville, FL 32608, USA",https://phohanoignv.com/
Vietnamese,Pho Sai Gon,"11717 US-301, Oxford, FL 34484, USA",https://phosaigon1oxford.com/
Vietnamese,Red Ginger Asian Bistro,"2143 W US Hwy 90 Suite 101, Lake City, FL 32055, USA",http://www.redgingerfl.com/
Vietnamese,iPho Noodle House,"3005 W Lake Mary Blvd #108, Lake Mary, FL 32746, USA",https://www.skiplinow.com/shop/585878d
Vietnamese,Big Wood BBQ and Grill,"314 72nd Trace, Live Oak, FL 32064, USA",http://bigwoodbbqandgrill.com/
Vietnamese,Fu King Chinese Restaurant,"649 SW Main Blvd, Lake City, FL 32025, USA",
Vietnamese,Phở Village,"17860 SE 109th Ave Unit 600, Summerfield, FL 34491, USA",
Vietnamese,Hong Yip Restaurant,"905 SW Main Blvd, Lake City, FL 32025, USA",http://hongyiplakecity.kwickmenu.com/
Vietnamese,Saigon Fusion,"16700 US-441, Mt Dora, FL 32757, USA",http://www.saigonfusionfl.com/
Vietnamese,Panda Express,"2916 W US Hwy 90, Lake City, FL 32055, USA",https://www.pandaexpress.com/locations/fl/lake-city/2468
Vietnamese,Mia's Vietnamese Cuisine FL,"2720 Stickney Point Rd, Sarasota, FL 34231, USA",https://www.miasvietcuisinefl.com/
Vietnamese,Suwannee Belle Landing,"282 SE 989th St, Old Town, FL 32680, USA",
Vietnamese,Noodle House Vietnamese Restaurant,"4461 FL-7, Lauderdale Lakes, FL 33319, USA",http://noodlehousevietnamesefl.com/
Vietnamese,Le Mekong Vietnamese Cuisine,"10900 Medlock Bridge Rd #105, Johns Creek, GA 30097, USA",http://www.lemekongcuisine.com/
Vietnamese,Pho 24,"1825-C Mall of Georgia Blvd, Buford, GA 30519, USA",https://pho24buford.com/
Vietnamese,Saigon Flavors,"3573 Aloma Ave, Oviedo, FL 32765, USA",https://www.saigonflavors.getsauce.com/
Vietnamese,Pho Street,"4304 14th St W, Bradenton, FL 34205, USA",
Hungarian,SOS Cafe,"3076 95th Dr, Live Oak, FL 32060, USA",https://www.musicliveshere.com/sos-cafe-and-music-hall/
Mediterranean,Big Wood BBQ and Grill,"314 72nd Trace, Live Oak, FL 32064, USA",http://bigwoodbbqandgrill.com/
Mediterranean,Brown Lantern,"417 E Howard St, Live Oak, FL 32064, USA",
Mediterranean,SOS Cafe,"3076 95th Dr, Live Oak, FL 32060, USA",https://www.musicliveshere.com/sos-cafe-and-music-hall/
Mediterranean,Fusion Buffet,"6835 US-129, Live Oak, FL 32060, USA",https://www.facebook.com/Fusion-Buffet-1496235247259884/
Mediterranean,THE 406,"406 Duval St NE, Live Oak, FL 32064, USA",http://www.the406restaurant.com/
Mediterranean,The Live Oak Gathering,"1401 Ohio Ave N, Live Oak, FL 32064, USA",http://thegathering1993.com/
Mediterranean,Downtown Cafe,"229 W Howard St, Live Oak, FL 32064, USA",https://www.facebook.com/Down-Town-Cafe-368836782227/
Mediterranean,Pizza Hut,"625 Ohio Ave S, Live Oak, FL 32060, USA",https://locations.pizzahut.com/fl/live-oak/625-s-ohio-ave?utm_medium=organic&utm_source=local&utm_campaign=googlelistings&utm_content=website&utm_term=299360
Mediterranean,Olive Garden Italian Restaurant,"3072 W US Hwy 90, Lake City, FL 32055, USA",https://www.olivegarden.com/locations/fl/lake-city/lake-city/4442?cmpid=br:og_ag:ie_ch:loc_ca:OGGMB_sn:gmb_gt:lake-city-fl-4442_pl:locurl_rd:1783
Mediterranean,Piesanos Lake City,"2465 W US Hwy 90, Lake City, FL 32055, USA",http://www.piesanostogo.com/
Mediterranean,Taziki's Mediterranean Cafe - Suwanee,"1095 Old Peachtree Rd NW, Suwanee, GA 30024, USA",https://www.tazikis.com/location/suwanee/
Mediterranean,Arby's,"11459 SW 61st Wy, Jasper, FL 32052, USA",https://locations.arbys.com/fl/jasper/11459-southwest-61-way.html?utm_source=google%20my%20business&utm_medium=organic&utm_campaign=website%20link
Mediterranean,Wendy's,"6723 US-129, Jasper, FL 32052, USA",https://locations.wendys.com/united-states/fl/jasper/6723-us-hwy-129-south?utm_source=Yext&utm_medium=Google_My_Business&utm_campaign=Local_Search&utm_content=EN_US
Mediterranean,Salt Creek Restaurant,"23440 SE 349 Hwy, Suwannee, FL 32692, USA",
Mediterranean,Subway,"5089 State Highway, Jasper, FL 32052, USA",https://restaurants.subway.com/united-states/fl/jasper/5089-state-highway?utm_source=yxt-goog&utm_medium=local&utm_term=acq&utm_content=63946&utm_campaign=evergreen-2020&y_source=1_MTQ5MDE4NzYtNzE1LWxvY2F0aW9uLndlYnNpdGU%3D
Mediterranean,Apollonia Grill - Landings Sarasota,"4956 S Tamiami Trail, Sarasota, FL 34231, USA",http://www.apolloniagrill.com/
Mediterranean,Panera Bread,"2670 W US Hwy 90 Suite 100, Lake City, FL 32055, USA",https://www.panerabread.com/en-us/cafe/locations/fl/lake-city/2670-west-us-highway-90?utm_medium=local&utm_source=google&utm_campaign=dpm-dist&utm_term=601846&utm_content=main
Mediterranean,Arby's,"3289 W US Hwy 90, Lake City, FL 32055, USA",https://locations.arbys.com/fl/lakecity/3289-w-us-highway-90.html?utm_source=google%20my%20business&utm_medium=organic&utm_campaign=website%20link
Mediterranean,Al Shishkebab,"7045 Ridge Rd, Port Richey, FL 34668, USA",
Mediterranean,Apollonia Grill,"8235 Cooper Creek Blvd, Bradenton, FL 34201, USA",https://www.apolloniagrill.com/
Ethiopian,Fusion Buffet,"6835 US-129, Live Oak, FL 32060, USA",https://www.facebook.com/Fusion-Buffet-1496235247259884/
Caribbean,Clauta's Caribbean Shack,"577 E Duval St, Lake City, FL 32055, USA",https://www.facebook.com/clautasshack/
Soul,"Mrs. A’s Mobile Kitchen, LLC","615 Church Ave SW, Live Oak, FL 32064, USA",
Argentinian,Renzo's,"3644 W Kennedy Blvd, Tampa, FL 33609, USA",https://www.renzos.com/
Chilean,Latin Flavor Cafe,"111 W Howard St, Live Oak, FL 32064, USA",
Colombian,Latin Flavor Cafe,"111 W Howard St, Live Oak, FL 32064, USA",
Colombian,Taqueria Los Cabrones LLC,"6647 US-129, Live Oak, FL 32060, USA",https://www.facebook.com/taquerialoscabrones?mibextid=LQQJ4d
Colombian,La Antioquena Restaurant,"3861 Lake Emma Rd, Lake Mary, FL 32746, USA",http://www.colombianfoodlakemary.com/
Colombian,Colombia La Bella Lake Mary,"3801 W Lake Mary Blvd, Lake Mary, FL 32746, USA",https://www.colombialabellafl.com/
Colombian,LA TRI COLOR “Antojitos Colombianos “,"444 U.S. Hwy 17-92 N, Haines City, FL 33844, USA",
Colombian,Simon Parrilla Bar and Grill of Longwood Fl.,"295 S Ronald Reagan Blvd, Longwood, FL 32750, USA",https://simonparrillaorlando.com/
Colombian,Big Wood BBQ and Grill,"314 72nd Trace, Live Oak, FL 32064, USA",http://bigwoodbbqandgrill.com/
Colombian,El Antojo Colombiano,"300 E Hinson Ave, Haines City, FL 33844, USA",https://elantojocolombianofl.com/
Colombian,Brown Lantern,"417 E Howard St, Live Oak, FL 32064, USA",
Colombian,Medellin Burger Steak & Bar,"1349 E Altamonte Dr suite 1011, Altamonte Springs, FL 32701, USA",https://medellinburgersteakbarfl.com/
Colombian,Fusion Buffet,"6835 US-129, Live Oak, FL 32060, USA",https://www.facebook.com/Fusion-Buffet-1496235247259884/
Colombian,SOS Cafe,"3076 95th Dr, Live Oak, FL 32060, USA",https://www.musicliveshere.com/sos-cafe-and-music-hall/
Colombian,Rinconcito colombiano,"481 N State Rd 434 Suit 1010, Altamonte Springs, FL 32714, USA",
Costa Rican,Fuego Azteca Mexican Bar and Grill,"203 Ohio Ave N, Live Oak, FL 32064, USA",
Czech,SOS Cafe,"3076 95th Dr, Live Oak, FL 32060, USA",https://www.musicliveshere.com/sos-cafe-and-music-hall/
Danish,SOS Cafe,"3076 95th Dr, Live Oak, FL 32060, USA",https://www.musicliveshere.com/sos-cafe-and-music-hall/
Dutch,Dixie Grill,"101 Dowling Ave SE, Live Oak, FL 32064, USA",https://thedixiegrill.com/
Ecuadorian,Brown Lantern,"417 E Howard St, Live Oak, FL 32064, USA",
Finnish,SOS Cafe,"3076 95th Dr, Live Oak, FL 32060, USA",https://www.musicliveshere.com/sos-cafe-and-music-hall/
Ghanaian,Ivoire Delice African Restaurant,"1116 N Main St, Gainesville, FL 32601, USA",
Guatemalan,Brown Lantern,"417 E Howard St, Live Oak, FL 32064, USA",
Honduran,Tipicos Antojitos Hondureños,"5912 University Blvd W, Jacksonville, FL 32216, USA",
Icelandic,Brown Lantern,"417 E Howard St, Live Oak, FL 32064, USA",
Indonesian,Fusion Buffet,"6835 US-129, Live Oak, FL 32060, USA",https://www.facebook.com/Fusion-Buffet-1496235247259884/
Iranian,Fusion Buffet,"6835 US-129, Live Oak, FL 32060, USA",https://www.facebook.com/Fusion-Buffet-1496235247259884/
Israeli,SOS Cafe,"3076 95th Dr, Live Oak, FL 32060, USA",https://www.musicliveshere.com/sos-cafe-and-music-hall/
Jamaican,Janet's Jamaican Cuisine,"802 9th St, Live Oak, FL 32064, USA",
Kuwaiti,THE 406,"406 Duval St NE, Live Oak, FL 32064, USA",http://www.the406restaurant.com/
Kuwaiti,Big Wood BBQ and Grill,"314 72nd Trace, Live Oak, FL 32064, USA",http://bigwoodbbqandgrill.com/
Kuwaiti,Dixie Grill,"101 Dowling Ave SE, Live Oak, FL 32064, USA",https://thedixiegrill.com/
Kuwaiti,Brown Lantern,"417 E Howard St, Live Oak, FL 32064, USA",
Kuwaiti,SOS Cafe,"3076 95th Dr, Live Oak, FL 32060, USA",https://www.musicliveshere.com/sos-cafe-and-music-hall/
Kuwaiti,Fusion Buffet,"6835 US-129, Live Oak, FL 32060, USA",https://www.facebook.com/Fusion-Buffet-1496235247259884/
Kuwaiti,The Branford Gathering,"116 Suwannee Ave SW, Branford, FL 32008, USA",http://thegathering1993.com/
Kuwaiti,Sisters Café,"26804 FL-247, Branford, FL 32008, USA",
Kuwaiti,China House,"508 Plant Ave SW, Branford, FL 32008, USA",http://chinahousebranford.com/
Kuwaiti,Our Place Pizzeria​ and Ristorante,"403 SW Suwannee Ave, Branford, FL 32008, USA",https://www.ourplacepizzeriaristorante.com/?utm_source=gbp
Laotian,Fusion Buffet,"6835 US-129, Live Oak, FL 32060, USA",https://www.facebook.com/Fusion-Buffet-1496235247259884/
Laotian,SOS Cafe,"3076 95th Dr, Live Oak, FL 32060, USA",https://www.musicliveshere.com/sos-cafe-and-music-hall/
Laotian,Brown Lantern,"417 E Howard St, Live Oak, FL 32064, USA",
Laotian,Big Wood BBQ and Grill,"314 72nd Trace, Live Oak, FL 32064, USA",http://bigwoodbbqandgrill.com/
Laotian,Savanh Of Laos,"5667 Seminole Blvd, Seminole, FL 33772, USA",https://www.savanhoflaos.com/
Laotian,Dali’s Lao Thai Cafe,"1181 Rinehart Rd, Sanford, FL 32771, USA",
Lithuanian,Brown Lantern,"417 E Howard St, Live Oak, FL 32064, USA",
Malaysian,Fusion Buffet,"6835 US-129, Live Oak, FL 32060, USA",https://www.facebook.com/Fusion-Buffet-1496235247259884/
Mongolian,MoMo's Mongolian Grill & Sushi,"10522 Wilmott Dr, White Springs, FL 32096, USA",
Nepalese,Fusion Buffet,"6835 US-129, Live Oak, FL 32060, USA",https://www.facebook.com/Fusion-Buffet-1496235247259884/
Nicaraguan,Fritanga Cana Brava,"2795 NW 7th St, Miami, FL 33125, USA",
Norwegian,SOS Cafe,"3076 95th Dr, Live Oak, FL 32060, USA",https://www.musicliveshere.com/sos-cafe-and-music-hall/
Pakistani,Fusion Buffet,"6835 US-129, Live Oak, FL 32060, USA",https://www.facebook.com/Fusion-Buffet-1496235247259884/
Pakistani,Big Wood BBQ and Grill,"314 72nd Trace, Live Oak, FL 32064, USA",http://bigwoodbbqandgrill.com/
Pakistani,Brown Lantern,"417 E Howard St, Live Oak, FL 32064, USA",
Pakistani,Dixie Grill,"101 Dowling Ave SE, Live Oak, FL 32064, USA",https://thedixiegrill.com/
Pakistani,THE 406,"406 Duval St NE, Live Oak, FL 32064, USA",http://www.the406restaurant.com/
Pakistani,SOS Cafe,"3076 95th Dr, Live Oak, FL 32060, USA",https://www.musicliveshere.com/sos-cafe-and-music-hall/
Pakistani,The Branford Gathering,"116 Suwannee Ave SW, Branford, FL 32008, USA",http://thegathering1993.com/
Pakistani,Italian Pizzeria and Restaurant,"602 Howard St, Live Oak, FL 32064, USA",http://www.italianpizzeriafl.com/
Pakistani,Sisters Café,"26804 FL-247, Branford, FL 32008, USA",
Pakistani,Tarka Karahi and Kabab House,"7881 W Sample Rd, Coral Springs, FL 33065, USA",
Panamanian,Brown Lantern,"417 E Howard St, Live Oak, FL 32064, USA",
Paraguayan,Fusion Buffet,"6835 US-129, Live Oak, FL 32060, USA",https://www.facebook.com/Fusion-Buffet-1496235247259884/
Peruvian,Aromas Del Peru,"17225 S Dixie Hwy STE 100, Palmetto Bay, FL 33157, USA",https://aromasperu.com/locations/palmetto-bay/
Peruvian,Peruvian Food Blessing,"7249 NW 4th Blvd, Gainesville, FL 32607, USA",http://www.peruvianfoodblessing.com/
Peruvian,El Pollon Restaurant,"355 N Ronald Reagan Blvd UNIT 1001, Longwood, FL 32750, USA",https://www.elpollonrestaurant.com/
Peruvian,CVI.CHE 105,"19501 Biscayne Blvd, Aventura, FL 33180, USA",https://www.ceviche105.com/
Peruvian,Pachamanka Authentic Peruvian Cuisine,"Access by side Alley, 321 Johnson St, Hollywood, FL 33019, USA",http://pachamankarestaurant.com/
Peruvian,Peruvian Ceviches + Bar,"14501 S Dixie Hwy, Miami, FL 33176, USA",https://instagram.com/peruviancevichesbar?igshid=YWJhMjlhZTc=
Peruvian,Ceviche Inka Miami,"3155 NE 163rd St, North Miami Beach, FL 33160, USA",https://cevicheinkamiami.com/
Peruvian,Peruvian Grill Sarasota,"3131 Clark Rd, Sarasota, FL 34231, USA",https://www.sarasotaperuviangrill.com/
Peruvian,Ají Ceviche Bar,"11236 S Orange Blossom Trl, Orlando, FL 32837, USA",http://www.ajicevichebarorlando.com/
Peruvian,Salt Creek Restaurant,"23440 SE 349 Hwy, Suwannee, FL 32692, USA",
Peruvian,Ceviches Peru Beach,"7101 Collins Ave, Miami Beach, FL 33141, USA",http://www.cevichesperufl.com/
Peruvian,Inkawasi Restaurant,"10667 Boardwalk Loop, Lakewood Ranch, FL 34202, USA",http://www.inkawasirestaurant.com/
Peruvian,Neighborhood Corner Stone LLC,"164 NE Railroad St, Lake City, FL 32055, USA",
Peruvian,Kousine Fort Lauderdale,"841 N Fort Lauderdale Beach Blvd, Fort Lauderdale, FL 33304, USA",https://www.kousine.getsauce.com/?utm_source=GMB&utm_medium=Website+Button&utm_id=kousine
Peruvian,Jessica's Bistro,"426 SW Commerce Dr # 115, Lake City, FL 32025, USA",
Peruvian,Bravo Peruvian Kitchen,"9711 W Sample Rd, Coral Springs, FL 33076, USA",http://www.bravoperuviankitchen.com/
Peruvian,Aromas del Peru,"5757 SW 8th St, Miami, FL 33144, USA",https://aromasperu.com/locations/west-miami/
Peruvian,Locura Marina Peruvian Restaurant,"7118 Collins Ave, Miami Beach, FL 33141, USA",https://amzn.to/3PQVDqQ
Peruvian,Sabor A Peru En Miami,"2927 Biscayne Blvd, Miami, FL 33137, USA",http://www.saboraperu.net/
Peruvian,Lima Peru,"909 N Broadwalk, Hollywood, FL 33019, USA",
Philippine,Filipino Flavors,"25740 W Newberry Rd, Newberry, FL 32669, USA",https://filipinoflavorsfl.com/
Polish,I Love Pierogis Food Truck,"St. Augustine, FL 32084, USA",https://www.facebook.com/profile.php?id=100057393761819&mibextid=LQQJ4d
Polish,Salt & Sweet Restaurant,"3092 Lake Washington Rd, Melbourne, FL 32934, USA",http://www.saltandsweet.net/
Polish,Anna's Polish Restaurant,"3586 Aloma Ave #7, Winter Park, FL 32792, USA",
Polish,Cracovia Polish Restaurant - Deli & Bakery,"3007 Commercial Way, Spring Hill, FL 34606, USA",https://cracoviapolishspringhill.com/
Polish,Grace's Taste of Poland,"18513 Satsuma Ave, 19190 Cochran Blvd, Port Charlotte, FL 33948, USA",https://www.facebook.com/GracesTasteofPoland/
Polish,Salt Creek Restaurant,"23440 SE 349 Hwy, Suwannee, FL 32692, USA",
Polish,Pierogi Grill,"1535 Gulf to Bay Blvd, Clearwater, FL 33755, USA",https://www.facebook.com/pierogigrill/
Polish,T&T BBQ and Southern Home Cooking,"5463 FL-6 West, Jasper, FL 32052, USA",https://m.facebook.com/SouthernRootsBarbecue/
Polish,Polish Delicatessen,"1322 W N Blvd, Leesburg, FL 34748, USA",
Polish,Suwannee Room,"William Johnston Building, 143 Honors Way, Tallahassee, FL 32304, USA",https://seminoledining.campusdish.com/LocationsAndMenus/Suwannee
Polish,Rogie Pierogies,"1445 N Congress Ave Suite 11, Delray Beach, FL 33445, USA",http://www.rogiepierogies.com/
Polish,Lacomka Bakery & Russian Store - Orlando FL,"2050 FL-436 #140, Winter Park, FL 32792, USA",https://www.lacomkaorlando.com/
Polish,Old World Polish Deli,"1390 Federal Hwy, Pompano Beach, FL 33062, USA",http://www.oldworldpolishdeli.com/
Polish,Europol Polish Deli,"3090 Aloma Ave, Winter Park, FL 32792, USA",
Polish,Publix Super Markets Inc.,"2215 Ohio Ave N, Live Oak, FL 32064, USA",http://www.publix.com/
Polish,Polka European Market & Deli,"3950 NW Federal Hwy, Jensen Beach, FL 34957, USA",http://polka-deli.poi.place/
Polish,Treasure Camp,"15249 NW 46th Ln, Chiefland, FL 32626, USA",http://www.treasurecamp.online/
Polish,Krakus Polish Deli,"7306 Southgate Blvd, North Lauderdale, FL 33068, USA",http://www.krakusdelifl.com/
Polish,Dollar General,"23322 NW County Rd 250, Live Oak, FL 32060, USA",https://www.dollargeneral.com/store-directory/fl/live-oak/16349
Puerto Rican,Latin Flavor Cafe,"111 W Howard St, Live Oak, FL 32064, USA",
Puerto Rican,Sandy's Cafe & Bakery Inc,"426 E Howard St, Live Oak, FL 32064, USA",
Puerto Rican,Fuego Azteca Mexican Bar and Grill,"203 Ohio Ave N, Live Oak, FL 32064, USA",
Puerto Rican,Brown Lantern,"417 E Howard St, Live Oak, FL 32064, USA",
Puerto Rican,Big Wood BBQ and Grill,"314 72nd Trace, Live Oak, FL 32064, USA",http://bigwoodbbqandgrill.com/
Puerto Rican,Pepe's Grocery Store & Restaurant,"965 Howard St, Live Oak, FL 32064, USA",
Puerto Rican,Fusion Buffet,"6835 US-129, Live Oak, FL 32060, USA",https://www.facebook.com/Fusion-Buffet-1496235247259884/
Puerto Rican,"Pa'lla Voy Restaurant, LLC","1732 Rinehart Rd, Sanford, FL 32771, USA",https://pallavoyrestaurant.com/?utm_campaign=gmb
Puerto Rican,El Sabor Ponceño #2,"2255 U.S. Hwy 17-92 N, Haines City, FL 33844, USA",https://www.facebook.com/ElSaborPoncenoFL/
Puerto Rican,Pal Campo Restaurant Lake Mary,"1120 Townpark Ave Ste 1002, Lake Mary, FL 32746, USA",https://palcamporestaurant.com/
Puerto Rican,Sabor Latino Puerto Rican Cuisine & Gallery,"777 Deltona Blvd, Deltona, FL 32725, USA",http://www.saborlatinodeltona.com/
Puerto Rican,El Rincón Isleño,"2255 U.S. Hwy 17-92 N, Haines City, FL 33844, USA",https://instagram.com/elrinconisleno
Puerto Rican,El Pegao Restaurant,"2177 Kingsley Ave #13, Orange Park, FL 32073, USA",https://facebook.com/eloegaorestaurant
Puerto Rican,Taco Bell,"6804 US-129, Live Oak, FL 32060, USA",https://locations.tacobell.com/fl/live-oak/6804-us-highway-129.html?utm_source=yext&utm_campaign=googlelistings&utm_medium=referral&utm_term=036299&utm_content=website&y_source=1_NjE0MjUxOS03MTUtbG9jYXRpb24ud2Vic2l0ZQ%3D%3D
Puerto Rican,SOS Cafe,"3076 95th Dr, Live Oak, FL 32060, USA",https://www.musicliveshere.com/sos-cafe-and-music-hall/
Puerto Rican,La Criolla Cafe & Restaurant,"39895 US Hwy 27, Davenport, FL 33837, USA",http://www.lacriollacafe.com/
Puerto Rican,Mi Casa Kitchen,"2520 N Ronald Reagan Blvd #148, Longwood, FL 32750, USA",http://www.micasakitchen.com/
Puerto Rican,La Garita Chinchorreo y Algo Más,"28067 US Hwy 27, Dundee, FL 33838, USA",https://www.facebook.com/la.garita.wh
Puerto Rican,Pampy's Cuban Bakery,"4475 FL-47, Lake City, FL 32024, USA",https://www.pampyslatinfood.com/
Puerto Rican,Waffle House,"6635 US-129, Live Oak, FL 32060, USA",https://locations.wafflehouse.com/liveoak-fl-1214
Romanian,SOS Cafe,"3076 95th Dr, Live Oak, FL 32060, USA",https://www.musicliveshere.com/sos-cafe-and-music-hall/
Saudi Arabian,Big Wood BBQ and Grill,"314 72nd Trace, Live Oak, FL 32064, USA",http://bigwoodbbqandgrill.com/
Singaporean,Fusion Buffet,"6835 US-129, Live Oak, FL 32060, USA",https://www.facebook.com/Fusion-Buffet-1496235247259884/
Singaporean,Sakura Sushi and Grill Restaurant,"1548 Ohio Ave S, Live Oak, FL 32064, USA",https://www.sakuraliveoakfl.com/5oegiulg/restaurant/order-online
Singaporean,Brown Lantern,"417 E Howard St, Live Oak, FL 32064, USA",
Singaporean,China Tasty,"927 Ohio Ave S, Live Oak, FL 32064, USA",
Singaporean,SOS Cafe,"3076 95th Dr, Live Oak, FL 32060, USA",https://www.musicliveshere.com/sos-cafe-and-music-hall/
Singaporean,THE 406,"406 Duval St NE, Live Oak, FL 32064, USA",http://www.the406restaurant.com/
Singaporean,Red Ginger Asian Bistro,"2143 W US Hwy 90 Suite 101, Lake City, FL 32055, USA",http://www.redgingerfl.com/
Singaporean,The Live Oak Gathering,"1401 Ohio Ave N, Live Oak, FL 32064, USA",http://thegathering1993.com/
Singaporean,Big Wood BBQ and Grill,"314 72nd Trace, Live Oak, FL 32064, USA",http://bigwoodbbqandgrill.com/
Singaporean,Chinatown,"1546 S Ohio Ave N, Live Oak, FL 32064, USA",
Singaporean,Suwannee Belle Landing,"282 SE 989th St, Old Town, FL 32680, USA",
Singaporean,Hong Yip Restaurant,"905 SW Main Blvd, Lake City, FL 32025, USA",http://hongyiplakecity.kwickmenu.com/
Singaporean,Dixie Grill,"101 Dowling Ave SE, Live Oak, FL 32064, USA",https://thedixiegrill.com/
Singaporean,China Wok,"471 FL-247 #113, Lake City, FL 32025, USA",
Singaporean,The Branford Gathering,"116 Suwannee Ave SW, Branford, FL 32008, USA",http://thegathering1993.com/
Singaporean,Sisters Café,"26804 FL-247, Branford, FL 32008, USA",
Slovak,SOS Cafe,"3076 95th Dr, Live Oak, FL 32060, USA",https://www.musicliveshere.com/sos-cafe-and-music-hall/
Slovenian,SOS Cafe,"3076 95th Dr, Live Oak, FL 32060, USA",https://www.musicliveshere.com/sos-cafe-and-music-hall/
Somali,East African Restaurant- Somali,"7277 Turfway Rd SUITE C, Florence, KY 41042, USA",http://earestaurant.com/
South African,Ivoire Delice African Restaurant,"1116 N Main St, Gainesville, FL 32601, USA",
Sri Lankan,Fusion Buffet,"6835 US-129, Live Oak, FL 32060, USA",https://www.facebook.com/Fusion-Buffet-1496235247259884/
Swiss,SOS Cafe,"3076 95th Dr, Live Oak, FL 32060, USA",https://www.musicliveshere.com/sos-cafe-and-music-hall/
Syrian,Damascus city food,"1542 W University Ave, Gainesville, FL 32603, USA",
Taiwanese,Fusion Buffet,"6835 US-129, Live Oak, FL 32060, USA",https://www.facebook.com/Fusion-Buffet-1496235247259884/
Taiwanese,China Tasty,"927 Ohio Ave S, Live Oak, FL 32064, USA",
Taiwanese,OEC Taiwanese Cuisine,"5270 W Colonial Dr, Orlando, FL 32808, USA",https://oectaiwanesecuisinefl.kwickmenu.com/index.php
Taiwanese,Brown Lantern,"417 E Howard St, Live Oak, FL 32064, USA",
Taiwanese,SOS Cafe,"3076 95th Dr, Live Oak, FL 32060, USA",https://www.musicliveshere.com/sos-cafe-and-music-hall/
Thai,Brown Lantern,"417 E Howard St, Live Oak, FL 32064, USA",
Thai,Beef 'O' Brady's - Best Restaurant in Live Oak,"6844 Suwannee Plaza Ln, Live Oak, FL 32060, USA",https://www.beefobradys.com/liveoak
Thai,Red Ginger Asian Bistro,"2143 W US Hwy 90 Suite 101, Lake City, FL 32055, USA",http://www.redgingerfl.com/
Thai,Thai Ruby At Lake Sumter,"1064 Canal St, Lady Lake, FL 32162, USA",https://www.facebook.com/Thairubytogo/
Thai,Snay Thai,"445 Plaza Dr, Eustis, FL 32726, USA",https://www.snaythairestaurant.com/
Thai,Aloy Dee Thai Cuisine,"925 N Bay St, Eustis, FL 32726, USA",https://www.aloydeefl.com/
Thai,Fu King Chinese Restaurant,"649 SW Main Blvd, Lake City, FL 32025, USA",
Thai,Ahan Thai Kitchen,"474260 E State Rd 200, Fernandina Beach, FL 32034, USA",https://www.ahanthaifernandina.com/
Thai,Talay Thai Cuisine,"1197 Old Peachtree Rd NW #H, Suwanee, GA 30024, USA",http://www.talayasian.com/
Thai,China Wok,"471 FL-247 #113, Lake City, FL 32025, USA",
Thai,Thai Hut Garden,"109 Racetrack Rd NE, Fort Walton Beach, FL 32547, USA",https://www.thaihutgardenfortwaltonracetrack.com/
Thai,Sunshine Chinese - Thai Restaurant,"525 Peachtree Industrial Blvd, Suwanee, GA 30024, USA",https://sunshinechinesethai.kwickmenu.com/
Thai,Hong Yip Restaurant,"905 SW Main Blvd, Lake City, FL 32025, USA",http://hongyiplakecity.kwickmenu.com/
Thai,Thai Hut Garden 2,"8137 Navarre Pkwy, Navarre, FL 32566, USA",http://thaihutgardenfl.com/
Thai,Salt Creek Restaurant,"23440 SE 349 Hwy, Suwannee, FL 32692, USA",
Thai,Thai Kitchen by Saowanee,"1781 Dunlawton Ave #3, Port Orange, FL 32127, USA",https://www.thaikitchenbysaowanee.com/
Thai,Tomiyama Sushi And Hibachi,"315 Peachtree Industrial Blvd, Suwanee, GA 30024, USA",https://www.tomiyamasushi.com/
Thai,Tani Thai Restaurant,"15 E Main St NE, Buford, GA 30518, USA",http://www.tanithai.com/
Thai,Golden Seven Suwanee,"320 Town Center Ave Ste C-8, Suwanee, GA 30024, USA",http://www.goldensevensuwanee.com/
Thai,Wasabi,"313 NW Commons Loop, Lake City, FL 32055, USA",https://lakecitywasabi.com/
Tunisian,Brown Lantern,"417 E Howard St, Live Oak, FL 32064, USA",
Ukrainian,Brown Lantern,"417 E Howard St, Live Oak, FL 32064, USA",
Uruguayan,Dona Paulina,"8263 Bird Rd, Miami, FL 33155, USA",https://donapaulina.iposeats.com/
Venezuelan,La Maracucha Venezuelan Restaurant,"1023 W University Ave, Gainesville, FL 32601, USA",http://lamaracucha-restaurant.square.site/
Vietnamese,Fusion Buffet,"6835 US-129, Live Oak, FL 32060, USA",https://www.facebook.com/Fusion-Buffet-1496235247259884/
Vietnamese,Brown Lantern,"417 E Howard St, Live Oak, FL 32064, USA",
Vietnamese,SOS Cafe,"3076 95th Dr, Live Oak, FL 32060, USA",https://www.musicliveshere.com/sos-cafe-and-music-hall/
Vietnamese,Pho Ha Noi,"Gainesville, FL 32608, USA",https://phohanoignv.com/
Vietnamese,Pho Sai Gon,"11717 US-301, Oxford, FL 34484, USA",https://phosaigon1oxford.com/
Vietnamese,Red Ginger Asian Bistro,"2143 W US Hwy 90 Suite 101, Lake City, FL 32055, USA",http://www.redgingerfl.com/
Vietnamese,iPho Noodle House,"3005 W Lake Mary Blvd #108, Lake Mary, FL 32746, USA",https://www.skiplinow.com/shop/585878d
Vietnamese,Big Wood BBQ and Grill,"314 72nd Trace, Live Oak, FL 32064, USA",http://bigwoodbbqandgrill.com/
Vietnamese,Fu King Chinese Restaurant,"649 SW Main Blvd, Lake City, FL 32025, USA",
Vietnamese,Phở Village,"17860 SE 109th Ave Unit 600, Summerfield, FL 34491, USA",
Vietnamese,Hong Yip Restaurant,"905 SW Main Blvd, Lake City, FL 32025, USA",http://hongyiplakecity.kwickmenu.com/
Vietnamese,Saigon Fusion,"16700 US-441, Mt Dora, FL 32757, USA",http://www.saigonfusionfl.com/
Vietnamese,Panda Express,"2916 W US Hwy 90, Lake City, FL 32055, USA",https://www.pandaexpress.com/locations/fl/lake-city/2468
Vietnamese,Mia's Vietnamese Cuisine FL,"2720 Stickney Point Rd, Sarasota, FL 34231, USA",https://www.miasvietcuisinefl.com/
Vietnamese,Suwannee Belle Landing,"282 SE 989th St, Old Town, FL 32680, USA",
Vietnamese,Noodle House Vietnamese Restaurant,"4461 FL-7, Lauderdale Lakes, FL 33319, USA",http://noodlehousevietnamesefl.com/
Vietnamese,Le Mekong Vietnamese Cuisine,"10900 Medlock Bridge Rd #105, Johns Creek, GA 30097, USA",http://www.lemekongcuisine.com/
Vietnamese,Pho 24,"1825-C Mall of Georgia Blvd, Buford, GA 30519, USA",https://pho24buford.com/
Vietnamese,Saigon Flavors,"3573 Aloma Ave, Oviedo, FL 32765, USA",https://www.saigonflavors.getsauce.com/
Vietnamese,Pho Street,"4304 14th St W, Bradenton, FL 34205, USA",
Yemeni,Brown Lantern,"417 E Howard St, Live Oak, FL 32064, USA",
Zambian,SOS Cafe,"3076 95th Dr, Live Oak, FL 32060, USA",https://www.musicliveshere.com/sos-cafe-and-music-hall/
Zambian,Fusion Buffet,"6835 US-129, Live Oak, FL 32060, USA",https://www.facebook.com/Fusion-Buffet-1496235247259884/
Zambian,Brown Lantern,"417 E Howard St, Live Oak, FL 32064, USA",
Zambian,Big Wood BBQ and Grill,"314 72nd Trace, Live Oak, FL 32064, USA",http://bigwoodbbqandgrill.com/
Zambian,Ivoire Delice African Restaurant,"1116 N Main St, Gainesville, FL 32601, USA",
Zimbabwean,SOS Cafe,"3076 95th Dr, Live Oak, FL 32060, USA",https://www.musicliveshere.com/sos-cafe-and-music-hall/
