Cuisine Type,Name,Address,Website
Mexican,Bordertown Mexican Grill,"538 Peace Portal Dr, Blaine, WA 98230, USA",https://bordertownmexicangrill.com/
Mexican,El Ranchito Family Mexican Restaurant,"8138 WA-539, Lynden, WA 98264, USA",
Mexican,Cancun Mexican Restaurant,"8874 Bender Rd STE 107, Lynden, WA 98264, USA",http://www.cancunmexrest.com/
Mexican,El Nopal Family Mexican Restaurant,"625 Cherry St, Sumas, WA 98295, USA",http://www.elnopalsumas.com/
Mexican,Marta's Cocina,"1710 Front St, Lynden, WA 98264, USA",https://martascocina.com/
Mexican,My Little Mexico,"870 E Pole Rd, Lynden, WA 98264, USA",http://mylittlemexiconw.com/
Mexican,Sol De Mexico Family Mexican Restaurant,"1120 Lakeway Dr, Bellingham, WA 98229, USA",https://soldemexicofamilymexicanrestaurantwa.com/
Mexican,Mi Mexico,"241 Telegraph Rd, Bellingham, WA 98226, USA",
Mexican,El Rinconcito Mexican Restaurant,"2416 Yew St, Bellingham, WA 98229, USA",https://www.elrinconcitobellingham.com/
Mexican,El Agave Mexican Restaurant,"207 N Samish Way, Bellingham, WA 98225, USA",http://elagaverestaurant.net/
Mexican,Señor Lopez Mexican Restaurant,"1200 Cornwall Ave, Bellingham, WA 98225, USA",http://senorlopezmex.com/
Mexican,El Agave Mexican Restaurant,"4 Clubhouse Cir, Bellingham, WA 98229, USA",http://elagaverestaurant.net/
Mexican,El Gitano Mexican Restaurant,"624 E Fairhaven Ave, Burlington, WA 98233, USA",https://www.elgitano.net/
Mexican,La Gloria Market,"4140 Meridian St, Bellingham, WA 98226, USA",http://lagloriamarket.com/
Mexican,El Gitano,"1125 E Sunset Dr, Bellingham, WA 98226, USA",http://www.elgitano.net/
Mexican,Playa Bonita Mexican Restaurant,"206 E Stanley St, Granite Falls, WA 98252, USA",http://playabonitarestaurant.com/
Mexican,Mestizo Mexican Family Restaurant,"617 Metcalf St, Sedro-Woolley, WA 98284, USA",http://mestizomexican.com/
Mexican,Paraiso Mexican Restaurant,"3611 168th St NE, Arlington, WA 98223, USA",https://paraiso-mexican-restaurant.com/
Mexican,Jalapeños Barkley Village,"2945 Newmarket St, Bellingham, WA 98226, USA",http://www.jalapenos-wa.com/
Mexican,Azteca Mexican Restaurants,"15704 Mill Creek Blvd #1, Mill Creek, WA 98012, USA",http://www.aztecamex.com/
Italian,Syros Greek & Italian Restaurant,"311 Front St, Lynden, WA 98264, USA",http://www.syrosgreekrestaurants.com/
Italian,Storia Cucina,"109 Grand Ave suite 102, Bellingham, WA 98225, USA",http://www.storiacucina.com/
Italian,Il Granaio Authentic Italian Restaurant,"100 W Montgomery St #110, Mount Vernon, WA 98273, USA",http://www.granaio.com/
Italian,Sliced,"70 Bellis Fair Pkwy, Bellingham, WA 98226, USA",https://www.sliced.biz/
Italian,D'Anna's Cafe Italiano,"1319 N State St, Bellingham, WA 98225, USA",http://dannascafeitaliano.com/
Italian,Veneto Italian Restaurant,"9468 Silverdale Way NW, Silverdale, WA 98383, USA",http://venetoitalianrestaurant.com/
Italian,Rifugio's Country Italian Cuisine,"5415 Mt Baker Hwy, Deming, WA 98244, USA",http://ilcafferifugio.com/
Italian,Nonna Luisa Ristorante,"314 Commercial Ave, Anacortes, WA 98221, USA",
Italian,Fiamma Pizza,"200 E Chestnut St, Bellingham, WA 98225, USA",http://www.lafiamma.com/
Italian,Sahara Pizza,"8115 Birch Bay Square St Suite 121, Blaine, WA 98230, USA",https://saharapizza.hungerrush.com/Order/Menu/1008
Italian,Calabria Ristorante Italiano,"3922 148th St SE #111, Bothell, WA 98012, USA",https://www.calabriamillcreek.com/
Italian,Bacco Trattoria Italiana,"9323 Martin Way E STE 108A, Olympia, WA 98516, USA",http://baccotrattoriaitaliana.com/
Italian,Nicko's Grotto,"232 Taylor St, Port Townsend, WA 98368, USA",https://nickosgrotto.com/contact-us
Italian,Pasta Nova Italiano,"17310 140th Ave NE, Woodinville, WA 98072, USA",http://www.pastanovaitaliano.com/
Italian,Paolo's Italian Restaurant,"23810 104th Ave SE, Kent, WA 98031, USA",http://www.paolositalian.com/
Italian,Il Siciliano Ristorante Italiano,"1118 Myrtle Ave, Enumclaw, WA 98022, USA",http://ilsicilianoristoranteitaliano.com/
Italian,Mondello Italian Restaurant,"2425 33rd Ave W #3, Seattle, WA 98199, USA",http://www.mondelloristorante.com/
Italian,Amarone Ristorante and Bar,"1084 NE Park Dr, Issaquah, WA 98029, USA",http://www.amaroneristorantebar.com/
Italian,Amici Italian Eatery,"9807 224th St E #100, Graham, WA 98338, USA",http://iloveamici.com/
Italian,Macaluso's Italian Restaurant,"5101 N Pearl St, Ruston, WA 98407, USA",https://macalusositalianrestaurant.com/
Spanish,Como Taperia,"201 E 7th Ave, Vancouver, BC V5T 0B4, Canada",https://www.comotaperia.com/
Spanish,España Restaurant,"1118 Denman St, Vancouver, BC V6G 2M8, Canada",http://www.espanarestaurant.ca/
Spanish,Castilla Restaurant and Tapas Bar,"504 Bellevue Square, Bellevue, WA 98004, USA",https://www.castillarestaurant.com/
Spanish,La Boqueria Tapas and Pintxos Bar,"291 E Pender St, Vancouver, BC V6A 1T8, Canada",http://www.boqueria.ca/
Spanish,El Ranchito Family Mexican Restaurant,"8138 WA-539, Lynden, WA 98264, USA",
Spanish,Marta's Cocina,"1710 Front St, Lynden, WA 98264, USA",https://martascocina.com/
Spanish,La Gloria Market,"4140 Meridian St, Bellingham, WA 98226, USA",http://lagloriamarket.com/
Spanish,El Gitano,"1125 E Sunset Dr, Bellingham, WA 98226, USA",http://www.elgitano.net/
Spanish,Sol De Mexico Family Mexican Restaurant,"1120 Lakeway Dr, Bellingham, WA 98229, USA",https://soldemexicofamilymexicanrestaurantwa.com/
Spanish,Mi Mexico,"241 Telegraph Rd, Bellingham, WA 98226, USA",
American,North Fork Kitchen at The Bush House Inn Restaurant,"305 5th St, Index, WA 98256, USA",https://northforkkitchen.com/
American,Washington Dining & Cocktails,"900 Northwest Mount Washington Drive, Bend, OR 97703, USA",http://washingtonbend.com/
American,Cracker Barrel Old Country Store,"1008 Trinity Cir, Washington, PA 15301, USA",https://www.crackerbarrel.com/Locations/States/pa/washington/441/?utm_source=google&utm_medium=maps&utm_campaign=crackerbarrelurl
American,The SpringHouse Country Market and Restaurant,"1531 PA-136, Washington, PA 15301, USA",http://www.springhousemarket.com/
American,Old Hich'en Post Restaurant,"10565 NW Glencoe Rd, North Plains, OR 97133, USA",
American,The Union Grill,"13 E Wheeling St, Washington, PA 15301, USA",https://www.theuniongrill.com/
American,Eat'n Park,"320 Oak Spring Rd, Washington, PA 15301, USA",https://locations.eatnpark.com/pa/washington/restaurants-55.html
American,The Eatery,"210 Racetrack Rd, Washington, PA 15301, USA",https://www.hollywoodmeadows.com/dining/the-eatery?utm_source=google&utm_medium=organic&utm_campaign=localseo
American,Shorty's Lunch,"34 W Chestnut St, Washington, PA 15301, USA",
American,Pop's and Rory's,"1500 W Chestnut St, Washington, PA 15301, USA",
American,Walnut Grill Washington,"373 Washington Rd, Washington, PA 15301, USA",http://eatwalnut.com/
American,Bilda's Friess Lake Pub,"4493 WI-167, Hubertus, WI 53033, USA",https://www.friesslakepub.com/
American,LongHorn Steakhouse,"377 Washington Rd, Washington, PA 15301, USA",https://www.longhornsteakhouse.com/locations/pa/washington/washington/5539?cmpid=br:lh_ag:ie_ch:loc_ca:LHGMB_sn:gmb_gt:washington-pa-5539_pl:locurl_rd:1468
American,Juniper Grill - Peters Township,"4000 Washington Rd, Peters Township, PA 15317, USA",https://junipergrill.com/?y_source=1_MjQwODg1NjktNzE1LWxvY2F0aW9uLndlYnNpdGU%3D
American,G&T Grill,"60 S Lincoln St, Washington, PA 15301, USA",https://www.washjeffdining.com/grill.html
American,Red Robin Gourmet Burgers and Brews,"20 Trinity Pl, Washington, PA 15301, USA",https://locations.redrobin.com/pa/washington/216/
American,Texas Roadhouse,"311 Washington Rd, Washington, PA 15301, USA",https://www.texasroadhouse.com/locations/pennsylvania/washington?utm_source=listing&utm_medium=search
American,Countryside Deli,"935 Henderson Ave, Washington, PA 15301, USA",http://thecountrysidedeli.com/
American,Five Stars Family Burger,"1284 E Baseline St, Cornelius, OR 97113, USA",https://m.facebook.com/Five-Star-Burgers-655516591243446/?ref=page_internal&mt_nav=1
American,Waffle House,"255 Murtland Ave, Washington, PA 15301, USA",https://locations.wafflehouse.com/washington-pa-1664
Scottish,Macleod’s Scottish Pub,"5200 Ballard Ave NW, Seattle, WA 98107, USA",http://www.macleodsballard.com/
British,The British Pantry Ltd.,"8125 161st Avenue Northeast, Redmond, WA 98052, USA",http://www.thebritishpantryltd.com/
Thai,Chada Thai,"825 Peace Portal Dr, Blaine, WA 98230, USA",http://www.chadathaiusa.com/
Thai,Chandara House - Authentic Thai Cuisine,"655 Front St STE 10, Lynden, WA 98264, USA",http://www.chandarahouse-autheticthaicuisine.com/
Thai,Supon's Thai Kitchen,"111 N Samish Way, Bellingham, WA 98225, USA",http://www.supons.com/
Thai,On Rice Thai Cuisine,"209 N Samish Way, Bellingham, WA 98225, USA",https://onrice-samish.onthemenu.us/
Thai,Wanida Thai Bistro,"3200 Northwest Ave, Bellingham, WA 98225, USA",http://wanidathaibistro.com/
Thai,Bangkok Bistro Fine Thai Cuisine,"104 Lila Ln, Burlington, WA 98233, USA",https://bangkokbistroburlington.com/
Thai,Little Thailand,"702 Metcalf St, Sedro-Woolley, WA 98284, USA",https://m.facebook.com/pages/Little-Thailand/491266320936048
Thai,Taste of Thai by Wipa,"1038 S Burlington Blvd, Burlington, WA 98233, USA",https://tasteofthaibywipawa.smiledining.com/
Thai,Maikham Restaurant,"1125 Finnegan Way, Bellingham, WA 98225, USA",http://maikham.com/
Thai,Pattaya Thai Restaurant,"8640 Martin Way E E, Lacey, WA 98516, USA",https://www.pattayathairestaurant.net/
Thai,Thai House Restaurant,"187 Telegraph Rd, Bellingham, WA 98226, USA",
Thai,Luxe Thai Cuisine,"5685 3rd Ave, Ferndale, WA 98248, USA",http://www.luxethaicuisine.com/
Thai,Wanida Thai Cuisine,"1213 Dupont St, Bellingham, WA 98225, USA",http://wanidathai.com/
Thai,Asian 1 in Burlington,"145 Cascade Pl #112, Burlington, WA 98233, USA",http://www.asian1.net/
Thai,Naung Mai Thai Kitchen,"2216 Commercial Ave, Anacortes, WA 98221, USA",http://nmthaikitchen.com/
Thai,Thai Rhapsody,"15021 Main St I, Mill Creek, WA 98012, USA",http://www.thairhapsody.com/
Thai,Thai Bistro Mill Creek,"1018 164th St SE Suite #A14, Mill Creek, WA 98012, USA",http://www.thaibistromillcreek.com/
Thai,Eat Thai Cuisine,"402 E Stanley St, Granite Falls, WA 98252, USA",http://www.eatthaigranitefalls.com/
Thai,Lakewood Thai Cuisine,"17020 Twin Lakes Ave, Marysville, WA 98271, USA",http://www.lakewoodthai.com/
Thai,Thai Maison,"2430 James St, Bellingham, WA 98225, USA",http://www.thaimaison.com/
Japanese,Sakura Japanese Steakhouse and Sushi Bar,"1830 S Burlington Blvd, Burlington, WA 98233, USA",http://www.sakuraburlington.com/
Japanese,Fusion Japanese Steak House,"5 Trinity Point Dr, Washington, PA 15301, USA",https://fusionsteakhouse.com/locations/washington/
Japanese,Kyoto Japanese Steakhouse,"115 N Samish Way, Bellingham, WA 98226, USA",http://www.kyotobellingham.com/
Japanese,Asahi All You Can Eat,"16 Old Mill Blvd, Washington, PA 15301, USA",http://www.asahiallyoucaneat.com/
Japanese,Tokyo House,"1222 N Garden St, Bellingham, WA 98225, USA",
Japanese,Hokkai Ramen & Sushi,"4277 Meridian St #C-102, Bellingham, WA 98226, USA",http://www.hokkairamenandsushi.com/
Japanese,Tori Sake & Grill,"202 SW 153rd St, Burien, WA 98166, USA",
Japanese,Tokyo House Restaurant,"3323 169th Pl NE G, Arlington, WA 98223, USA",https://tokyohouse.uwu.ai/
Japanese,SKAI Sushi,"5000 Helweg Rd, Blaine, WA 98230, USA",https://www.skaisushi.com/contact
Japanese,Yamazaki Sushi & Steaks,"1405 NE McWilliams Rd, Bremerton, WA 98311, USA",https://www.yamazakisushiandsteaks.com/
Chinese,Teriyaki secret,"1733 H St #420, Blaine, WA 98230, USA",
Chinese,China Palace Restaurant,"4444 Meridian St, Bellingham, WA 98226, USA",http://www.chinapalacebellingham.com/
Chinese,Asian 1,"4285 Meridian St #101, Bellingham, WA 98226, USA",http://www.asian1.net/
Chinese,Joy Luck Restaurant,"81 Chimacum Rd, Port Hadlock-Irondale, WA 98339, USA",
Chinese,New China,"3414 132nd St SE suite 304, Mill Creek, WA 98012, USA",https://www.newchina3414.com/
Chinese,Shanghai Chinese Restaurant,"265 Hudson St, Port Townsend, WA 98368, USA",https://www.takeout-guide.com/porttownsend/restaurants/ShanghaiChineseRestaurant
Chinese,Teriyaki Bowl,"3405 172nd St NE #23, Arlington, WA 98223, USA",
Chinese,HongKong Garden,"9324 WA-525, Clinton, WA 98236, USA",https://www.hkgardenus.com/
Chinese,Wonderful Buffet,"4365 Meridian St, Bellingham, WA 98226, USA",https://wonderfulbuffet.com/
Chinese,Asian 1 in Burlington,"145 Cascade Pl #112, Burlington, WA 98233, USA",http://www.asian1.net/
Chinese,Beijing Chinese Cuisine,"1008 Cedar Ave, Marysville, WA 98270, USA",http://www.beijingmarysville.com/
Chinese,Chopstix,"311 Center St E, Eatonville, WA 98328, USA",https://zmenu.com/chopstix-eatonville-online-menu/
Chinese,Yang's Kitchen,"6920 Coal Creek Pkwy SE #10, Newcastle, WA 98059, USA",https://www.yangskitchenbellevue.com/
Chinese,China West,"1609 Harrison Ave SE, Port Orchard, WA 98366, USA",https://www.chinawestwa.com/
Chinese,Chinese Garden Restaurant,"3218 NE 2nd Ave, Camas, WA 98607, USA",https://www.chinesegardenrestaurantwa.com/
Chinese,Journeys East,"10200 Quil Ceda Blvd, Tulalip, WA 98271, USA",http://www.tulalipresortcasino.com/Dining/JourneysEast
Chinese,Good Taste 美味坊,"10013 Shoultes Rd b1, Marysville, WA 98270, USA",https://www.goodtastemarysville.com/
Chinese,Eat Time,"14400 Ambaum Blvd SW suite b, Burien, WA 98166, USA",
Chinese,Imperial Garden Beijing Duck Restaurant,"18230 E Valley Hwy #116, Kent, WA 98032, USA",
Chinese,Moon Palace,"323 E Washington St, Sequim, WA 98382, USA",https://www.facebook.com/pages/category/Cantonese-Restaurant/Moon-Palace-Chinese-Cuisine-Sequim-204520909565863/
Indian,Namaste The Royal Taste Of India,"234 D St, Blaine, WA 98230, USA",https://www.namasteblaine.com/
Indian,TASTE OF INDIA,"3930 Meridian St #107, Bellingham, WA 98226, USA",https://tasteofindiabellinghamwa.com/
Indian,India Grill Restaurant,"1215 Cornwall Ave, Bellingham, WA 98225, USA",http://indiagrill.us/
Indian,Tandoori Bites,"505 32nd St STE 104, Bellingham, WA 98225, USA",https://tandooribites.us/
Indian,Naan & Brew,"200 E Maple St #101, Bellingham, WA 98225, USA",https://naanbrew.com/
Indian,Taste of India,"420 W Gates St, Mount Vernon, WA 98273, USA",http://www.tasteofindiaskagit.com/
Indian,Taj Grill N' Spice Indian Cuisine,"2310 WA-530, Arlington, WA 98223, USA",https://www.tajgrillnspice.com/
Indian,Punjabi Boy Indian Cuisine,"3840 Maytown Rd SW, Olympia, WA 98512, USA",http://www.punjabiboyindiancuisine.com/
Indian,5 Rivers Indian Cuisine,"9629 Evergreen Way #201, Everett, WA 98204, USA",https://5riversindiancuisine.business.site/
Indian,Indian Food Truck in Seattle Premium Outlet Mall,"10600 Quil Ceda Blvd, Tulalip, WA 98271, USA",https://lokobee.com/restaurants/tfjS2c1kKVv4aX9qhruVg5
Indian,Ruchi Indian Restaurant,"1360 156th Ave NE, Bellevue, WA 98007, USA",https://www.ruchiindianrestaurant.com/
Indian,Great Cuisine of India,"315 N Tower Ave, Centralia, WA 98531, USA",https://smorefood.com/order-online/great-cuisine-of-india-centralia-98531-mdxjp1op?utm_source=gmb&utm_medium=website
Indian,The Curry,"221 Washington Ave, Bremerton, WA 98337, USA",http://www.thecurry.net/
Indian,Red Chilly Restaurant,"2930 Colby Ave, Everett, WA 98201, USA",https://www.redchillyeverett.com/
Indian,Maharaja Cuisine of India,"131 Front St N, Issaquah, WA 98027, USA",https://www.maharajaindianrestaurants.com/
Indian,Punjab Indian Cuisine,"18791 WA-305, Poulsbo, WA 98370, USA",https://punjabindiancuisine.com/
Indian,Flavor Of India Bar & Grill,"984 NE Park Dr, Issaquah, WA 98029, USA",https://flavorofindiabarandgrill.com/
Indian,Great Cuisine of India,"116 4th Ave W, Olympia, WA 98501, USA",https://www.greatindiaolympia.com/2wulu8mc/restaurant/order-online
Indian,Golden India Curry House,"23811 W Valley Hwy, Kent, WA 98032, USA",https://www.goldenindiacurryhousekent.com/?utm_source=gmb&utm_medium=website
Indian,Chakra,"15600 NE 8th St Suite Pm9, Bellevue, WA 98008, USA",https://chakrabellevue.com/
Canadian,Jack Niemann's Black Forest Steak House,"638 Peace Portal Dr, Blaine, WA 98230, USA",https://www.jackniemannsblackforeststeakhouse.com/
Russian,Pel'meni Restaurant,"1211 N State St, Bellingham, WA 98225, USA",https://bhampelmeni.wixsite.com/pelmeni
Jewish,Gold Schnitzel Mediterranean,"1190d Sunset Blvd NE, Renton, WA 98056, USA",https://goldschnitzel.com/
Jewish,Kosher Deli @ Stop & Shop,"1313 156th Ave NE #100, Bellevue, WA 98007, USA",
Jewish,Char Bar,"2142 L St NW, Washington, DC 20037, USA",http://charbardc.com/
Jewish,Oh Mama Grill Dc,"1829 Columbia Rd NW, Washington, DC 20009, USA",http://www.ohmamagrill.com/
Jewish,The Kibitz Room,"100 Springdale Rd, Cherry Hill, NJ 08003, USA",http://www.greatpastrami.com/
Jewish,Moish and Itzy’s Restaurant & Delicatessen,"21 Summit Square Shopping Center, Langhorne, PA 19047, USA",http://moishanditzys.com/
Jewish,Foster Village Kosher Delicatessen,"469 S Washington Ave, Bergenfield, NJ 07621, USA",http://fostervillagekosherdeli.com/
Jewish,Tenafly Kosher Deli & Caterers,"22 Washington St, Tenafly, NJ 07670, USA",https://tenafly-kosher-deli-caterers.square.site/
Jewish,Chutzpah Deli,"12214 Fairfax Towne Center, Fairfax, VA 22033, USA",https://chutzpahdeli.com/
Jewish,Oh Mama Grill,"188 Rollins Ave, Rockville, MD 20852, USA",http://www.ohmamagrill.com/
Jewish,Kosher Services,"3642 33rd Ave S, Seattle, WA 98118, USA",
Jewish,Golan Heights,"2553 Amsterdam Ave, New York, NY 10033, USA",https://www.golanheightsnyc.getsauce.com/?utm_source=GMB&utm_medium=Website%20button&utm_id=Golan%20Heights%20NYC
Jewish,Gandolfo's New York Deli,"107 E Stuart Rd, Bellingham, WA 98226, USA",https://gandolfosdeli.com/
Jewish,West Hill Deli,"3615 W Valley Hwy N, Auburn, WA 98001, USA",https://westhilldeli.com/
Jewish,Seattle Kosher,"5511 1st Ave S, Seattle, WA 98108, USA",http://www.seattlekosher.com/
Jewish,The Borscht Belt Delicatessen,"2124 S Eagle Rd Suite #17, Newtown, PA 18940, USA",http://www.theborschtbelt.com/
Jewish,Holy Chow!,"1331 Lamberton Dr, Silver Spring, MD 20902, USA",https://www.holychow.me/
Jewish,Ben & Irv's,"1962 County Line Rd, Huntingdon Valley, PA 19006, USA",http://www.benandirvs.com/
Jewish,Jerusalem Cafe,"516 SE Chkalov Dr #45, Vancouver, WA 98683, USA",http://www.thejerusalemcafe.com/
Jewish,Ben Yehuda Pizza,"1370B Lamberton Dr, Silver Spring, MD 20902, USA",https://www.bypizza.co/
Polish,Sebi's Bistro,"1714 18th Ave, Seattle, WA 98122, USA",https://sebisbistro.com/
German,The Old Bavaria Haus Restaurant,"233 6th St, New Westminster, BC V3L 3A5, Canada",http://www.oldbavariahaus.com/
French,Alouette Bistro,"567 Hornby St, Vancouver, BC V6C 2E8, Canada",http://alouettevancouver.com/
French,French Table,"3916 Main St, Vancouver, BC V5V 3P2, Canada",http://thefrenchtable.ca/
French,Le Pichet,"1933 1st Ave, Seattle, WA 98101, USA",http://www.lepichetseattle.com/
French,Le Grand Bistro Americain,"2220 Carillon Point, Kirkland, WA 98033, USA",http://www.bistrolegrand.com/
French,Voila! Bistrot,"2805 E Madison St, Seattle, WA 98112, USA",http://www.voilabistrot.com/
French,L'Oursin,"1315 E Jefferson St, Seattle, WA 98122, USA",http://www.loursinseattle.com/
French,La Maison Dana French Cafe Restaurant & Bar,"5453 Ridgeline Dr #140, Kennewick, WA 99338, USA",
French,C'est La Vie,"1307 NE 78th St #10, Vancouver, WA 98665, USA",http://www.cestlaviebistro.com/
French,Brasserie Liberté,"3251 Prospect St NW, Washington, DC 20007, USA",http://libertedc.com/
French,Bistro Bis,"15 E St NW, Washington, DC 20001, USA",
French,Bistro Cacao,"316 Massachusetts Ave NE, Washington, DC 20002, USA",http://bistrocacao.com/
French,Café du Parc,"at Willard InterContinental, 1401 Pennsylvania Avenue NW, Washington, DC 20004, USA",http://www.cafeduparc.com/
French,BISTRO DU JOUR,"99 District Square SW, Washington, DC 20024, USA",http://www.bistro-dujour.com/
French,Le Chat Noir,"4907 Wisconsin Ave NW, Washington, DC 20016, USA",https://www.lechatnoirrestaurant.com/
French,Le Sel French Bistro,"1315 16th St NW, Washington, DC 20036, USA",http://leseldc.com/
French,La Piquette,"3714 Macomb St NW, Washington, DC 20016, USA",http://www.lapiquettedc.com/
French,La Chaumiere,"2813 M St NW, Washington, DC 20007, USA",http://www.lachaumieredc.com/
French,Bistrot Lepic & Wine Bar,"1736 Wisconsin Ave NW, Washington, DC 20007, USA",http://www.bistrotlepic.com/
French,Bistrot Du Coin,"1738 Connecticut Ave NW, Washington, DC 20009, USA",https://www.bistrotducoin.com/
French,L'Avant-Garde,"2915 M St NW, Washington, DC 20007, USA",http://www.lavantgardedc.com/
Hawaiian,Hawaii BBQ & Noodle House,"1212 E Sunset Dr, Bellingham, WA 98226, USA",
Hawaiian,L&L Hawaiian Barbecue,"20 SW 7th St H, Renton, WA 98057, USA",https://www.hawaiianbarbecue.com/locations/renton/
Hawaiian,Aloha Grill,"210 SW 43rd St, Renton, WA 98057, USA",http://www.alohagrillrenton.com/
Hawaiian,Island Grill,"15600 NE 8th St Suite Pm1, Bellevue, WA 98008, USA",
Hawaiian,Big Island Poke,"235 Rainier Ave S, Renton, WA 98057, USA",http://bigislandpokeinc.squarespace.com/
Hawaiian,Aloha Kitchen,"10408 Silverdale Way NW, Silverdale, WA 98383, USA",
Hawaiian,Ohana Kitchen,"241 SW 152nd St, Burien, WA 98166, USA",https://ohana-kitchen.square.site/
Hawaiian,L&L Hawaiian Barbecue,"116 SW 148th St Ste D170, Burien, WA 98166, USA",http://www.hawaiianbarbecue.com/
Hawaiian,L&L Hawaiian Barbecue,"1350 Marvin Rd NE, Lacey, WA 98516, USA",https://www.hawaiianbarbecue.com/
Hawaiian,L&L Hawaiian Barbecue,"18613 International Blvd Bldg. B3, SeaTac, WA 98188, USA",https://www.hawaiianbarbecue.com/locations/seatac/
Hawaiian,L&L Hawaiian Barbecue,"20038 W Valley Hwy #107, Kent, WA 98032, USA",https://www.hawaiianbarbecue.com/locations/
Hawaiian,Aloha Hawaiian Grill,"18016 71st Ave S, Kent, WA 98032, USA",
Hawaiian,L&L Hawaiian Barbecue,"10417 Gravelly Lake Dr SW #E, Lakewood, WA 98499, USA",http://hawaiianbarbecue.com/
Hawaiian,Ono Poke Too,"25960 Central Ave NE Suite 102, Kingston, WA 98346, USA",http://eatonopoke.com/
Hawaiian,Kona Kitchen - Seattle,"8501 5th Ave NE, Seattle, WA 98115, USA",http://www.konakitchen.com/
Hawaiian,Hawaiian Sun BBQ,"607 SE Everett Mall Way #4, Everett, WA 98208, USA",
Hawaiian,ALOHA PLATES,"511 S Weller St, Seattle, WA 98104, USA",https://www.alohaplates-sea.com/
Hawaiian,Taste of Aloha-Krachelz Ohana,"514 State Ave STE 106, Marysville, WA 98270, USA",https://www.ordertasteofaloha.com/
Hawaiian,Bobby's Hawaiian Style Restaurant,"14626 Hwy 99 #101, Lynnwood, WA 98087, USA",https://www.bobbyshawaiian.com/
Hawaiian,Hawaiian Style Grill,"5000 E 4th Plain Blvd A106, Vancouver, WA 98661, USA",http://www.hawaiianstylegrill.com/
Brazilian,Rio Brazilian Steak House Coquitlam,"2729 Barnet Hwy, Coquitlam, BC V3E 1K9, Canada",https://riobraziliansteakhouse.ca/
Brazilian,Fogo de Chão Brazilian Steakhouse,"18602 Alderwood Mall Pkwy Suite 1110, Lynnwood, WA 98037, USA",https://fogodechao.com/location/lynnwood/
Brazilian,Boteco Brasil Restaurant,"2545 Nanaimo St, Vancouver, BC V5N 5E6, Canada",http://boteco.ca/
Brazilian,Botteco Brazil Restaurant,"14561 Bothell Way NE, Shoreline, WA 98155, USA",http://bottecobrazil.com/
Brazilian,Herói do Churrasco - Hero's BBQ,"12067 124th Ave NE, Kirkland, WA 98034, USA",https://instagram.com/heroidochurrasco?utm_medium=copy_link
Brazilian,Novilhos Brazilian Steakhouse,"12405 SE 38th St, Bellevue, WA 98006, USA",https://novilhos.com/
Brazilian,The Grill From Ipanema,"2313 1st Ave, Seattle, WA 98121, USA",https://www.seattlegrillfromipanema.com/?y_source=1_OTE5OTMzODItNzE1LWxvY2F0aW9uLndlYnNpdGU%3D
Brazilian,Rio Brazilian Steakhouse,"1122 Denman St, Vancouver, BC V6G 1T2, Canada",http://riobraziliansteakhouse.ca/
Brazilian,Fogo de Chão Brazilian Steakhouse,"440 Bellevue Way NE, Bellevue, WA 98004, USA",https://fogodechao.com/location/bellevue/
Brazilian,Texas de Brazil - Tacoma,"4502 S Steele St Ste 1340A, Tacoma, WA 98409, USA",https://texasdebrazil.com/locations/tacoma/?utm_source=gmb&utm_medium=yext&y_source=1_NDg4MzA3MjYtNzE1LWxvY2F0aW9uLndlYnNpdGU%3D
Brazilian,Mama Brazil Cuisine,"530 SW 205th Ave Suite 400, Beaverton, OR 97006, USA",http://www.mamabrazilcuisine.com/
Brazilian,Cafeoca Brazilian Bistro,"4092 Hastings St, Burnaby, BC V5C 2H9, Canada",
Peruvian,Silvestre Deli & Bistro,"317 Water St, Vancouver, BC V6B 1B8, Canada",http://www.silvestregustolatino.com/
Peruvian,El Rey Peruvian Restaurant,"12926 Mukilteo Speedway e15, Lynnwood, WA 98087, USA",https://elreyperuvianrestaurantlynnwood.com/
Peruvian,Cafe Rumba,"1140 N State St, Bellingham, WA 98225, USA",http://caferumbabham.com/
Peruvian,El Pique Peruvian & Mexican Restaurant,"14445 Ambaum Blvd SW, Burien, WA 98166, USA",https://elpiquedeburien.com/
Peruvian,San Fernando Roasted Peruvian Chicken,"16616 International Blvd, SeaTac, WA 98188, USA",http://www.pollos-sanfernando.com/
Peruvian,Rinconcito Peruano Restaurant,"18904 Hwy 99 suite a, Lynnwood, WA 98036, USA",https://www.facebook.com/rinconcitoperuanorestaurant/
Peruvian,Don Lucho's,"7919 Roosevelt Way NE, Seattle, WA 98115, USA",http://donluchosinseattle.com/
Peruvian,Señor Carbón Peruvian Cuisine,"625 1st Ave, Seattle, WA 98104, USA",https://www.toasttab.com/senorcarbon
Peruvian,El Inka Peruvian Cuisine,"8560 SE Division St, Portland, OR 97266, USA",
Salvadorian,Morazan Salvadorian Restaurant,"410 W Bakerview Rd #108, Bellingham, WA 98226, USA",https://morazansalvadorianrestaurantwa.com/
Cuban,Twisted Cuban Cafe & Bar,"12631 NE Woodinville Dr, Woodinville, WA 98072, USA",http://www.twistedcubancafe.com/
Cuban,El Cubano To Go,"19920 Aurora Ave N, Shoreline, WA 98133, USA",https://elcubanotogowa.com/
Cuban,Cafe Con Leche,"2901 1st Ave S, Seattle, WA 98134, USA",http://www.cafeconlecheseattle.com/
Cuban,Mojito,"7545 Lake City Way NE, Seattle, WA 98115, USA",https://mojitoseattle.com/
Cuban,MexiCuban,"1622 SW Roxbury St, Seattle, WA 98106, USA",http://mexicuban.com/
Cuban,Luna Azul | Cuban Mexican Restaurant Bar,"1721 SE 122nd Ave, Portland, OR 97233, USA",https://www.facebook.com/Luna-Azul-Restaurant-1452164371687772/
Cuban,Bistro Cubano,"709 Main St, Oregon City, OR 97045, USA",https://bistrocubanopdx.com/
Cuban,Cubo,"3106 SE Hawthorne Blvd, Portland, OR 97214, USA",https://www.cuboportland.com/
Cuban,Pambiche,"2811 NE Glisan St, Portland, OR 97232, USA",http://www.pambiche.com/
Cuban,Cafe Rumba,"1140 N State St, Bellingham, WA 98225, USA",http://caferumbabham.com/
Cuban,Bongos,"6501 Aurora Ave N, Seattle, WA 98103, USA",http://bongosseattle.com/
Cuban,Mi Cuba Cafe,"1424 Park Rd NW, Washington, DC 20010, USA",http://www.micubacafe.com/
Cuban,Havana's Cuisine Restaurant,"1131 Washington Ave, St. Louis, MO 63101, USA",http://havanascuisine.com/
Cuban,Sweets & Cortaditos,"138 Washington Ave, Belleville, NJ 07109, USA",https://cortaditoscoffee.com/
Cuban,Bella Cuba Restaurant,"1659 Washington Ave, Miami Beach, FL 33139, USA",https://www.bellacubamiamibeach.com/
Cuban,J’s Kitchen,"1307 11th St, Bellingham, WA 98225, USA",https://www.jskitchenfairhaven.com/
Cuban,Cubanos On Wheels,"22341 Marine View Dr S Suite E, Des Moines, WA 98198, USA",
Cuban,Manu’s Bodega,"100 Prefontaine Pl S, Seattle, WA 98104, USA",http://www.manusbodega.com/
Tibetan,Tibetan Kitchen Cafe,"680 Broughton St, Victoria, BC V8W 2C1, Canada",https://tibetankitchencafe.com/
Egyptian,Koshari Zooba,"2519 St Johns St, Port Moody, BC V3H 2B3, Canada",https://order.online/business/koshari-zooba-11732068
Greek,Dimitri's Greek & Italian Restaurant,"2020 Main St, Ferndale, WA 98248, USA",
Greek,Five Columns Greek Restaurant,"1301 E Maple St, Bellingham, WA 98225, USA",http://www.fivecolumns.com/
Greek,Syros Greek & Italian Restaurant,"311 Front St, Lynden, WA 98264, USA",http://www.syrosgreekrestaurants.com/
Greek,Cafe Akroteri,"1219 Cornwall Ave, Bellingham, WA 98225, USA",http://www.cafeakroteri.com/
Greek,Taverna Greka,"326 Columbia St, New Westminster, BC V3L 1A6, Canada",http://www.taverna.ca/
Greek,Kafe Neo Mill Creek,"15130 Main St, Mill Creek, WA 98012, USA",https://www.kafeneo.net/
Greek,Gyros House Mediterranean Cuisine,"17313 SE 270th Pl Suite 110, Covington, WA 98042, USA",https://gyroshousecovington.com/26376
Greek,Kafe Neo Marysville,"9730 State Ave, Marysville, WA 98270, USA",https://www.kafeneo.net/
Greek,Gyro One Mediterranean Grill,"11605 State Ave, Marysville, WA 98271, USA",
Greek,Greek Express,"14835 Main St, Bellevue, WA 98007, USA",https://www.greekexpressbellevue.com/
Greek,Greek Pita,"3700 Factoria Blvd SE C, Bellevue, WA 98006, USA",https://greek-pita.com/
Greek,APOLLO MEDITERRANEAN GREEK FOOD,"456 SW Mt Si Blvd, North Bend, WA 98045, USA",http://apollogreekfood.com/
Greek,GreekWay,"9651 SW Washington Square Rd, Tigard, OR 97223, USA",http://talech.com/biz/ordering/100937/GREEKWAY-Portland-OR#/menu
Greek,Tantalus Restaurant,"317 NW Gilman Blvd #37, Issaquah, WA 98027, USA",http://www.tantalusrestaurant.com/
Greek,Greek Pita,"18404 120th Ave NE, Bothell, WA 98011, USA",http://greek-pita-bothell.keeq.io/
Greek,Giorgio's Greek Cafe,"328 S Meridian, Puyallup, WA 98371, USA",https://www.giorgiosgreekcafe.com/
Greek,Olive Tree Mediterranean Restaurant,"12930 SE Kent-Kangley Rd, Kent, WA 98030, USA",https://www.olivetreemenu.com/
Greek,Gyro Delight,"4029 196th St SW, Lynnwood, WA 98036, USA",http://gyro-delight.com/
Greek,The Greek Kitchen,"608 NW Richmond Beach Rd, Shoreline, WA 98177, USA",
Greek,OMEGA OUZERI,"1529 14th Ave, Seattle, WA 98122, USA",http://www.omegaouzeri.com/
Belgian,Brouwer's Cafe,"400 N 35th St, Seattle, WA 98103, USA",http://www.brouwerscafe.com/
Irish,Donegal's Irish House / Donegal's Pub,"12054 96 Ave, Surrey, BC V3V 1W3, Canada",https://donegals.pub/
Irish,Dublin Crossing Irish Pub,"18789 Fraser Hwy #101, Surrey, BC V3S 7Y3, Canada",http://www.dublincrossing.com/
Irish,Donnellan's Irish Pub,"1082 Granville St, Vancouver, BC V6Z 1L5, Canada",http://www.donnellansirishpub.com/
Irish,Shawn O'Donnell's at the Farmhouse,"13724 Laconner Whitney Rd, Mount Vernon, WA 98273, USA",https://www.shawnodonnells.com/
Irish,Kelly O'Bryan's Restaurant & Carlos O'Bryan's Pub,"800 Columbia St, New Westminster, BC V3M 5V2, Canada",https://www.kobcob.com/new-Westminster/
Irish,JJ Mahoney's Irish Pub,"8932 161st Avenue Northeast, Redmond, WA 98052, USA",http://www.jjmahoneys.com/
Irish,Paddy Coynes Irish Pub,"5046, 700 Bellevue Way NE #100, Bellevue, WA 98004, USA",http://paddycoynes.net/
Irish,O'Blarney's Irish Pub,"4411 Martin Way E, Olympia, WA 98516, USA",https://www.oblarneyspub.com/
Irish,The Irish Heather Shebeen,"248 E Georgia St, Vancouver, BC V6A 1Z7, Canada",https://www.irishheather.com/
Irish,Shawn O'Donnell's American Grill and Irish Pub,"122 128th St SE, Everett, WA 98208, USA",http://www.shawnodonnells.com/
Irish,Shawn O'Donnell's American Grill and Irish Pub,"Smith Tower, 508 2nd Ave, Seattle, WA 98104, USA",http://www.shawnodonnells.com/
Irish,Kells Irish Restaurant & Pub,"1916 Post Alley, Seattle, WA 98101, USA",https://kellsirish.com/home/
Irish,McNamara's Pub & Eatery,"1595 Wilmington Dr, DuPont, WA 98327, USA",https://www.mcnamaraspubandeatery.com/
Irish,Saints & Scholars Irish Pub,"7726 Center Blvd SE #110, Snoqualmie, WA 98065, USA",https://saintsandscholars.com/
Irish,Irishmen,"2923 Colby Ave, Everett, WA 98201, USA",http://www.theirishmen.com/
Irish,Finn MacCool’s Irish Public House,"4217 University Wy NE, Seattle, WA 98105, USA",https://www.finnmaccools.com/
Irish,Wilde Irish Pub,"423 W Railroad Ave, Shelton, WA 98584, USA",http://www.wildeirishpub.com/
Irish,JB O'Briens Irish Pub,"11555 SW Durham Rd, Tigard, OR 97224, USA",https://www.jbobriens.com/
Irish,The Harp Bar and Restaurant,"24437 Russell Rd #117, Kent, WA 98032, USA",http://theharpbarandrestaurant.com/
Irish,O'Malley's Irish Pub,"2403 6th Ave, Tacoma, WA 98406, USA",https://omalleysirishpubwa.com/
Welsh,MD Saloon,"220 W Summit Ave #1, Wales, WI 53183, USA",https://mdsaloon.com/
Cajun,Battle's Kitchen,"4920 Rural Ave, Ferndale, WA 98248, USA",
Cajun,Bayou On Bay,"1300 Bay St, Bellingham, WA 98225, USA",http://www.bayouonbay.com/
Cajun,The Cajun Crawfish,"6951 Martin Luther King Jr Way S STE 103, Seattle, WA 98118, USA",http://www.thecajuncrawfish.com/
Cajun,Poirier's on the River,"416 Myrtle St, Mount Vernon, WA 98273, USA",https://poiriersontheriver.com/
Cajun,Drayton Harbor Oyster Company,"685 Peace Portal Dr, Blaine, WA 98230, USA",https://www.draytonharboroysters.com/
Cajun,La Oie Cajun Cuisine,"9811 NE 15th Ave, Vancouver, WA 98665, USA",https://www.facebook.com/LaOieCajunCuisine
Cajun,Creole Soul,"We are located in the Alley, 22341 Marine View Dr S Suite D, Des Moines, WA 98198, USA",http://www.datcreolesoul.com/
Cajun,Steakhouse 9 Bistro & Lounge,"115 E Homestead Blvd, Lynden, WA 98264, USA",https://steakhouse9.com/
Cajun,Jumpin Jambalaya,"4116 Rainier Ave S, Seattle, WA 98118, USA",http://www.jumpinjambalaya.com/
Portuguese,Portuguese Club Of Vancouver,"1144 Commercial Dr, Vancouver, BC V5L 3X2, Canada",https://thepcov.ca/
Turkish,Saray Turkish Cuisine,"6633 Hastings St, Burnaby, BC V5B 1S1, Canada",https://sarayturkish.com/
Turkish,Anatolia's Gate Restaurant,"7084 Kingsway, Burnaby, BC V5E 1E7, Canada",http://www.anatoliasgaterestaurant.com/
Turkish,Turkish Donair,"4066 Hastings St, Burnaby, BC V5C 2J3, Canada",https://order.online/store/TurkishDonair-1519392/en-US/?hideModal=true&pickup=true
Turkish,Cafe Sabah,"4201 Sunset Blvd NE, Renton, WA 98059, USA",https://cafesabah.com/
Turkish,Turkish Delight,"1930 Pike Pl, Seattle, WA 98101, USA",
Turkish,Alanya Doner,"1 Lake St S, Kirkland, WA 98033, USA",
Turkish,Bistro Turkuaz,"1114 34th Ave, Seattle, WA 98122, USA",https://www.bistroturkuazseattle.com/
Turkish,Lezzet Brunch,"12722 SE 312th St H, Auburn, WA 98092, USA",https://brunchauburn.com/
Turkish,Hamdi,"4012 Leary Wy NW, Seattle, WA 98107, USA",http://www.hamdiseattle.com/
Turkish,Istanbul Cuisine,"405 Bellevue Square, Bellevue, WA 98004, USA",https://www.istanbulcuisinecafemenu.com/?utm_source=gbp
Tahitian,Taste of Aloha-Krachelz Ohana,"514 State Ave STE 106, Marysville, WA 98270, USA",https://www.ordertasteofaloha.com/
Kenyan,Swahili Village - The Consulate DC,"1990 M St NW, Washington, DC 20036, USA",https://swahilivillages.com/
Korean,Hanwoori Korean Restaurant,"5740 Imperial St, Burnaby, BC V5J 1G2, Canada",http://www.hanwoori.ca/
Korean,Kovan Korean Restaurant,"6339 200 St #804, Langley, BC V2Y 1A2, Canada",https://kovan.ca/
Korean,Shilla Korean Restaurant,"1031 Kingsway, Vancouver, BC V5V 3C7, Canada",http://shillakorean.ca/
Korean,YunGaNe Korean Restaurant,"1204 Cornwall Ave, Bellingham, WA 98225, USA",http://yunganebellingham.com/
Korean,Korea House BBQ & Grill Marysville,"8630 36th Ave NE, Marysville, WA 98270, USA",http://www.koreahousemarysville.com/
Korean,Arirang Korean BBQ Mill Creek,"800 164th St SE, Mill Creek, WA 98012, USA",http://arirangkoreanbbq.com/
Korean,Ka Won Korean BBQ Restaurant,"15004 Hwy 99 Ste A, Lynnwood, WA 98087, USA",http://www.kawonlynnwood.com/
Korean,Seoul Garden - Olympia,"7515 Martin Way E, Olympia, WA 98516, USA",
Korean,Korea House Restaurant,"20615 Bothell Everett Hwy B, Bothell, WA 98012, USA",
Korean,New Seoul Restaurant,"14007 Hwy 99 # G, Lynnwood, WA 98087, USA",
Korean,Danji Korean Cuisine,"936 NE Park Dr, Issaquah, WA 98029, USA",http://danji.menu11.com/
Korean,Pyung Chang Korean BBQ,"521 S 2nd St, Mount Vernon, WA 98273, USA",http://www.pyungchangkbbq.com/
Korean,Sam Oh Jung Restaurant,"17425 Hwy 99 #A, Lynnwood, WA 98037, USA",https://samohjung35.wixsite.com/sam-oh-jung
Korean,Hosoonyi Korean Restaurant,"23830 Hwy 99 #114, Edmonds, WA 98026, USA",
Korean,Stone Korean Restaurant,"15015 Main St #114, Bellevue, WA 98007, USA",http://stonekorean.com/
Korean,Shin Sung Restarant,"1805 S 316th St #106, Federal Way, WA 98003, USA",https://shinsungrestaurant.menu11.com/
Korean,Bapmukja,"18623 Hwy 99 Suite 110, Lynnwood, WA 98037, USA",http://www.bapmukja.com/
Korean,Ho Soon Yi Restaurant,"8501 S Tacoma Way, Lakewood, WA 98499, USA",https://hosoonyirestaurant.menu11.com/
Korean,Ko Hyang Zip,"3301 184th St SW # 235, Lynnwood, WA 98037, USA",
Korean,Korean BBQ,"7131 Martin Way SE, Olympia, WA 98516, USA",http://newgangnam.com/
Algerian,Jawhara Cafe,"17550 NE 67th Ct #207, Redmond, WA 98052, USA",https://www.cafejawhara.com/
Nigerian,Alebi African Cuisine,"10694 135a St, Surrey, BC V3T 4E2, Canada",http://alebiafricanrestaurant.com/
Nigerian,Taste of Africa,"10663 King George Blvd, Surrey, BC V3T 2X6, Canada",
Nigerian,Dijah's Kitchen - African Restaurant,"16108 Ash Way #103, Lynnwood, WA 98087, USA",http://www.dijahskitchen.com/
Nigerian,Simba's Grill,"3300 Boundary Rd, Burnaby, BC V5M 4A4, Canada",http://www.simbasgrill.com/
Libyan,Falahi Bro's Middle Eastern Cuisine,"609 W 11th St, Vancouver, WA 98660, USA",https://www.falahibro.com/
Libyan,Harissa Mediterranean Cuisine,"2255 NE 65th St, Seattle, WA 98115, USA",http://harissaofseattle.com/
Libyan,Hummus Cafe,"8420 Greenwood Ave N, Seattle, WA 98103, USA",http://www.hummuscafe.net/
Moroccan,Moltaqa Moroccan Restaurant Mainland Street Yaletown,"1002 Mainland St, Vancouver, BC V6B 6J8, Canada",https://www.moltaqarestaurant.ca/
Lebanese,Mazahr Lebanese Kitchen,"1488 W 11th Ave, Vancouver, BC V6H 1L1, Canada",http://www.mazahr.ca/
Vietnamese,White Lotus Cafe,"5901 Broadway, Burnaby, BC V5B 2Y1, Canada",http://www.whitelotuscafe.ca/
Vietnamese,Pho 68 Edmonds,"7360 Edmonds St, Burnaby, BC V3N 0G7, Canada",https://pho68.ca/
Vietnamese,Phở Hồng Vietnamese Restaurant,"5975 Kingsway, Burnaby, BC V5J 1H1, Canada",https://drive.google.com/file/d/115uJr6nepSR1ReTJkaxy_DnbqvIZFOPZ/view?usp=drivesdk
Vietnamese,Pho Century Fine Vietnamese Cuisine,"6701 Kingsway, Burnaby, BC V5E 1E4, Canada",https://phocentury.ca/
Vietnamese,The Viet Noodle Guy,"1902 Rosser Ave, Burnaby, BC V5C 3Z2, Canada",http://www.thevietnoodleguy.ca/
Vietnamese,Pho Ly,"5559, 4151 Meridian St # 113, Bellingham, WA 98226, USA",
Vietnamese,What A Pho,"3212 Northwest Ave, Bellingham, WA 98225, USA",
Vietnamese,Pho 360,"232 36th St, Bellingham, WA 98225, USA",https://www.ordervikingfood.com/r/1724/restaurants/delivery/Vietnamese/Pho-360-Bellingham
Vietnamese,Pho 99,"3503 Byron Ave, Bellingham, WA 98225, USA",
Vietnamese,Soy House,"400 W Holly St, Bellingham, WA 98225, USA",http://www.soyhouserestaurant.com/
Vietnamese,Pho Hoa + Jazen Tea (Sedro Woolley),"802 State Rte 20, Sedro-Woolley, WA 98284, USA",http://phohoa.com/
Vietnamese,Saigon Cafe,"1046 Lakeway Dr, Bellingham, WA 98229, USA",https://www.instagram.com/saigoncafewa2023/
Vietnamese,Pho T & N,"19641 7th Ave NE #135, Poulsbo, WA 98370, USA",http://photnpoulsbo.com/
Vietnamese,Happy Phở,"9330 State Ave, Marysville, WA 98270, USA",
Vietnamese,Asian Grill & More 1,"1825 Riverside Dr #B, Mount Vernon, WA 98273, USA",
Vietnamese,BITE Teriyaki and Pho,"323 E College Way, Mount Vernon, WA 98273, USA",http://biteteriyakipho.com/
Vietnamese,Phodat Vietnamese Noodles Soup,"3411 169th Pl NE E, Arlington, WA 98223, USA",https://m.facebook.com/pages/Pho-Dat/189842491032347
Vietnamese,Saigon Ivy Restaurant,"520 6th St, New Westminster, BC V3L 3B4, Canada",http://www.saigonivy.com/
Vietnamese,Kim Son Vietnamese Food,"555 W 12th Ave #030, Vancouver, BC V5Z 3X7, Canada",
Vietnamese,Saigon Pho And Grill,"19959 US-2, Monroe, WA 98272, USA",
Hungarian,Budapest Bistro,"12926 Mukilteo Speedway, Lynnwood, WA 98037, USA",
Mediterranean,Safura's Mediterranean Cuisine,"4160 6th Ave SE UNIT 103, Lacey, WA 98503, USA",http://safurasmediterranean.com/
Mediterranean,Gyro One Mediterranean Grill,"11605 State Ave, Marysville, WA 98271, USA",
Mediterranean,Mediterranean Grill,"15253 Bel-Red Rd, Bellevue, WA 98007, USA",http://medgrillwa.com/
Mediterranean,Fork Mediterranean grill,"3925 196th St SW UNIT 102, Lynnwood, WA 98036, USA",https://www.forkgrill.com/forklynnwood
Mediterranean,Gyros House Mediterranean Cuisine,"17313 SE 270th Pl Suite 110, Covington, WA 98042, USA",https://gyroshousecovington.com/26376
Mediterranean,Kafe Neo Marysville,"9730 State Ave, Marysville, WA 98270, USA",https://www.kafeneo.net/
Mediterranean,Sahara Mediterranean Kitchen,"17875 Redmond Way #124, Redmond, WA 98052, USA",https://www.saharamediterraneankitchen.com/
Mediterranean,Olive Tree Mediterranean Restaurant,"12930 SE Kent-Kangley Rd, Kent, WA 98030, USA",https://www.olivetreemenu.com/
Mediterranean,Ur Mediterranean Restaurant,"4680 SW Watson Ave, Beaverton, OR 97005, USA",
Mediterranean,Mediterranean Gyro Grill,"3555 Market Pl W, University Place, WA 98466, USA",https://gyrogrillrestaurants.com/
Mediterranean,Gyro Fresh Mediterranean Grill,"Gyro Fresh, 10950 SW Barnes Rd, Portland, OR 97225, USA",https://gyrofresh.com/
Mediterranean,Alexandria Mediterranean Cuisineقاسم ابو الكص,"10120 SE 260th St, Kent, WA 98030, USA",http://www.alexandriarestaurantkent.com/
Mediterranean,Petra House Traditional Mediterranean Food,"1900 NE 162nd Ave, Vancouver, WA 98684, USA",https://petrahouserestaurant.com/
Mediterranean,Gyro House Mediterranean Grill Beaverton,"530 SW 205th Ave #700, Beaverton, OR 97006, USA",http://thegyrohouse.com/
Mediterranean,Marlaina's Mediterranean Kitchen,"643 SW 152nd St, Burien, WA 98166, USA",http://marlainasrestaurant.com/
Mediterranean,Bella Balducci's Mediterranean Cuisine,"11834 98th Ave NE, Kirkland, WA 98034, USA",http://www.bellabalduccis.com/kirkland.html
Mediterranean,Mediterranean Specialties Cafe,"505 32nd St STE 109, Bellingham, WA 98225, USA",https://www.facebook.com/bhammedspec/
Mediterranean,Syros Greek & Italian Restaurant,"311 Front St, Lynden, WA 98264, USA",http://www.syrosgreekrestaurants.com/
Mediterranean,Demetris Woodstone Taverna,"101 Main St, Edmonds, WA 98020, USA",https://www.demetriswoodstonetaverna.com/
Mediterranean,Cafe Akroteri,"1219 Cornwall Ave, Bellingham, WA 98225, USA",http://www.cafeakroteri.com/
Ethiopian,Fassil Restaurant,"736 E Broadway, Vancouver, BC V5T 1X9, Canada",http://www.fassil.ca/
Ethiopian,Harambe Ethiopian Restaurant,"2149 Commercial Dr, Vancouver, BC V5N 4B3, Canada",
Ethiopian,Axum Restaurant,"1279 E Hastings St, Vancouver, BC V6A 1S4, Canada",http://www.axumrestaurant.ca/
Ethiopian,Gojo Café Ethiopia I Ethiopian Cuisine,"2838 Commercial Dr, Vancouver, BC V5N 4C6, Canada",http://www.gojocafe.com/
Ethiopian,Ambo Ethiopian Cuisine,"902 N State St, Bellingham, WA 98225, USA",https://www.amboethiopian.com/
Ethiopian,ALEM RESTAURANT,"4423 Rainier Ave S, Seattle, WA 98118, USA",http://alemrestaurant.com/
Ethiopian,massawa restaurant,"418 6th St, New Westminster, BC V3L 3B2, Canada",
Ethiopian,Abyssinia Restaurant,"7546 Edmonds St, Burnaby, BC V3N 1B4, Canada",
Ethiopian,Jebena Cafe,"1510 NE 117th St, Seattle, WA 98125, USA",https://www.jebenacafe.com/
Ethiopian,Blue Nile Ethiopian Restaurant,"7821 Rainier Ave S, Seattle, WA 98118, USA",
Ethiopian,Cafe Selam,"2715 E Cherry St B, Seattle, WA 98122, USA",https://www.cafeselam.com/
Ethiopian,Adulis Eritrean and Ethiopian Restaurant,"10515 Greenwood Ave N, Seattle, WA 98133, USA",http://adulisrestaurant.com/
Ethiopian,Zagol Ethiopian Restaurant,"2722 E Cherry St, Seattle, WA 98122, USA",http://www.zagolethiopianrestaurant.com/
Ethiopian,Delish Ethiopian Cuisine,"5701 Rainier Ave S, Seattle, WA 98118, USA",http://delishethiopianfood.com/
Ethiopian,Adey Abeba Ethiopian Restaurant,"2123 E Union St, Seattle, WA 98122, USA",https://adeyabeba.net/
Ethiopian,Enat Ethiopian Restaurant,"11546-11552, 11546 15th Ave NE, Seattle, WA 98125, USA",https://m.facebook.com/EnatEthiopianRestaurant/
Ethiopian,Zobel Ethiopian Cuisine,"1219 E Jefferson St, Seattle, WA 98122, USA",http://zobelethiopianwa.com/
Ethiopian,Cafe Ibex,"3219 Martin Luther King Jr Way S, Seattle, WA 98144, USA",
Ethiopian,Ahadu Ethiopian Restaurant,"1508 NE 117th St, Seattle, WA 98125, USA",http://www.ahadu-ethiopian-restaurant.net/
Ethiopian,Kezira Restaurant,"5100 Rainier Ave S, Seattle, WA 98118, USA",
Caribbean,Di Reggae Cafe,"13593 King George Blvd, Surrey, BC V3T 2V1, Canada",http://direggaecafe.com/
Caribbean,PG's Jamaican Restaurant,"1387 Johnston Rd, White Rock, BC V4B 3Z3, Canada",https://www.pgsjamaicanrestaurants.com/
Caribbean,Caribbean Lunchbox,"3175 N Goldie Rd, Oak Harbor, WA 98277, USA",
Caribbean,Just Like Home Jamaican Kitchen,"9625 Renton Ave S, Seattle, WA 98118, USA",
Caribbean,Taste of the Caribbean,"1212 E Jefferson St, Seattle, WA 98122, USA",http://www.tasteofthecaribbeanseattle.com/
Caribbean,Jerk Shack,"1133 24th Ave Suite N, Seattle, WA 98122, USA",http://www.jerkshackseattle.com/
Caribbean,Easy Caribbean,"5600 Roosevelt Way NE, Seattle, WA 98105, USA",
Caribbean,Island Soul Rum Bar & Soul Shack,"4869 Rainier Ave S, Seattle, WA 98118, USA",http://www.islandsoulrestaurant.com/
Caribbean,Caribbean Fast Food,"873 Valley Mall Pkwy, East Wenatchee, WA 98802, USA",http://www.caribbeansnaps.shopsettings.com/
Caribbean,J’s Kitchen,"1307 11th St, Bellingham, WA 98225, USA",https://www.jskitchenfairhaven.com/
Soul,The Comfort Zone Restaurant,"5016 Rainier Ave S, Seattle, WA 98118, USA",https://thecomfortzonesoulfood.com/
Argentinian,El Argento,"5001 Auburn Way N, Auburn, WA 98002, USA",https://www.elargentorestaurant.com/
Argentinian,Rocky's Empanadas,"18390 Redmond Way, Redmond, WA 98052, USA",http://rockysempanadas.com/
Argentinian,Patagōn,"1610 2nd Ave, Seattle, WA 98101, USA",https://www.patagonseattle.com/?utm_source=extnet&utm_medium=yext
Argentinian,Argensol,"25923 Washington Blvd NE Suite 101, Kingston, WA 98346, USA",https://www.argensolkitchen.com/
Argentinian,Asado,"2810 6th Ave, Tacoma, WA 98406, USA",http://asadotacoma.com/
Argentinian,El Gaucho,"2200 Western Ave Ste. 101, Seattle, WA 98121, USA",https://elgaucho.com/elgauchoseattle/
Argentinian,Maria Luisa Empanadas,"928 Leary Wy NW Suite #102, Seattle, WA 98107, USA",https://marialuisaempanadas.square.site/
Argentinian,Seatango Argentine Bakery & Cafe,"12728 Lake City Way NE, Seattle, WA 98125, USA",http://www.seatangofoods.com/
Argentinian,LALA'S On Melrose,"7229 Melrose Ave, Los Angeles, CA 90046, USA",https://lalasgrill.com/
Chilean,Al Chile,"1340 Davie St, Vancouver, BC V6E 1N6, Canada",https://instagram.com/alchilevan?igshid=MzRlODBiNWFlZA==
Colombian,Empanadas Colombianas Luis Panes,"5640 S Tacoma Way, Tacoma, WA 98409, USA",https://empanadasluispanes.com/
Colombian,El Parche Colombian Restaurant Tacoma,"6324 E McKinley Ave, Tacoma, WA 98404, USA",https://elparchecolombiano.com/
Colombian,Monserrate Colombian Cuisine,"1414 127th Pl NE Unit# 111, Bellevue, WA 98005, USA",http://monserratecolombiancuisine.com/
Colombian,¡QUE CHIMBA!,"1314 Auburn Way N, Auburn, WA 98002, USA",
Colombian,Don de la Colombiana,"609 Capitol Way S, Olympia, WA 98501, USA",
Colombian,Que Bacano! Sabor Colombiano,"7238 SE Foster Rd #12, Portland, OR 97206, USA",https://www.quebacanofood.com/
Colombian,El Pilón,"431 SW Harvey Milk St, Portland, OR 97204, USA",http://www.elpilonpdx.com/
Colombian,Que Bacano Restaurant,"3272 SE Hawthorne Blvd, Portland, OR 97214, USA",https://www.quebacanofood.com/
Colombian,Colombian Food truck El parche,"5807 4th Ave S, Seattle, WA 98108, USA",
Colombian,El Parche Colombiano,"11740 15th Ave NE, Seattle, WA 98125, USA",http://www.elparchecolombiano.com/
Colombian,HOME cocina colombiana,"1605 W 5th Ave, Vancouver, BC V6J 1N5, Canada",
Colombian,Mi Bella Colombia,"4512 Bergenline Ave, Union City, NJ 07087, USA",https://mibellacolombia.net/
Colombian,Cafe Rumba,"1140 N State St, Bellingham, WA 98225, USA",http://caferumbabham.com/
Colombian,Arepa Venezuelan Kitchen,"1405 NE 50th St, Seattle, WA 98105, USA",https://arepavenezuelakitchen.com/
Colombian,La Fonda Paisa,"7914 Georgia Ave, Silver Spring, MD 20910, USA",https://lafondapaisasilverspring.com/
Colombian,La Ventana | Colombian restaurant in Miami Beach,"710 Washington Ave #2, Miami Beach, FL 33139, USA",https://laventanamiamibeach.com/
Colombian,Noches de Colombia,"365 NY-59, Nanuet, NY 10954, USA",https://www.nochesdecolombia.com/
Colombian,Sabor a Colombia Restaurant & Bar Levittown,"2953 Hempstead Tpke, Levittown, NY 11756, USA",https://www.saboracolombiarestaurant.com/
Colombian,La Pollera Colombiana Restaurant,"3579 E Washington Ave, Madison, WI 53704, USA",https://lapolleracolombianarestaurantwi.com/
Colombian,El Molinito Restaurant,"8535 Washington Blvd, Pico Rivera, CA 90660, USA",http://restaurantwebexperts.com/ElMolinito/
Czech,Vladimir's Czech Restaurant,"12785 Sir Francis Drake Blvd, Inverness, CA 94937, USA",
Danish,Byen Bakeri,"15 Nickerson St, Seattle, WA 98109, USA",http://www.byenbakeri.com/
Dutch,Dutch Treat Restaurant,"206 3rd St, Lynden, WA 98264, USA",https://m.facebook.com/dutchtreatlynden/
Ecuadorian,Mi Lindo Ecuador Restaurante Ecuatoriano,"607 SE Everett Mall Way suite k, Everett, WA 98208, USA",http://milindoecuadorrestauranteecuatoriano.com/
Finnish,Broder Söder,"8800 SW Oleson Rd, Portland, OR 97223, USA",https://www.broderpdx.com/
Ghanaian,Taste of Africa,"10663 King George Blvd, Surrey, BC V3T 2X6, Canada",
Guatemalan,La Pasadita Guatemalan Cuisine and Cafe,"15904 Main St NE, Duvall, WA 98019, USA",https://lapasaditaguatemalancuisineandcafewa.com/
Honduran,Mi Bella Honduras RESTAURANT.,"29500 Pacific Hwy S j, Federal Way, WA 98003, USA",
Icelandic,Islander Bar and Grill,"2864 Fisherman Bay Rd, Lopez Island, WA 98261, USA",https://lopezfun.com/islander-bar-grill/
Indonesian,Peranakan Kitchen (P'Kay),"1122 5th Ave, New Westminster, BC V3M 1Y6, Canada",https://perkit.ca/
Indonesian,Bali Thai,"88 W Pender St, Vancouver, BC V6B 1R3, Canada",https://www.balithaivancouver.com/
Indonesian,Indo Cafe,"13754 Aurora Ave N Suite D, Seattle, WA 98133, USA",http://www.myindocafe.com/
Indonesian,Ayo Eat,"560 Johnson St #140, Victoria, BC V8W 3C6, Canada",
Indonesian,Wajan,"4611 E Burnside St, Portland, OR 97215, USA",http://wajanpdx.com/
Indonesian,Waroeng Jajanan​,"22315 Hwy 99 i, Edmonds, WA 98026, USA",
Iranian,Cazba Persian Grill Express,"9855 Austin Ave #106, Burnaby, BC V3J 1N4, Canada",https://cazbarestaurant.com/
Iranian,Pasargad Restaurant,"2565 Barnet Hwy #22, Coquitlam, BC V3H 4E2, Canada",http://pasargadrestaurant.ca/
Iranian,Suren Persian cuisine,"4624 Hastings St, Burnaby, BC V5C 2K5, Canada",https://linktr.ee/surenrestaurant
Iranian,Farsi Food,"1480 Pemberton Ave, North Vancouver, BC V7P 2S1, Canada",http://www.farsifood.ca/
Iranian,Zeitoon Restaurant,"1795 Pendrell St, Vancouver, BC V6G 1T2, Canada",https://zeitoon.cloudwaitress.com/
Iranian,Khaghan Restaurant North Shore,"935 Marine Dr Unit 66, North Vancouver, BC V7P 1S3, Canada",https://linktr.ee/khaghan
Iranian,Avishan,"20433 Douglas Cres, Langley, BC V3A 4B6, Canada",https://avishanrestaurant.com/
Iranian,Rumi Restaurant,"11729 124th Ave NE, Kirkland, WA 98034, USA",http://kirklandrumirestaurant.net/
Iranian,Persepolis Grill,"5517 University Wy NE, Seattle, WA 98105, USA",http://www.persepolis-grill.com/
Iranian,Caspian Bellevue,"1806 136th Pl NE, Bellevue, WA 98005, USA",http://www.caspianbellevue.com/
Iranian,Celeshmet Restaurant | Authentic Persian Halal Restaurant,"6956 Victoria Dr, Vancouver, BC V5P 3Y8, Canada",http://celeshmet.com/?utm_source=gmb&utm_medium=referral
Iraqi,Ishtar Gate -بوابة عشتار Iraqi cuisine,"5222 SE Foster Rd, Portland, OR 97206, USA",
Israeli,Aviv Hummus Bar,"107 15th Ave E, Seattle, WA 98112, USA",http://www.avivhummusbar.com/
Jamaican,Di Reggae Cafe,"13593 King George Blvd, Surrey, BC V3T 2V1, Canada",http://direggaecafe.com/
Jamaican,PG's Jamaican Restaurant,"1387 Johnston Rd, White Rock, BC V4B 3Z3, Canada",https://www.pgsjamaicanrestaurants.com/
Jamaican,Tommie's Jerk,"5337 180 St, Surrey, BC V3S 4K5, Canada",http://www.tommiesjerk.com/
Jamaican,Just Like Home Jamaican Kitchen,"9625 Renton Ave S, Seattle, WA 98118, USA",
Jamaican,Caribbean Lunchbox,"3175 N Goldie Rd, Oak Harbor, WA 98277, USA",
Jamaican,Taste of the Caribbean,"1212 E Jefferson St, Seattle, WA 98122, USA",http://www.tasteofthecaribbeanseattle.com/
Jamaican,Gigo's Jamaican Grill,"4420 Portland Ave E, Tacoma, WA 98404, USA",https://www.facebook.com/GigosJamaicanGrill
Jamaican,Jamaican Homestyle Cuisine,"441 N Killingsworth St, Portland, OR 97217, USA",http://jamaicanhomestylepdx.com/
Jamaican,Jerk Shack,"1133 24th Ave Suite N, Seattle, WA 98122, USA",http://www.jerkshackseattle.com/
Jamaican,Jamaica House,"8307 N Ivanhoe St, Portland, OR 97203, USA",
Jamaican,Island Soul Rum Bar & Soul Shack,"4869 Rainier Ave S, Seattle, WA 98118, USA",http://www.islandsoulrestaurant.com/
Jordanian,Tanoor Sammamish,"22610 SE 4th St #400, Sammamish, WA 98074, USA",https://www.tanoor.com/
Jordanian,Alexandria Mediterranean Cuisineقاسم ابو الكص,"10120 SE 260th St, Kent, WA 98030, USA",http://www.alexandriarestaurantkent.com/
Jordanian,Cedars of Lebanon,"1319 NE 43rd St, Seattle, WA 98105, USA",https://cedarsoflebanonuw.com/
Jordanian,Mecca Mediterranean Cuisine,"16324 International Blvd, Seattle, WA 98188, USA",
Jordanian,Yalla Seattle,"1510 E Olive Wy, Seattle, WA 98122, USA",http://yallaseattle.com/
Jordanian,Falahi Bro's Middle Eastern Cuisine,"609 W 11th St, Vancouver, WA 98660, USA",https://www.falahibro.com/
Jordanian,Petra House Traditional Mediterranean Food,"1900 NE 162nd Ave, Vancouver, WA 98684, USA",https://petrahouserestaurant.com/
Jordanian,Shanasheel Restaurant and bakery,"23729 104th Ave SE, Kent, WA 98031, USA",https://www.mediterraneankent.com/
Jordanian,Oasis Lebanese Cuisine | Beaverton,"14845 SW Murray Scholls Dr, Beaverton, OR 97007, USA",http://oasis-lebanese-cuisine.com/
Jordanian,Mamnoon,"1508 Melrose Ave, Seattle, WA 98122, USA",http://nadimama.com/mamnoon
Jordanian,Rehana Restaurant,"12590 SW Broadway St, Beaverton, OR 97005, USA",https://www.rehanarestaurant.com/
Jordanian,Al Bacha Restaurant,"1833 Broadway, Seattle, WA 98122, USA",https://www.albachabroadway.com/
Jordanian,USTAAD G76 SURREY CENTRAL,"10009 Whalley Blvd, Surrey, BC V3T 4G1, Canada",https://www.ustaadg76.ca/
Jordanian,Jerusalem Cafe,"516 SE Chkalov Dr #45, Vancouver, WA 98683, USA",http://www.thejerusalemcafe.com/
Jordanian,Al Basha Mediterranean Grill,"2302 1st Ave, Seattle, WA 98121, USA",http://albashaseattle.com/
Jordanian,Gyro Hut,"11020 8th Ave NE, Seattle, WA 98125, USA",https://gyrohutwa.com/
Jordanian,Shawarma Time,"4701 Roosevelt Way NE Unit#A, Seattle, WA 98105, USA",https://www.shawarmatimewa.com/
Jordanian,Sinbad Express,"3526 Fremont Pl N, Seattle, WA 98103, USA",https://qmenu.us/#/sinbad-express-seattle
Jordanian,Turkish Delight,"1930 Pike Pl, Seattle, WA 98101, USA",
Kuwaiti,Kuwaiti Cusinie Restaurant,"مركز علياء،، 9M39+WV شارع محمد ضيف الله القحص، Al Jahra, Kuwait",https://kuwaiti-cuisine.com/
Laotian,Flavor Thai & Lao Bowl,"208 SW 43rd St, Renton, WA 98057, USA",https://flavorlaobowl.square.site/
Lithuanian,Pel'meni Restaurant,"1211 N State St, Bellingham, WA 98225, USA",https://bhampelmeni.wixsite.com/pelmeni
Malaysian,Green & Oak Malaysian Restaurant,"3760 Hastings St, Burnaby, BC V5C 2H5, Canada",https://www.greenandoak.com/
Malaysian,IPOH Malaysian Cuisine,"2127-4500 Kingsway, Burnaby, BC V5H 2A9, Canada",https://www.facebook.com/ipohmalaysiancuisine/
Malaysian,Mamalee - Broadway,"3144 W Broadway, Vancouver, BC V6K 2H3, Canada",http://www.mamalee.ca/
Malaysian,Malaysian Hut,"14727 108 Ave, Surrey, BC V3R 1V9, Canada",http://www.malaysianhutrestaurant.com/
Malaysian,Ipoh Malay Cuisine,"1316 W 73rd Ave, Vancouver, BC V6P 4M9, Canada",https://www.ipohmalaycuisine.ca/
Malaysian,Kopitiam Malaysia,"3885 Rupert St, Vancouver, BC V5R 2G7, Canada",https://kopitiammalaysia.ca/
Malaysian,Penang Bistro Fine Malaysian Cuisine(10% OFF for Orders from Our Website!),"3932 Fraser St, Vancouver, BC V5V 4E4, Canada",https://penangbistro.zomi.menu/
Malaysian,Tropika,"2975 Cambie St, Vancouver, BC V5Z 2V7, Canada",http://www.tropikavancouver.ca/
Malaysian,Kedai Makan,"1449 E Pine St, Seattle, WA 98122, USA",http://www.kedaimakansea.com/
Malaysian,Laksa King,"2546 E Hastings St, Vancouver, BC V5K 1Z3, Canada",https://laksaking.ca/
Malaysian,Malay Satay Hut,"5540, 15230 NE 24th St, Redmond, WA 98052, USA",https://www.malaysatay.com/
Malaysian,Reunion Malaysian Cafe + Kitchen,"339 Kirkland Ave C, Kirkland, WA 98033, USA",
Malaysian,Shiok Singaporean Cuisine,"1716 Kingsway, Vancouver, BC V5N 2S4, Canada",http://shiok.ca/
Mongolian,Great Wall Mongolian B.B.Q,"2897 W Broadway, Vancouver, BC V6K 2G6, Canada",
Mongolian,The Great Mongolian BBQ,"British Columbia, Lougheed Hwy. #460 Maple Ridge, BC V2X 2V5, Canada",http://www.thegreatmongolianbbq.com/
Mongolian,Hot Iron Mongolian Grill,"16822 Twin Lakes Ave, Marysville, WA 98271, USA",https://marysvillehotiron.wixsite.com/mongoliangrill
Mongolian,Hot Iron Mongolian Grill,"15418 Main St #101, Mill Creek, WA 98012, USA",https://www.hotironmongolian.com/
Mongolian,Mongo Bongo Mongolian Grill,"512 6th Ave. B, New Westminster, BC V3L 1V3, Canada",http://mongobongo.ca/
Mongolian,Mongolian Grill Woodinville,"13780 NE 175th St, Woodinville, WA 98072, USA",
Nepalese,Spice of Nepal Restaurant,"13486 72 Ave, Surrey, BC V3W 2N8, Canada",https://spiceofnepal.ca/
Nepalese,Royal Nepalese Momo Palace - #1 Place for Momos + Sugarcane Juice,"3490 Kingsway, Vancouver, BC V5R 5L7, Canada",https://www.royalmomopalace.com/
Nicaraguan,Don Gallopinto Nicaraguan restaurant,"14912 Ambaum Blvd SW, Burien, WA 98166, USA",
Norwegian,Svensken A taste of Scandinavia,"22320 NE Halsey St, Fairview, OR 97024, USA",https://www.svensken.net/
Pakistani,Lahori Restaurant,"12877 80 Ave #109, Surrey, BC V3W 4E9, Canada",https://order.tbdine.com/pickup/44405
Pakistani,Dewan-E-Khass,"5750 Fraser St, Vancouver, BC V5W 2Z5, Canada",http://dewanekhass.ca/dishes/
Pakistani,Zaiqa Restaurant,"9450 120 St, Surrey, BC V3V 4B9, Canada",http://zaiqarestaurant.ca/
Pakistani,Lari Adda Food Truck,"1624 145th Pl SE, Bellevue, WA 98007, USA",https://www.lariaddafoodtruckwa.com/
Pakistani,BUTTER & SPICE,"7425 Hardeson Rd unit b, Everett, WA 98203, USA",https://www.butterspiceeverett.com/
Pakistani,Kabab House,"12041 124th Ave NE, Kirkland, WA 98034, USA",https://www.kababhousepk.com/
Pakistani,Foody moody halal Indian Pakistani cuisine,"2444 Bel-Red Rd, Bellevue, WA 98007, USA",https://foody4moody.com/
Pakistani,Maza Grill,"21000 108th Ave SE, Kent, WA 98031, USA",https://www.mazagrill.co/
Panamanian,Pana's Kitchen,"3518 Church Ave, Brooklyn, NY 11203, USA",
Paraguayan,I Love Paraguay Restaurant,"4316 Greenpoint Ave, Queens, NY 11104, USA",http://www.ilovepy.com/
Peruvian,Silvestre Deli & Bistro,"317 Water St, Vancouver, BC V6B 1B8, Canada",http://www.silvestregustolatino.com/
Peruvian,El Rey Peruvian Restaurant,"12926 Mukilteo Speedway e15, Lynnwood, WA 98087, USA",https://elreyperuvianrestaurantlynnwood.com/
Peruvian,Cafe Rumba,"1140 N State St, Bellingham, WA 98225, USA",http://caferumbabham.com/
Peruvian,El Pique Peruvian & Mexican Restaurant,"14445 Ambaum Blvd SW, Burien, WA 98166, USA",https://elpiquedeburien.com/
Peruvian,San Fernando Roasted Peruvian Chicken,"16616 International Blvd, SeaTac, WA 98188, USA",http://www.pollos-sanfernando.com/
Peruvian,Rinconcito Peruano Restaurant,"18904 Hwy 99 suite a, Lynnwood, WA 98036, USA",https://www.facebook.com/rinconcitoperuanorestaurant/
Peruvian,Don Lucho's,"7919 Roosevelt Way NE, Seattle, WA 98115, USA",http://donluchosinseattle.com/
Peruvian,Señor Carbón Peruvian Cuisine,"625 1st Ave, Seattle, WA 98104, USA",https://www.toasttab.com/senorcarbon
Peruvian,El Inka Peruvian Cuisine,"8560 SE Division St, Portland, OR 97266, USA",
Philippine,Pampanga’s Cuisine Home of the Original Sisig,"5179 Joyce St, Vancouver, BC V5R 4G8, Canada",http://pampangascuisine.ca/
Philippine,Kulinarya Filipino Eatery,"2922 Glen Dr, Coquitlam, BC V3B 2P5, Canada",http://www.kulinarya.ca/
Philippine,PLATO FILIPINO,"5175 Joyce St, Vancouver, BC V5R 4G8, Canada",
Philippine,LASA Street Food,"10600 Quil Ceda Blvd, Tulalip, WA 98271, USA",
Philippine,Pin Pin Restaurant,"6113 Fraser St, Vancouver, BC V5W 2Z9, Canada",http://www.pinpinrestaurant.com/
Philippine,Strita Kitchen ( Traditional Filipino Food ),"3810 166th Pl NE, Arlington, WA 98223, USA",
Philippine,EPIC GRILL SILOGS + SANS RIVAL,"538 Ewen Ave, New Westminster, BC V3M 5B8, Canada",https://epicsilogsgrill.com/
Philippine,La Meza Grill,"11955 88 Ave, Delta, BC V4C 3C9, Canada",http://www.lamezagrill.com/
Philippine,PLATO FILIPINO,"892 Carnarvon St #100, New Westminster, BC V3M 0C5, Canada",https://www.instagram.com/platofilipino/?hl=en
Philippine,That's What I Like! Restaurant & Lounge,"3236 Northwest Ave, Bellingham, WA 98225, USA",https://thatswhatilikeislandgrill.com/
Philippine,Hapag Ihaw-Ihaw Restaurant,"5432 Victoria Dr, Vancouver, BC V5P 3V7, Canada",http://hapagrestaurant.com/
Philippine,Pepa's Lumpia Filipino Cuisine / Oriental Store,"1220 Sylvan Way, Bremerton, WA 98310, USA",https://www.pepas-lumpia.com/
Philippine,Cebu Restaurant,"9408 Martin Way E #4, Olympia, WA 98516, USA",https://ceburestaurantwa.squarespace.com/
Philippine,Kulinarya Filipino Eatery,"1134 Commercial Dr, Vancouver, BC V5L 3X2, Canada",http://www.kulinarya.ca/
Philippine,Kuy’s Lechon,"660 W 71st Ave, Vancouver, BC V6P 3A1, Canada",https://www.kuyslechon.com/
Philippine,Mekenie Pampangga’s Special | Filipino Restaurant,"16928 116th Ave SE, Renton, WA 98058, USA",
Philippine,Gracie's Cuisine,"607 SE Everett Mall Way, Everett, WA 98208, USA",
Philippine,PAMPANGA’S CUISINE Home of the Original Sisig,"6094 Fraser St, Vancouver, BC V5W 2Z7, Canada",https://pampangascuisine.ca/
Philippine,Pampanga's Best Cafeteria,"4279 Fraser St, Vancouver, BC V5V 4G1, Canada",http://pampangasbestcafeteria.com/
Polish,Sebi's Bistro,"1714 18th Ave, Seattle, WA 98122, USA",https://sebisbistro.com/
Puerto Rican,J’s Kitchen,"1307 11th St, Bellingham, WA 98225, USA",https://www.jskitchenfairhaven.com/
Puerto Rican,OSJ International Restaurant,"12822 Pacific Hwy SW, Lakewood, WA 98499, USA",
Puerto Rican,Boriken Restaurant,"12800 SW Canyon Rd, Beaverton, OR 97005, USA",https://borikenrestaurant.com/
Romanian,Domnies,"15031 Military Rd S B174, SeaTac, WA 98188, USA",https://domnies.business.site/?utm_source=gmb&utm_medium=referral
Romanian,Sunset Bistro llc,"354 Sunset Blvd N, Renton, WA 98057, USA",
Saudi Arabian,Yasma,"550 Denman St, Vancouver, BC V6G 3H1, Canada",http://www.yasma.ca/
Singaporean,Singapore Hawker,"1169 Pacific St #120, Coquitlam, BC V3B 0J1, Canada",http://www.singaporehawker.ca/
Singaporean,Singapore Hawker Burnaby,"7150 Sperling Ave, Burnaby, BC V5E 2W5, Canada",http://www.singaporehawker.ca/
Singaporean,Shiok Singaporean Cuisine,"1716 Kingsway, Vancouver, BC V5N 2S4, Canada",http://shiok.ca/
Singaporean,Shiok Express,"9855 Austin Ave #907, Burnaby, BC V3J 1N4, Canada",https://shiok.ca/lougheed
Singaporean,Green & Oak Malaysian Restaurant,"3760 Hastings St, Burnaby, BC V5C 2H5, Canada",https://www.greenandoak.com/
Singaporean,IPOH Malaysian Cuisine,"2127-4500 Kingsway, Burnaby, BC V5H 2A9, Canada",https://www.facebook.com/ipohmalaysiancuisine/
Singaporean,Streets Of Singapore,"913 Capitol Way S, Olympia, WA 98501, USA",https://www.yummysos.com/
Singaporean,Prata-Man Singapore Cuisine,"9060 Capstan Wy, Richmond, BC V6X 3N6, Canada",https://prata-man-richmond.business.site/
Singaporean,Singapore Express,"2775 Laurel St Room 4145, Vancouver, BC V5Z 1M9, Canada",https://www.qooway.com/OLO/m-en?SingExpOnLaurel
Slovak,Slovak Catholic sokol,"24 Memorial Dr, Perryopolis, PA 15473, USA",
Somali,Sahara Cafe Somali Cuisine,"13919 Tukwila International Blvd, Tukwila, WA 98168, USA",
Somali,Halwo Kismayo Grill,"14822 Tukwila International Blvd, Tukwila, WA 98168, USA",https://halwokismayogrill.com/
Somali,Juba Restaurant & Café,"14223 Tukwila International Blvd, Tukwila, WA 98168, USA",
Somali,Somalian Food,"25420 104th Ave SE, Kent, WA 98030, USA",http://somalianfood.com/
Somali,Mama Sambusa Kitchen,"8319 Wabash Ave S Suite C, Seattle, WA 98118, USA",https://www.mamasambusakitchen.com/?utm_source=google&utm_medium=wix_google_business_profile&utm_campaign=2280415176859227161
Somali,East African restaurant,"15215 Military Rd S, SeaTac, WA 98188, USA",
Somali,Kilimanjaro Restaurant and cafe llc,"16006 International Blvd, SeaTac, WA 98188, USA",
Somali,Moyokitchen,"14200 Tukwila International Blvd, Tukwila, WA 98168, USA",http://moyokitchen.square.site/
Somali,Safari Njema,"5041 Rainier Ave S suite 107, Seattle, WA 98118, USA",
Somali,Dijah's Kitchen - African Restaurant,"16108 Ash Way #103, Lynnwood, WA 98087, USA",http://www.dijahskitchen.com/
Somali,Baarakallah Restaurant Somali Cuisine,"408 Cedar Ave #1, Minneapolis, MN 55454, USA",https://baarakallahsomalicuisine.com/
Somali,Yusra & Sabah Restaurant,"7729 Rainier Ave S, Seattle, WA 98118, USA",https://yusraandsabahrestaurant.com/
Somali,Dur Dur Cafe Tea,"2212 E Cherry St, Seattle, WA 98122, USA",
South African,Alebi African Cuisine,"10694 135a St, Surrey, BC V3T 4E2, Canada",http://alebiafricanrestaurant.com/
South African,Taste of Africa,"10663 King George Blvd, Surrey, BC V3T 2X6, Canada",
South African,massawa restaurant,"418 6th St, New Westminster, BC V3L 3B2, Canada",
South African,Simba's Grill,"3300 Boundary Rd, Burnaby, BC V5M 4A4, Canada",http://www.simbasgrill.com/
Sri Lankan,Rupee Bar,"6307 24th Ave NW, Seattle, WA 98107, USA",http://www.rupeeseattle.com/
Swiss,Swiss Hibiscus,"4950 NE 14th Ave, Portland, OR 97211, USA",http://www.swisshibiscus.com/
Syrian,Tanoor Sammamish,"22610 SE 4th St #400, Sammamish, WA 98074, USA",https://www.tanoor.com/
Syrian,Iyad's Syrian Grill,"Unnamed Road، Vashon, WA 98070, USA",https://www.syriangrill.com/
Syrian,Alexandria Mediterranean Cuisineقاسم ابو الكص,"10120 SE 260th St, Kent, WA 98030, USA",http://www.alexandriarestaurantkent.com/
Syrian,Oasis Lebanese Cuisine | Beaverton,"14845 SW Murray Scholls Dr, Beaverton, OR 97007, USA",http://oasis-lebanese-cuisine.com/
Syrian,Falahi Bro's Middle Eastern Cuisine,"609 W 11th St, Vancouver, WA 98660, USA",https://www.falahibro.com/
Syrian,Yalla Seattle,"1510 E Olive Wy, Seattle, WA 98122, USA",http://yallaseattle.com/
Syrian,Salam Restaurant,"1002 NE Orenco Station Pkwy, Hillsboro, OR 97124, USA",http://www.salampdx.com/
Syrian,Harissa Mediterranean Cuisine,"2255 NE 65th St, Seattle, WA 98115, USA",http://harissaofseattle.com/
Syrian,Oasis Lebanese Cuisine | Hillsboro,"7109 NE Imbrie Dr, Hillsboro, OR 97124, USA",https://oasis-lebanese-cuisine.com/
Syrian,Middle East Flavors at Karam,"2800 SW Cedar Hills Blvd Suite B, Beaverton, OR 97005, USA",https://middleeastflavorsbeaverton.com/
Syrian,Shanasheel Restaurant and bakery,"23729 104th Ave SE, Kent, WA 98031, USA",https://www.mediterraneankent.com/
Syrian,Mamnoon,"1508 Melrose Ave, Seattle, WA 98122, USA",http://nadimama.com/mamnoon
Syrian,Al Bacha Restaurant,"1833 Broadway, Seattle, WA 98122, USA",https://www.albachabroadway.com/
Syrian,Petra House Traditional Mediterranean Food,"1900 NE 162nd Ave, Vancouver, WA 98684, USA",https://petrahouserestaurant.com/
Syrian,Cafe Munir,"2408 NW 80th St, Seattle, WA 98117, USA",https://www.instagram.com/cafemunirseattle/
Syrian,Shawarmaniac Mediterranean Grill,"11510 124th Ave NE, Kirkland, WA 98033, USA",http://shawarmaniac.com/
Syrian,Mediterranean Kitchen,"11412 NE 124th St, Kirkland, WA 98034, USA",http://www.mediterraneankitchens.net/
Syrian,Safura's Mediterranean Cuisine,"4160 6th Ave SE UNIT 103, Lacey, WA 98503, USA",http://safurasmediterranean.com/
Syrian,Nicholas Restaurant Lebanese and Mediterranean Cuisine,"1109 SE Madison St, Portland, OR 97214, USA",http://www.nicholasrestaurant.com/
Syrian,The Sultan Cafe,"1500 NW 18th Ave, Portland, OR 97209, USA",http://thesultancafe.com/
Taiwanese,19 GOLD Taiwanese Restaurant,"3601 Fremont Ave N #101, Seattle, WA 98103, USA",https://www.19goldseattle.com/
Taiwanese,Bubble 88,"10209 King George Blvd #102, Surrey, BC V3T 2W6, Canada",https://bubble88.business.site/
Taiwanese,Din Tai Fung,"9724 SW Washington Square Rd, Tigard, OR 97223, USA",https://dintaifungusa.com/us/locations/tigard.html
Taiwanese,Facing East | Taiwanese Restaurant,"12736 Bel-Red Rd, Bellevue, WA 98005, USA",https://www.facingeastbellevue.com/
Taiwanese,Looking for Chai Taiwanese Kitchen,"12121 Northup Way #205, Bellevue, WA 98005, USA",https://www.facebook.com/lookingforchai2/
Taiwanese,Little Taipei Restaurant,"2245 140th Ave NE, Bellevue, WA 98005, USA",
Taiwanese,Mee Sum,"4343 University Wy NE, Seattle, WA 98105, USA",https://smorefood.com/order-online/mee-sum-pastry-university-district-seattle-98105-0y1xl5tl?utm_source=gmb&utm_medium=website
Taiwanese,Tofu 101,"12816 SE 38th St Unit G, Bellevue, WA 98006, USA",http://www.tofu101.com/
Taiwanese,Looking for Chai,"22511 Hwy 99 Suite 100, Edmonds, WA 98026, USA",https://steve11977.wixsite.com/looking-for-chai
Taiwanese,Taiwan Bistro PDX,"11136 SW Capitol Hwy, Portland, OR 97219, USA",https://www.taiwanbistro6z.com/
Taiwanese,Champion Gourmet Taiwanese Cafe,"18230 E Valley Hwy Ste 122, Kent, WA 98032, USA",
Taiwanese,Wang's Taiwan Beef Noodle House,"8390 Granville St, Vancouver, BC V6P 4Z7, Canada",https://wangstaiwanhouse.com/
Taiwanese,Din Tai Fung,"181 Southcenter Mall, Tukwila, WA 98188, USA",https://dintaifungusa.com/us/locations/tukwila.html
Taiwanese,Chef Hung Taiwanese Beef Noodle,"3313 Shrum Lane #102, Vancouver, BC V6S 0C8, Canada",http://www.chefhungnoodle.com/
Taiwanese,Tiger Bites,"14701 NE 20th St suite m-12, Bellevue, WA 98007, USA",https://www.tiger-bites.com/
Taiwanese,台風 Typhoon Bubble Tea Taiwanese Cuisine,"11700 Cambie Rd. #175, Richmond, BC V6X 1L5, Canada",https://typhoonbbt.ca/
Taiwanese,MonGa Café,"14603 NE 20th St, Bellevue, WA 98007, USA",https://www.mongacafe.com/
Taiwanese,[MISS MIKE Bento & Noodles],"4106 Brooklyn Ave NE #102B, Seattle, WA 98105, USA",
Taiwanese,Joys Taiwanese Food,"4380 No. 3 Rd, Richmond, BC V6X 3V7, Canada",
Taiwanese,Chef Hung Taiwanese Beef Noodle,"4151 Hazelbridge Wy #2800, Richmond, BC V6X 4J7, Canada",http://www.chefhungnoodle.com/
Thai,Chada Thai,"825 Peace Portal Dr, Blaine, WA 98230, USA",http://www.chadathaiusa.com/
Thai,Chandara House - Authentic Thai Cuisine,"655 Front St STE 10, Lynden, WA 98264, USA",http://www.chandarahouse-autheticthaicuisine.com/
Thai,Supon's Thai Kitchen,"111 N Samish Way, Bellingham, WA 98225, USA",http://www.supons.com/
Thai,On Rice Thai Cuisine,"209 N Samish Way, Bellingham, WA 98225, USA",https://onrice-samish.onthemenu.us/
Thai,Wanida Thai Bistro,"3200 Northwest Ave, Bellingham, WA 98225, USA",http://wanidathaibistro.com/
Thai,Bangkok Bistro Fine Thai Cuisine,"104 Lila Ln, Burlington, WA 98233, USA",https://bangkokbistroburlington.com/
Thai,Little Thailand,"702 Metcalf St, Sedro-Woolley, WA 98284, USA",https://m.facebook.com/pages/Little-Thailand/491266320936048
Thai,Taste of Thai by Wipa,"1038 S Burlington Blvd, Burlington, WA 98233, USA",https://tasteofthaibywipawa.smiledining.com/
Thai,Maikham Restaurant,"1125 Finnegan Way, Bellingham, WA 98225, USA",http://maikham.com/
Thai,Pattaya Thai Restaurant,"8640 Martin Way E E, Lacey, WA 98516, USA",https://www.pattayathairestaurant.net/
Thai,Thai House Restaurant,"187 Telegraph Rd, Bellingham, WA 98226, USA",
Thai,Luxe Thai Cuisine,"5685 3rd Ave, Ferndale, WA 98248, USA",http://www.luxethaicuisine.com/
Thai,Wanida Thai Cuisine,"1213 Dupont St, Bellingham, WA 98225, USA",http://wanidathai.com/
Thai,Asian 1 in Burlington,"145 Cascade Pl #112, Burlington, WA 98233, USA",http://www.asian1.net/
Thai,Naung Mai Thai Kitchen,"2216 Commercial Ave, Anacortes, WA 98221, USA",http://nmthaikitchen.com/
Thai,Thai Rhapsody,"15021 Main St I, Mill Creek, WA 98012, USA",http://www.thairhapsody.com/
Thai,Thai Bistro Mill Creek,"1018 164th St SE Suite #A14, Mill Creek, WA 98012, USA",http://www.thaibistromillcreek.com/
Thai,Eat Thai Cuisine,"402 E Stanley St, Granite Falls, WA 98252, USA",http://www.eatthaigranitefalls.com/
Thai,Lakewood Thai Cuisine,"17020 Twin Lakes Ave, Marysville, WA 98271, USA",http://www.lakewoodthai.com/
Thai,Thai Maison,"2430 James St, Bellingham, WA 98225, USA",http://www.thaimaison.com/
Tunisian,Moun Of Tunis Restaurant,"7445 1/2 Sunset Blvd, Los Angeles, CA 90046, USA",http://www.mounoftunis.com/index.html
Ukrainian,Ukrainian Village,"815 Denman St, Vancouver, BC V6G 2L7, Canada",https://ukrainianvillage.wixsite.com/canada
Ukrainian,Ukrainian Cuisine restaurant,"31811 WA-706, Ashford, WA 98304, USA",https://paradisevillagelodge.com/amenities/restaurant/
Uruguayan,La Gran Uruguaya Restaurant,"85-02 37th Ave, Jackson Heights, NY 11372, USA",http://lagranuruguaya.com/
Venezuelan,Arepa Venezuelan Kitchen,"1405 NE 50th St, Seattle, WA 98105, USA",https://arepavenezuelakitchen.com/
Venezuelan,Paparepas Venezuelan Food,"1620 Broadway, Seattle, WA 98122, USA",http://www.paparepas.com/
Venezuelan,Arepa Venezuelan Kitchen,"4058 Factoria Square Mall SE, Bellevue, WA 98006, USA",https://www.arepavenezuelakitchen.com/
Venezuelan,Paparepas Venezuelan Food,"21224 84th Ave S, Kent, WA 98031, USA",https://www.paparepas.com/
Venezuelan,Arepa Latin Street Food,"728 4th Ave E, Olympia, WA 98501, USA",http://www.arepalatinstreetfood.com/
Vietnamese,White Lotus Cafe,"5901 Broadway, Burnaby, BC V5B 2Y1, Canada",http://www.whitelotuscafe.ca/
Vietnamese,Pho 68 Edmonds,"7360 Edmonds St, Burnaby, BC V3N 0G7, Canada",https://pho68.ca/
Vietnamese,Phở Hồng Vietnamese Restaurant,"5975 Kingsway, Burnaby, BC V5J 1H1, Canada",https://drive.google.com/file/d/115uJr6nepSR1ReTJkaxy_DnbqvIZFOPZ/view?usp=drivesdk
Vietnamese,Pho Century Fine Vietnamese Cuisine,"6701 Kingsway, Burnaby, BC V5E 1E4, Canada",https://phocentury.ca/
Vietnamese,The Viet Noodle Guy,"1902 Rosser Ave, Burnaby, BC V5C 3Z2, Canada",http://www.thevietnoodleguy.ca/
Vietnamese,Pho Ly,"5559, 4151 Meridian St # 113, Bellingham, WA 98226, USA",
Vietnamese,What A Pho,"3212 Northwest Ave, Bellingham, WA 98225, USA",
Vietnamese,Pho 360,"232 36th St, Bellingham, WA 98225, USA",https://www.ordervikingfood.com/r/1724/restaurants/delivery/Vietnamese/Pho-360-Bellingham
Vietnamese,Pho 99,"3503 Byron Ave, Bellingham, WA 98225, USA",
Vietnamese,Soy House,"400 W Holly St, Bellingham, WA 98225, USA",http://www.soyhouserestaurant.com/
Vietnamese,Pho Hoa + Jazen Tea (Sedro Woolley),"802 State Rte 20, Sedro-Woolley, WA 98284, USA",http://phohoa.com/
Vietnamese,Saigon Cafe,"1046 Lakeway Dr, Bellingham, WA 98229, USA",https://www.instagram.com/saigoncafewa2023/
Vietnamese,Pho T & N,"19641 7th Ave NE #135, Poulsbo, WA 98370, USA",http://photnpoulsbo.com/
Vietnamese,Happy Phở,"9330 State Ave, Marysville, WA 98270, USA",
Vietnamese,Asian Grill & More 1,"1825 Riverside Dr #B, Mount Vernon, WA 98273, USA",
Vietnamese,BITE Teriyaki and Pho,"323 E College Way, Mount Vernon, WA 98273, USA",http://biteteriyakipho.com/
Vietnamese,Phodat Vietnamese Noodles Soup,"3411 169th Pl NE E, Arlington, WA 98223, USA",https://m.facebook.com/pages/Pho-Dat/189842491032347
Vietnamese,Saigon Ivy Restaurant,"520 6th St, New Westminster, BC V3L 3B4, Canada",http://www.saigonivy.com/
Vietnamese,Kim Son Vietnamese Food,"555 W 12th Ave #030, Vancouver, BC V5Z 3X7, Canada",
Vietnamese,Saigon Pho And Grill,"19959 US-2, Monroe, WA 98272, USA",
Yemeni,Saba Yemeni Restaurant,"2881 Granville St, Vancouver, BC V6H 3J4, Canada",http://www.sabafoods.ca/
