Cuisine Type,Name,Address,Website
Mexican,Guacamole Mexican Grill,"10671A King George Blvd, Surrey, BC V3T 2X6, Canada",http://www.guacmexgrill.ca/
Mexican,Bordertown Mexican Grill,"538 Peace Portal Dr, Blaine, WA 98230, USA",https://bordertownmexicangrill.com/
Mexican,Zapoteca,"15495 Marine Dr, White Rock, BC V4B 1C9, Canada",http://www.zapoteca.com/
Mexican,Antojos y Sabores,"1370 E Georgia St, Vancouver, BC V5L 2A8, Canada",http://www.antojosysabores.com/
Mexican,Vallarta's Mexican Restaurant,"2891 E Broadway, Vancouver, BC V5M 1Y9, Canada",https://vallartasmexicanvancouver.com/?
Mexican,Little Mexico Cantina,"3131 Chatham St #150, Richmond, BC V7E 2Y4, Canada",https://www.littlemexicocantina.ca/
Mexican,El Comal,"7650 Winston St, Burnaby, BC V5A 2H4, Canada",http://elcomal.ca/
Mexican,Adelitas Restaurant,"5178 Victoria Dr, Vancouver, BC V5P 3T8, Canada",https://www.facebook.com/adelitasrestaurant.van/
Mexican,Los Cuervos Taqueria & Cantina,"LOS CUERVOS, 603 Kingsway, Vancouver, BC V5T 3K5, Canada",https://www.loscuervostaqueria.net/
Mexican,Ole Ole Mexican Cuisine,"831 12th St, New Westminster, BC V3M 4K4, Canada",https://www.facebook.com/Ole-Ole-Mexican-Deli-129537510412618/
Mexican,El Campesino Mexican Restaurant,"17 Campbell St, Cleveland, GA 30528, USA",https://www.elcampesinomexicanrestaurants.com/
Mexican,Azul Restaurant,"15118 Main St #100, Mill Creek, WA 98012, USA",http://www.azulwa.com/
Mexican,Fonda La Catrina,"5905 Airport Wy S, Seattle, WA 98108, USA",http://www.fondalacatrina.com/
Mexican,Todo Mexico,"1101 1st St, Snohomish, WA 98290, USA",http://www.todomexicosnohomish.com/
Mexican,Javi's Mexican Grill & Tavern,"154 Wilford Ash SR Pkwy, Cleveland, GA 30528, USA",http://javisgrill.com/
Mexican,Cancun Express,"671 Helen Hwy, Cleveland, GA 30528, USA",
Mexican,Paso Del Norte,"758 Peace Portal Dr, Blaine, WA 98230, USA",http://pasodelnorte.net/
Latvian,Whitehouse Restorāns,"Tērbatas iela 2, Centra rajons, Rīga, LV-1050, Latvia",http://whitehouserestorans.lv/
Italian,Osteria Povera,"2331 Clarke St, Port Moody, BC V3H 1Y9, Canada",https://www.povera.ca/
Italian,La Baia Italian Restaurant Ltd.,"15791 Marine Dr, White Rock, BC V4B 1E5, Canada",https://www.labaiarestaurant.ca/
Italian,Piva Modern Italian,"787 Columbia St, New Westminster, BC V3M 1B6, Canada",http://pivarestaurant.ca/
Italian,Natalino’s pizza Crescent Beach,"12211 Beecher St, Surrey, BC V4A 3A2, Canada",http://natalinospizza.com/
Italian,Andreas Restaurant,"20227 56 Ave, Langley, BC V3A 3Y6, Canada",http://www.andreasrestaurant.ca/
Italian,Italian Tomato Restaurant,"8380 Bridgeport Rd, Richmond, BC V6X 3C7, Canada",https://italiantomato.ca/
Italian,Contos Pizza & Pasta,"521 WA-9, Lake Stevens, WA 98258, USA",http://contospizza.com/
Italian,Poor Italian Ristorante,"3296 E 1st Ave, Vancouver, BC V5M 1B8, Canada",http://www.pooritalian.com/
Italian,Border Town Pizza,"738 Peace Portal Dr, Blaine, WA 98230, USA",https://www.bordertownpizza.net/
Italian,Claudio's Ristorante,"4402 Skyline Dr #103, Burnaby, BC V5C 0M7, Canada",http://www.claudiosristorante.ca/
Italian,Capri Italian Bakery & Bistro,"22266 Dewdney Trunk Rd, Maple Ridge, BC V2X 3E7, Canada",http://www.capribakerybistro.com/
Italian,L'Artista Italian Restaurant,"3891 Hastings St, Burnaby, BC V5C 2H7, Canada",
Italian,The Italians,"1220 Bute St, Vancouver, BC V6E 1Z8, Canada",https://www.theitaliansvancouver.com/
Italian,Venetis Restaurant,"20511 Douglas Cres, Langley, BC V3A 4B6, Canada",
Italian,Cafe Veloce,"12514 120th Ave NE, Kirkland, WA 98034, USA",http://cafeveloce.com/
Italian,Storia Cucina,"109 Grand Ave suite 102, Bellingham, WA 98225, USA",http://www.storiacucina.com/
Italian,Piatti,"2695 NE Village Ln, Seattle, WA 98105, USA",https://seattle.piatti.com/
Italian,Charcoal & Woodz Restaurant & Bar,"17530 64 Ave, Surrey, BC V3S 1Y9, Canada",https://charcoalandwoodz.com/
Italian,Mama G's Italian Restaurant,"777 Hwy 441, Clayton, GA 30525, USA",http://loveisgoodfood.net/
Italian,Sliced,"70 Bellis Fair Pkwy, Bellingham, WA 98226, USA",https://www.sliced.biz/
Spanish,Casa Molina,"2211 Manitoba St, Vancouver, BC V5Y 1K1, Canada",http://www.casamolina.ca/
Spanish,Bodega on Main,"1014 Main St, Vancouver, BC V6A 2W1, Canada",http://www.bodegaonmain.ca/
Spanish,Bordertown Mexican Grill,"538 Peace Portal Dr, Blaine, WA 98230, USA",https://bordertownmexicangrill.com/
Spanish,Como Taperia,"201 E 7th Ave, Vancouver, BC V5T 0B4, Canada",https://www.comotaperia.com/
Spanish,Don Chepe's Restaurant,"1122 5th Ave, New Westminster, BC V3M 1Y6, Canada",http://www.donchepesrestaurant.com/
Spanish,La Boqueria Tapas and Pintxos Bar,"291 E Pender St, Vancouver, BC V6A 1T8, Canada",http://www.boqueria.ca/
Spanish,España Restaurant,"1118 Denman St, Vancouver, BC V6G 2M8, Canada",http://www.espanarestaurant.ca/
Spanish,Barcelona Tapas & Wine Bar,"449 Bowen Island Trunk Rd, Bowen Island, BC V0N 1G0, Canada",https://btwb.ca/
Spanish,Cuchillo,"261 Powell St, Vancouver, BC V6A 2Z1, Canada",http://www.cuchillo.ca/
Spanish,Azul Restaurant,"15118 Main St #100, Mill Creek, WA 98012, USA",http://www.azulwa.com/
Spanish,Castilla Restaurant and Tapas Bar,"504 Bellevue Square, Bellevue, WA 98004, USA",https://www.castillarestaurant.com/
Spanish,Todo Mexico,"1101 1st St, Snohomish, WA 98290, USA",http://www.todomexicosnohomish.com/
Spanish,Taqueria MIS 5 ESTRELLAS,"1010 14th St, Anacortes, WA 98221, USA",
Spanish,Charcoal & Woodz Restaurant & Bar,"17530 64 Ave, Surrey, BC V3S 1Y9, Canada",https://charcoalandwoodz.com/
Spanish,La Pachanga Mexican Restaurant,"56 Hwy 441, Clayton, GA 30525, USA",
Spanish,The Keg Steakhouse + Bar - Maple Ridge,"20640 Dewdney Trunk Rd, Maple Ridge, BC V2X 3E5, Canada",http://www.thekeg.com/en/locations/maple-ridge
Spanish,The Keg Steakhouse + Bar - Langley,"9020 202 St., Langley Twp, BC V1M 4B8, Canada",http://www.thekeg.com/en/locations/langley
Spanish,Las Mamis Restaurant,"177 S Lexington Ave, White Plains, NY 10601, USA",http://las-mamis.edan.io/
Spanish,El Parian,"62 Walmart Way, Eastanollee, GA 30538, USA",
Spanish,Chada Thai,"825 Peace Portal Dr, Blaine, WA 98230, USA",http://www.chadathaiusa.com/
American,Peace Arch City Café & Bar,"658 Peace Portal Dr, Blaine, WA 98230, USA",http://www.peacearchcitycafe.com/
American,Vault Restaurant,"5764 176 St, Surrey, BC V3S 4C8, Canada",http://vaultrestaurant.com/
American,Three Flavors Kitchen,"507 Nooksack Rd, Everson, WA 98276, USA",http://threeflavorskitchen.com/
American,Bordertown Mexican Grill,"538 Peace Portal Dr, Blaine, WA 98230, USA",https://bordertownmexicangrill.com/
American,Jack Niemann's Black Forest Steak House,"638 Peace Portal Dr, Blaine, WA 98230, USA",https://www.jackniemannsblackforeststeakhouse.com/
American,CJ's Beach House,"7878 Birch Bay Dr, Blaine, WA 98230, USA",https://www.facebook.com/CJs-Beach-House-115981265088932/
American,Bob's Burgers & Brew Birch Bay,"8120 Birch Bay Square St, Blaine, WA 98230, USA",http://bobsburgersandbrewbirchbay.com/
American,Drayton Harbor Oyster Company,"685 Peace Portal Dr, Blaine, WA 98230, USA",https://www.draytonharboroysters.com/
American,Cooks Tavern,"3201 N 26th St, Tacoma, WA 98407, USA",http://www.cookstavern.com/
American,McDonald's,"747 Grant Ave, Blaine, WA 98230, USA",http://www.mcdonalds.com/?cid=RF:YXT:GMB::Clicks
American,Red Robin Gourmet Burgers and Brews,"19705 Fraser Hwy #530, Langley, BC V3A 7E9, Canada",https://locations.redrobin.com/bc/langley/530/
American,The Keg Steakhouse + Bar - Maple Ridge,"20640 Dewdney Trunk Rd, Maple Ridge, BC V2X 3E5, Canada",http://www.thekeg.com/en/locations/maple-ridge
American,Azul Restaurant,"15118 Main St #100, Mill Creek, WA 98012, USA",http://www.azulwa.com/
American,Rider,"619 Pine St, Seattle, WA 98101, USA",http://www.riderseattle.com/
American,The Rail,"128 E Railroad Ave, Port Angeles, WA 98362, USA",https://www.facebook.com/therailportangeles/
American,Clubhouse at Fraser Downs Racetrack & Casino,"17755 60 Ave, Surrey, BC V3S 1V3, Canada",https://elementscasinosurrey.com/racing/
American,re:public,"429 Westlake Ave N, Seattle, WA 98109, USA",http://www.republicseattle.com/
American,Huddle House,"15 Old Blairsville Rd, Cleveland, GA 30528, USA",https://huddlehouse.com/locations/ga/cleveland/15-old-blairsville-rd
American,Paso Del Norte,"758 Peace Portal Dr, Blaine, WA 98230, USA",http://pasodelnorte.net/
British,Charcoal & Woodz Restaurant & Bar,"17530 64 Ave, Surrey, BC V3S 1Y9, Canada",https://charcoalandwoodz.com/
Thai,Leela Thai Restaurant,"1558 George St, White Rock, BC V4B 3E8, Canada",
Thai,Chada Thai,"825 Peace Portal Dr, Blaine, WA 98230, USA",http://www.chadathaiusa.com/
Thai,Thai By Thai,"9164 120 St, Surrey, BC V3V 4B5, Canada",http://thaibythai-surrey.com/?utm_source=google&utm_medium=maps&utm_campaign=website
Thai,Khob Khun Thai Cuisine,"1143 Austin Ave, Coquitlam, BC V3K 3P4, Canada",https://www.khobkhunthaicuisine.com/
Thai,Thai Chef Eatery,"3355 North Rd, Burnaby, BC V3J 1M3, Canada",https://thaichefeatery.com/
Thai,Thai New West Restaurant,"424 E Columbia St, New Westminster, BC V3L 3W9, Canada",https://www.thainewwest.com/
Thai,Sawasdee Thai Restaurant,"4250 Main St, Vancouver, BC V5V 3P9, Canada",https://sawasdeethairestaurant.com/
Thai,Chada Thai Fine Cuisine,"2991 Lougheed Hwy. #107, Coquitlam, BC V3B 6J6, Canada",http://www.chadathai.ca/
Thai,Bai Bua Thai Cuisine,"1-2443 E Hastings St, Vancouver, BC V5K 1Y8, Canada",http://www.baibuathaicuisine.ca/
Thai,Take Thai Home Restaurants,"1245 Glen Dr, Vancouver, BC V6A 3M8, Canada",http://takethaihomerestaurant.com/
Thai,Thailicious by Thai Away Home,"2402 E Hastings St, Vancouver, BC V5K 1Z1, Canada",https://thailicious8.wixsite.com/thailicious
Thai,Siam Le Bien Thai Cuisine,"Siam Le Bien Thai Cuisine, 4217 Hastings St, Burnaby, BC V5C 2J5, Canada",http://www.siamlebien.com/
Thai,Patsara Thai,"528 Carnarvon St, New Westminster, BC V3L 1C4, Canada",https://www.patsara.ca/
Thai,Thaigo,"4567 Lougheed Hwy., Burnaby, BC V5C 3Z6, Canada",https://broadwayfoodsgroup.ca/thaigo/
Thai,Thong Thai Restaurant,"12836 Pacific Hwy SW, Lakewood, WA 98499, USA",
Thai,Chad Thai Restaurant,"4010 Hastings St, Burnaby, BC V5C 2H9, Canada",http://chadthai.ca/
Thai,Krungthep Thai and Pho,"17851 1st Ave S, Normandy Park, WA 98148, USA",https://krungthepthaiandpho.com/
Thai,Simply Thai,"235 Strander Blvd #140, Tukwila, WA 98188, USA",http://www.simplythaiseattle.com/
Thai,Lhy Thai Restaurant,"7357 Edmonds St, Burnaby, BC V3N 1A9, Canada",
Thai,Thai Express Restaurant Burnaby,"4820 Kingsway, Metropolis at Metrotown, Burnaby, BC V5H 4P1, Canada",https://locations.thaiexpress.ca//?utm_source=G&utm_medium=LPM&utm_campaign=MTY
Japanese,Sapporo Kitchen,"1625 152 St, Surrey, BC V4A 6G3, Canada",http://www.sapporokitchen.ca/
Japanese,Nami Japanese Restaurant,"15169 Roper Ave, White Rock, BC V4B 5C9, Canada",http://namisushi.net/
Japanese,Hanaya Japanese Restaurant,"2828 152 St #106, Surrey, BC V4P 1G6, Canada",http://www.hanayasushi.com/
Japanese,Kappa Japanese Restaurant,"1450 George St, White Rock, BC V4B 4A3, Canada",http://www.kappasushi.com/
Japanese,Sushi Iwa,"14959 Marine Dr, White Rock, BC V4B 1C3, Canada",https://sushiiwa.ca/
Japanese,Kimu Japanese Cuisine,"4441 Boundary Rd, Vancouver, BC V5R 2N3, Canada",http://kimujapanesecuisine.com/
Japanese,Sushi Simagoya(작은 섬 생선초밥),"1102 Ewen Ave #103, New Westminster, BC V3M 5E3, Canada",http://sushisimagoya.ca/
Japanese,Gaya Sushi,"2900 Bainbridge Ave, Burnaby, BC V5A 2S8, Canada",https://gaya-sushi.com/
Japanese,Yugafu Japanese Bistro,"18818 68 Ave #103, Surrey, BC V4N 6K2, Canada",http://www.yugafujapanesebistro.ca/
Japanese,Sushia sushi,"3292 Production Way, Burnaby, BC V5A 4R4, Canada",
Japanese,Kishimoto Japanese Restaurant,"2054 Commercial Dr, Vancouver, BC V5N 4A9, Canada",http://www.kishimotorestaurant.com/
Japanese,Ki Sushi Restaurant,"45 Eighth St, New Westminster, BC V3M 1E6, Canada",https://kisushi.zomi.menu/
Japanese,Sakura Japanese Steakhouse and Sushi Bar,"1830 S Burlington Blvd, Burlington, WA 98233, USA",http://www.sakuraburlington.com/
Japanese,iSushi Japanese Restaurant,"3883 Rupert St, Vancouver, BC V5R 2G7, Canada",https://isushivancouver.ca/
Japanese,Sushi Giwa,"5625 Hastings St, Burnaby, BC V5B 1R5, Canada",http://www.sushi-giwa.ca/
Japanese,Matsuzushi,"3130 St Johns St #4, Port Moody, BC V3H 5E3, Canada",
Japanese,Japanese Bistro Kamome,"5228 Joyce St, Vancouver, BC V5R 6C3, Canada",https://bistrokamome.wixsite.com/mysite
Japanese,Ajishou Brentwood Japanese Restaurant,"4525 Lougheed Hwy. #2307B, Burnaby, BC V5C 0K3, Canada",http://www.ajishou.ca/brentwood
Japanese,SKAI Sushi,"5000 Helweg Rd, Blaine, WA 98230, USA",https://www.skaisushi.com/contact
Japanese,Sushi Okeya Kyujiro,"1038 Mainland St, Vancouver, BC V6B 2T4, Canada",http://okeya.ca/
Chinese,Dining Wok Shanghai Restaurant,"15246 Russell Ave, White Rock, BC V4B 2P6, Canada",http://www.diningwok.com/
Chinese,Chili Dragon Chinese Restaurant (Take Out Only),"7245 Canada Wy, Burnaby, BC V5E 3R7, Canada",
Chinese,Teriyaki secret,"1733 H St #420, Blaine, WA 98230, USA",
Chinese,Grand Chinese Restaurant,"4461 Lougheed Hwy. #1, Burnaby, BC V5C 3Z2, Canada",https://grandrestaurant.zomi.menu/
Chinese,Burnaby Palace Restaurant,"3110 Boundary Rd, Burnaby, BC V5M 4A2, Canada",https://burnabypalace.ca/?utm_source=google&utm_medium=maps&utm_campaign=website
Chinese,Eat Time,"14400 Ambaum Blvd SW suite b, Burien, WA 98166, USA",
Chinese,Yum Yum Cafe,"10850 Myers Way S, Seattle, WA 98168, USA",http://www.yumyumcafeseattle.com/
Chinese,Yea's Wok,"6969 Coal Creek Pkwy SE, Newcastle, WA 98059, USA",http://yeaswok.com/
Chinese,Sunflower,"868 S Main St, Cleveland, GA 30528, USA",
Indian,The Great Indian Cuisine,"15953 Fraser Hwy #101, Surrey, BC V4N 0Y3, Canada",http://www.thegreatindiancuisine.com/
Indian,Curry Lounge Indian Restaurant.,"16030 24 Ave #130, Surrey, BC V3Z 0R5, Canada",https://currylounge.ca/
Indian,Indian Haveli,"King Cross Plaza, 7488 King George Blvd #310, Surrey, BC V3W 0E8, Canada",https://indian-haveli.business.site/
Indian,Spice Kings Bistro,"15325 56 Ave #102, Surrey, BC V3S 0X9, Canada",https://spicekings.easydine.co/
Indian,India chaat house and restaurant,"14981 Marine Dr, White Rock, BC V4B 1C3, Canada",http://indiachaathouse.ca/
Indian,White Rock Indian Flavours,"15240 Russell Ave, White Rock, BC V4B 2P6, Canada",https://orderorbook.com/listings/11517/menus/categories
Indian,Royal Tandoori,"83 6th St, New Westminster, BC V3L 2Z8, Canada",https://royaltandoorirestaurant.com/?utm_source=google&utm_medium=maps&utm_campaign=website
Indian,Delhi-6 Indian Bistro,"1766 W 7th Ave, Vancouver, BC V6J 4T3, Canada",http://delhi6.ca/
Indian,Vaades The Indian Restaurant,"Township, 26827 Fraser Hwy unit 101, Langley Twp, BC V4W 3E4, Canada",http://vaades.com/
Indian,India Bistro and Bar,"1101 Denman St, Vancouver, BC V6G 2M7, Canada",http://www.indiabistroandbar.com/
Indian,Desi Turka Indian Cuisine | Burnaby,"7807 6th St, Burnaby, BC V3N 4S3, Canada",https://desiturka.ca/
Indian,Indian Courtyard Restaurant,"Indian courtyard restaurant, 609 12th St, New Westminster, BC V3M 4J3, Canada",https://courtyardindianrestaurant.com/
Indian,Indian Bombay Bistro,"7558 6th St, Burnaby, BC V3N 3M3, Canada",https://www.indianbombaybistro.com/
Indian,Royal Everest,"635 SW 152nd St, Burien, WA 98166, USA",https://www.royaleverestburienwa.com/
Indian,Veerji Fish 'n' Grill - White Rock,"1310 Johnston Rd, White Rock, BC V4B 3Z2, Canada",http://veerji.ca/whiterock
Indian,Indian Village Eatery,"2745 E Hastings St #130, Vancouver, BC V5K 1Z8, Canada",https://indianvillageeatery.ca/?utm_source=google&utm_medium=maps&utm_campaign=website
Indian,Second Home Indian Curry Take Out,"12869 16 Ave, Surrey, BC V4A 1N5, Canada",http://www.secondhomecurry.ca/
Indian,Chakra Indian Restaurant,"4051 Hastings St, Burnaby, BC V5C 2J1, Canada",https://order.chakraindianrestaurant.ca/
Indian,Maharaja Cuisine of India,"4542 California Ave SW, Seattle, WA 98116, USA",https://www.maharajaindianrestaurants.com/
Indian,Modern Handi Indian Cuisine,"827 Denman St, Vancouver, BC V6G 2L7, Canada",https://www.modernhandi.com/
Canadian,The Flying Pig Olympic Village,"127 W 2nd Ave, Vancouver, BC V5Y 1B8, Canada",http://theflyingpigvan.com/
Russian,Kozak Ukrainian Restaurant,"1 W Cordova St, Vancouver, BC V6B 1C8, Canada",http://kozakeatery.ca/
Jewish,Maple Grill,"1965 W Broadway, Vancouver, BC V6J 1Z3, Canada",http://maplegrillpopup.com/
Jewish,Sabra Kosher Bakery & Restaurant Ltd,"3844 Oak St, Vancouver, BC V6H 2M6, Canada",http://www.sabrakosher.com/
Jewish,Omnitsky Kosher,"5775 Oak St, Vancouver, BC V6M 2V7, Canada",http://omnitskykosher.com/
Jewish,Kosher Food Warehouse,"612 Kingsway, Vancouver, BC V5T 3K4, Canada",http://www.kfwarehousebc.com/
Jewish,Kozak Ukraїnian Eatery,"444 6th St, New Westminster, BC V3L 3B3, Canada",http://kozakeatery.ca/
Jewish,Solly's Bagelry,"368 W 7th Ave, Vancouver, BC V5Y 1M4, Canada",http://www.sollysbagelry.com/
Jewish,Nosh-A-Rye Kosher Deli & Catering,"36 Bazeberry Rd, Cordova, TN 38018, USA",http://www.nosharye.com/
Jewish,Kosher Nosh Deli Restaurant & Catering,"894 Prospect St, Glen Rock, NJ 07452, USA",http://www.koshernosh.com/
Jewish,Yussi's Deli,"234 2nd St, Lakewood, NJ 08701, USA",http://yussis.com/
Jewish,Epstein's,"2574 Central Park Ave, Yonkers, NY 10710, USA",
Jewish,milk+honey espresso bar & eatery,"12701 N Scottsdale Rd, Scottsdale, AZ 85254, USA",https://www.milkandhoneyjcc.com/
Jewish,Douce Diner,"1490 Pemberton Ave, North Vancouver, BC V7P 2S1, Canada",http://www.doucediner.com/
Polish,Sebi's Bistro,"1714 18th Ave, Seattle, WA 98122, USA",https://sebisbistro.com/
German,Jägerhof Restaurant,"71 Lonsdale Ave, North Vancouver, BC V7M 2E5, Canada",http://www.jagerhof.ca/
German,The Old Bavaria Haus Restaurant,"233 6th St, New Westminster, BC V3L 3A5, Canada",http://www.oldbavariahaus.com/
German,Hofbrauhaus Restaurant,"9001 N Main St, Helen, GA 30545, USA",https://www.hofbrauhaushelenga.net/
German,Black Bird Schnitzel Haus,"3298 Island Hwy W, Qualicum Beach, BC V9K 2C6, Canada",http://www.blackbirdschnitzelhaus.ca/
German,Jack Niemann's Black Forest Steak House,"638 Peace Portal Dr, Blaine, WA 98230, USA",https://www.jackniemannsblackforeststeakhouse.com/
German,Deutsches Haus (Vancouver Alpen Club),"4875 Victoria Dr, Vancouver, BC V5N 4P3, Canada",https://www.vacbc.ca/
French,Tour De Feast,"319 Mountain Hwy, North Vancouver, BC V7J 2K7, Canada",http://tourdefeast.com/
French,Les Faux Bourgeois,"663 E 15th Ave, Vancouver, BC V5T 2R6, Canada",http://www.lesfauxbourgeois.com/
French,Alouette Bistro,"567 Hornby St, Vancouver, BC V6C 2E8, Canada",http://alouettevancouver.com/
French,Absinthe Bistro,"952 Commercial Dr, Vancouver, BC V5L 3W7, Canada",http://www.bistroabsinthe.com/
French,Au Petit Comptoir,"1471 Continental St, Vancouver, BC V6Z 0G3, Canada",https://www.camarchevancouver.com/
French,French Table,"3916 Main St, Vancouver, BC V5V 3P2, Canada",http://thefrenchtable.ca/
French,Café Salade de Fruits,"1545 W 7th Ave, Vancouver, BC V6J 1S1, Canada",https://www.saladedefruits.ca/%20togoservice
French,Is That French,"45 Blood Alley Square, Vancouver, BC V5B 0C4, Canada",http://isthatfrench.com/
French,Bacchus Bistro,"1064 216 St, Langley Twp, BC V2Z 1R3, Canada",http://www.chabertonwinery.com/bacchus-bistro/
French,Tableau Bar Bistro,"1181 Melville St, Vancouver, BC V6E 0A3, Canada",http://tableaubarbistro.com/
French,Charcoal & Woodz Restaurant & Bar,"17530 64 Ave, Surrey, BC V3S 1Y9, Canada",https://charcoalandwoodz.com/
Hawaiian,Aloha Hawaiian Grill,"3900 Bayview St #110, Richmond, BC V7E 4R7, Canada",https://www.alohahawaiiangrill.ca/
Hawaiian,Hula,"701 W Georgia St, Vancouver, BC V7Y 1G5, Canada",http://www.hulapoke.ca/
Hawaiian,Hawaii BBQ & Noodle House,"1212 E Sunset Dr, Bellingham, WA 98226, USA",
Hawaiian,L&L Hawaiian Barbecue,"18613 International Blvd Bldg. B3, SeaTac, WA 98188, USA",https://www.hawaiianbarbecue.com/locations/seatac/
Hawaiian,Steve's Poké Bar,"1199 Pacific Blvd, Vancouver, BC V6B 5T6, Canada",http://www.stevespokebar.ca/
Hawaiian,Kauai Family Restaurant,"6324 6th Ave S, Seattle, WA 98108, USA",http://www.kauaifamilyrestaurant.co/
Hawaiian,Bobby's Hawaiian Style Restaurant,"14626 Hwy 99 #101, Lynnwood, WA 98087, USA",https://www.bobbyshawaiian.com/
Hawaiian,ALOHA PLATES,"511 S Weller St, Seattle, WA 98104, USA",https://www.alohaplates-sea.com/
Hawaiian,Hawaiian Style Grill,"5000 E 4th Plain Blvd A106, Vancouver, WA 98661, USA",http://www.hawaiianstylegrill.com/
Hawaiian,Westcoast Poké,"463 W 8th Ave, Vancouver, BC V5Y 3Z5, Canada",http://www.westcoastpoke.com/
Hawaiian,Sam Choy's Poke to the Max - Tacoma,"1716 Pacific Ave, Tacoma, WA 98402, USA",http://www.samchoyspoke.com/
Hawaiian,Hula Boy Charbroil,"11820 NE Fourth Plain Blvd Ste G, Orchards, WA 98682, USA",https://www.hulaboycharbroil.com/?local=true&location=Vancouver
Hawaiian,Hawaiian Style BBQ,"2801 Washington Rd Suite 105, Augusta, GA 30909, USA",https://hawaiianbbqaugusta.com/
Hawaiian,Hawaiian Soul,"3303 NE Minnehaha St, Vancouver, WA 98663, USA",http://facebook.com/hawaiiansoul360/
Hawaiian,Charcoal & Woodz Restaurant & Bar,"17530 64 Ave, Surrey, BC V3S 1Y9, Canada",https://charcoalandwoodz.com/
Hawaiian,Little Hawaiian Seafood Grill & Bakery27Cedar,"809 Cedar St, Carrollton, GA 30117, USA",https://www.littlehawaiianrestaurant.com/
Hawaiian,Waikikie Hawaiian BBQ,"2160 Briarcliff Rd NE, Atlanta, GA 30329, USA",https://waikikie.com/
Hawaiian,Donair Town,"8923 Cornerstone Mews, Burnaby, BC V5A 4Y6, Canada",http://www.donairtown.com/
Hawaiian,Hanai Family Table,"1370 E Georgia St, Vancouver, BC V5L 2A8, Canada",
Hawaiian,Hanai Vancouver,"1590 Commercial Dr, Vancouver, BC V5L 3Y2, Canada",
Brazilian,Rio Brazilian Steak House Coquitlam,"2729 Barnet Hwy, Coquitlam, BC V3E 1K9, Canada",https://riobraziliansteakhouse.ca/
Brazilian,Brazilliant café & catering inc.,"552 Seymour St, Vancouver, BC V6B 3J5, Canada",http://brazilliant.ca/
Brazilian,Mineiros Brazilian Bistro,"7542 Edmonds St, Burnaby, BC V3N 1B4, Canada",https://instagram.com/mineirosbrazilian?igshid=OGQ5ZDc2ODk2ZA==
Brazilian,Boteco Brasil Restaurant,"2545 Nanaimo St, Vancouver, BC V5N 5E6, Canada",http://boteco.ca/
Brazilian,Rio Brazilian Steakhouse,"1122 Denman St, Vancouver, BC V6G 1T2, Canada",http://riobraziliansteakhouse.ca/
Brazilian,Botteco Brazil Restaurant,"14561 Bothell Way NE, Shoreline, WA 98155, USA",http://bottecobrazil.com/
Brazilian,Fogo de Chão Brazilian Steakhouse,"440 Bellevue Way NE, Bellevue, WA 98004, USA",https://fogodechao.com/location/bellevue/
Brazilian,Brazil Gourmet,"123 Carrie Cates Ct, North Vancouver, BC V7M 3K7, Canada",http://www.brazilgourmet.ca/
Brazilian,Fogo de Chão Brazilian Steakhouse,"18602 Alderwood Mall Pkwy Suite 1110, Lynnwood, WA 98037, USA",https://fogodechao.com/location/lynnwood/
Brazilian,Novilhos Brazilian Steakhouse,"12405 SE 38th St, Bellevue, WA 98006, USA",https://novilhos.com/
Brazilian,The Grill From Ipanema,"2313 1st Ave, Seattle, WA 98121, USA",https://www.seattlegrillfromipanema.com/?y_source=1_OTE5OTMzODItNzE1LWxvY2F0aW9uLndlYnNpdGU%3D
Brazilian,Cafeoca Brazilian Bistro,"4092 Hastings St, Burnaby, BC V5C 2H9, Canada",
Peruvian,Silvestre Deli & Bistro,"317 Water St, Vancouver, BC V6B 1B8, Canada",http://www.silvestregustolatino.com/
Peruvian,SUYO Modern Peruvian,"3475 Main St, Vancouver, BC V5V 3M9, Canada",http://www.suyo.ca/
Peruvian,El Inka restaurant,"3826 Sunset St, Burnaby, BC V5G 1T3, Canada",
Salvadorian,Rinconcito Salvadoreno,"2062 Commercial Dr, Vancouver, BC V5N 4A9, Canada",
Cuban,Havana Vancouver,"1212 Commercial Dr, Vancouver, BC V5L 3X4, Canada",http://www.havanavancouver.com/
Tibetan,Tibetan Kitchen Cafe,"680 Broughton St, Victoria, BC V8W 2C1, Canada",https://tibetankitchencafe.com/
Egyptian,Koshari Zooba,"2519 St Johns St, Port Moody, BC V3H 2B3, Canada",https://order.online/business/koshari-zooba-11732068
Greek,The Greek Corner,"7218 King George Blvd #123, Surrey, BC V3W 5A5, Canada",http://www.thegreekcorner.ca/
Greek,My Greek Taverna,"946 Brunette Ave, Coquitlam, BC V3K 1C9, Canada",http://mygreektaverna.com/
Greek,Cosmos Greek Restaurant,"14871 Marine Dr, White Rock, BC V4B 1C2, Canada",http://www.cosmosgreekrestaurant.com/
Greek,My Greek Taverna Surrey,"6450 120 St, Surrey, BC V3W 3M5, Canada",http://mygreektavernasurrey.com/
Greek,Anatoli Souvlaki,"5 Lonsdale Ave, North Vancouver, BC V7M 2E4, Canada",https://thegreekbyanatoli.com/location-north-vancouver/
Greek,Dinakis Mediterranean Grill,"2020 Oxford Connector, Port Coquitlam, BC V3C 0A4, Canada",http://www.dinakis.com/
Greek,Greek Fellas Restaurant,"11008 River Rd, Delta, BC V4C 2S2, Canada",http://www.greekfellas.ca/
Greek,Yiannis Greek Taverna,"543 6th St, New Westminster, BC V3L 3B5, Canada",http://www.yiannisnewwest.com/
Greek,Galini Greek Kouzina & Grill,"19475 Fraser Hwy #101, Surrey, BC V3S 6K7, Canada",http://galini.ca/
Greek,Stefanos Restaurant,"315 Columbia St, New Westminster, BC V3L 1A7, Canada",http://www.stefanos.ca/
Greek,Taverna Greka,"326 Columbia St, New Westminster, BC V3L 1A6, Canada",http://www.taverna.ca/
Greek,Kisamos Taverna,"3420 Moncton St, Richmond, BC V7E 3A2, Canada",http://kisamostaverna.com/
Greek,Greek Village Restaurant,"7953 120 St, Delta, BC V4C 6P6, Canada",http://www.greekvillagedelta.com/
Greek,New York New York Greek Restaurant,"6361 152 St, Surrey, BC V3S 3K8, Canada",https://newyorknewyorkgreek.com/
Greek,The Greek Gastown,"221 Carrall St, Vancouver, BC V6B 2J2, Canada",https://thegreekbyanatoli.com/location-gastown/
Greek,Kikis Greek Restaurant,"1959 152 St #118, Surrey, BC V4A 9E3, Canada",http://www.kikiswhiterock.com/
Greek,Pallas Athena Greek Kousina,"1250 Dominion Ave, Port Coquitlam, BC V3B 8G7, Canada",http://www.pallasathena.org/
Greek,Nammos Estiatorio,"3980 Fraser St, Vancouver, BC V5V 4E4, Canada",http://nammos.ca/
Greek,OPA! of Greece Pacific Centre,"701 W Georgia St, Vancouver, BC V7Y 1H4, Canada",http://www.opasouvlaki.ca/
Greek,Pyrgos Taverna,"22570 Lougheed Hwy., Maple Ridge, BC V2X 2V1, Canada",http://pyrgostaverna.ca/
Belgian,Le Petit Belge,"340 Robson St, Vancouver, BC V6B 2B2, Canada",https://lepetitbelge.ca/
Belgian,Miracle Belgian Waffle,"2950 Glen Dr, Coquitlam, BC V3B 0G2, Canada",https://www.miraclewaffle.com/
Belgian,Belgian Fries,"1885 Commercial Dr, Vancouver, BC V5N 4A6, Canada",http://www.belgianfries.ca/
Irish,Donegal's Irish House / Donegal's Pub,"12054 96 Ave, Surrey, BC V3V 1W3, Canada",https://donegals.pub/
Irish,Dublin Crossing Irish Pub,"18789 Fraser Hwy #101, Surrey, BC V3S 7Y3, Canada",http://www.dublincrossing.com/
Irish,The Irish Heather Shebeen,"248 E Georgia St, Vancouver, BC V6A 1Z7, Canada",https://www.irishheather.com/
Irish,Smith's Irish Pub,"208 &, 212 Carrall St, Vancouver, BC V6B 2J1, Canada",http://www.smithsofgastown.ca/
Irish,The Blarney Stone,"216 Carrall St, Vancouver, BC V6B 2J1, Canada",http://blarneystone.ca/
Irish,Dublin Crossing - Vancouver,"466 SW Marine Dr, Vancouver, BC V5X 0C4, Canada",http://dublincrossingvancouver.com/
Irish,Donnellan's Irish Pub,"1082 Granville St, Vancouver, BC V6Z 1L5, Canada",http://www.donnellansirishpub.com/
Irish,Johnnie Fox's Irish Pub,"1601 Main St, Vancouver, BC V6A 2W5, Canada",http://www.johnniefox.ca/
Irish,Shamrock Bar & Grill,"1184 Denman St #102, Vancouver, BC V6G 2M9, Canada",https://www.theshamrock.ca/
Irish,Carlos O'Bryan's Neighborhood Pub,"1774 W 7th Ave, Vancouver, BC V6J 4Z9, Canada",http://kitsilanopub.com/
Irish,Kelly O'Bryan's Restaurant & Carlos O'Bryan's Pub,"800 Columbia St, New Westminster, BC V3M 5V2, Canada",https://www.kobcob.com/new-Westminster/
Irish,Dubh Linn Gate Irish Pub,"4320, 170 Sundial Crescent #170, Whistler, BC V0N 1B4, Canada",http://www.dubhlinngate.com/
Welsh,The Moody Cow Farm Shop & Welsh Bistro,"Bargoed Farm, Llwyncelyn, Aberaeron SA46 0HL, UK",http://www.bargoedfarm.co.uk/
Cajun,"The Ocean Beach Crafts, Drafts & Eats","14995 Marine Dr, White Rock, BC V4B 1C3, Canada",http://www.oceanbeachwr.ca/
Portuguese,Portuguese Club Of Vancouver,"1144 Commercial Dr, Vancouver, BC V5L 3X2, Canada",https://thepcov.ca/
Turkish,Saray Turkish Cuisine,"6633 Hastings St, Burnaby, BC V5B 1S1, Canada",https://sarayturkish.com/
Turkish,Istanbul Döner Shop,"990 Denman St, Vancouver, BC V6G 2M1, Canada",http://tryistanbuldoner.ca/
Turkish,Rivas Restaurant,"3180 St Johns St, Port Moody, BC V3H 2C7, Canada",
Turkish,Afghan Turkish Cuisine,"422 Willingdon Ave, Burnaby, BC V5C 5G4, Canada",http://www.afghanturkishcuisine.ca/
Turkish,Anatolias Gate Turkish Cuisine,"1039 Granville St, Vancouver, BC V6Z 1L4, Canada",https://anatoliasgate.ca/
Turkish,Tamam: Fine Palestinian Cuisine,"2616 E Hastings St, Vancouver, BC V5K 1Z6, Canada",http://www.tamam.ca/
Turkish,Anatolia's Gate Restaurant,"7084 Kingsway, Burnaby, BC V5E 1E7, Canada",http://www.anatoliasgaterestaurant.com/
Turkish,Turkish Donair,"4066 Hastings St, Burnaby, BC V5C 2J3, Canada",https://order.online/store/TurkishDonair-1519392/en-US/?hideModal=true&pickup=true
Turkish,Mediterranean Specialty Foods - Turkish Market,"1824 Commercial Dr, Vancouver, BC V5N 4A5, Canada",http://msfoods.ca/
Turkish,Bistro Turkuaz,"1114 34th Ave, Seattle, WA 98122, USA",https://www.bistroturkuazseattle.com/
Turkish,Black Sea Restaurant,"1581 Co Rd E East, White Bear Lake, MN 55110, USA",http://www.blacksearestaurant.com/
Turkish,Mezze Uyghur Cuisine,"5095 Canada Wy, Burnaby, BC V5E 3N1, Canada",https://mezze-uyghur-cuisine.square.site/
Haitian,Caribbean Foods Delight,"11768 Hastings Bridge Rd, Hampton, GA 30228, USA",
Tahitian,Tahiti Nui,"5122 Kuhio Hwy, Hanalei, HI 96714, USA",http://www.thenui.com/
Kenyan,Taste of Africa,"10663 King George Blvd, Surrey, BC V3T 2X6, Canada",
Kenyan,Alebi African Cuisine,"10694 135a St, Surrey, BC V3T 4E2, Canada",http://alebiafricanrestaurant.com/
Korean,Bon Ga Korean Restaurant,"10356 Whalley Blvd, Surrey, BC V3T 4H4, Canada",http://www.bongakorea.ca/
Korean,Jin Soo Sung Chan Korean Restaurant,"10312 152A St, Surrey, BC V3R 7P8, Canada",https://www.jinsoosungchan.ca/
Korean,Lee Gar Nei (BJS Korean Restaurant),"15280 101 Ave #128, Surrey, BC V3R 8X7, Canada",https://leegarnei.com/
Korean,Yory Korean Cuisine,"15940 Fraser Hwy #401, Surrey, BC V4N 0X8, Canada",
Korean,South Castle Korean Restaurant,"1126 Austin Ave, Coquitlam, BC V3K 3P5, Canada",https://southcastleaustin.com/
Korean,Wang Ga Ma,"329 North Rd, Coquitlam, BC V3K 3V8, Canada",https://wanggama.webflow.io/
Korean,Sol Lee's Korean Restaurant,"329 North Rd Unit 550, Coquitlam, BC V3K 3V8, Canada",
Korean,Koreana Korean Restaurant,"1001 Austin Ave #101, Coquitlam, BC V3K 3N9, Canada",http://www.koreanaeats.com/
Korean,Baik Mi Korean Restaurant,"19539 Fraser Hwy, Surrey, BC V3S 6K7, Canada",http://www.baikmi.ca/
Korean,Seoul Grill House,"15155 101 Ave #100, Surrey, BC V3R 7Z1, Canada",https://www.facebook.com/seoulgrillhouse/
Korean,Bbong Korean Restaurant,"329 North Rd #260, Coquitlam, BC V3K 3V8, Canada",https://www.bbong.ca/
Korean,Gawon Express Korean Cuisine,"8968 University High St, Burnaby, BC V5A 4Y6, Canada",https://gawon.webflow.io/
Korean,Agoongyi (아궁이),"Inside of the H-Mart, 19555 Fraser Hwy, Surrey, BC V3S 6K7, Canada",https://agoongyi.ca/
Korean,Tâ Bom Korean Cuisine,"1046 Austin Ave C, Coquitlam, BC V3K 3P3, Canada",http://www.tabom.ca/
Korean,Toe Dam Korean Fusion BBQ,"329 North Rd #250, Coquitlam, BC V3K 3V8, Canada",
Korean,Bukchigo Jangguchigo,"341 North Rd, Coquitlam, BC V3K 3V8, Canada",https://www.bukjang.com/
Korean,Kimbab Cheonguk,"341 North Rd A, Coquitlam, BC V3K 3V8, Canada",https://www.kimbabcheonguk.ca/
Korean,Kook Korean BBQ Restaurant,"2800 E 1st Ave #211A, Vancouver, BC V5M 4N9, Canada",http://kookbbq.ca/
Korean,HAAN Korean BBQ,"Sun​wood Square, 780, 3025 Lougheed Hwy., Coquitlam, BC V3B 6S2, Canada",https://www.haanbbq.com/
Korean,So Hyang Korean Cuisine,"6345 Fraser St, Vancouver, BC V5W 3A3, Canada",https://so-hyang.ca/
Algerian,Schera's Algerian American Restaurant,"107 S Main St, Elkader, IA 52043, USA",http://scheras.com/
Nigerian,Alebi African Cuisine,"10694 135a St, Surrey, BC V3T 4E2, Canada",http://alebiafricanrestaurant.com/
Nigerian,Taste of Africa,"10663 King George Blvd, Surrey, BC V3T 2X6, Canada",
Libyan,Harissa Mediterranean Cuisine,"2255 NE 65th St, Seattle, WA 98115, USA",http://harissaofseattle.com/
Moroccan,Imperial Fez Mediterranean Restaurant & Lounge,"4790 Peachtree Industrial Blvd Ste 204, Berkeley Lake, GA 30071, USA",https://imperialfezrestaurant.com/
Lebanese,Mashawee Lebanese Grill,"1558 Johnston Rd, White Rock, BC V4B 3Z7, Canada",http://mashaweegrill.ca/
Lebanese,Nuba in Gastown,"207 W Hastings St, Vancouver, BC V6B 1K6, Canada",https://www.nuba.ca/
Lebanese,Mazahr Lebanese Kitchen,"1488 W 11th Ave, Vancouver, BC V6H 1L1, Canada",http://www.mazahr.ca/
Lebanese,Wild Thyme,"705 12th St, New Westminster, BC V3M 4J7, Canada",
Lebanese,Manoush'eh,"620 Davie St, Vancouver, BC V6B 2G5, Canada",http://www.manousheh.ca/
Lebanese,Yasma,"550 Denman St, Vancouver, BC V6G 3H1, Canada",http://www.yasma.ca/
Lebanese,Tamam: Fine Palestinian Cuisine,"2616 E Hastings St, Vancouver, BC V5K 1Z6, Canada",http://www.tamam.ca/
Lebanese,BASHA Metrotown,"4700 Kingsway #2250, Burnaby, BC V5H 4M1, Canada",
Lebanese,Superbaba (Vancouver),"2419 Main St, Vancouver, BC V5T 3E1, Canada",http://eatsuperbaba.com/
Lebanese,Nuba in Yaletown,"508 Davie St, Vancouver, BC V6B 3N9, Canada",http://www.nuba.ca/
Lebanese,Food Zone Inn,"30 Capilano Way #6, New Westminster, BC V3L 5M3, Canada",
Lebanese,AlHadbah Donair,"1610 Robson St Unit #105, Vancouver, BC V6G 1C7, Canada",http://alhadbahdonair.com/
Lebanese,Mitra Shawarma,"3034 Main St, Vancouver, BC V5T 3G5, Canada",https://narrowgroup.ca/project/mitra-shawarma/
Lebanese,Osmow's Shawarma,"11666 Steveston Hwy Unit 3065, Richmond, BC V7A 5J3, Canada",https://osmows.com/shawarma-ironwood/
Lebanese,Donair Dude Mediterranean eatery Terminal Ave,"201Terminal Ave, Vancouver, BC V1V 1V1, Canada",http://donairdude.com/
Lebanese,Zarak by Afghan Kitchen,"2102 Main St, Vancouver, BC V5T 3C5, Canada",http://zarakvancouver.com/
Lebanese,Charcoal & Woodz Restaurant & Bar,"17530 64 Ave, Surrey, BC V3S 1Y9, Canada",https://charcoalandwoodz.com/
Lebanese,Damoori Kitchen,"3101 W Jameson St, Seattle, WA 98199, USA",http://www.damoorikitchen.com/
Lebanese,Papa's Shish Kabab,"552 Clarke Rd #103, Coquitlam, BC V3J 3X5, Canada",https://shishkabab.ca/
Lebanese,Zaiqa Restaurant,"9450 120 St, Surrey, BC V3V 4B9, Canada",http://zaiqarestaurant.ca/
Vietnamese,Phở Tâm Vietnamese Restaurant,"10302 City Pkwy, Surrey, BC V3T 4Y8, Canada",https://www.skipthedishes.com/pho-tam-10-10302-city-pkwy
Vietnamese,Phở 777 Vietnamese,"15230 Russell Ave, White Rock, BC V4B 2P6, Canada",http://www.pho777.ca/
Vietnamese,Five Corners Vietnamese Restaurant,"15180 Buena Vista Ave, White Rock, BC V4B 1Y3, Canada",https://www.fivecornersvietnameserestaurant.com/
Vietnamese,Taste of Pho,"13979 104 Ave #104, Surrey, BC V3T 1X1, Canada",https://tasteofphorestaurant.com/?utm_source=google&utm_medium=maps&utm_campaign=website
Vietnamese,Bánh Mì Très Bon,"1459 Johnston Rd, White Rock, BC V4B 3Z4, Canada",https://www.banhmitresbon.ca/
Vietnamese,Phở 99 Surrey,"8934 152 St, Surrey, BC V3R 4E4, Canada",http://pho99surrey.ca/?utm_source=google&utm_medium=maps&utm_campaign=website
Vietnamese,PHO 99 (SFU),"8901 Cornerstone Mews, Burnaby, BC V5A 4Y6, Canada",http://pho99sfu.com/
Vietnamese,"Phở Holiday - Meat and Vegan Noodle Soup House, Coquitlam BC","1054 Austin Ave, Coquitlam, BC V3K 3P3, Canada",https://phoholiday.com/
Vietnamese,Cambie Vietnamese Restaurant,"4136 Main St, Vancouver, BC V5V 3P7, Canada",https://www.cambievietnameserestaurant.com/
Vietnamese,Pho Zen Vietnamese Cuisine,"654 SE Marine Dr, Vancouver, BC V5X 2T4, Canada",https://www.phozenca.com/
Vietnamese,Pho d'lite,"2-4415 Skyline Dr, Burnaby, BC V5C 5Y1, Canada",http://phodlite.restaurant/
Vietnamese,Le Pho Vietnamese Restaurant,"2503 E Hastings St, Vancouver, BC V5K 1Z2, Canada",https://www.facebook.com/LePho604/
Vietnamese,White Lotus Cafe,"5901 Broadway, Burnaby, BC V5B 2Y1, Canada",http://www.whitelotuscafe.ca/
Vietnamese,Pho Maxima Restaurant,"822 20th St, New Westminster, BC V3M 4W8, Canada",
Vietnamese,Phở 101,"5937 Hastings St, Burnaby, BC V5B 1R7, Canada",http://www.pho101bby.com/
Vietnamese,Pho 51 Vietnamese Restaurant,"2160 Hawkins Street, Port Coquitlam, BC V3B 0G6, Canada",https://m.facebook.com/pho51coq/
Vietnamese,Pho Angkor noodle house,"78 10th St #106, New Westminster, BC V3M 3X3, Canada",https://phoangkornoodlehouse.com/?
Vietnamese,Viet House,"3420 Cambie St, Vancouver, BC V5Z 2W8, Canada",http://viethouserestaurant.com/
Vietnamese,Pho Thai Ha,"2653 E 49th Ave, Vancouver, BC V5S 1J9, Canada",https://phothaiha.com/
Vietnamese,Anh and Chi,"3388 Main St, Vancouver, BC V5V 3M7, Canada",http://www.anhandchi.com/
Hungarian,Budapest Bistro,"12926 Mukilteo Speedway, Lynnwood, WA 98037, USA",
Mediterranean,Palmyra Mediterranean Grill,"10020 152 St, Surrey, BC V3R 8X8, Canada",https://palmyragrill.ca/
Ethiopian,Harambe Ethiopian Restaurant,"2149 Commercial Dr, Vancouver, BC V5N 4B3, Canada",
Ethiopian,Axum Restaurant,"1279 E Hastings St, Vancouver, BC V6A 1S4, Canada",http://www.axumrestaurant.ca/
Ethiopian,Gojo Café Ethiopia I Ethiopian Cuisine,"2838 Commercial Dr, Vancouver, BC V5N 4C6, Canada",http://www.gojocafe.com/
Ethiopian,Fassil Restaurant,"736 E Broadway, Vancouver, BC V5T 1X9, Canada",http://www.fassil.ca/
Ethiopian,Blue Nile Ethiopian Restaurant,"7821 Rainier Ave S, Seattle, WA 98118, USA",
Ethiopian,Ahadu Ethiopian Restaurant,"1508 NE 117th St, Seattle, WA 98125, USA",http://www.ahadu-ethiopian-restaurant.net/
Ethiopian,Jebena Cafe,"1510 NE 117th St, Seattle, WA 98125, USA",https://www.jebenacafe.com/
Ethiopian,Alebi African Cuisine,"10694 135a St, Surrey, BC V3T 4E2, Canada",http://alebiafricanrestaurant.com/
Ethiopian,Dahlak Restaurant,"7868 Edmonds St, Burnaby, BC V3N 1B8, Canada",
Ethiopian,Abyssinia Restaurant,"7546 Edmonds St, Burnaby, BC V3N 1B4, Canada",
Ethiopian,Adey Abeba Ethiopian Restaurant,"2123 E Union St, Seattle, WA 98122, USA",https://adeyabeba.net/
Ethiopian,Zagol Ethiopian Restaurant,"2722 E Cherry St, Seattle, WA 98122, USA",http://www.zagolethiopianrestaurant.com/
Ethiopian,Zobel Ethiopian Cuisine,"1219 E Jefferson St, Seattle, WA 98122, USA",http://zobelethiopianwa.com/
Ethiopian,Enat Ethiopian Restaurant,"11546-11552, 11546 15th Ave NE, Seattle, WA 98125, USA",https://m.facebook.com/EnatEthiopianRestaurant/
Ethiopian,Massawa Eritrean & Ethiopian Restaurant,"4411 S Mead St, Seattle, WA 98118, USA",
Ethiopian,Shewa-Ber Bar & Restaurant,"1801 S Jackson St, Seattle, WA 98144, USA",http://www.shewa-ber.com/
Ethiopian,Adulis Eritrean and Ethiopian Restaurant,"10515 Greenwood Ave N, Seattle, WA 98133, USA",http://adulisrestaurant.com/
Ethiopian,Cafe Selam,"2715 E Cherry St B, Seattle, WA 98122, USA",https://www.cafeselam.com/
Ethiopian,Ras Dashen Restaurant,"2801 E Cherry St, Seattle, WA 98122, USA",http://www.rasdashenseattle.com/
Ethiopian,Delish Ethiopian Cuisine,"5701 Rainier Ave S, Seattle, WA 98118, USA",http://delishethiopianfood.com/
Caribbean,Di Reggae Cafe,"13593 King George Blvd, Surrey, BC V3T 2V1, Canada",http://direggaecafe.com/
Caribbean,PG's Jamaican Restaurant,"1387 Johnston Rd, White Rock, BC V4B 3Z3, Canada",https://www.pgsjamaicanrestaurants.com/
Caribbean,Riddim & Spice,"1945 Commercial Dr, Vancouver, BC V5N 4A8, Canada",
Caribbean,Calabash Bistro,"428 Carrall St, Vancouver, BC V6B 2J7, Canada",http://www.calabashbistro.com/
Soul,Grannys Soul Food,"1355 Blair Bridge Rd, Austell, GA 30168, USA",https://grannyssoulfood.com/
Argentinian,Patagōn,"1610 2nd Ave, Seattle, WA 98101, USA",https://www.patagonseattle.com/?utm_source=extnet&utm_medium=yext
Chilean,Cuchillo,"261 Powell St, Vancouver, BC V6A 2Z1, Canada",http://www.cuchillo.ca/
Colombian,El Parche Colombiano,"11740 15th Ave NE, Seattle, WA 98125, USA",http://www.elparchecolombiano.com/
Costa Rican,"Local Restaurant, Costa Rican Food","WWGG+2JG, San José Province, San José, Barrio Luján, Costa Rica",
Czech,Kozak Ukrainian Restaurant,"1 W Cordova St, Vancouver, BC V6B 1C8, Canada",http://kozakeatery.ca/
Danish,Published on Main,"3593 Main St, Vancouver, BC V5V 3N4, Canada",http://www.publishedonmain.com/
Dutch,Dutch Treat Restaurant,"206 3rd St, Lynden, WA 98264, USA",https://m.facebook.com/dutchtreatlynden/
Ghanaian,Taste of Africa,"10663 King George Blvd, Surrey, BC V3T 2X6, Canada",
Ghanaian,Alebi African Cuisine,"10694 135a St, Surrey, BC V3T 4E2, Canada",http://alebiafricanrestaurant.com/
Guatemalan,Guatemala Grill,"415 Atlanta Hwy, Gainesville, GA 30501, USA",
Guatemalan,Guatemala Tacos Truck,"8271 Hwy 53, Dawsonville, GA 30534, USA",https://guatemalatacostruckga.com/
Guatemalan,Restaurante Guatemalteco Eterna Primavera,"5050 Jimmy Carter Blvd #510, Norcross, GA 30093, USA",https://gzdwebserver.sfo2.digitaloceanspaces.com/ETP_menu_finalweb.pdf
Guatemalan,Panadería Mi Bella Guatemala,"5895 Jimmy Carter Blvd, Norcross, GA 30071, USA",
Guatemalan,JIREH #2 restaurante GUATEMALTECO,"5805 Buford Hwy NE, Doraville, GA 30340, USA",http://jireh-2-e-guatemalteco.jany.io/
Guatemalan,Restaurante Tierra Maya,"100 Hurricane Shoals Rd NW SUITE K L M, Lawrenceville, GA 30046, USA",
Guatemalan,Panaderia Mix Guatemala,"3907 Burns Rd NW, Lilburn, GA 30047, USA",
Guatemalan,Restaurante el Quetzal,"5522 New Peachtree Rd #115, Chamblee, GA 30341, USA",http://orderelquetzal.com/
Guatemalan,Xela pan #2,"3375 Holcomb Bridge Rd A, Norcross, GA 30092, USA",
Guatemalan,Vilmas Quesadillas,"6819 Peachtree Industrial Blvd, Atlanta, GA 30360, USA",
Honduran,Rincon Hondureño,"1654 W Adams Blvd, Los Angeles, CA 90007, USA",http://elrinconhondureno.com/
Icelandic,Saint St Grill,"2514 St Johns St, Port Moody, BC V3H 2B4, Canada",http://www.saintstgrill.com/
Indonesian,Bali Thai,"88 W Pender St, Vancouver, BC V6B 1R3, Canada",https://www.balithaivancouver.com/
Indonesian,Peranakan Kitchen (P'Kay),"1122 5th Ave, New Westminster, BC V3M 1Y6, Canada",https://perkit.ca/
Indonesian,Indo Cafe,"13754 Aurora Ave N Suite D, Seattle, WA 98133, USA",http://www.myindocafe.com/
Indonesian,Wajan,"4611 E Burnside St, Portland, OR 97215, USA",http://wajanpdx.com/
Indonesian,Batavia,"3640 Shallowford Rd, Doraville, GA 30340, USA",https://www.bataviadoraville.com/
Indonesian,Indo Ranch Restaurant & Grocery,"22722 Lambert St #1701, Lake Forest, CA 92630, USA",
Indonesian,Toko Rame Indonesian Halal Restaurant,"17155 Bellflower Blvd, Bellflower, CA 90706, USA",http://www.tokorame-restaurant.com/
Indonesian,Simpang Asia,"10433 National Blvd #2, Los Angeles, CA 90034, USA",http://www.simpangasia.com/
Indonesian,Green & Oak Malaysian Restaurant,"3760 Hastings St, Burnaby, BC V5C 2H5, Canada",https://www.greenandoak.com/
Indonesian,Waroeng Jajanan​,"22315 Hwy 99 i, Edmonds, WA 98026, USA",
Iranian,Papa's Shish Kabab,"552 Clarke Rd #103, Coquitlam, BC V3J 3X5, Canada",https://shishkabab.ca/
Iranian,Cazba Persian Grill Express,"9855 Austin Ave #106, Burnaby, BC V3J 1N4, Canada",https://cazbarestaurant.com/
Iranian,Cazba Restaurant,"132 16th St W, North Vancouver, BC V7M 1T4, Canada",http://cazbarestaurant.com/
Iranian,Cazba Pacific Centre,"701 W Georgia St, Vancouver, BC V7Y 1G5, Canada",http://www.cazbarestaurant.com/
Iranian,Pasargad Restaurant,"2565 Barnet Hwy #22, Coquitlam, BC V3H 4E2, Canada",http://pasargadrestaurant.ca/
Iranian,Yaas Grill House,"2057 Lonsdale Ave, North Vancouver, BC V7M 2K6, Canada",https://www.yaas.ca/
Iranian,Farsi Food,"1480 Pemberton Ave, North Vancouver, BC V7P 2S1, Canada",http://www.farsifood.ca/
Iranian,Zeitoon Restaurant,"1795 Pendrell St, Vancouver, BC V6G 1T2, Canada",https://zeitoon.cloudwaitress.com/
Iranian,Mehman Restaurant,"1451 Lonsdale Ave, North Vancouver, BC V7M 2H9, Canada",http://www.mehmanrestaurant.ca/
Iranian,Gilaneh GrillHouse Restaurant - North Vancouver,"222 Pemberton Ave, North Vancouver, BC V7P 2R5, Canada",https://gillaneh.com/
Iranian,SadraRestaurantرستوران صدراونكوور,"SADRA Persian Restaurant, 1615 Lonsdale Ave, North Vancouver, BC V7M 2J5, Canada",http://sadrarestaurant.ca/
Iranian,Noon and Reyhoon Persian Restaurant (takeouts only)رستوران نون و ریحون,"6631 Hastings St Vancouver, Burnaby, BC V5B 1S1, Canada",http://noon-reyhoon.ca/
Iranian,Khaghan Restaurant North Shore,"935 Marine Dr Unit 66, North Vancouver, BC V7P 1S3, Canada",https://linktr.ee/khaghan
Iranian,The Kebob House Restaurant,"2865 Shaughnessy St, Port Coquitlam, BC V3C 3H1, Canada",http://www.thekebobhouse.com/
Iranian,Shishlik Grill House | شیشلیک,"1629 Lonsdale Ave, North Vancouver, BC V7M 2J5, Canada",https://shishlik.ca/
Iranian,Khaghan Restaurant,"851 Denman St, Vancouver, BC V6G 2L9, Canada",
Iranian,Cazba Restaurant,"1103 Davie St, Vancouver, BC V6E 1N2, Canada",http://cazbarestaurant.com/
Iranian,Grab and Go Persian Restaurant,"1805 Lonsdale Ave, North Vancouver, BC V7M 2J8, Canada",https://grabandgopersian.ca/
Iranian,Suren Persian cuisine,"4624 Hastings St, Burnaby, BC V5C 2K5, Canada",https://linktr.ee/surenrestaurant
Iranian,Gillaneh GrillHouse - Downtown,"1072 Denman St, Vancouver, BC V6G 2M8, Canada",https://gilane.ca/
Iraqi,SHAHRAYAR GRILL HOUSE,"14752 108a Ave, Surrey, BC V3R 1W8, Canada",https://ur-restaurant.business.site/
Israeli,Tamam: Fine Palestinian Cuisine,"2616 E Hastings St, Vancouver, BC V5K 1Z6, Canada",http://www.tamam.ca/
Jamaican,Di Reggae Cafe,"13593 King George Blvd, Surrey, BC V3T 2V1, Canada",http://direggaecafe.com/
Jamaican,PG's Jamaican Restaurant,"1387 Johnston Rd, White Rock, BC V4B 3Z3, Canada",https://www.pgsjamaicanrestaurants.com/
Jamaican,Riddim & Spice,"1945 Commercial Dr, Vancouver, BC V5N 4A8, Canada",
Jamaican,Tommie's Jerk,"5337 180 St, Surrey, BC V3S 4K5, Canada",http://www.tommiesjerk.com/
Jordanian,Jordanian Mediterranean food,"4301 Duval St, Austin, TX 78751, USA",https://order.getrevi.com/jordanian-mediterranean-food-1231
Kuwaiti,Kuwait,Kuwait,http://www.e.gov.kw/sites/KgoEnglish/portal/Pages/PortalMain.aspx
Lithuanian,Old Vilnius Cafe Deli,"2601 75th St, Darien, IL 60561, USA",http://www.oldvilniuscafe.com/
Malaysian,Malaysian Hut,"14727 108 Ave, Surrey, BC V3R 1V9, Canada",http://www.malaysianhutrestaurant.com/
Malaysian,Green & Oak Malaysian Restaurant,"3760 Hastings St, Burnaby, BC V5C 2H5, Canada",https://www.greenandoak.com/
Malaysian,Banana Leaf Malaysian Cafe,"1779 Robson St, Vancouver, BC V6G 1C9, Canada",https://www.bananaleaf-vancouver.com/robson
Malaysian,Penang Bistro Fine Malaysian Cuisine(10% OFF for Orders from Our Website!),"3932 Fraser St, Vancouver, BC V5V 4E4, Canada",https://penangbistro.zomi.menu/
Malaysian,Tropika,"2975 Cambie St, Vancouver, BC V5Z 2V7, Canada",http://www.tropikavancouver.ca/
Malaysian,John 3:16 Malaysian Express,"4151 Hazelbridge Wy #3210, Richmond, BC V6X 0A4, Canada",https://john316mydelights.com/
Malaysian,Mamalee - Broadway,"3144 W Broadway, Vancouver, BC V6K 2H3, Canada",http://www.mamalee.ca/
Malaysian,Hawkers Delight Deli,"4127 Main St, Vancouver, BC V5V 3P6, Canada",https://order.online/business/hawkers-delight-deli-21039
Malaysian,Kopitiam Malaysia,"3885 Rupert St, Vancouver, BC V5R 2G7, Canada",https://kopitiammalaysia.ca/
Malaysian,Laksa King,"2546 E Hastings St, Vancouver, BC V5K 1Z3, Canada",https://laksaking.ca/
Malaysian,John 3:16 Malaysian Delights,"1063 W Broadway, Vancouver, BC V6H 1E2, Canada",https://john316mydelights.com/
Malaysian,Nyonya House - Malaysian Restaurant - Please try to Order from Website,"3866 Bayview St #110, Richmond, BC V7E 3B6, Canada",http://nyonya.richmondpos.com/
Malaysian,John 3:16 Malaysian Delights,"6832 &, 6838 No. 3 Rd, Richmond, BC V6Y 2C4, Canada",https://john316mydelights.com/
Malaysian,Ipoh Malay Cuisine,"1316 W 73rd Ave, Vancouver, BC V6P 4M9, Canada",https://www.ipohmalaycuisine.ca/
Malaysian,IPOH Malaysian Cuisine,"2127-4500 Kingsway, Burnaby, BC V5H 2A9, Canada",https://www.facebook.com/ipohmalaysiancuisine/
Malaysian,Kari House Restaurant,"3900 Bayview St #130, Richmond, BC V7E 0A4, Canada",http://www.karihouse.com/
Malaysian,Malay Satay Hut,"5540, 15230 NE 24th St, Redmond, WA 98052, USA",https://www.malaysatay.com/
Malaysian,Kedai Makan,"1449 E Pine St, Seattle, WA 98122, USA",http://www.kedaimakansea.com/
Malaysian,Malaysia St (10% OFF for Orders from our website!),"3471 No. 3 Rd, Richmond, BC V6X 2B8, Canada",https://malaysiastrmd.zomi.menu/
Malaysian,Penang Malaysian Cuisine,"2491 George Busbee Pkwy NW, Kennesaw, GA 30144, USA",
Mongolian,Great Wall Mongolian B.B.Q,"2897 W Broadway, Vancouver, BC V6K 2G6, Canada",
Nepalese,Kathmandu Bar and Grill,"9340 120 St, Surrey, BC V3V 4B8, Canada",https://kathmandugrill.ca/
Nepalese,The Momo Grill Nepali Kitchen,"16016 Fraser Hwy #104, Surrey, BC V4N 0G3, Canada",https://themomogrill.com/
Nepalese,Spice of Nepal Restaurant,"13486 72 Ave, Surrey, BC V3W 2N8, Canada",https://spiceofnepal.ca/
Nepalese,Taste of Himalayas,"Next to Dairy Queen, 7115 138 St Unit 209, Surrey, BC V3W 7T9, Canada",https://www.tasteofhimalaya.ca/
Nepalese,Mount Everest Kitchen & Grill,"538 Seymour St, Vancouver, BC V6B 3J5, Canada",https://everestkitchen.ca/
Nepalese,Gurkha Himalayan Kitchen Restaurant,"1141 Davie St, Vancouver, BC V6E 1N2, Canada",https://www.gurkha.ca/
Nepalese,Himalayan Cafe - Indian & Nepalese Restaurant,"202 SW 43rd St, Renton, WA 98057, USA",https://himalayancaferenton.com/
Nepalese,Royal Nepalese Momo Palace - #1 Place for Momos + Sugarcane Juice,"3490 Kingsway, Vancouver, BC V5R 5L7, Canada",https://www.royalmomopalace.com/
Nicaraguan,Don Gallopinto Nicaraguan restaurant,"14912 Ambaum Blvd SW, Burien, WA 98166, USA",
Norwegian,Published on Main,"3593 Main St, Vancouver, BC V5V 3N4, Canada",http://www.publishedonmain.com/
Pakistani,Taste of Lahore restaurant,"9526 120 St, Surrey, BC V3V 4C1, Canada",http://tasteoflahore.ca/
Pakistani,Lahori Restaurant,"12877 80 Ave #109, Surrey, BC V3W 4E9, Canada",https://order.tbdine.com/pickup/44405
Pakistani,Pakwan House,"13030 76 Ave, Surrey, BC V3W 2V6, Canada",http://pakwanhouse.com/
Pakistani,Gulberg Tandoor,"12578 72 Ave #119, Surrey, BC V3W 2M6, Canada",http://www.gulbergrestaurant.com/
Pakistani,Barney's Karahiwala Restaurant | Best Karahi in Surrey,"12889 84 Ave Unit 105, Surrey, BC V3W 0K5, Canada",http://www.barneyskarahiwala.com/
Pakistani,Zaiqa Restaurant,"9450 120 St, Surrey, BC V3V 4B9, Canada",http://zaiqarestaurant.ca/
Pakistani,Desi Grill,"8005 King George Blvd, Surrey, BC V3W 5B4, Canada",http://www.desigrillsurrey.com/
Pakistani,Dewan-E-Khass,"5750 Fraser St, Vancouver, BC V5W 2Z5, Canada",http://dewanekhass.ca/dishes/
Pakistani,Pindi Dhaba,"10252 City Pkwy #100, Surrey, BC V3T 4C2, Canada",https://www.pindidhaba.com/
Pakistani,Karakoram Restaurant,"6990 Victoria Dr, Vancouver, BC V5P 3Y8, Canada",https://www.karakoramrestaurant.com/our-menu
Pakistani,Main Kabab Hut,"215 E 49th Ave, Vancouver, BC V5W 2V4, Canada",
Peruvian,Silvestre Deli & Bistro,"317 Water St, Vancouver, BC V6B 1B8, Canada",http://www.silvestregustolatino.com/
Peruvian,SUYO Modern Peruvian,"3475 Main St, Vancouver, BC V5V 3M9, Canada",http://www.suyo.ca/
Peruvian,El Inka restaurant,"3826 Sunset St, Burnaby, BC V5G 1T3, Canada",
Philippine,Kanin + Ulam,"12411 King George Blvd, Surrey, BC V3V 3K3, Canada",http://instagram.com/kaninplusulam
Philippine,Mixylicious,"10355 152 St, Surrey, BC V3R 7C1, Canada",https://mixylicious.com/
Philippine,Bacayons Chibugan,"13979 104 Ave Unit 105, Surrey, BC V3T 1X1, Canada",https://bacayonschibugan.com/
Philippine,Jav’s Kaldero,"15155 101 Ave #103A, Surrey, BC V3R 7Z1, Canada",http://www.javskaldero.com/
Philippine,Ruben's Restaurant,"15282 Fraser Hwy, Surrey, BC V3R 3P4, Canada",
Philippine,Zugba Flame Grilled Chicken,"14351 104 Ave, Surrey, BC V3T 1Y1, Canada",http://zugba.com/
Philippine,Pampanga’s Cuisine Home of the Original Sisig,"5179 Joyce St, Vancouver, BC V5R 4G8, Canada",http://pampangascuisine.ca/
Philippine,La Meza Grill,"11955 88 Ave, Delta, BC V4C 3C9, Canada",http://www.lamezagrill.com/
Philippine,Kulinarya Filipino Eatery,"1134 Commercial Dr, Vancouver, BC V5L 3X2, Canada",http://www.kulinarya.ca/
Philippine,Pampanga's Best Cafeteria,"4279 Fraser St, Vancouver, BC V5V 4G1, Canada",http://pampangasbestcafeteria.com/
Philippine,PAMPANGA’S CUISINE Home of the Original Sisig,"6094 Fraser St, Vancouver, BC V5W 2Z7, Canada",https://pampangascuisine.ca/
Philippine,Hapag Ihaw-Ihaw Restaurant,"5432 Victoria Dr, Vancouver, BC V5P 3V7, Canada",http://hapagrestaurant.com/
Philippine,Alloz Grill,"149 E 3rd St, North Vancouver, BC V7L 1E5, Canada",
Philippine,Pin Pin Restaurant,"6113 Fraser St, Vancouver, BC V5W 2Z9, Canada",http://www.pinpinrestaurant.com/
Philippine,Bulalohan Sa Ilocos Fast Food Cafe Inc,"4273 Fraser Street, Vancouver, BC V5V 4G1, Canada",
Philippine,Golden Joy Restaurant,"4288 Fraser St, Vancouver, BC V5V 4E8, Canada",
Philippine,The Filipino Noodle Joint,"180 Keefer Street Unit 111 - China Town Plaza, Vancouver, BC V6A 4E9, Canada",http://www.thefilipinonoodlejoint.com/
Philippine,Aling Mary's Filipino Store & Bakery,"13979 104 Ave #103, Surrey, BC V3T 1X1, Canada",
Philippine,Kulinarya Filipino Eatery,"2922 Glen Dr, Coquitlam, BC V3B 2P5, Canada",http://www.kulinarya.ca/
Philippine,EPIC GRILL SILOGS + SANS RIVAL,"538 Ewen Ave, New Westminster, BC V3M 5B8, Canada",https://epicsilogsgrill.com/
Polish,Sebi's Bistro,"1714 18th Ave, Seattle, WA 98122, USA",https://sebisbistro.com/
Puerto Rican,J’s Kitchen,"1307 11th St, Bellingham, WA 98225, USA",https://www.jskitchenfairhaven.com/
Romanian,Dunarea Restaurant,"821 N Euclid St, Anaheim, CA 92801, USA",http://www.dunarea.us/
Saudi Arabian,Yasma,"550 Denman St, Vancouver, BC V6G 3H1, Canada",http://www.yasma.ca/
Singaporean,Singapore Hawker,"1169 Pacific St #120, Coquitlam, BC V3B 0J1, Canada",http://www.singaporehawker.ca/
Singaporean,Singapore Hawker Burnaby,"7150 Sperling Ave, Burnaby, BC V5E 2W5, Canada",http://www.singaporehawker.ca/
Singaporean,Singapore Express,"2775 Laurel St Room 4145, Vancouver, BC V5Z 1M9, Canada",https://www.qooway.com/OLO/m-en?SingExpOnLaurel
Singaporean,Shiok Express,"9855 Austin Ave #907, Burnaby, BC V3J 1N4, Canada",https://shiok.ca/lougheed
Singaporean,Singapore Express,"12855 Clarke Pl, Richmond, BC V6V 2H9, Canada",
Singaporean,Hawkers Delight Deli,"4127 Main St, Vancouver, BC V5V 3P6, Canada",https://order.online/business/hawkers-delight-deli-21039
Singaporean,Prata-Man Singapore Cuisine,"9060 Capstan Wy, Richmond, BC V6X 3N6, Canada",https://prata-man-richmond.business.site/
Singaporean,Shiok Singaporean Cuisine,"1716 Kingsway, Vancouver, BC V5N 2S4, Canada",http://shiok.ca/
Singaporean,Penang Bistro Fine Malaysian Cuisine(10% OFF for Orders from Our Website!),"3932 Fraser St, Vancouver, BC V5V 4E4, Canada",https://penangbistro.zomi.menu/
Singaporean,Laksa King,"2546 E Hastings St, Vancouver, BC V5K 1Z3, Canada",https://laksaking.ca/
Singaporean,M Cafe,"2773 Barnet Hwy C, Coquitlam, BC V3B 1C2, Canada",http://www.m-cafe.ca/
Singaporean,Jimoco Café & Pasta,"1046A Austin Ave, Coquitlam, BC V3K 3P3, Canada",https://www.order.store/store/jimoco-cafe-%26-pasta-austin/ZFgz2GjZSAuhlUYeO1fupA
Slovak,Charcoal & Woodz Restaurant & Bar,"17530 64 Ave, Surrey, BC V3S 1Y9, Canada",https://charcoalandwoodz.com/
Slovenian,Valvas'or,"Stari trg 7, 1000 Ljubljana, Slovenia",https://valvasor.net/kontakti/obratovalni-cas/
Somali,Alebi African Cuisine,"10694 135a St, Surrey, BC V3T 4E2, Canada",http://alebiafricanrestaurant.com/
Somali,Simba's Grill,"3300 Boundary Rd, Burnaby, BC V5M 4A4, Canada",http://www.simbasgrill.com/
Somali,Sahara Cafe Somali Cuisine,"13919 Tukwila International Blvd, Tukwila, WA 98168, USA",
Somali,massawa restaurant,"418 6th St, New Westminster, BC V3L 3B2, Canada",
Somali,Juba Restaurant & Café,"14223 Tukwila International Blvd, Tukwila, WA 98168, USA",
Somali,Mama Sambusa Kitchen,"8319 Wabash Ave S Suite C, Seattle, WA 98118, USA",https://www.mamasambusakitchen.com/?utm_source=google&utm_medium=wix_google_business_profile&utm_campaign=2280415176859227161
Somali,Fassil Restaurant,"736 E Broadway, Vancouver, BC V5T 1X9, Canada",http://www.fassil.ca/
South African,Alebi African Cuisine,"10694 135a St, Surrey, BC V3T 4E2, Canada",http://alebiafricanrestaurant.com/
South African,Taste of Africa,"10663 King George Blvd, Surrey, BC V3T 2X6, Canada",
South African,massawa restaurant,"418 6th St, New Westminster, BC V3L 3B2, Canada",
South African,Dijah's Kitchen - African Restaurant,"16108 Ash Way #103, Lynnwood, WA 98087, USA",http://www.dijahskitchen.com/
South African,Simba's Grill,"3300 Boundary Rd, Burnaby, BC V5M 4A4, Canada",http://www.simbasgrill.com/
South African,Gojo Café Ethiopia I Ethiopian Cuisine,"2838 Commercial Dr, Vancouver, BC V5N 4C6, Canada",http://www.gojocafe.com/
Sri Lankan,J.R Taste Of Ceylon,"3929 Knight St, Vancouver, BC V5N 3L8, Canada",http://j-r-taste-of-ceylon.jany.io/
Swiss,Swiss Hibiscus,"4950 NE 14th Ave, Portland, OR 97211, USA",http://www.swisshibiscus.com/
Syrian,Mashawee Lebanese Grill,"1558 Johnston Rd, White Rock, BC V4B 3Z7, Canada",http://mashaweegrill.ca/
Syrian,SHAHRAYAR GRILL HOUSE,"14752 108a Ave, Surrey, BC V3R 1W8, Canada",https://ur-restaurant.business.site/
Syrian,Ayam Zaman Restaurant,"1090 Lougheed Hwy. #116, Coquitlam, BC V3K 6G9, Canada",
Syrian,AlHadbah Donair,"1610 Robson St Unit #105, Vancouver, BC V6G 1C7, Canada",http://alhadbahdonair.com/
Syrian,Yasma,"550 Denman St, Vancouver, BC V6G 3H1, Canada",http://www.yasma.ca/
Syrian,Mitra Shawarma,"3034 Main St, Vancouver, BC V5T 3G5, Canada",https://narrowgroup.ca/project/mitra-shawarma/
Syrian,Tayybeh,"2836 W 4th Ave, Vancouver, BC V6K 1R2, Canada",https://tayybeh.com/
Syrian,Middle Eastern Restaurant,"1114 Denman St, Vancouver, BC V6G 1T2, Canada",
Syrian,Mazahr Lebanese Kitchen,"1488 W 11th Ave, Vancouver, BC V6H 1L1, Canada",http://www.mazahr.ca/
Syrian,Nuba in Yaletown,"508 Davie St, Vancouver, BC V6B 3N9, Canada",http://www.nuba.ca/
Syrian,Tamam: Fine Palestinian Cuisine,"2616 E Hastings St, Vancouver, BC V5K 1Z6, Canada",http://www.tamam.ca/
Syrian,Donair Town,"8923 Cornerstone Mews, Burnaby, BC V5A 4Y6, Canada",http://www.donairtown.com/
Syrian,Wild Thyme,"705 12th St, New Westminster, BC V3M 4J7, Canada",
Syrian,Superbaba (Vancouver),"2419 Main St, Vancouver, BC V5T 3E1, Canada",http://eatsuperbaba.com/
Syrian,BASHA Metrotown,"4700 Kingsway #2250, Burnaby, BC V5H 4M1, Canada",
Syrian,Shawarma Corner,"629 Columbia St, New Westminster, BC V3M 1A7, Canada",
Syrian,Donair Dude,"800 Carnarvon St Unit 230, New Westminster, BC V3M 0G3, Canada",http://www.donairdude.com/
Syrian,Yalla Seattle,"1510 E Olive Wy, Seattle, WA 98122, USA",http://yallaseattle.com/
Syrian,Osmow's Shawarma,"11666 Steveston Hwy Unit 3065, Richmond, BC V7A 5J3, Canada",https://osmows.com/shawarma-ironwood/
Syrian,Food Zone Inn,"30 Capilano Way #6, New Westminster, BC V3L 5M3, Canada",
Taiwanese,Bubble 88,"10209 King George Blvd #102, Surrey, BC V3T 2W6, Canada",https://bubble88.business.site/
Taiwanese,Chef Hung Taiwanese Beef Noodle,"9055 University High St #109, Burnaby, BC V5A 0A7, Canada",https://www.chefhungnoodle.com/
Taiwanese,RedBeef Noodle Kitchen (Chinatown),"550 Main St, Vancouver, BC V6A 2T9, Canada",http://redbeef.ca/
Taiwanese,台風 Typhoon Bubble Tea Taiwanese Cuisine,"11700 Cambie Rd. #175, Richmond, BC V6X 1L5, Canada",https://typhoonbbt.ca/
Taiwanese,Deer Alley Restaurant 德意小馆,"518 Hornby St, Vancouver, BC V6C 2E7, Canada",
Taiwanese,Ding Hao Noodle House,"2773 Barnet Hwy #4, Coquitlam, BC V3B 1C2, Canada",http://www.dinghaonoodlehouse.com/
Taiwanese,TTOP 花雕雞 (Taiwan Taipei Original Pot),"13986 Cambie Rd. Unit 223, Richmond, BC V6V 2K3, Canada",https://ttopchicken.ca/
Taiwanese,Kuai Wei Jia,"1163 Pinetree Wy #2102, Coquitlam, BC V3B 8A6, Canada",
Taiwanese,Joys Taiwanese Food,"4380 No. 3 Rd, Richmond, BC V6X 3V7, Canada",
Taiwanese,Chef Hung Taiwanese Beef Noodle,"3313 Shrum Lane #102, Vancouver, BC V6S 0C8, Canada",http://www.chefhungnoodle.com/
Taiwanese,Wang's Taiwan Beef Noodle House,"8390 Granville St, Vancouver, BC V6P 4Z7, Canada",https://wangstaiwanhouse.com/
Taiwanese,Chef Hung Taiwanese Beef Noodle,"4151 Hazelbridge Wy #2800, Richmond, BC V6X 4J7, Canada",http://www.chefhungnoodle.com/
Taiwanese,CHJ Bistro,"12240 Second Ave #240, Richmond, BC V7E 3L8, Canada",https://www.chj-bistro.com/
Taiwanese,The One Restaurant,"5908 Kingsway, Burnaby, BC V5J 1H2, Canada",http://theonerestaurant.ca/
Taiwanese,No. 1 Beef Noodle,"4741 Willingdon Ave, Burnaby, BC V5G 3H5, Canada",http://www.jynoodle.com/
Taiwanese,Sweet Memory,"8080 Leslie Rd #130, Richmond, BC V6X 4A8, Canada",https://memorycorner8.com/
Taiwanese,Sasaya Bistro,"7538 Royal Oak Ave, Burnaby, BC V5J 4K1, Canada",https://gosnappy.io/owa/snappy/detail/G8827/8827/m/menu_634
Taiwanese,Pearl Castle Café,"3779, 1128 Sexsmith Rd #1128, Richmond, BC V6X 3Z9, Canada",http://www.pearlcastle.com/
Taiwanese,Chef Liu Kitchen,"8260 Westminster Hwy, Richmond, BC V6X 1A7, Canada",
Taiwanese,Myst Asian Fusion,"6400 Kingsway, Burnaby, BC V5E 1C5, Canada",http://www.myst6400.com/
Tanzanian,Alebi African Cuisine,"10694 135a St, Surrey, BC V3T 4E2, Canada",http://alebiafricanrestaurant.com/
Tanzanian,Taste of Africa,"10663 King George Blvd, Surrey, BC V3T 2X6, Canada",
Thai,Leela Thai Restaurant,"1558 George St, White Rock, BC V4B 3E8, Canada",
Thai,Chada Thai,"825 Peace Portal Dr, Blaine, WA 98230, USA",http://www.chadathaiusa.com/
Thai,Thai By Thai,"9164 120 St, Surrey, BC V3V 4B5, Canada",http://thaibythai-surrey.com/?utm_source=google&utm_medium=maps&utm_campaign=website
Thai,Khob Khun Thai Cuisine,"1143 Austin Ave, Coquitlam, BC V3K 3P4, Canada",https://www.khobkhunthaicuisine.com/
Thai,Thai Chef Eatery,"3355 North Rd, Burnaby, BC V3J 1M3, Canada",https://thaichefeatery.com/
Thai,Thai New West Restaurant,"424 E Columbia St, New Westminster, BC V3L 3W9, Canada",https://www.thainewwest.com/
Thai,Sawasdee Thai Restaurant,"4250 Main St, Vancouver, BC V5V 3P9, Canada",https://sawasdeethairestaurant.com/
Thai,Chada Thai Fine Cuisine,"2991 Lougheed Hwy. #107, Coquitlam, BC V3B 6J6, Canada",http://www.chadathai.ca/
Thai,Bai Bua Thai Cuisine,"1-2443 E Hastings St, Vancouver, BC V5K 1Y8, Canada",http://www.baibuathaicuisine.ca/
Thai,Take Thai Home Restaurants,"1245 Glen Dr, Vancouver, BC V6A 3M8, Canada",http://takethaihomerestaurant.com/
Thai,Thailicious by Thai Away Home,"2402 E Hastings St, Vancouver, BC V5K 1Z1, Canada",https://thailicious8.wixsite.com/thailicious
Thai,Siam Le Bien Thai Cuisine,"Siam Le Bien Thai Cuisine, 4217 Hastings St, Burnaby, BC V5C 2J5, Canada",http://www.siamlebien.com/
Thai,Patsara Thai,"528 Carnarvon St, New Westminster, BC V3L 1C4, Canada",https://www.patsara.ca/
Thai,Thaigo,"4567 Lougheed Hwy., Burnaby, BC V5C 3Z6, Canada",https://broadwayfoodsgroup.ca/thaigo/
Thai,Thong Thai Restaurant,"12836 Pacific Hwy SW, Lakewood, WA 98499, USA",
Thai,Chad Thai Restaurant,"4010 Hastings St, Burnaby, BC V5C 2H9, Canada",http://chadthai.ca/
Thai,Krungthep Thai and Pho,"17851 1st Ave S, Normandy Park, WA 98148, USA",https://krungthepthaiandpho.com/
Thai,Simply Thai,"235 Strander Blvd #140, Tukwila, WA 98188, USA",http://www.simplythaiseattle.com/
Thai,Lhy Thai Restaurant,"7357 Edmonds St, Burnaby, BC V3N 1A9, Canada",
Thai,Thai Express Restaurant Burnaby,"4820 Kingsway, Metropolis at Metrotown, Burnaby, BC V5H 4P1, Canada",https://locations.thaiexpress.ca//?utm_source=G&utm_medium=LPM&utm_campaign=MTY
Tunisian,Carthage Cafe,"1851 Commercial Dr, Vancouver, BC V5N 4A6, Canada",https://www.carthage.cafe/
Ukrainian,Kozak Ukrainian Restaurant,"1 W Cordova St, Vancouver, BC V6B 1C8, Canada",http://kozakeatery.ca/
Ukrainian,Ukrainian Village,"815 Denman St, Vancouver, BC V6G 2L7, Canada",https://ukrainianvillage.wixsite.com/canada
Ukrainian,Kozak Ukrainian Eatery & Mill,"5077 Victoria Dr, Vancouver, BC V5P 3T9, Canada",http://kozakeatery.ca/
Ukrainian,Kozak Ukraїnian Eatery,"444 6th St, New Westminster, BC V3L 3B3, Canada",http://kozakeatery.ca/
Ukrainian,Ukrainian Cuisine restaurant,"31811 WA-706, Ashford, WA 98304, USA",https://paradisevillagelodge.com/amenities/restaurant/
Venezuelan,Paparepas Venezuelan Food,"1620 Broadway, Seattle, WA 98122, USA",http://www.paparepas.com/
Vietnamese,Phở Tâm Vietnamese Restaurant,"10302 City Pkwy, Surrey, BC V3T 4Y8, Canada",https://www.skipthedishes.com/pho-tam-10-10302-city-pkwy
Vietnamese,Phở 777 Vietnamese,"15230 Russell Ave, White Rock, BC V4B 2P6, Canada",http://www.pho777.ca/
Vietnamese,Five Corners Vietnamese Restaurant,"15180 Buena Vista Ave, White Rock, BC V4B 1Y3, Canada",https://www.fivecornersvietnameserestaurant.com/
Vietnamese,Taste of Pho,"13979 104 Ave #104, Surrey, BC V3T 1X1, Canada",https://tasteofphorestaurant.com/?utm_source=google&utm_medium=maps&utm_campaign=website
Vietnamese,Bánh Mì Très Bon,"1459 Johnston Rd, White Rock, BC V4B 3Z4, Canada",https://www.banhmitresbon.ca/
Vietnamese,Phở 99 Surrey,"8934 152 St, Surrey, BC V3R 4E4, Canada",http://pho99surrey.ca/?utm_source=google&utm_medium=maps&utm_campaign=website
Vietnamese,PHO 99 (SFU),"8901 Cornerstone Mews, Burnaby, BC V5A 4Y6, Canada",http://pho99sfu.com/
Vietnamese,"Phở Holiday - Meat and Vegan Noodle Soup House, Coquitlam BC","1054 Austin Ave, Coquitlam, BC V3K 3P3, Canada",https://phoholiday.com/
Vietnamese,Cambie Vietnamese Restaurant,"4136 Main St, Vancouver, BC V5V 3P7, Canada",https://www.cambievietnameserestaurant.com/
Vietnamese,Pho Zen Vietnamese Cuisine,"654 SE Marine Dr, Vancouver, BC V5X 2T4, Canada",https://www.phozenca.com/
Vietnamese,Pho d'lite,"2-4415 Skyline Dr, Burnaby, BC V5C 5Y1, Canada",http://phodlite.restaurant/
Vietnamese,Le Pho Vietnamese Restaurant,"2503 E Hastings St, Vancouver, BC V5K 1Z2, Canada",https://www.facebook.com/LePho604/
Vietnamese,White Lotus Cafe,"5901 Broadway, Burnaby, BC V5B 2Y1, Canada",http://www.whitelotuscafe.ca/
Vietnamese,Pho Maxima Restaurant,"822 20th St, New Westminster, BC V3M 4W8, Canada",
Vietnamese,Phở 101,"5937 Hastings St, Burnaby, BC V5B 1R7, Canada",http://www.pho101bby.com/
Vietnamese,Pho 51 Vietnamese Restaurant,"2160 Hawkins Street, Port Coquitlam, BC V3B 0G6, Canada",https://m.facebook.com/pho51coq/
Vietnamese,Pho Angkor noodle house,"78 10th St #106, New Westminster, BC V3M 3X3, Canada",https://phoangkornoodlehouse.com/?
Vietnamese,Viet House,"3420 Cambie St, Vancouver, BC V5Z 2W8, Canada",http://viethouserestaurant.com/
Vietnamese,Pho Thai Ha,"2653 E 49th Ave, Vancouver, BC V5S 1J9, Canada",https://phothaiha.com/
Vietnamese,Anh and Chi,"3388 Main St, Vancouver, BC V5V 3M7, Canada",http://www.anhandchi.com/
Yemeni,Oasis Mediterranean Restaurant,"1907 White Plains Rd, Bronx, NY 10462, USA",
Zambian,Pabena Lubemba African cuisine,"H8VC+2F Off Danny, Pule road, Lusaka, Zambia",
Zambian,African Restaurant,"H7PP+Q5P, Unnamed Road, Lusaka, Zambia",
Zambian,African Braai,"H82H+253, Kasama Rd, Lusaka, Zambia",
Zambian,ARI PUB AND GRILL/SABEN NIGERIAN RESTAURANT,"H8P9+P3C, Lusaka, Zambia",
Zambian,KAyZ AKWAABA CAfE,"114 Pemba Rd, Lusaka 10101, Zambia",
Zambian,African Sunsets Afro-Fusion Restaurant,"66 Twin Palms Rd, Lusaka, Zambia",
Zambian,Imilile African restaurant,"Kamwala south, G8Q4+6FC, Lusaka, Zambia",
Zambian,Green Ethiopian Restaurant,"olympia, near Chainama Rd, Lusaka, Zambia",
Zambian,Rolex African Cuisine,"9 Buluwe Rd, Lusaka, Zambia",
Zambian,NaijaChops,"H8HV+58F, Lusaka, Zambia",
Zambian,Abiana's Kitchen,"North End, Cairo, Lusaka, Zambia Lusaka ZM, Lusaka 10101, Zambia",
Zambian,BOTANICA | Ciela Resort,"PCQP+GQ, Lusaka, Zambia",
Zambian,Black Bistro Lounge,"J96V+2F6, Lusaka, Zambia",
Zambian,The Zambean Coffee Co.,"G9GW+6R8 Leopards Hill Business Park, Off Leopards Hill Rd, Lusaka, Zambia",
Zambian,Shoprite Mini | Kamloops Mall,"Kamloops Mall Stand No Kaling / 3081924 Corner Of Alick Nkhata Road And, H8RQ+R93, Kamloops Rd, Lusaka, Zambia",http://www.shoprite.co.za/
Zambian,Pick n Pay Levy Park,"Kabelenga Rd, Lusaka, Zambia",http://www.picknpay.co.za/
Zambian,Shoprite | Lewanika Mall,"Off Mosi-o-tunya Road &, Shrewsbury Way, Lusaka, Zambia",http://www.shoprite.co.za/
