city,state,pop,white,black,asian,indigenous,pacific,hispanic,two_pop
Aiken,South Carolina,170872,0.7065815347160448,0.2527798586076127,0.012418652558640386,0.005647502223886886,0.0006788707336485791,0.05903249215787256,0.021893581160166674
Alachua,Florida,269043,0.6986169497069241,0.20630531179030862,0.06151804730098906,0.003746612994948763,0.0007396587162646864,0.104897730102623,0.029073419490564707
Alamance,North Carolina,169509,0.7356305564896259,0.20865558760891753,0.017450400863670956,0.014547900111498504,0.0008495124152699857,0.1305535399300332,0.022866042511017114
Alameda,California,1671329,0.492777304767643,0.1103122126164268,0.32333011633257125,0.010648412131902216,0.009430219902843784,0.2232085962727865,0.05350173424861293
Albany,New York,305506,0.7578836422197928,0.14106433261539872,0.06836199616374146,0.0030441300661852794,0.0006611981434079855,0.0625257769078185,0.028984700791473816
Allegan,Michigan,118081,0.9487301089929794,0.015531711282932901,0.008519575545600054,0.007477917700561479,0.00038109433355069825,0.07519414639103666,0.019359592144375472
Anderson,South Carolina,202558,0.8053792000315959,0.16271882621273906,0.010421706375457893,0.0034014948804786775,0.00046900147118356225,0.03988980933855982,0.01760977102854491
Anoka,Minnesota,356921,0.8376615553581885,0.07378663625844374,0.04975610849459684,0.008906732862454157,0.000619184637496813,0.04866623146298481,0.029269782388819936
Arapahoe,Colorado,656590,0.7646704945247415,0.11487686379628079,0.06555993846997366,0.011613030963005833,0.003035379765150246,0.19750681551653237,0.040244292480848015
Arlington,Virginia,236842,0.7500316666807407,0.09678182079192035,0.10954560424249077,0.006455780647013621,0.0013131116947163088,0.1560154026735123,0.035872015943118195
Baltimore,Maryland,827370,0.601883075286752,0.3032609352526681,0.06317125348997425,0.004493757327435126,0.0007662835249042146,0.058104596492500334,0.026424695118266315
Barnstable,Massachusetts,212990,0.9218226207803183,0.03457908822010423,0.015906850086858538,0.007483919432837222,0.0006291375181933424,0.03396873092633457,0.01957838396168834
Bartow,Georgia,107738,0.8486420761476916,0.113460431788227,0.010349180419165011,0.005801110100428818,0.0010766860346395886,0.09158328537748983,0.020670515509847963
Beaufort,South Carolina,192122,0.7818937966500453,0.17851157077273816,0.01453243251683826,0.004210866012221401,0.0014105620387045732,0.11096594872008411,0.019440772009452326
Beaver,Pennsylvania,163929,0.9048490505035717,0.06452793587467745,0.005911095657266255,0.0017995595654216154,0.00042091393225115754,0.01784309060629907,0.022491444466811852
Benton,Arkansas,279141,0.8848037371794183,0.020609656051959403,0.04165636721226907,0.018689479510354982,0.007279475247276466,0.1706306132026467,0.026961284798721792
Berkshire,Massachusetts,124944,0.9183874375720322,0.03620822128313485,0.016663465232424127,0.0032654629273914716,0.0005122294788065053,0.05139902676399027,0.02496318350621078
Bernalillo,New Mexico,679121,0.8391626823496844,0.03553564092407686,0.029059622659290466,0.06343346767365463,0.0014459867976398904,0.5030429039891271,0.031362599595653795
Boulder,Colorado,326196,0.9003421255932016,0.012093955781186772,0.050156960845626555,0.00860832137733142,0.0007449508884229114,0.13972887466431225,0.02805368551423071
Brazoria,Texas,374264,0.7490167368488554,0.1512622106320672,0.06946700724622192,0.008435222196096872,0.0009699035974606161,0.3156889254643781,0.020848919479298036
Bronx,New York,1418207,0.447240776558006,0.43615353753013486,0.04561111318728507,0.029134674980450668,0.004213066216708844,0.563796399256244,0.03764683152741455
Brunswick,North Carolina,142820,0.865256966811371,0.1001820473323064,0.007491947906455678,0.008367175465621062,0.0011132894552583672,0.04930681977314102,0.017588573028987538
Burlington,New Jersey,445349,0.7286105952859443,0.18303622552200632,0.05415528046543273,0.0034130535826958183,0.0008802085555373426,0.08533981214732715,0.029904636588383493
Butler,Pennsylvania,187853,0.9582599159981475,0.01361703033755117,0.014612489553001548,0.0015863467711455233,0.0003619851692546832,0.016103016720520832,0.011562232170899587
Butler,Ohio,383134,0.8399437272599143,0.09210354601784232,0.03876450536887877,0.002745775629414252,0.0012867560696779717,0.04988594068915836,0.025155689654272395
Camden,New Jersey,506471,0.6901421799076354,0.21628484158026817,0.060005409983987235,0.00652357193205534,0.001115562391528834,0.17581658179836554,0.025928434204525036
Cameron,Texas,423163,0.9707275919681069,0.008200149824063068,0.007881123822262344,0.006805888038415457,0.0007443940042016906,0.9000337931246352,0.005640852342950589
Canadian,Oklahoma,148306,0.8308632152441574,0.03575715075586962,0.032507113670384204,0.051771337639744855,0.001072107669278384,0.09784499615659514,0.04802907502056559
Carver,Minnesota,105089,0.9215141451531559,0.022419092388356536,0.03350493391315932,0.0030831009905889295,0.00045675570230947104,0.04351549638877523,0.019021971852429844
Catawba,North Carolina,159551,0.8385406547122863,0.0893068673966318,0.04509529868192615,0.006060758002143515,0.0011595038577006725,0.1013782426935588,0.019836917349311506
Champaign,Illinois,209689,0.7179966521849024,0.13843835394322068,0.1091425873555599,0.0036530290096285453,0.001006252116229273,0.06255454506435722,0.029763125390459205
Charleston,South Carolina,411406,0.6964118170371847,0.262985955479502,0.018487819817892787,0.003947438783099906,0.000911508339693636,0.05291852816925373,0.017255460542626992
Chautauqua,New York,126903,0.9355097988227229,0.027934721795387026,0.006879269993617172,0.007289031780178561,0.0005122022332017368,0.0777286588969528,0.021874975374892636
Chester,Pennsylvania,524989,0.8526616748160437,0.06234416340151889,0.061307951214215915,0.0028495835150831733,0.0006266797971005107,0.07628159828110684,0.020209947256037745
Chesterfield,Virginia,352802,0.6818470416834371,0.24535291750046767,0.03673165118111575,0.005912664894189942,0.001295344130702207,0.09461964501335027,0.028860380610087246
Chittenden,Vermont,163774,0.9030065822413814,0.025498552883852138,0.045532257867549185,0.0023630124439776765,0.00043352424682794585,0.024600974513659068,0.02316607031641164
Clackamas,Oregon,418187,0.8887602914485625,0.011946808485199205,0.04859787606979653,0.010880299961500478,0.002893442407344083,0.09010084005480802,0.036921281627597224
Clayton,Georgia,292256,0.19111669221504435,0.7275094437753202,0.0502538870031753,0.005963949414212197,0.0011325687068871127,0.1341084528632432,0.02402345888536078
Cleveland,Oklahoma,284014,0.7833663129282359,0.05460646306168006,0.047476532846972334,0.05294809410803693,0.0012112078982022014,0.09242150034857437,0.060391389156872546
Cobb,Georgia,760141,0.6238947774162952,0.28807023960028466,0.055990927998884416,0.004980654904813712,0.0006735592475606499,0.13303058248403915,0.0263898408321614
Cochise,Arizona,125922,0.8772494083639079,0.0450755229427741,0.02258541001572402,0.01759819570845444,0.00412954050920411,0.35726878543860485,0.033361922459935515
Columbiana,Ohio,101883,0.9523276699743823,0.02490111205991186,0.003376421974225337,0.0024636102195655803,0.00038279202614763995,0.019012003965332782,0.016548393745767203
Comanche,Oklahoma,120749,0.6570075114493702,0.172514886251646,0.027842880686382496,0.06744569313203422,0.006890326213881689,0.1351398355265882,0.06829870226668544
Cumberland,North Carolina,335509,0.5108029888915051,0.39119367885809325,0.027134890569254475,0.018571781979022917,0.004286025114080398,0.120926711354986,0.04801063458804384
Dakota,Minnesota,429021,0.8362201384081432,0.0748844462159195,0.05219558016973528,0.006204824472461721,0.0009533332867155687,0.07557905090892987,0.02954167744702474
Dallas,Texas,2635516,0.665575545737533,0.2357591454576637,0.06724869057899857,0.010817236548744155,0.0010673431692313764,0.4075843212486663,0.019532038507829207
Dane,Wisconsin,546695,0.8491901334382059,0.055319693796358115,0.06298393071090827,0.004679025782200313,0.0005487520463878396,0.06541673144989436,0.02727846422593951
Dauphin,Pennsylvania,278299,0.7146737861077475,0.19210633167923707,0.053262857574048056,0.004484385499049583,0.000891127887631648,0.09901580674023262,0.03458151125228621
Davidson,North Carolina,167609,0.8562368369240315,0.10082990770185372,0.01621034669975956,0.008006729948869093,0.0006622556067991575,0.07428002076260821,0.018053923118686945
Delaware,Ohio,209177,0.8619829139915001,0.03905783140593851,0.07617950348269648,0.0020269914952408727,0.0005545542769998614,0.028014552269130927,0.02019820534762426
Denton,Texas,887207,0.7561561168926756,0.11024371989851298,0.09673503477767871,0.008365578720636785,0.0011913792384415363,0.19601400800489627,0.027308170472054437
Denver,Colorado,727211,0.8092149321173635,0.09760715940765473,0.040818964509612754,0.017439230154659376,0.0019677920163473873,0.29287785800819843,0.03295192179436229
Dorchester,South Carolina,162809,0.6857667573659932,0.2557413902179855,0.02095093023112973,0.007161766241424,0.0015355416469605488,0.057705655092777426,0.02884361429650695
Douglas,Georgia,146343,0.45390623398454316,0.49691478239478487,0.016474993679233035,0.005029280525887811,0.001708315396021675,0.10236909179120286,0.02596639401952946
Douglas,Nebraska,571327,0.8003140058145335,0.1146541297715669,0.04345847474388573,0.012332692136027178,0.000943417692494841,0.12942500529469114,0.028297279841491826
Durham,North Carolina,321488,0.5404649629224108,0.36881314388095354,0.054698775693027425,0.00901433334992286,0.001023366346488827,0.13663962574030758,0.025985417807196536
Eau Claire,Wisconsin,104646,0.9170441297326224,0.012260382623320529,0.04281100089826654,0.006488542323643522,0.00182520115436806,0.026575311048678402,0.019570743267778988
Ector,Texas,166223,0.9011147675111146,0.053398145864290744,0.012982559573584882,0.014775331933607262,0.0026771265107716742,0.6255933294429772,0.015052068606630851
El Dorado,California,192843,0.8863998174680958,0.010371130919971168,0.048313913390685685,0.013347645494002894,0.0022609065405537147,0.13159928024351417,0.03930658618669073
El Paso,Texas,839238,0.9184081273726881,0.03985162730953556,0.013596858102230833,0.010637030258401074,0.002240127353623168,0.8294607727486124,0.01526622960352129
Elkhart,Indiana,206341,0.8947034278209371,0.06106881327511256,0.012246717811777592,0.006465026339893671,0.0008626496915300401,0.16758666479274598,0.024653365060748954
Erie,Pennsylvania,269728,0.8742659271562463,0.07820100249139875,0.019434393166449165,0.0028028235852414285,0.0006784612646814569,0.04413334915173805,0.024617392335982917
Essex,Massachusetts,789034,0.8505919896987962,0.07144178831330462,0.03906802495202995,0.008841190620429538,0.0016944770440817506,0.22246823330807036,0.02836252937135789
Fairfax,Virginia,1147532,0.646760177493961,0.10627503198167894,0.20137564791221507,0.0053227273836372315,0.0008644639103746126,0.1651500786034725,0.03940195131813318
Fairfield,Ohio,157574,0.8675289070531941,0.0878127102186909,0.019241753081092057,0.0025765672001726173,0.0006282762384657367,0.023741226344447686,0.022211786208384633
Fairfield,Connecticut,943332,0.7835830863365177,0.12932562448851517,0.05882234462522209,0.005422269148083601,0.0010908142626350002,0.2054123044696883,0.021755861139026344
Florence,South Carolina,138293,0.5327890782613726,0.4315981286109926,0.016103490415277706,0.004353076439154549,0.0010701915498253708,0.02812145227885721,0.014086034723377177
Forsyth,Georgia,244252,0.776153317065981,0.0436475443394527,0.15548286196223574,0.00489658221836464,0.000687814224653227,0.0966460868283576,0.019131880189312677
Franklin,Ohio,1316756,0.6679696162386957,0.23793853986615593,0.057250546038901666,0.0031076372539787173,0.0005460389016643934,0.05781101434130545,0.0331876217006036
Franklin,Pennsylvania,155027,0.9226844356144414,0.04161855676753082,0.01090777735491237,0.0033284524631193276,0.0006192469698826656,0.06097647506563373,0.020841530830113465
Franklin,Missouri,103967,0.9653447728606193,0.009974318774226438,0.005511364182865717,0.004174401492781363,0.000644435253493897,0.018621293294987833,0.014350707436013351
Frederick,Maryland,259547,0.8067556165164691,0.10662808662785546,0.049563277556666036,0.005054961143839074,0.0008861593468620327,0.10543755080967994,0.031111898808308322
Fresno,California,999101,0.7658905355914968,0.05802816732242286,0.1114531964235848,0.02975174682039153,0.0028175329621329577,0.5376633593600647,0.03205882087997109
Galveston,Texas,342139,0.8025539327583233,0.13232633520294385,0.034871791874062884,0.008063973998871803,0.0010580495061948507,0.25385004340341205,0.02112591665960326
Gaston,North Carolina,224529,0.7762783426639766,0.1791438967794806,0.016274067047018424,0.005941326064784504,0.0006903339880371801,0.0757764030481586,0.021672033456702697
Genesee,Michigan,405813,0.752994605889905,0.20287176605973686,0.010270740464203955,0.005657778336327323,0.0002661324304544211,0.03570363689679729,0.02793897681937247
Greenville,South Carolina,523542,0.7628366014569987,0.18447994621252928,0.026964407822104054,0.0049356116605735545,0.0008232386322396293,0.09510602778764646,0.019960194215554818
Hamilton,Ohio,817473,0.6760871612885074,0.2656075491178302,0.029147140027866364,0.0025297471598450345,0.0011034003569536854,0.03556570064087743,0.025525002048997335
Hamilton,Indiana,338011,0.8656670936744663,0.04536242903337465,0.06498309226622802,0.002212945732535332,0.00044081405634727866,0.04274121256408815,0.021333625237048497
Hampden,Massachusetts,466372,0.8263853747652089,0.10885087440926985,0.027338691002032713,0.00778563035516712,0.0018182909780175482,0.263334848575815,0.027821138490303876
Hanover,Virginia,107766,0.8595753762782324,0.0952433977321233,0.019430989365848226,0.005020136221071581,0.0006217174247907504,0.03105803314589017,0.020108382977933673
Hardin,Kentucky,110958,0.804908163449233,0.12657942644964762,0.022513022945619063,0.004677445519926458,0.0030461976603759983,0.05849060004686458,0.03827574397519782
Hartford,Connecticut,891720,0.7478345220472794,0.15825259049925985,0.06061543982416005,0.005686762660924954,0.0012201139371103037,0.1875869106894541,0.02639057103126542
Henderson,North Carolina,117417,0.925343008252638,0.03416881712188184,0.01277498147627686,0.006941073268777093,0.002188780159602102,0.10336663345171483,0.01858333972082407
Henrico,Virginia,330818,0.5701533773857529,0.3087347121377918,0.09114377089517499,0.003500414124987153,0.000695246328797103,0.05965213501079143,0.025772479127496084
Hernando,Florida,193920,0.8963593234323433,0.0607621699669967,0.014330651815181518,0.0050587871287128714,0.0009797854785478547,0.14839108910891088,0.02250928217821782
Hidalgo,Texas,868707,0.969750445201892,0.008917851473511783,0.010450013640962949,0.0053965261014358125,0.00046390785385636355,0.9248860663031379,0.005021255728341086
Hillsborough,New Hampshire,417025,0.8990204424195192,0.03172711468137402,0.044565673520772134,0.0031508902343984173,0.0006594328877165637,0.07282297224387027,0.02087644625621965
Houston,Alabama,105882,0.6882378496817212,0.2736631344326703,0.010738369127897093,0.005421129181541716,0.0009161141648249938,0.03429289208741807,0.021023403411344704
Imperial,California,181215,0.9019341665976879,0.03315950666335568,0.021096487597605056,0.024810308197445025,0.001970035593080043,0.8503048864608338,0.017029495350826367
Jackson,Michigan,158510,0.8760393666014763,0.08147120055517001,0.009166614093748028,0.004315185161819443,0.0005425525203457195,0.036433032616238724,0.02846508106744054
Jackson,Mississippi,143617,0.732503812222787,0.2169589951050363,0.023520892373465538,0.004922815544120821,0.0009957038512153854,0.06830667678617434,0.021097780903374948
Jackson,Missouri,703011,0.7016134882668976,0.23738604374611494,0.019662565735102295,0.006116547251749972,0.00306965324866894,0.09243952086098225,0.03215170175146619
Jasper,Missouri,121328,0.9067074376895687,0.023143874456020046,0.01251978108927865,0.018940392984307,0.005357378346300936,0.08464657787155479,0.033331135434524595
Jefferson,Colorado,582881,0.9152125390946008,0.014625626843214995,0.03098402589893992,0.012206608209909054,0.0012198030129649106,0.155884305715918,0.025751396940370333
Jefferson,New York,109834,0.8749203343227052,0.06796620354352932,0.01721689094451627,0.006874009869439336,0.0032048363894604586,0.07794489866525849,0.029817724930349437
Jefferson,Texas,251565,0.590503448412935,0.34109275932661537,0.03944507383777553,0.010474430067775724,0.0009421024387335281,0.22092103432512472,0.01754218591616481
Johnson,Kansas,602401,0.8663614436231015,0.04946040926226882,0.05351252736964248,0.004080338512054263,0.00040836585596637455,0.07922131603367193,0.026176915376966505
Kalamazoo,Michigan,265066,0.8118581787177533,0.1182422491002241,0.02824202274150589,0.005334520459055481,0.000573442086121947,0.05214927602936627,0.035749586895339275
Kane,Illinois,532403,0.8655191649934354,0.059935800512018154,0.04374505778517401,0.010242241309684581,0.0008057805835053522,0.3237416017565641,0.019751954816182478
Kankakee,Illinois,109862,0.81361162185287,0.14999726930148732,0.0107589521399574,0.004478345560794452,0.00046421874715552237,0.10847244725200707,0.02068959239773534
Kaufman,Texas,136154,0.8127414545294299,0.1390631197026896,0.014887553799374238,0.010135581767704217,0.0009401119320769129,0.23255284457305697,0.02223217826872512
Kenosha,Wisconsin,169561,0.8720106628293063,0.07413261304191412,0.017604284003986767,0.007537110538390314,0.0010025890387530152,0.13456514174839734,0.02771274054764952
Kootenai,Idaho,165697,0.9452977422644948,0.004224578598284821,0.009215616456544173,0.013379843931996354,0.0014423918357001032,0.04940342915079935,0.026439826912979716
La Crosse,Wisconsin,118016,0.9126728579175705,0.016150352494577008,0.0470698888286334,0.0049400081344902385,0.00044061822125813447,0.02095478579175705,0.018726274403470716
Lancaster,Pennsylvania,545724,0.8965191195549399,0.05192551546202843,0.02538279423298224,0.004181600955794504,0.0010444840248917035,0.10963600647946581,0.02094648576936327
Lebanon,Pennsylvania,141793,0.9260753351716939,0.03737137940518925,0.01540273497281248,0.0036955279879824815,0.0008180939820724577,0.14145973355525307,0.016636928480249377
Lee,Florida,770577,0.8683518973444575,0.09081376682667663,0.017536209879090603,0.004931369610045459,0.0010836035853652522,0.22515206137738344,0.017283152754364588
Lexington,South Carolina,298750,0.7947481171548118,0.1570276150627615,0.022098744769874477,0.005332217573221758,0.001007531380753138,0.06290878661087866,0.019785774058577406
Litchfield,Connecticut,180333,0.9326135538143324,0.024105405000748616,0.02162111205381156,0.0034602651760908985,0.0007486150621350501,0.07097979848391586,0.0174510488928815
Lorain,Ohio,309833,0.8615286299393544,0.08971607285214939,0.013575054948956373,0.0038536889227422516,0.0007326527516436274,0.10387854102048523,0.03059390058515394
Los Angeles,California,10039107,0.7070657778625131,0.08956633294176464,0.15394247715459153,0.014340717755075227,0.0036508227275593337,0.4862952451846564,0.03143387155849619
Lubbock,Texas,310569,0.8653954515743684,0.07857191155588614,0.023720976658971115,0.011713983044025643,0.0013459166884009673,0.36290164182516604,0.019251760478347806
Lucas,Ohio,428348,0.7420111684891724,0.20342571927498201,0.017235985693875074,0.004153165183448972,0.0005322774940002055,0.07378113122974778,0.03264168386452137
Luzerne,Pennsylvania,317417,0.8926396506803354,0.0661684786889171,0.01421158917134243,0.006552894142405731,0.0008884212250761616,0.13779980278308976,0.01953896609192324
Macomb,Michigan,873972,0.8027167918423016,0.12595483608170513,0.042560860073320425,0.0033319145235774146,0.00033410681349059236,0.027556946904477488,0.025101490665604846
Macon,Illinois,104009,0.7769519945389342,0.17753271351517658,0.011566306761914833,0.0027401474872366816,0.0005095712871001547,0.023930621388533684,0.03069926640963763
Madera,California,157327,0.859248571446732,0.04166481277848049,0.025539163652774158,0.044378905083043596,0.0030573264601753036,0.5878393409904212,0.026111220578794486
Madison,Indiana,129569,0.8833980350238098,0.0855374356520464,0.006004522686753776,0.004005587756330604,0.0006019958477722295,0.043590673695096824,0.020452423033287283
Madison,Illinois,262966,0.8763262170774929,0.08832320528129112,0.010305514781378582,0.003464326186655309,0.0006502741799320064,0.0343580538928987,0.020930462493250077
Madison,Mississippi,106272,0.5746668925022583,0.38281955736224027,0.027824826859379703,0.0034439927732610657,0.0006869165913881361,0.03137232761216501,0.010557813911472449
Madison,Alabama,372909,0.6887149411786789,0.24861025075822787,0.026757198136810857,0.00803949489017428,0.0010511947955131145,0.0518946981703311,0.026826920240594892
Marathon,Wisconsin,135692,0.9077838044984229,0.00908675529876485,0.0605046723461958,0.005689355304660555,0.0005306134481030569,0.029861745718244258,0.016404799103852844
Maricopa,Arizona,4485414,0.8279940268612886,0.06383334960830818,0.04630809998809474,0.028315334994718437,0.002887804782345621,0.31409698190624097,0.030661383765244413
Marion,Indiana,964582,0.6352917636862392,0.2909726700270169,0.03826113280156586,0.004479660619833254,0.0006178842234252764,0.10891971859313153,0.030376888641919505
McLean,Illinois,171517,0.8368908038270259,0.08396252266539177,0.05114361841683332,0.0029734661870251928,0.0005363899788359171,0.05166834774395541,0.024493198924887914
Medina,Ohio,179746,0.9557987382194875,0.014971125922134568,0.012962736305675788,0.002064023677856531,0.00026148008856942574,0.023004684387969692,0.01394189578627619
Merced,California,277680,0.821611207144915,0.03938706424661481,0.07767214059348891,0.025356525496974935,0.0038209449726303657,0.6102059925093632,0.032152117545375974
Mercer,Pennsylvania,109424,0.9128253399619828,0.05856119315689428,0.0071922064629331775,0.0022572744553297267,0.0002650241263342594,0.016075084076619388,0.01889896183652581
Merrimack,New Hampshire,151391,0.9402672549887378,0.017517553883652264,0.022405559115138945,0.002860143601667206,0.000369903098598992,0.02284812175096274,0.016579585312204822
Mesa,Colorado,154210,0.9393748784125543,0.0094805784320083,0.010362492704753258,0.015336229816484016,0.0013747487192789054,0.1481486284936126,0.02407107191492121
Middlesex,New Jersey,825062,0.600994834327602,0.11950495841524637,0.24917884958948538,0.006644349151942521,0.0011659729814244262,0.2207203822258206,0.02251103553429924
Midland,Texas,176832,0.8783421552660152,0.0690203130655085,0.022688201230546507,0.011706026058631922,0.0012214983713355048,0.45999592833876224,0.01702180600796236
Milwaukee,Wisconsin,945726,0.6422103230745481,0.2724002512355587,0.04661921106113187,0.00982842810708387,0.00045573453621873566,0.15608220562826866,0.02848605198545879
Missoula,Montana,119600,0.9173829431438127,0.005041806020066889,0.018486622073578596,0.027081939799331104,0.0009866220735785954,0.03423076923076923,0.031020066889632106
Mobile,Alabama,413210,0.5901236659325767,0.36230730137218364,0.020713438687350257,0.009389898598775441,0.0004186733138113792,0.030113017593959488,0.017047022095302632
Monroe,Indiana,148431,0.8595037424796707,0.03718225977053311,0.07290256078581968,0.003260774366540682,0.0007208736719418451,0.03553166117589991,0.026429788925494
Monroe,New York,741770,0.7683432870027097,0.16245062485676154,0.03688340051498443,0.004156274856087466,0.0007279884600347817,0.09179125604971891,0.027438424309422057
Monroe,Michigan,150500,0.9431362126245847,0.026564784053156147,0.006883720930232558,0.0039136212624584716,0.0003322259136212625,0.03748172757475083,0.019169435215946842
Monterey,California,434061,0.8283513146769693,0.034488240132147324,0.06729468899532554,0.02598252319374466,0.006052144744632667,0.5937437364794349,0.03783108825718044
Montgomery,Alabama,226486,0.35508596557844635,0.5932198899711241,0.032779068021864484,0.003377692219386629,0.0009492860485857845,0.03684112925302226,0.014588098160592708
Montgomery,Pennsylvania,830915,0.7935228031748133,0.09989469440315796,0.08097819873272236,0.0023793047423623353,0.0006246126258401882,0.05435212988091442,0.022600386321103845
Montgomery,Texas,607391,0.878585622770176,0.05850926339046841,0.03257209935609846,0.009754836670283228,0.0012068008910240686,0.2516286872871017,0.019371376921949783
Muskegon,Michigan,173566,0.811748844819838,0.13960107394305335,0.006902273486742795,0.010163280826890058,0.0003975432976504615,0.058070128942304365,0.031186983625825334
Napa,California,137744,0.8363268091532118,0.024596352654199093,0.08899117202927169,0.012675688233244279,0.00418893018933674,0.34600418167034497,0.03322104774073644
Nassau,New York,1356924,0.7338811901034988,0.13075824438214667,0.10877617316813616,0.005496254764452541,0.0010280605251288945,0.17482556134315555,0.020060077056636923
New Castle,Delaware,558753,0.6461030186862531,0.26422408470290093,0.05786277657569624,0.004755231739247932,0.00070156222874866,0.1041605145744184,0.026353326067153106
New Haven,Connecticut,854757,0.7729623741016453,0.15186421403977973,0.043300025621316934,0.0056495588804771416,0.0010798390653717956,0.19141814574200622,0.02514398829140914
New London,Connecticut,265206,0.8355881842793904,0.06992677390405949,0.04325316923448187,0.012035926788986675,0.0014479310422841113,0.11101935853638303,0.03774801475079749
New York,New York,1628706,0.6457420799088356,0.17788538876875262,0.12846210427173474,0.011738766849265614,0.0018137097794199812,0.25588350506475693,0.03435795042199145
Newton,Georgia,111744,0.4828089203894616,0.47717998281786944,0.012116981672394044,0.004814576174112257,0.0010828321878579611,0.06087127720504009,0.021996706758304698
Norfolk,Massachusetts,706775,0.7756160022638039,0.08042446323087263,0.1198287998302147,0.0022057939231014114,0.0005150153867921191,0.049656538502352236,0.02140992536521524
Northampton,Pennsylvania,305285,0.8683951062122279,0.0719065790982197,0.03055505511243592,0.004248489116726993,0.001094059649180274,0.14150711630116122,0.023800710811209196
Oakland,Michigan,1257584,0.7527179098970724,0.13943402587819184,0.08152616445501851,0.0032188704690899374,0.00034828687387880255,0.04336728202648889,0.022754742426748433
Oneida,New York,228671,0.8596061590669565,0.0712420901644721,0.041491925080136965,0.0035465800210783176,0.0007040682902510594,0.061586296469600434,0.023409177377105097
Ontario,New York,109777,0.9349681627298979,0.02757408200260528,0.01398289259134427,0.0037712817803365003,0.000455468814050302,0.051140038441567906,0.019248112081765762
Orange,California,3175692,0.7112481311159898,0.021425566459215818,0.21716243262885696,0.010223283618184635,0.0038747460396033368,0.34042690537999276,0.03606584013814942
Oswego,New York,117124,0.9594617670161538,0.0121324408319388,0.006881595573921656,0.004926402786790069,0.00034151839076534274,0.027475154537071823,0.016256275400430314
Palm Beach,Florida,1496770,0.7464881043847752,0.19828764606452562,0.0294460738790863,0.005854606920234906,0.0011491411506109822,0.23355893022976143,0.018774427600766985
Passaic,New Jersey,501826,0.749012605963023,0.14910945228027245,0.057109436338491824,0.014891615819028906,0.002199965725171673,0.42909095981475653,0.02767692387401211
Penobscot,Maine,152148,0.9468017982490733,0.00981281383915661,0.012073770276309908,0.0130990877303678,0.0003614901280332308,0.014696216841496438,0.01785103977705918
Peoria,Illinois,179179,0.7352870593094056,0.18772289163350617,0.04089206882502972,0.0041299482640264765,0.0006585593177771948,0.0505416371338159,0.03130947265025477
Philadelphia,Pennsylvania,1584064,0.44842758878429156,0.43552533230980567,0.07820264837784333,0.008639802432224961,0.0015447608177447376,0.15240861480344228,0.027659867278089775
Pickens,South Carolina,126884,0.886100690394376,0.07198701175877179,0.020010403202925506,0.0029318117335519057,0.00040194193121276126,0.039406071687525614,0.018568140979162068
Pima,Arizona,1047279,0.8481560310098837,0.041893325465324906,0.03349155287177533,0.043732376950172784,0.0024081452984352787,0.37759374531524076,0.030318568404407994
Plymouth,Massachusetts,521202,0.8418521034071244,0.11707361061546195,0.016197174991653907,0.0033959961780653182,0.00134880526168357,0.04170935644913105,0.020132309546010953
Portage,Ohio,162466,0.9081407802247855,0.04791156303472727,0.020644319426833924,0.002154296899043492,0.0004985658537786367,0.019610256915293046,0.02065047456083119
Providence,Rhode Island,638931,0.7790856915691992,0.12498689216832491,0.04602687927178365,0.013863781848118185,0.002735819673798892,0.23884582216233052,0.03330093546877519
Pueblo,Colorado,168424,0.8999192514131003,0.025970170522015865,0.011025744549470385,0.03155726024794566,0.0018168432052439083,0.43181494323849334,0.02971073006222391
Racine,Wisconsin,196311,0.833371538018756,0.11990667868840768,0.013244290946508346,0.006978722537198629,0.0008048453729031995,0.1362837538395709,0.02569392443622619
Rensselaer,New York,158714,0.8620033519412276,0.08062300742215557,0.027880338218430636,0.0034590521315069874,0.00052295323663949,0.05204329800773719,0.025511297050039693
Riverside,California,2470546,0.7958754866333191,0.07269486178358954,0.07153277048879074,0.019220042856923126,0.004496576870052207,0.5003072195377054,0.03618026136732528
Rock Island,Illinois,141879,0.8259925711345584,0.11077044523854834,0.026543745022166776,0.006357530007964533,0.00045813686310165703,0.13217600913454422,0.029877571733660374
Rockwall,Texas,104915,0.8627269694514607,0.07418386312729353,0.032235619310870704,0.008406805509221751,0.0011533145879998093,0.18626507172472953,0.021293428013153506
Rutherford,Tennessee,332285,0.7663000135425915,0.1626796274282619,0.036483741366597953,0.005465188016311299,0.0010924357103089216,0.08682305851904239,0.027978993935928495
Sacramento,California,1552058,0.6275306721784881,0.10861771918317485,0.1701051120512249,0.015455607973413365,0.01293572791738453,0.23630817920464312,0.06535516069631418
Saginaw,Michigan,190539,0.7625997827216475,0.1927531896357176,0.014233306567159478,0.005988275366197996,0.000572061362765628,0.08668566540183374,0.023853384346511738
San Bernardino,California,2180085,0.7655554714609751,0.09378258187180775,0.0795959790558625,0.020741393110819073,0.004731925590057268,0.5443861133854873,0.03559264891047826
San Diego,California,3338330,0.7540860250484523,0.05527254645286715,0.12580901229057642,0.0132075019545701,0.005825367773707213,0.34149799450623514,0.04579954647982674
San Francisco,California,881549,0.527805034093397,0.055600993251651354,0.35978714739623097,0.0072951134877357925,0.004572632944963921,0.152355683007978,0.044939078826021016
San Joaquin,California,762148,0.6606984470207886,0.08298519447666333,0.17351485538241918,0.019682528852663788,0.008239869421687127,0.420304192886421,0.05487910484577799
San Luis Obispo,California,283111,0.8880686373895751,0.020225282662983776,0.03991014125201776,0.013990978803366878,0.0018402675982211924,0.22909742115283405,0.03596469229383528
San Mateo,California,766573,0.5949205098535951,0.027680338336988127,0.30601521316299946,0.008588875423475651,0.015009659875837005,0.24000062616345735,0.04778540334710458
Santa Barbara,California,446499,0.8537040396507047,0.024405429799394848,0.060183785406014344,0.021419980783831543,0.0025912712010553217,0.46032577900510413,0.037695493158999234
Santa Clara,California,1927852,0.5235241086971406,0.02833723750578364,0.3901959279031793,0.011757126584405857,0.004593713625319786,0.2501737685257997,0.04159188568417078
Santa Cruz,California,273213,0.8699403029870467,0.01472843532335577,0.05280861452419907,0.018330020899444757,0.0019984407769762054,0.3401082671761593,0.042194185488977465
Santa Fe,New Mexico,150358,0.906290320435228,0.011971428191383231,0.015509650301280943,0.04293752244642786,0.0019087777171816597,0.5089785711435374,0.021382300908498384
Sarasota,Florida,433742,0.9148134144260874,0.047362256825486115,0.018386506264092477,0.0031816148770467236,0.0006363229754093447,0.0956052215372272,0.015619884631877936
Schenectady,New York,155299,0.774879426139254,0.12745091726282848,0.049826463789206625,0.007424387793868602,0.002240838640300324,0.07430826985363717,0.03817796637454201
Sedgwick,Kansas,516042,0.8086861146960906,0.09268044073931966,0.04583735432387286,0.013324496843280197,0.0009456594618267505,0.15045287011522318,0.03852593393560989
Seminole,Florida,471826,0.7856074061200528,0.13056296176980497,0.04950553805852157,0.004613989055287331,0.0011826393628159534,0.22454464145680822,0.028527465633517442
Shasta,California,180080,0.8760995113282986,0.012455575299866725,0.03139715681919147,0.031802532207907595,0.0022767658818302976,0.10514771212794313,0.04596845846290538
Shawnee,Kansas,176875,0.8419731448763251,0.08478303886925795,0.015621201413427563,0.014004240282685512,0.00127773851590106,0.12817526501766785,0.042340636042402825
Sheboygan,Wisconsin,115340,0.8955349401768684,0.022854170279174614,0.057716316975897346,0.0058696029131264085,0.0005895612970348535,0.06688919715623375,0.017435408357898387
Shelby,Alabama,217702,0.8253897529650623,0.13319583651045924,0.022618074248284353,0.003968727894093761,0.0005098712919495457,0.05803805201605865,0.014317737090150757
Snohomish,Washington,822083,0.7696449141996611,0.03804603671405442,0.12048175184257551,0.015749018043190285,0.006957934904383134,0.10603187269411969,0.04912034429613555
Somerset,New Jersey,328934,0.6812400055938274,0.10537068226452723,0.18784011382222573,0.0037150309788589807,0.0008512345941739072,0.15219162506764275,0.020982932746386813
Sonoma,California,494336,0.8675111664940446,0.02072274728120145,0.045697663127913,0.021839396685655103,0.004142931123770067,0.2730005502330399,0.04008609528741584
Spartanburg,South Carolina,319785,0.740081617336648,0.20911549947621058,0.025851744140594463,0.004340416217145895,0.0007004706287036602,0.07287396219334866,0.019910252200697344
Spokane,Washington,522798,0.8894410460636805,0.020051721697481626,0.024372702267414947,0.018284308662236657,0.006273933718185609,0.0608934999751338,0.04157628759100073
Spotsylvania,Virginia,136215,0.7543882832287193,0.17470175824982564,0.028330213265793047,0.004698454648900635,0.001695848474837573,0.10720552068421246,0.036185442131923796
Stafford,Virginia,152882,0.7092398058633456,0.20006279352703393,0.03592967124972201,0.0075548462212686905,0.001870723826218914,0.14176292827147735,0.04534215931241088
Strafford,New Hampshire,130633,0.9248428804360307,0.0143149127708925,0.037471389312042136,0.002771122151370634,0.0005358523497125535,0.02772653158084098,0.020063842979951466
Sumter,South Carolina,106721,0.4789404147262488,0.4785937163257466,0.014505111458850648,0.0056408766784419185,0.00125561042344056,0.04187554464444673,0.021064270387271485
Sussex,New Jersey,140488,0.93261346164797,0.02657166448379933,0.020378964751437845,0.0027902739023973576,0.00044131883150162293,0.09185126131769261,0.017204316382893912
Taylor,Texas,138034,0.8517684048857528,0.0836460582175406,0.023305852181346624,0.01012793949316835,0.001535853485373169,0.24972832780329485,0.029615891736818466
Tippecanoe,Indiana,195732,0.8268346514622035,0.05901436658287863,0.08770155110048433,0.0038624241309545707,0.0005568839024788998,0.08717532135777492,0.022030122821000142
Tolland,Connecticut,150721,0.8861273478811844,0.03949018384962945,0.05048400687362743,0.002746797062121403,0.0007629991839226119,0.05879074581511535,0.020388665149514665
Tulare,California,466195,0.8816696875770869,0.021827775930672786,0.039775201364236,0.02774375529553084,0.002293031885798861,0.6560001716020121,0.026690547946674675
Tulsa,Oklahoma,651552,0.7238424561662001,0.10758465939786847,0.035846716762437995,0.06887861598153332,0.0018233387358184765,0.13289192574038602,0.06202421295614164
Tuscaloosa,Alabama,209355,0.642167610040362,0.32416230804136514,0.016192591531131333,0.003706622722170476,0.0005970719591125122,0.03968379069045402,0.013173795705858471
Union,New Jersey,556341,0.6739535644505797,0.2375575411483245,0.057146606128255874,0.007890843924859035,0.0012528287507122431,0.3281296902439331,0.022198615597268583
Ventura,California,846006,0.840522407642499,0.023963187022314262,0.07882804613678863,0.01863816568676818,0.002860499807329972,0.4324260111630414,0.03518769370429997
Walworth,Wisconsin,103868,0.9578214657064736,0.012419609504370932,0.010782916778988717,0.0048908229676127395,0.0005776562560172527,0.11203643085454615,0.013507528786536759
Warren,New Jersey,105267,0.8918274482981371,0.057187912641188596,0.028907444878261943,0.003790361651799709,0.000873968100164344,0.10160829129736765,0.017412864430448288
Warren,Ohio,234602,0.8788416126034732,0.037173596133025295,0.06279571359152948,0.0020673310542962124,0.0010187466432511232,0.02913444898167961,0.01810299997442477
Washington,Utah,177556,0.9322467277929216,0.009185834328324585,0.010340399648561581,0.017014350402126652,0.00942237941832436,0.10879947734799161,0.021790308409741152
Washington,Arkansas,239187,0.8630694812009014,0.037518761471150186,0.026326681634035294,0.015711556230062672,0.02812861903029847,0.17140981742318773,0.02924490043355199
Washington,Pennsylvania,206865,0.9334203466028569,0.03330674594542334,0.011712952891982695,0.0021028206801537233,0.00028521016121625214,0.018156768907258355,0.01917192371836705
Waukesha,Wisconsin,404198,0.9247200629394504,0.01754338220377142,0.03843660780112717,0.0033597395335949213,0.0005022291055373851,0.04911701690755521,0.015437978416518637
Wayne,Michigan,1749343,0.5461370354470221,0.3872916860787164,0.03531840239449896,0.004734920481575083,0.00019550196845329932,0.061423631614840546,0.026322453629734135
Wayne,Ohio,115710,0.9521821795868983,0.016368507475585516,0.010889292196007259,0.0021087200760521994,0.00043211476968282777,0.020585947627689914,0.018019185895773917
Windham,Connecticut,116782,0.9195680841225531,0.03220530561216626,0.014899556438492233,0.007364148584542139,0.000779229675806203,0.12447123700570294,0.025183675566440033
Winnebago,Wisconsin,171907,0.9179149191132414,0.025025158952224166,0.03058630538605176,0.007643667797122863,0.000587526976795593,0.04357006986335635,0.018242421774564154
Winnebago,Illinois,282572,0.7962289257251249,0.13961043557040329,0.028353835482638052,0.005559644975439888,0.0005626884475461121,0.1351160058321419,0.029684469798847726
Worcester,Massachusetts,830622,0.8568434257700855,0.060894125125508354,0.05405828403292954,0.00418722355054405,0.0007632834189318366,0.1217075878076911,0.02325365810200067
Wright,Minnesota,138377,0.9439502229416739,0.0182689319756896,0.014388229257752372,0.004429926938725366,0.00045527797249542915,0.03126242077801947,0.018507410913663397
Yakima,Washington,250873,0.8696073311994515,0.015545714365435897,0.015952294587301144,0.06695419594775046,0.002722493054254543,0.5015127175901751,0.029217970845806445
Yamhill,Oregon,107100,0.9136134453781513,0.012016806722689075,0.020214752567693745,0.020056022408963585,0.0025023342670401493,0.1622689075630252,0.03159663865546219
Yolo,California,220500,0.7398684807256236,0.029768707482993196,0.15058503401360543,0.01780952380952381,0.0057505668934240365,0.31923809523809527,0.05621768707482993
York,Pennsylvania,449058,0.8867785453104053,0.07053877227440554,0.015238566064962655,0.0037901562827073565,0.0007705018060027881,0.08075794218118817,0.02288345826151633
York,Maine,207641,0.9542575888191639,0.010479625892766842,0.013720796952432323,0.0038046435915835503,0.0002937762773248058,0.018445297412360756,0.01744356846672863
York,South Carolina,280979,0.7475612056417028,0.19328134842817435,0.027806348517148968,0.008310229590111717,0.0008933051936265699,0.0592286256268262,0.02214756262923564
Yuma,Arizona,213787,0.9122771730741346,0.02640946362500994,0.015379793907019603,0.022789037687043646,0.002530556114263262,0.6461150584460233,0.02061397559252901
